<?xml version='1.0' encoding='UTF-8'?>
<gpx version="1.1" creator="https://www.komoot.de" xmlns="http://www.topografix.com/GPX/1/1" xmlns:xsi="http://www.w3.org/2001/XMLSchema-instance" xsi:schemaLocation="http://www.topografix.com/GPX/1/1 http://www.topografix.com/GPX/1/1/gpx.xsd">
  <metadata>
    <name>Grand Escape Dag 1</name>
    <author>
      <link href="https://www.komoot.de">
        <text>komoot</text>
        <type>text/html</type>
      </link>
    </author>
  </metadata>
  <trk>
    <name>Grand Escape Dag 1</name>
    <type>racebike</type>
    <trkseg>
      <trkpt lat="46.303546" lon="14.286333">
        <ele>413.825500</ele>
        <time>2026-08-11T10:30:40.232Z</time>
      </trkpt>
      <trkpt lat="46.303391" lon="14.286323">
        <ele>413.825500</ele>
        <time>2026-08-11T10:30:42.245Z</time>
      </trkpt>
      <trkpt lat="46.303212" lon="14.286419">
        <ele>413.825500</ele>
        <time>2026-08-11T10:30:44.992Z</time>
      </trkpt>
      <trkpt lat="46.303185" lon="14.286492">
        <ele>413.825500</ele>
        <time>2026-08-11T10:30:45.925Z</time>
      </trkpt>
      <trkpt lat="46.303151" lon="14.286607">
        <ele>413.825500</ele>
        <time>2026-08-11T10:30:47.402Z</time>
      </trkpt>
      <trkpt lat="46.303140" lon="14.286867">
        <ele>413.825500</ele>
        <time>2026-08-11T10:30:50.843Z</time>
      </trkpt>
      <trkpt lat="46.303140" lon="14.287460">
        <ele>415.579255</ele>
        <time>2026-08-11T10:31:00.620Z</time>
      </trkpt>
      <trkpt lat="46.303176" lon="14.287761">
        <ele>417.635751</ele>
        <time>2026-08-11T10:31:07.699Z</time>
      </trkpt>
      <trkpt lat="46.303484" lon="14.288275">
        <ele>422.216336</ele>
        <time>2026-08-11T10:31:30.273Z</time>
      </trkpt>
      <trkpt lat="46.303497" lon="14.288350">
        <ele>422.736889</ele>
        <time>2026-08-11T10:31:33.433Z</time>
      </trkpt>
      <trkpt lat="46.303537" lon="14.288649">
        <ele>424.787159</ele>
        <time>2026-08-11T10:31:46.719Z</time>
      </trkpt>
      <trkpt lat="46.303485" lon="14.289038">
        <ele>427.454493</ele>
        <time>2026-08-11T10:32:06.202Z</time>
      </trkpt>
      <trkpt lat="46.303395" lon="14.289230">
        <ele>429.016499</ele>
        <time>2026-08-11T10:32:18.387Z</time>
      </trkpt>
      <trkpt lat="46.303309" lon="14.289459">
        <ele>430.771200</ele>
        <time>2026-08-11T10:32:32.361Z</time>
      </trkpt>
      <trkpt lat="46.303271" lon="14.290105">
        <ele>435.221702</ele>
        <time>2026-08-11T10:33:06.781Z</time>
      </trkpt>
      <trkpt lat="46.303120" lon="14.290544">
        <ele>438.598058</ele>
        <time>2026-08-11T10:33:31.151Z</time>
      </trkpt>
      <trkpt lat="46.303059" lon="14.290820">
        <ele>440.593156</ele>
        <time>2026-08-11T10:33:43.589Z</time>
      </trkpt>
      <trkpt lat="46.303032" lon="14.291142">
        <ele>442.826355</ele>
        <time>2026-08-11T10:33:55.502Z</time>
      </trkpt>
      <trkpt lat="46.303054" lon="14.291532">
        <ele>445.520392</ele>
        <time>2026-08-11T10:34:07.368Z</time>
      </trkpt>
      <trkpt lat="46.303117" lon="14.291908">
        <ele>448.184152</ele>
        <time>2026-08-11T10:34:16.608Z</time>
      </trkpt>
      <trkpt lat="46.303184" lon="14.292869">
        <ele>449.829137</ele>
        <time>2026-08-11T10:34:32.025Z</time>
      </trkpt>
      <trkpt lat="46.303284" lon="14.293928">
        <ele>450.559259</ele>
        <time>2026-08-11T10:34:43.618Z</time>
      </trkpt>
      <trkpt lat="46.303369" lon="14.294376">
        <ele>450.876615</ele>
        <time>2026-08-11T10:34:48.014Z</time>
      </trkpt>
      <trkpt lat="46.303573" lon="14.294962">
        <ele>450.715512</ele>
        <time>2026-08-11T10:34:53.853Z</time>
      </trkpt>
      <trkpt lat="46.303510" lon="14.294980">
        <ele>450.634922</ele>
        <time>2026-08-11T10:34:54.642Z</time>
      </trkpt>
      <trkpt lat="46.303310" lon="14.295025">
        <ele>450.380907</ele>
        <time>2026-08-11T10:34:57.143Z</time>
      </trkpt>
      <trkpt lat="46.303228" lon="14.295157">
        <ele>450.226998</ele>
        <time>2026-08-11T10:34:58.635Z</time>
      </trkpt>
      <trkpt lat="46.303002" lon="14.295307">
        <ele>449.914973</ele>
        <time>2026-08-11T10:35:01.590Z</time>
      </trkpt>
      <trkpt lat="46.302364" lon="14.295516">
        <ele>449.094033</ele>
        <time>2026-08-11T10:35:08.959Z</time>
      </trkpt>
      <trkpt lat="46.301862" lon="14.295673">
        <ele>448.367138</ele>
        <time>2026-08-11T10:35:14.743Z</time>
      </trkpt>
      <trkpt lat="46.301652" lon="14.295779">
        <ele>448.022269</ele>
        <time>2026-08-11T10:35:17.279Z</time>
      </trkpt>
      <trkpt lat="46.301420" lon="14.295929">
        <ele>447.628260</ele>
        <time>2026-08-11T10:35:20.193Z</time>
      </trkpt>
      <trkpt lat="46.301066" lon="14.296274">
        <ele>446.966499</ele>
        <time>2026-08-11T10:35:25.101Z</time>
      </trkpt>
      <trkpt lat="46.300860" lon="14.296420">
        <ele>446.610827</ele>
        <time>2026-08-11T10:35:27.710Z</time>
      </trkpt>
      <trkpt lat="46.300477" lon="14.296615">
        <ele>445.983039</ele>
        <time>2026-08-11T10:35:32.415Z</time>
      </trkpt>
      <trkpt lat="46.300008" lon="14.296806">
        <ele>445.274453</ele>
        <time>2026-08-11T10:35:38.085Z</time>
      </trkpt>
      <trkpt lat="46.299874" lon="14.296787">
        <ele>445.078633</ele>
        <time>2026-08-11T10:35:39.634Z</time>
      </trkpt>
      <trkpt lat="46.299805" lon="14.296637">
        <ele>444.897561</ele>
        <time>2026-08-11T10:35:41.681Z</time>
      </trkpt>
      <trkpt lat="46.299441" lon="14.296920">
        <ele>444.296630</ele>
        <time>2026-08-11T10:35:46.436Z</time>
      </trkpt>
      <trkpt lat="46.298519" lon="14.297749">
        <ele>442.767984</ele>
        <time>2026-08-11T10:35:59.039Z</time>
      </trkpt>
      <trkpt lat="46.296527" lon="14.299456">
        <ele>439.734955</ele>
        <time>2026-08-11T10:36:26.279Z</time>
      </trkpt>
      <trkpt lat="46.294434" lon="14.301337">
        <ele>436.647355</ele>
        <time>2026-08-11T10:36:55.535Z</time>
      </trkpt>
      <trkpt lat="46.293947" lon="14.301757">
        <ele>435.889103</ele>
        <time>2026-08-11T10:37:02.149Z</time>
      </trkpt>
      <trkpt lat="46.292989" lon="14.302498">
        <ele>434.401165</ele>
        <time>2026-08-11T10:37:14.802Z</time>
      </trkpt>
      <trkpt lat="46.291749" lon="14.303614">
        <ele>432.418875</ele>
        <time>2026-08-11T10:37:31.907Z</time>
      </trkpt>
      <trkpt lat="46.290781" lon="14.304261">
        <ele>431.022667</ele>
        <time>2026-08-11T10:37:44.336Z</time>
      </trkpt>
      <trkpt lat="46.290331" lon="14.304511">
        <ele>430.423544</ele>
        <time>2026-08-11T10:37:50.016Z</time>
      </trkpt>
      <trkpt lat="46.289817" lon="14.304843">
        <ele>429.723924</ele>
        <time>2026-08-11T10:37:56.741Z</time>
      </trkpt>
      <trkpt lat="46.288941" lon="14.305371">
        <ele>428.590140</ele>
        <time>2026-08-11T10:38:08.199Z</time>
      </trkpt>
      <trkpt lat="46.288652" lon="14.305609">
        <ele>428.201149</ele>
        <time>2026-08-11T10:38:12.197Z</time>
      </trkpt>
      <trkpt lat="46.287699" lon="14.306181">
        <ele>426.947636</ele>
        <time>2026-08-11T10:38:24.422Z</time>
      </trkpt>
      <trkpt lat="46.286748" lon="14.306841">
        <ele>425.456167</ele>
        <time>2026-08-11T10:38:36.695Z</time>
      </trkpt>
      <trkpt lat="46.286255" lon="14.307149">
        <ele>424.696817</ele>
        <time>2026-08-11T10:38:42.895Z</time>
      </trkpt>
      <trkpt lat="46.285735" lon="14.307403">
        <ele>423.921831</ele>
        <time>2026-08-11T10:38:49.218Z</time>
      </trkpt>
      <trkpt lat="46.285323" lon="14.307550">
        <ele>423.322657</ele>
        <time>2026-08-11T10:38:54.041Z</time>
      </trkpt>
      <trkpt lat="46.285213" lon="14.307671">
        <ele>423.127552</ele>
        <time>2026-08-11T10:38:55.616Z</time>
      </trkpt>
      <trkpt lat="46.285166" lon="14.307764">
        <ele>423.015126</ele>
        <time>2026-08-11T10:38:56.526Z</time>
      </trkpt>
      <trkpt lat="46.284832" lon="14.308050">
        <ele>422.467125</ele>
        <time>2026-08-11T10:39:01.070Z</time>
      </trkpt>
      <trkpt lat="46.284648" lon="14.308290">
        <ele>422.122887</ele>
        <time>2026-08-11T10:39:04.031Z</time>
      </trkpt>
      <trkpt lat="46.284330" lon="14.308561">
        <ele>421.774397</ele>
        <time>2026-08-11T10:39:08.562Z</time>
      </trkpt>
      <trkpt lat="46.284086" lon="14.308896">
        <ele>421.456784</ele>
        <time>2026-08-11T10:39:12.807Z</time>
      </trkpt>
      <trkpt lat="46.283602" lon="14.309572">
        <ele>420.821576</ele>
        <time>2026-08-11T10:39:21.331Z</time>
      </trkpt>
      <trkpt lat="46.283521" lon="14.309747">
        <ele>420.684126</ele>
        <time>2026-08-11T10:39:23.193Z</time>
      </trkpt>
      <trkpt lat="46.283415" lon="14.310072">
        <ele>420.449602</ele>
        <time>2026-08-11T10:39:26.281Z</time>
      </trkpt>
      <trkpt lat="46.283240" lon="14.310319">
        <ele>420.094134</ele>
        <time>2026-08-11T10:39:29.223Z</time>
      </trkpt>
      <trkpt lat="46.282540" lon="14.310732">
        <ele>418.970143</ele>
        <time>2026-08-11T10:39:37.816Z</time>
      </trkpt>
      <trkpt lat="46.282210" lon="14.310950">
        <ele>418.430765</ele>
        <time>2026-08-11T10:39:41.908Z</time>
      </trkpt>
      <trkpt lat="46.282059" lon="14.311055">
        <ele>418.181670</ele>
        <time>2026-08-11T10:39:43.812Z</time>
      </trkpt>
      <trkpt lat="46.281963" lon="14.311132">
        <ele>418.018470</ele>
        <time>2026-08-11T10:39:45.069Z</time>
      </trkpt>
      <trkpt lat="46.281652" lon="14.311375">
        <ele>417.475916</ele>
        <time>2026-08-11T10:39:49.089Z</time>
      </trkpt>
      <trkpt lat="46.281408" lon="14.311557">
        <ele>417.041857</ele>
        <time>2026-08-11T10:39:52.228Z</time>
      </trkpt>
      <trkpt lat="46.281334" lon="14.311613">
        <ele>416.909812</ele>
        <time>2026-08-11T10:39:53.176Z</time>
      </trkpt>
      <trkpt lat="46.281015" lon="14.311826">
        <ele>416.354293</ele>
        <time>2026-08-11T10:39:57.162Z</time>
      </trkpt>
      <trkpt lat="46.279140" lon="14.312709">
        <ele>413.467344</ele>
        <time>2026-08-11T10:40:19.765Z</time>
      </trkpt>
      <trkpt lat="46.278651" lon="14.313052">
        <ele>412.726097</ele>
        <time>2026-08-11T10:40:26.222Z</time>
      </trkpt>
      <trkpt lat="46.278185" lon="14.313252">
        <ele>412.172645</ele>
        <time>2026-08-11T10:40:32.174Z</time>
      </trkpt>
      <trkpt lat="46.277882" lon="14.313308">
        <ele>411.869856</ele>
        <time>2026-08-11T10:40:35.954Z</time>
      </trkpt>
      <trkpt lat="46.277639" lon="14.313312">
        <ele>411.628967</ele>
        <time>2026-08-11T10:40:38.937Z</time>
      </trkpt>
      <trkpt lat="46.277216" lon="14.313308">
        <ele>411.209659</ele>
        <time>2026-08-11T10:40:44.057Z</time>
      </trkpt>
      <trkpt lat="46.277028" lon="14.313349">
        <ele>411.021199</ele>
        <time>2026-08-11T10:40:46.376Z</time>
      </trkpt>
      <trkpt lat="46.276892" lon="14.313429">
        <ele>410.875673</ele>
        <time>2026-08-11T10:40:48.181Z</time>
      </trkpt>
      <trkpt lat="46.276755" lon="14.313566">
        <ele>410.710591</ele>
        <time>2026-08-11T10:40:50.244Z</time>
      </trkpt>
      <trkpt lat="46.276608" lon="14.313814">
        <ele>410.499684</ele>
        <time>2026-08-11T10:40:53.077Z</time>
      </trkpt>
      <trkpt lat="46.276534" lon="14.314039">
        <ele>410.340326</ele>
        <time>2026-08-11T10:40:55.228Z</time>
      </trkpt>
      <trkpt lat="46.276447" lon="14.314621">
        <ele>409.959505</ele>
        <time>2026-08-11T10:41:00.303Z</time>
      </trkpt>
      <trkpt lat="46.276346" lon="14.314898">
        <ele>409.759212</ele>
        <time>2026-08-11T10:41:02.949Z</time>
      </trkpt>
      <trkpt lat="46.276311" lon="14.314920">
        <ele>409.723903</ele>
        <time>2026-08-11T10:41:03.401Z</time>
      </trkpt>
      <trkpt lat="46.276282" lon="14.315028">
        <ele>409.649802</ele>
        <time>2026-08-11T10:41:04.387Z</time>
      </trkpt>
      <trkpt lat="46.276289" lon="14.315062">
        <ele>409.627114</ele>
        <time>2026-08-11T10:41:04.694Z</time>
      </trkpt>
      <trkpt lat="46.276170" lon="14.315391">
        <ele>409.389633</ele>
        <time>2026-08-11T10:41:07.856Z</time>
      </trkpt>
      <trkpt lat="46.276102" lon="14.315480">
        <ele>409.304787</ele>
        <time>2026-08-11T10:41:09.007Z</time>
      </trkpt>
      <trkpt lat="46.275878" lon="14.315673">
        <ele>409.063551</ele>
        <time>2026-08-11T10:41:12.285Z</time>
      </trkpt>
      <trkpt lat="46.275514" lon="14.315983">
        <ele>408.606063</ele>
        <time>2026-08-11T10:41:17.576Z</time>
      </trkpt>
      <trkpt lat="46.275198" lon="14.316286">
        <ele>408.187323</ele>
        <time>2026-08-11T10:41:22.115Z</time>
      </trkpt>
      <trkpt lat="46.275013" lon="14.316476">
        <ele>407.936727</ele>
        <time>2026-08-11T10:41:24.784Z</time>
      </trkpt>
      <trkpt lat="46.274866" lon="14.316597">
        <ele>407.749916</ele>
        <time>2026-08-11T10:41:26.759Z</time>
      </trkpt>
      <trkpt lat="46.274602" lon="14.316739">
        <ele>407.438811</ele>
        <time>2026-08-11T10:41:30.052Z</time>
      </trkpt>
      <trkpt lat="46.274546" lon="14.316766">
        <ele>407.373611</ele>
        <time>2026-08-11T10:41:30.746Z</time>
      </trkpt>
      <trkpt lat="46.274394" lon="14.316842">
        <ele>407.195973</ele>
        <time>2026-08-11T10:41:32.678Z</time>
      </trkpt>
      <trkpt lat="46.273978" lon="14.317048">
        <ele>406.775531</ele>
        <time>2026-08-11T10:41:38.083Z</time>
      </trkpt>
      <trkpt lat="46.273640" lon="14.317239">
        <ele>406.456477</ele>
        <time>2026-08-11T10:41:42.650Z</time>
      </trkpt>
      <trkpt lat="46.273501" lon="14.317257">
        <ele>406.333772</ele>
        <time>2026-08-11T10:41:44.388Z</time>
      </trkpt>
      <trkpt lat="46.273489" lon="14.317233">
        <ele>406.315770</ele>
        <time>2026-08-11T10:41:44.637Z</time>
      </trkpt>
      <trkpt lat="46.273453" lon="14.317211">
        <ele>406.281408</ele>
        <time>2026-08-11T10:41:45.138Z</time>
      </trkpt>
      <trkpt lat="46.273415" lon="14.317227">
        <ele>406.246611</ele>
        <time>2026-08-11T10:41:45.635Z</time>
      </trkpt>
      <trkpt lat="46.273391" lon="14.317304">
        <ele>406.195276</ele>
        <time>2026-08-11T10:41:46.338Z</time>
      </trkpt>
      <trkpt lat="46.273317" lon="14.317486">
        <ele>406.066946</ele>
        <time>2026-08-11T10:41:48.139Z</time>
      </trkpt>
      <trkpt lat="46.273143" lon="14.317708">
        <ele>405.862961</ele>
        <time>2026-08-11T10:41:51.085Z</time>
      </trkpt>
      <trkpt lat="46.272765" lon="14.318133">
        <ele>405.445997</ele>
        <time>2026-08-11T10:41:57.218Z</time>
      </trkpt>
      <trkpt lat="46.272466" lon="14.318386">
        <ele>405.325004</ele>
        <time>2026-08-11T10:42:01.541Z</time>
      </trkpt>
      <trkpt lat="46.272141" lon="14.318611">
        <ele>405.199152</ele>
        <time>2026-08-11T10:42:05.952Z</time>
      </trkpt>
      <trkpt lat="46.272092" lon="14.318644">
        <ele>405.180272</ele>
        <time>2026-08-11T10:42:06.639Z</time>
      </trkpt>
      <trkpt lat="46.271892" lon="14.318778">
        <ele>405.103284</ele>
        <time>2026-08-11T10:42:09.396Z</time>
      </trkpt>
      <trkpt lat="46.271465" lon="14.319199">
        <ele>404.922787</ele>
        <time>2026-08-11T10:42:16.868Z</time>
      </trkpt>
      <trkpt lat="46.271256" lon="14.319475">
        <ele>404.823941</ele>
        <time>2026-08-11T10:42:21.772Z</time>
      </trkpt>
      <trkpt lat="46.270834" lon="14.320085">
        <ele>404.841417</ele>
        <time>2026-08-11T10:42:32.257Z</time>
      </trkpt>
      <trkpt lat="46.270667" lon="14.320301">
        <ele>404.849470</ele>
        <time>2026-08-11T10:42:36.366Z</time>
      </trkpt>
      <trkpt lat="46.270340" lon="14.320673">
        <ele>404.864425</ele>
        <time>2026-08-11T10:42:43.581Z</time>
      </trkpt>
      <trkpt lat="46.269604" lon="14.321383">
        <ele>404.519744</ele>
        <time>2026-08-11T10:42:54.385Z</time>
      </trkpt>
      <trkpt lat="46.269150" lon="14.321796">
        <ele>403.892413</ele>
        <time>2026-08-11T10:43:00.320Z</time>
      </trkpt>
      <trkpt lat="46.268850" lon="14.322101">
        <ele>403.463498</ele>
        <time>2026-08-11T10:43:04.560Z</time>
      </trkpt>
      <trkpt lat="46.268577" lon="14.322404">
        <ele>403.061001</ele>
        <time>2026-08-11T10:43:09.191Z</time>
      </trkpt>
      <trkpt lat="46.268398" lon="14.322609">
        <ele>402.793945</ele>
        <time>2026-08-11T10:43:12.165Z</time>
      </trkpt>
      <trkpt lat="46.268089" lon="14.322996">
        <ele>402.139802</ele>
        <time>2026-08-11T10:43:17.231Z</time>
      </trkpt>
      <trkpt lat="46.267846" lon="14.323262">
        <ele>401.648457</ele>
        <time>2026-08-11T10:43:20.990Z</time>
      </trkpt>
      <trkpt lat="46.267157" lon="14.323804">
        <ele>400.383884</ele>
        <time>2026-08-11T10:43:29.810Z</time>
      </trkpt>
      <trkpt lat="46.266632" lon="14.324141">
        <ele>399.753157</ele>
        <time>2026-08-11T10:43:35.694Z</time>
      </trkpt>
      <trkpt lat="46.266543" lon="14.324162">
        <ele>399.709244</ele>
        <time>2026-08-11T10:43:36.632Z</time>
      </trkpt>
      <trkpt lat="46.266429" lon="14.324166">
        <ele>399.653712</ele>
        <time>2026-08-11T10:43:37.855Z</time>
      </trkpt>
      <trkpt lat="46.266436" lon="14.324069">
        <ele>399.620880</ele>
        <time>2026-08-11T10:43:38.624Z</time>
      </trkpt>
      <trkpt lat="46.266408" lon="14.323980">
        <ele>399.587961</ele>
        <time>2026-08-11T10:43:39.373Z</time>
      </trkpt>
      <trkpt lat="46.266347" lon="14.323923">
        <ele>399.552597</ele>
        <time>2026-08-11T10:43:40.231Z</time>
      </trkpt>
      <trkpt lat="46.266275" lon="14.323922">
        <ele>399.517533</ele>
        <time>2026-08-11T10:43:41.089Z</time>
      </trkpt>
      <trkpt lat="46.266239" lon="14.323947">
        <ele>399.498086</ele>
        <time>2026-08-11T10:43:41.572Z</time>
      </trkpt>
      <trkpt lat="46.266187" lon="14.324055">
        <ele>399.453779</ele>
        <time>2026-08-11T10:43:42.777Z</time>
      </trkpt>
      <trkpt lat="46.266187" lon="14.324144">
        <ele>399.423817</ele>
        <time>2026-08-11T10:43:43.535Z</time>
      </trkpt>
      <trkpt lat="46.266229" lon="14.324240">
        <ele>399.385570</ele>
        <time>2026-08-11T10:43:44.667Z</time>
      </trkpt>
      <trkpt lat="46.266186" lon="14.324610">
        <ele>399.259262</ele>
        <time>2026-08-11T10:43:48.347Z</time>
      </trkpt>
      <trkpt lat="46.265788" lon="14.326058">
        <ele>399.974622</ele>
        <time>2026-08-11T10:44:11.889Z</time>
      </trkpt>
      <trkpt lat="46.265334" lon="14.327366">
        <ele>401.741346</ele>
        <time>2026-08-11T10:44:35.485Z</time>
      </trkpt>
      <trkpt lat="46.264957" lon="14.328395">
        <ele>402.391834</ele>
        <time>2026-08-11T10:44:51.185Z</time>
      </trkpt>
      <trkpt lat="46.263559" lon="14.332195">
        <ele>403.229809</ele>
        <time>2026-08-11T10:45:34.474Z</time>
      </trkpt>
      <trkpt lat="46.263285" lon="14.332793">
        <ele>404.172694</ele>
        <time>2026-08-11T10:45:44.982Z</time>
      </trkpt>
      <trkpt lat="46.263192" lon="14.332988">
        <ele>404.514187</ele>
        <time>2026-08-11T10:45:48.852Z</time>
      </trkpt>
      <trkpt lat="46.263046" lon="14.333307">
        <ele>405.065669</ele>
        <time>2026-08-11T10:45:55.319Z</time>
      </trkpt>
      <trkpt lat="46.262827" lon="14.333713">
        <ele>405.807993</ele>
        <time>2026-08-11T10:46:04.619Z</time>
      </trkpt>
      <trkpt lat="46.262764" lon="14.333830">
        <ele>406.021773</ele>
        <time>2026-08-11T10:46:07.331Z</time>
      </trkpt>
      <trkpt lat="46.262859" lon="14.333938">
        <ele>406.273716</ele>
        <time>2026-08-11T10:46:10.702Z</time>
      </trkpt>
      <trkpt lat="46.262811" lon="14.334020">
        <ele>406.428601</ele>
        <time>2026-08-11T10:46:12.720Z</time>
      </trkpt>
      <trkpt lat="46.262746" lon="14.334145">
        <ele>406.654073</ele>
        <time>2026-08-11T10:46:15.722Z</time>
      </trkpt>
      <trkpt lat="46.261994" lon="14.335239">
        <ele>408.017081</ele>
        <time>2026-08-11T10:46:40.380Z</time>
      </trkpt>
      <trkpt lat="46.261656" lon="14.335636">
        <ele>408.511261</ele>
        <time>2026-08-11T10:46:47.736Z</time>
      </trkpt>
      <trkpt lat="46.261251" lon="14.336118">
        <ele>408.987498</ele>
        <time>2026-08-11T10:46:55.193Z</time>
      </trkpt>
      <trkpt lat="46.260316" lon="14.337014">
        <ele>408.277467</ele>
        <time>2026-08-11T10:47:09.224Z</time>
      </trkpt>
      <trkpt lat="46.258528" lon="14.338647">
        <ele>407.194665</ele>
        <time>2026-08-11T10:47:37.125Z</time>
      </trkpt>
      <trkpt lat="46.257746" lon="14.339276">
        <ele>406.820379</ele>
        <time>2026-08-11T10:47:49.520Z</time>
      </trkpt>
      <trkpt lat="46.255610" lon="14.340782">
        <ele>405.844643</ele>
        <time>2026-08-11T10:48:21.201Z</time>
      </trkpt>
      <trkpt lat="46.252099" lon="14.344129">
        <ele>404.185837</ele>
        <time>2026-08-11T10:49:18.545Z</time>
      </trkpt>
      <trkpt lat="46.251652" lon="14.344693">
        <ele>403.424347</ele>
        <time>2026-08-11T10:49:26.104Z</time>
      </trkpt>
      <trkpt lat="46.251608" lon="14.344751">
        <ele>403.346856</ele>
        <time>2026-08-11T10:49:26.834Z</time>
      </trkpt>
      <trkpt lat="46.251547" lon="14.344833">
        <ele>403.238456</ele>
        <time>2026-08-11T10:49:27.872Z</time>
      </trkpt>
      <trkpt lat="46.250713" lon="14.345944">
        <ele>401.735579</ele>
        <time>2026-08-11T10:49:40.678Z</time>
      </trkpt>
      <trkpt lat="46.250307" lon="14.346495">
        <ele>400.757173</ele>
        <time>2026-08-11T10:49:46.788Z</time>
      </trkpt>
      <trkpt lat="46.250241" lon="14.346584">
        <ele>400.598596</ele>
        <time>2026-08-11T10:49:47.782Z</time>
      </trkpt>
      <trkpt lat="46.249881" lon="14.347105">
        <ele>399.703613</ele>
        <time>2026-08-11T10:49:53.444Z</time>
      </trkpt>
      <trkpt lat="46.249658" lon="14.347438">
        <ele>399.140323</ele>
        <time>2026-08-11T10:49:57.048Z</time>
      </trkpt>
      <trkpt lat="46.249623" lon="14.347858">
        <ele>398.642823</ele>
        <time>2026-08-11T10:50:00.394Z</time>
      </trkpt>
      <trkpt lat="46.249561" lon="14.347962">
        <ele>398.528299</ele>
        <time>2026-08-11T10:50:01.508Z</time>
      </trkpt>
      <trkpt lat="46.249230" lon="14.348099">
        <ele>398.113050</ele>
        <time>2026-08-11T10:50:05.585Z</time>
      </trkpt>
      <trkpt lat="46.249162" lon="14.348165">
        <ele>398.014275</ele>
        <time>2026-08-11T10:50:06.577Z</time>
      </trkpt>
      <trkpt lat="46.248803" lon="14.348706">
        <ele>397.388911</ele>
        <time>2026-08-11T10:50:12.668Z</time>
      </trkpt>
      <trkpt lat="46.248358" lon="14.349162">
        <ele>396.731102</ele>
        <time>2026-08-11T10:50:19.252Z</time>
      </trkpt>
      <trkpt lat="46.248337" lon="14.349192">
        <ele>396.695499</ele>
        <time>2026-08-11T10:50:19.633Z</time>
      </trkpt>
      <trkpt lat="46.248268" lon="14.349090">
        <ele>396.576489</ele>
        <time>2026-08-11T10:50:21.281Z</time>
      </trkpt>
      <trkpt lat="46.248151" lon="14.349232">
        <ele>396.373124</ele>
        <time>2026-08-11T10:50:23.189Z</time>
      </trkpt>
      <trkpt lat="46.248027" lon="14.349384">
        <ele>396.145121</ele>
        <time>2026-08-11T10:50:25.297Z</time>
      </trkpt>
      <trkpt lat="46.247721" lon="14.349801">
        <ele>395.555371</ele>
        <time>2026-08-11T10:50:30.915Z</time>
      </trkpt>
      <trkpt lat="46.247594" lon="14.349977">
        <ele>395.308646</ele>
        <time>2026-08-11T10:50:33.173Z</time>
      </trkpt>
      <trkpt lat="46.247314" lon="14.350335">
        <ele>394.784418</ele>
        <time>2026-08-11T10:50:37.908Z</time>
      </trkpt>
      <trkpt lat="46.247187" lon="14.350505">
        <ele>394.541682</ele>
        <time>2026-08-11T10:50:39.879Z</time>
      </trkpt>
      <trkpt lat="46.247115" lon="14.350604">
        <ele>394.402328</ele>
        <time>2026-08-11T10:50:41.430Z</time>
      </trkpt>
      <trkpt lat="46.246701" lon="14.351164">
        <ele>393.120809</ele>
        <time>2026-08-11T10:50:49.780Z</time>
      </trkpt>
      <trkpt lat="46.246578" lon="14.351328">
        <ele>392.585574</ele>
        <time>2026-08-11T10:50:52.171Z</time>
      </trkpt>
      <trkpt lat="46.245874" lon="14.352287">
        <ele>389.491432</ele>
        <time>2026-08-11T10:51:05.730Z</time>
      </trkpt>
      <trkpt lat="46.245663" lon="14.352570">
        <ele>388.570754</ele>
        <time>2026-08-11T10:51:09.945Z</time>
      </trkpt>
      <trkpt lat="46.245621" lon="14.352628">
        <ele>388.384961</ele>
        <time>2026-08-11T10:51:10.815Z</time>
      </trkpt>
      <trkpt lat="46.245550" lon="14.352725">
        <ele>388.203033</ele>
        <time>2026-08-11T10:51:12.281Z</time>
      </trkpt>
      <trkpt lat="46.244864" lon="14.353652">
        <ele>387.643806</ele>
        <time>2026-08-11T10:51:28.432Z</time>
      </trkpt>
      <trkpt lat="46.244823" lon="14.353707">
        <ele>387.610496</ele>
        <time>2026-08-11T10:51:29.768Z</time>
      </trkpt>
      <trkpt lat="46.244737" lon="14.353823">
        <ele>387.540448</ele>
        <time>2026-08-11T10:51:32.521Z</time>
      </trkpt>
      <trkpt lat="46.244313" lon="14.354254">
        <ele>387.231755</ele>
        <time>2026-08-11T10:51:44.805Z</time>
      </trkpt>
      <trkpt lat="46.244281" lon="14.354245">
        <ele>387.212339</ele>
        <time>2026-08-11T10:51:45.270Z</time>
      </trkpt>
      <trkpt lat="46.244250" lon="14.354277">
        <ele>387.189653</ele>
        <time>2026-08-11T10:51:45.910Z</time>
      </trkpt>
      <trkpt lat="46.244145" lon="14.354409">
        <ele>387.187262</ele>
        <time>2026-08-11T10:51:48.155Z</time>
      </trkpt>
      <trkpt lat="46.244093" lon="14.354466">
        <ele>387.205428</ele>
        <time>2026-08-11T10:51:49.574Z</time>
      </trkpt>
      <trkpt lat="46.243967" lon="14.354535">
        <ele>387.242938</ele>
        <time>2026-08-11T10:51:51.573Z</time>
      </trkpt>
      <trkpt lat="46.243920" lon="14.354589">
        <ele>387.259650</ele>
        <time>2026-08-11T10:51:52.518Z</time>
      </trkpt>
      <trkpt lat="46.243189" lon="14.354808">
        <ele>387.467481</ele>
        <time>2026-08-11T10:52:09.149Z</time>
      </trkpt>
      <trkpt lat="46.243127" lon="14.354835">
        <ele>387.485507</ele>
        <time>2026-08-11T10:52:10.302Z</time>
      </trkpt>
      <trkpt lat="46.242938" lon="14.354934">
        <ele>387.541470</ele>
        <time>2026-08-11T10:52:13.359Z</time>
      </trkpt>
      <trkpt lat="46.242524" lon="14.355179">
        <ele>387.652463</ele>
        <time>2026-08-11T10:52:19.666Z</time>
      </trkpt>
      <trkpt lat="46.242428" lon="14.355244">
        <ele>387.572260</ele>
        <time>2026-08-11T10:52:21.160Z</time>
      </trkpt>
      <trkpt lat="46.242417" lon="14.355251">
        <ele>387.563167</ele>
        <time>2026-08-11T10:52:21.318Z</time>
      </trkpt>
      <trkpt lat="46.242384" lon="14.355274">
        <ele>387.535449</ele>
        <time>2026-08-11T10:52:21.807Z</time>
      </trkpt>
      <trkpt lat="46.242028" lon="14.355502">
        <ele>387.240857</ele>
        <time>2026-08-11T10:52:27.591Z</time>
      </trkpt>
      <trkpt lat="46.241782" lon="14.355662">
        <ele>387.036768</ele>
        <time>2026-08-11T10:52:31.119Z</time>
      </trkpt>
      <trkpt lat="46.241757" lon="14.355678">
        <ele>387.016083</ele>
        <time>2026-08-11T10:52:31.439Z</time>
      </trkpt>
      <trkpt lat="46.241577" lon="14.355675">
        <ele>386.879884</ele>
        <time>2026-08-11T10:52:33.479Z</time>
      </trkpt>
      <trkpt lat="46.241490" lon="14.355603">
        <ele>386.804040</ele>
        <time>2026-08-11T10:52:34.622Z</time>
      </trkpt>
      <trkpt lat="46.241418" lon="14.355457">
        <ele>386.710208</ele>
        <time>2026-08-11T10:52:36.006Z</time>
      </trkpt>
      <trkpt lat="46.241366" lon="14.355492">
        <ele>386.666810</ele>
        <time>2026-08-11T10:52:36.696Z</time>
      </trkpt>
      <trkpt lat="46.241317" lon="14.355524">
        <ele>386.626130</ele>
        <time>2026-08-11T10:52:37.301Z</time>
      </trkpt>
      <trkpt lat="46.241278" lon="14.355606">
        <ele>386.574054</ele>
        <time>2026-08-11T10:52:38.162Z</time>
      </trkpt>
      <trkpt lat="46.241240" lon="14.355799">
        <ele>386.469047</ele>
        <time>2026-08-11T10:52:39.846Z</time>
      </trkpt>
      <trkpt lat="46.241223" lon="14.356226">
        <ele>386.258137</ele>
        <time>2026-08-11T10:52:43.457Z</time>
      </trkpt>
      <trkpt lat="46.241256" lon="14.356372">
        <ele>386.196192</ele>
        <time>2026-08-11T10:52:44.776Z</time>
      </trkpt>
      <trkpt lat="46.241096" lon="14.356476">
        <ele>386.093902</ele>
        <time>2026-08-11T10:52:47.926Z</time>
      </trkpt>
      <trkpt lat="46.240922" lon="14.356431">
        <ele>385.990832</ele>
        <time>2026-08-11T10:52:51.207Z</time>
      </trkpt>
      <trkpt lat="46.240716" lon="14.356276">
        <ele>385.855421</ele>
        <time>2026-08-11T10:52:55.703Z</time>
      </trkpt>
      <trkpt lat="46.240673" lon="14.356235">
        <ele>385.825387</ele>
        <time>2026-08-11T10:52:56.688Z</time>
      </trkpt>
      <trkpt lat="46.240606" lon="14.356203">
        <ele>385.784243</ele>
        <time>2026-08-11T10:52:58.078Z</time>
      </trkpt>
      <trkpt lat="46.240606" lon="14.356203">
        <ele>385.784243</ele>
        <time>2026-08-11T10:52:58.078Z</time>
      </trkpt>
      <trkpt lat="46.240350" lon="14.356087">
        <ele>385.627810</ele>
        <time>2026-08-11T10:53:16.730Z</time>
      </trkpt>
      <trkpt lat="46.240266" lon="14.356049">
        <ele>385.576488</ele>
        <time>2026-08-11T10:53:22.851Z</time>
      </trkpt>
      <trkpt lat="46.239613" lon="14.355815">
        <ele>385.021444</ele>
        <time>2026-08-11T10:54:09.594Z</time>
      </trkpt>
      <trkpt lat="46.239598" lon="14.355809">
        <ele>384.990808</ele>
        <time>2026-08-11T10:54:10.666Z</time>
      </trkpt>
      <trkpt lat="46.239183" lon="14.355660">
        <ele>384.149091</ele>
        <time>2026-08-11T10:54:40.427Z</time>
      </trkpt>
      <trkpt lat="46.239172" lon="14.355719">
        <ele>384.065896</ele>
        <time>2026-08-11T10:54:41.044Z</time>
      </trkpt>
      <trkpt lat="46.239109" lon="14.356328">
        <ele>383.227534</ele>
        <time>2026-08-11T10:54:47.139Z</time>
      </trkpt>
      <trkpt lat="46.239080" lon="14.356602">
        <ele>382.850146</ele>
        <time>2026-08-11T10:54:49.806Z</time>
      </trkpt>
      <trkpt lat="46.239040" lon="14.356781">
        <ele>382.594038</ele>
        <time>2026-08-11T10:54:51.684Z</time>
      </trkpt>
      <trkpt lat="46.238687" lon="14.358074">
        <ele>382.494529</ele>
        <time>2026-08-11T10:55:04.173Z</time>
      </trkpt>
      <trkpt lat="46.238654" lon="14.358201">
        <ele>382.637506</ele>
        <time>2026-08-11T10:55:10.668Z</time>
      </trkpt>
      <trkpt lat="46.238616" lon="14.358341">
        <ele>382.796004</ele>
        <time>2026-08-11T10:55:13.190Z</time>
      </trkpt>
      <trkpt lat="46.238557" lon="14.358348">
        <ele>382.886205</ele>
        <time>2026-08-11T10:55:14.562Z</time>
      </trkpt>
      <trkpt lat="46.238106" lon="14.358460">
        <ele>383.583464</ele>
        <time>2026-08-11T10:55:25.940Z</time>
      </trkpt>
      <trkpt lat="46.238009" lon="14.358490">
        <ele>383.734608</ele>
        <time>2026-08-11T10:55:28.533Z</time>
      </trkpt>
      <trkpt lat="46.237956" lon="14.358508">
        <ele>383.817563</ele>
        <time>2026-08-11T10:55:29.936Z</time>
      </trkpt>
      <trkpt lat="46.237888" lon="14.358534">
        <ele>383.924737</ele>
        <time>2026-08-11T10:55:31.808Z</time>
      </trkpt>
      <trkpt lat="46.237722" lon="14.358600">
        <ele>384.187064</ele>
        <time>2026-08-11T10:55:36.812Z</time>
      </trkpt>
      <trkpt lat="46.237027" lon="14.358880">
        <ele>384.855891</ele>
        <time>2026-08-11T10:55:55.497Z</time>
      </trkpt>
      <trkpt lat="46.236925" lon="14.358921">
        <ele>384.933897</ele>
        <time>2026-08-11T10:55:57.499Z</time>
      </trkpt>
      <trkpt lat="46.236827" lon="14.358964">
        <ele>385.009357</ele>
        <time>2026-08-11T10:55:59.171Z</time>
      </trkpt>
      <trkpt lat="46.236612" lon="14.359057">
        <ele>385.174711</ele>
        <time>2026-08-11T10:56:02.471Z</time>
      </trkpt>
      <trkpt lat="46.236321" lon="14.359193">
        <ele>385.400050</ele>
        <time>2026-08-11T10:56:06.525Z</time>
      </trkpt>
      <trkpt lat="46.235999" lon="14.359411">
        <ele>385.662030</ele>
        <time>2026-08-11T10:56:11.388Z</time>
      </trkpt>
      <trkpt lat="46.235541" lon="14.359784">
        <ele>385.374377</ele>
        <time>2026-08-11T10:56:18.505Z</time>
      </trkpt>
      <trkpt lat="46.235348" lon="14.359963">
        <ele>385.122977</ele>
        <time>2026-08-11T10:56:21.092Z</time>
      </trkpt>
      <trkpt lat="46.235118" lon="14.360179">
        <ele>384.822276</ele>
        <time>2026-08-11T10:56:24.038Z</time>
      </trkpt>
      <trkpt lat="46.235055" lon="14.360240">
        <ele>384.739144</ele>
        <time>2026-08-11T10:56:24.862Z</time>
      </trkpt>
      <trkpt lat="46.234980" lon="14.360317">
        <ele>384.638291</ele>
        <time>2026-08-11T10:56:25.881Z</time>
      </trkpt>
      <trkpt lat="46.234902" lon="14.360391">
        <ele>384.536004</ele>
        <time>2026-08-11T10:56:26.929Z</time>
      </trkpt>
      <trkpt lat="46.234646" lon="14.360634">
        <ele>384.200240</ele>
        <time>2026-08-11T10:56:30.614Z</time>
      </trkpt>
      <trkpt lat="46.234608" lon="14.360669">
        <ele>384.150841</ele>
        <time>2026-08-11T10:56:31.187Z</time>
      </trkpt>
      <trkpt lat="46.234397" lon="14.360879">
        <ele>383.869986</ele>
        <time>2026-08-11T10:56:34.669Z</time>
      </trkpt>
      <trkpt lat="46.234364" lon="14.360912">
        <ele>383.825993</ele>
        <time>2026-08-11T10:56:35.208Z</time>
      </trkpt>
      <trkpt lat="46.234349" lon="14.360927">
        <ele>383.806034</ele>
        <time>2026-08-11T10:56:35.466Z</time>
      </trkpt>
      <trkpt lat="46.234247" lon="14.361031">
        <ele>383.742928</ele>
        <time>2026-08-11T10:56:37.162Z</time>
      </trkpt>
      <trkpt lat="46.233887" lon="14.361441">
        <ele>383.511218</ele>
        <time>2026-08-11T10:56:43.236Z</time>
      </trkpt>
      <trkpt lat="46.233840" lon="14.361497">
        <ele>383.480425</ele>
        <time>2026-08-11T10:56:44.053Z</time>
      </trkpt>
      <trkpt lat="46.233743" lon="14.361615">
        <ele>383.416329</ele>
        <time>2026-08-11T10:56:45.750Z</time>
      </trkpt>
      <trkpt lat="46.233518" lon="14.361903">
        <ele>383.264388</ele>
        <time>2026-08-11T10:56:49.900Z</time>
      </trkpt>
      <trkpt lat="46.233103" lon="14.362469">
        <ele>382.975928</ele>
        <time>2026-08-11T10:56:57.976Z</time>
      </trkpt>
      <trkpt lat="46.232692" lon="14.363105">
        <ele>382.370669</ele>
        <time>2026-08-11T10:57:05.406Z</time>
      </trkpt>
      <trkpt lat="46.232614" lon="14.363089">
        <ele>382.277611</ele>
        <time>2026-08-11T10:57:06.332Z</time>
      </trkpt>
      <trkpt lat="46.232378" lon="14.363455">
        <ele>381.868777</ele>
        <time>2026-08-11T10:57:10.319Z</time>
      </trkpt>
      <trkpt lat="46.232312" lon="14.363476">
        <ele>381.788950</ele>
        <time>2026-08-11T10:57:11.086Z</time>
      </trkpt>
      <trkpt lat="46.232264" lon="14.363560">
        <ele>381.699925</ele>
        <time>2026-08-11T10:57:11.933Z</time>
      </trkpt>
      <trkpt lat="46.232219" lon="14.363637">
        <ele>381.617560</ele>
        <time>2026-08-11T10:57:12.721Z</time>
      </trkpt>
      <trkpt lat="46.232203" lon="14.363761">
        <ele>381.514493</ele>
        <time>2026-08-11T10:57:13.704Z</time>
      </trkpt>
      <trkpt lat="46.232192" lon="14.363789">
        <ele>381.488182</ele>
        <time>2026-08-11T10:57:13.955Z</time>
      </trkpt>
      <trkpt lat="46.231626" lon="14.364766">
        <ele>380.687942</ele>
        <time>2026-08-11T10:57:24.367Z</time>
      </trkpt>
      <trkpt lat="46.231448" lon="14.365153">
        <ele>380.589683</ele>
        <time>2026-08-11T10:57:28.488Z</time>
      </trkpt>
      <trkpt lat="46.231284" lon="14.365589">
        <ele>380.484753</ele>
        <time>2026-08-11T10:57:33.376Z</time>
      </trkpt>
      <trkpt lat="46.231341" lon="14.365657">
        <ele>380.462164</ele>
        <time>2026-08-11T10:57:34.527Z</time>
      </trkpt>
      <trkpt lat="46.231050" lon="14.366322">
        <ele>380.295793</ele>
        <time>2026-08-11T10:57:42.662Z</time>
      </trkpt>
      <trkpt lat="46.230763" lon="14.366790">
        <ele>380.195253</ele>
        <time>2026-08-11T10:57:49.769Z</time>
      </trkpt>
      <trkpt lat="46.230459" lon="14.366897">
        <ele>380.151185</ele>
        <time>2026-08-11T10:57:56.431Z</time>
      </trkpt>
      <trkpt lat="46.230458" lon="14.366967">
        <ele>380.144363</ele>
        <time>2026-08-11T10:57:57.194Z</time>
      </trkpt>
      <trkpt lat="46.230376" lon="14.366951">
        <ele>380.132709</ele>
        <time>2026-08-11T10:57:58.419Z</time>
      </trkpt>
      <trkpt lat="46.230347" lon="14.366991">
        <ele>380.127064</ele>
        <time>2026-08-11T10:57:59.013Z</time>
      </trkpt>
      <trkpt lat="46.230278" lon="14.367087">
        <ele>380.113575</ele>
        <time>2026-08-11T10:58:00.426Z</time>
      </trkpt>
      <trkpt lat="46.230229" lon="14.367155">
        <ele>380.104009</ele>
        <time>2026-08-11T10:58:01.422Z</time>
      </trkpt>
      <trkpt lat="46.230248" lon="14.367312">
        <ele>380.088480</ele>
        <time>2026-08-11T10:58:02.992Z</time>
      </trkpt>
      <trkpt lat="46.230269" lon="14.367365">
        <ele>380.082529</ele>
        <time>2026-08-11T10:58:03.581Z</time>
      </trkpt>
      <trkpt lat="46.230019" lon="14.367775">
        <ele>380.029278</ele>
        <time>2026-08-11T10:58:08.601Z</time>
      </trkpt>
      <trkpt lat="46.229960" lon="14.367931">
        <ele>380.011956</ele>
        <time>2026-08-11T10:58:10.258Z</time>
      </trkpt>
      <trkpt lat="46.229881" lon="14.368117">
        <ele>379.990690</ele>
        <time>2026-08-11T10:58:12.338Z</time>
      </trkpt>
      <trkpt lat="46.229837" lon="14.368220">
        <ele>379.978895</ele>
        <time>2026-08-11T10:58:13.483Z</time>
      </trkpt>
      <trkpt lat="46.229491" lon="14.368922">
        <ele>379.768682</ele>
        <time>2026-08-11T10:58:21.581Z</time>
      </trkpt>
      <trkpt lat="46.229373" lon="14.369088">
        <ele>379.705984</ele>
        <time>2026-08-11T10:58:23.750Z</time>
      </trkpt>
      <trkpt lat="46.229288" lon="14.369207">
        <ele>379.660925</ele>
        <time>2026-08-11T10:58:25.303Z</time>
      </trkpt>
      <trkpt lat="46.228977" lon="14.369560">
        <ele>379.510356</ele>
        <time>2026-08-11T10:58:30.423Z</time>
      </trkpt>
      <trkpt lat="46.228218" lon="14.370206">
        <ele>379.165505</ele>
        <time>2026-08-11T10:58:42.786Z</time>
      </trkpt>
      <trkpt lat="46.227937" lon="14.370523">
        <ele>379.018016</ele>
        <time>2026-08-11T10:58:47.894Z</time>
      </trkpt>
      <trkpt lat="46.227871" lon="14.370601">
        <ele>378.982741</ele>
        <time>2026-08-11T10:58:49.108Z</time>
      </trkpt>
      <trkpt lat="46.227668" lon="14.370958">
        <ele>378.850460</ele>
        <time>2026-08-11T10:58:53.583Z</time>
      </trkpt>
      <trkpt lat="46.227572" lon="14.371175">
        <ele>378.776728</ele>
        <time>2026-08-11T10:58:55.988Z</time>
      </trkpt>
      <trkpt lat="46.227339" lon="14.371785">
        <ele>378.577268</ele>
        <time>2026-08-11T10:59:02.188Z</time>
      </trkpt>
      <trkpt lat="46.227321" lon="14.371837">
        <ele>378.560623</ele>
        <time>2026-08-11T10:59:02.700Z</time>
      </trkpt>
      <trkpt lat="46.227156" lon="14.372326">
        <ele>378.334859</ele>
        <time>2026-08-11T10:59:07.380Z</time>
      </trkpt>
      <trkpt lat="46.226898" lon="14.372984">
        <ele>378.006042</ele>
        <time>2026-08-11T10:59:13.833Z</time>
      </trkpt>
      <trkpt lat="46.226707" lon="14.373408">
        <ele>377.786073</ele>
        <time>2026-08-11T10:59:18.193Z</time>
      </trkpt>
      <trkpt lat="46.225661" lon="14.375296">
        <ele>377.415830</ele>
        <time>2026-08-11T10:59:41.771Z</time>
      </trkpt>
      <trkpt lat="46.225312" lon="14.375944">
        <ele>377.419152</ele>
        <time>2026-08-11T10:59:51.468Z</time>
      </trkpt>
      <trkpt lat="46.224770" lon="14.376925">
        <ele>377.033922</ele>
        <time>2026-08-11T11:00:04.476Z</time>
      </trkpt>
      <trkpt lat="46.224736" lon="14.376985">
        <ele>377.004832</ele>
        <time>2026-08-11T11:00:05.198Z</time>
      </trkpt>
      <trkpt lat="46.223928" lon="14.378292">
        <ele>376.300031</ele>
        <time>2026-08-11T11:00:20.010Z</time>
      </trkpt>
      <trkpt lat="46.223605" lon="14.378761">
        <ele>375.931273</ele>
        <time>2026-08-11T11:00:25.468Z</time>
      </trkpt>
      <trkpt lat="46.223378" lon="14.379090">
        <ele>375.672353</ele>
        <time>2026-08-11T11:00:29.476Z</time>
      </trkpt>
      <trkpt lat="46.222836" lon="14.379882">
        <ele>375.051584</ele>
        <time>2026-08-11T11:00:39.617Z</time>
      </trkpt>
      <trkpt lat="46.222510" lon="14.380377">
        <ele>374.742176</ele>
        <time>2026-08-11T11:00:45.822Z</time>
      </trkpt>
      <trkpt lat="46.222227" lon="14.380870">
        <ele>374.463536</ele>
        <time>2026-08-11T11:00:51.518Z</time>
      </trkpt>
      <trkpt lat="46.222186" lon="14.380943">
        <ele>374.422638</ele>
        <time>2026-08-11T11:00:52.350Z</time>
      </trkpt>
      <trkpt lat="46.221911" lon="14.381436">
        <ele>374.147182</ele>
        <time>2026-08-11T11:00:58.000Z</time>
      </trkpt>
      <trkpt lat="46.221605" lon="14.381885">
        <ele>373.873040</ele>
        <time>2026-08-11T11:01:03.653Z</time>
      </trkpt>
      <trkpt lat="46.221201" lon="14.382340">
        <ele>373.552518</ele>
        <time>2026-08-11T11:01:10.294Z</time>
      </trkpt>
      <trkpt lat="46.220919" lon="14.382623">
        <ele>373.337693</ele>
        <time>2026-08-11T11:01:14.750Z</time>
      </trkpt>
      <trkpt lat="46.220627" lon="14.382925">
        <ele>373.113014</ele>
        <time>2026-08-11T11:01:19.388Z</time>
      </trkpt>
      <trkpt lat="46.220276" lon="14.383285">
        <ele>372.843695</ele>
        <time>2026-08-11T11:01:24.947Z</time>
      </trkpt>
      <trkpt lat="46.220207" lon="14.383355">
        <ele>372.790944</ele>
        <time>2026-08-11T11:01:26.029Z</time>
      </trkpt>
      <trkpt lat="46.219982" lon="14.383589">
        <ele>372.627485</ele>
        <time>2026-08-11T11:01:29.586Z</time>
      </trkpt>
      <trkpt lat="46.218980" lon="14.384623">
        <ele>371.919957</ele>
        <time>2026-08-11T11:01:46.046Z</time>
      </trkpt>
      <trkpt lat="46.218749" lon="14.384871">
        <ele>371.754591</ele>
        <time>2026-08-11T11:01:49.827Z</time>
      </trkpt>
      <trkpt lat="46.218325" lon="14.385363">
        <ele>371.156640</ele>
        <time>2026-08-11T11:01:56.512Z</time>
      </trkpt>
      <trkpt lat="46.218221" lon="14.385550">
        <ele>370.958164</ele>
        <time>2026-08-11T11:01:58.527Z</time>
      </trkpt>
      <trkpt lat="46.218207" lon="14.385588">
        <ele>370.922549</ele>
        <time>2026-08-11T11:01:58.894Z</time>
      </trkpt>
      <trkpt lat="46.218165" lon="14.385728">
        <ele>370.796314</ele>
        <time>2026-08-11T11:02:00.149Z</time>
      </trkpt>
      <trkpt lat="46.218099" lon="14.385953">
        <ele>370.594143</ele>
        <time>2026-08-11T11:02:02.138Z</time>
      </trkpt>
      <trkpt lat="46.218016" lon="14.386133">
        <ele>370.415198</ele>
        <time>2026-08-11T11:02:03.867Z</time>
      </trkpt>
      <trkpt lat="46.217816" lon="14.386364">
        <ele>370.109095</ele>
        <time>2026-08-11T11:02:06.812Z</time>
      </trkpt>
      <trkpt lat="46.217564" lon="14.386534">
        <ele>369.776592</ele>
        <time>2026-08-11T11:02:10.042Z</time>
      </trkpt>
      <trkpt lat="46.217391" lon="14.386579">
        <ele>369.566427</ele>
        <time>2026-08-11T11:02:12.069Z</time>
      </trkpt>
      <trkpt lat="46.217040" lon="14.386692">
        <ele>368.965562</ele>
        <time>2026-08-11T11:02:16.256Z</time>
      </trkpt>
      <trkpt lat="46.216770" lon="14.386832">
        <ele>368.482810</ele>
        <time>2026-08-11T11:02:19.746Z</time>
      </trkpt>
      <trkpt lat="46.216649" lon="14.386926">
        <ele>368.251621</ele>
        <time>2026-08-11T11:02:21.434Z</time>
      </trkpt>
      <trkpt lat="46.216266" lon="14.387223">
        <ele>367.520134</ele>
        <time>2026-08-11T11:02:26.455Z</time>
      </trkpt>
      <trkpt lat="46.215950" lon="14.387455">
        <ele>366.923640</ele>
        <time>2026-08-11T11:02:30.162Z</time>
      </trkpt>
      <trkpt lat="46.215780" lon="14.387555">
        <ele>366.614751</ele>
        <time>2026-08-11T11:02:31.997Z</time>
      </trkpt>
      <trkpt lat="46.215617" lon="14.387610">
        <ele>366.472063</ele>
        <time>2026-08-11T11:02:33.747Z</time>
      </trkpt>
      <trkpt lat="46.215603" lon="14.387614">
        <ele>366.465098</ele>
        <time>2026-08-11T11:02:33.903Z</time>
      </trkpt>
      <trkpt lat="46.215152" lon="14.387754">
        <ele>366.239986</ele>
        <time>2026-08-11T11:02:39.384Z</time>
      </trkpt>
      <trkpt lat="46.215121" lon="14.387765">
        <ele>366.224408</ele>
        <time>2026-08-11T11:02:39.766Z</time>
      </trkpt>
      <trkpt lat="46.214980" lon="14.387849">
        <ele>366.149982</ele>
        <time>2026-08-11T11:02:41.770Z</time>
      </trkpt>
      <trkpt lat="46.214853" lon="14.387964">
        <ele>366.076844</ele>
        <time>2026-08-11T11:02:43.764Z</time>
      </trkpt>
      <trkpt lat="46.214761" lon="14.388092">
        <ele>366.014522</ele>
        <time>2026-08-11T11:02:45.514Z</time>
      </trkpt>
      <trkpt lat="46.214708" lon="14.388218">
        <ele>365.964730</ele>
        <time>2026-08-11T11:02:46.933Z</time>
      </trkpt>
      <trkpt lat="46.214638" lon="14.388573">
        <ele>365.840080</ele>
        <time>2026-08-11T11:02:50.537Z</time>
      </trkpt>
      <trkpt lat="46.214630" lon="14.389073">
        <ele>365.671194</ele>
        <time>2026-08-11T11:02:56.410Z</time>
      </trkpt>
      <trkpt lat="46.214616" lon="14.389270">
        <ele>365.649844</ele>
        <time>2026-08-11T11:02:59.203Z</time>
      </trkpt>
      <trkpt lat="46.214524" lon="14.389767">
        <ele>365.645255</ele>
        <time>2026-08-11T11:03:08.250Z</time>
      </trkpt>
      <trkpt lat="46.214511" lon="14.389848">
        <ele>365.644514</ele>
        <time>2026-08-11T11:03:09.569Z</time>
      </trkpt>
      <trkpt lat="46.214477" lon="14.390117">
        <ele>365.642075</ele>
        <time>2026-08-11T11:03:13.307Z</time>
      </trkpt>
      <trkpt lat="46.214453" lon="14.390625">
        <ele>365.637534</ele>
        <time>2026-08-11T11:03:18.422Z</time>
      </trkpt>
      <trkpt lat="46.214441" lon="14.390902">
        <ele>365.635058</ele>
        <time>2026-08-11T11:03:20.856Z</time>
      </trkpt>
      <trkpt lat="46.214385" lon="14.391286">
        <ele>365.631558</ele>
        <time>2026-08-11T11:03:24.170Z</time>
      </trkpt>
      <trkpt lat="46.214307" lon="14.391619">
        <ele>365.628423</ele>
        <time>2026-08-11T11:03:27.017Z</time>
      </trkpt>
      <trkpt lat="46.214156" lon="14.392097">
        <ele>365.144996</ele>
        <time>2026-08-11T11:03:31.027Z</time>
      </trkpt>
      <trkpt lat="46.213855" lon="14.392673">
        <ele>364.397627</ele>
        <time>2026-08-11T11:03:36.298Z</time>
      </trkpt>
      <trkpt lat="46.213505" lon="14.393213">
        <ele>363.631523</ele>
        <time>2026-08-11T11:03:41.932Z</time>
      </trkpt>
      <trkpt lat="46.213384" lon="14.393443">
        <ele>363.332361</ele>
        <time>2026-08-11T11:03:44.318Z</time>
      </trkpt>
      <trkpt lat="46.213033" lon="14.394279">
        <ele>363.415633</ele>
        <time>2026-08-11T11:03:54.125Z</time>
      </trkpt>
      <trkpt lat="46.212654" lon="14.394951">
        <ele>364.113129</ele>
        <time>2026-08-11T11:04:06.658Z</time>
      </trkpt>
      <trkpt lat="46.212554" lon="14.395180">
        <ele>364.330993</ele>
        <time>2026-08-11T11:04:11.025Z</time>
      </trkpt>
      <trkpt lat="46.212201" lon="14.396275">
        <ele>365.163085</ele>
        <time>2026-08-11T11:04:29.821Z</time>
      </trkpt>
      <trkpt lat="46.212029" lon="14.396572">
        <ele>365.316337</ele>
        <time>2026-08-11T11:04:35.069Z</time>
      </trkpt>
      <trkpt lat="46.211818" lon="14.396797">
        <ele>365.466289</ele>
        <time>2026-08-11T11:04:39.719Z</time>
      </trkpt>
      <trkpt lat="46.211374" lon="14.397444">
        <ele>365.826862</ele>
        <time>2026-08-11T11:04:49.582Z</time>
      </trkpt>
      <trkpt lat="46.211103" lon="14.397794">
        <ele>366.034702</ele>
        <time>2026-08-11T11:04:54.759Z</time>
      </trkpt>
      <trkpt lat="46.210937" lon="14.397964">
        <ele>365.957995</ele>
        <time>2026-08-11T11:04:57.585Z</time>
      </trkpt>
      <trkpt lat="46.210891" lon="14.398010">
        <ele>365.924806</ele>
        <time>2026-08-11T11:04:58.348Z</time>
      </trkpt>
      <trkpt lat="46.210568" lon="14.398291">
        <ele>365.701128</ele>
        <time>2026-08-11T11:05:03.456Z</time>
      </trkpt>
      <trkpt lat="46.209871" lon="14.398790">
        <ele>365.239639</ele>
        <time>2026-08-11T11:05:13.409Z</time>
      </trkpt>
      <trkpt lat="46.209813" lon="14.398827">
        <ele>365.202025</ele>
        <time>2026-08-11T11:05:14.216Z</time>
      </trkpt>
      <trkpt lat="46.209577" lon="14.399014">
        <ele>365.042341</ele>
        <time>2026-08-11T11:05:17.581Z</time>
      </trkpt>
      <trkpt lat="46.209470" lon="14.399117">
        <ele>364.959609</ele>
        <time>2026-08-11T11:05:19.176Z</time>
      </trkpt>
      <trkpt lat="46.209424" lon="14.399098">
        <ele>364.923302</ele>
        <time>2026-08-11T11:05:19.763Z</time>
      </trkpt>
      <trkpt lat="46.209371" lon="14.399143">
        <ele>364.876652</ele>
        <time>2026-08-11T11:05:20.518Z</time>
      </trkpt>
      <trkpt lat="46.208948" lon="14.399468">
        <ele>364.513085</ele>
        <time>2026-08-11T11:05:26.402Z</time>
      </trkpt>
      <trkpt lat="46.207902" lon="14.400025">
        <ele>363.667100</ele>
        <time>2026-08-11T11:05:40.539Z</time>
      </trkpt>
      <trkpt lat="46.207590" lon="14.400226">
        <ele>363.519613</ele>
        <time>2026-08-11T11:05:45.166Z</time>
      </trkpt>
      <trkpt lat="46.205089" lon="14.401977">
        <ele>362.683947</ele>
        <time>2026-08-11T11:06:23.572Z</time>
      </trkpt>
      <trkpt lat="46.204600" lon="14.402398">
        <ele>362.565724</ele>
        <time>2026-08-11T11:06:31.453Z</time>
      </trkpt>
      <trkpt lat="46.203701" lon="14.403296">
        <ele>362.561660</ele>
        <time>2026-08-11T11:06:48.090Z</time>
      </trkpt>
      <trkpt lat="46.203546" lon="14.403502">
        <ele>362.560877</ele>
        <time>2026-08-11T11:06:51.504Z</time>
      </trkpt>
      <trkpt lat="46.203485" lon="14.403633">
        <ele>362.560470</ele>
        <time>2026-08-11T11:06:53.244Z</time>
      </trkpt>
      <trkpt lat="46.203506" lon="14.403675">
        <ele>362.560337</ele>
        <time>2026-08-11T11:06:53.827Z</time>
      </trkpt>
      <trkpt lat="46.203284" lon="14.404102">
        <ele>362.492350</ele>
        <time>2026-08-11T11:06:59.429Z</time>
      </trkpt>
      <trkpt lat="46.203038" lon="14.404707">
        <ele>361.910443</ele>
        <time>2026-08-11T11:07:05.915Z</time>
      </trkpt>
      <trkpt lat="46.202838" lon="14.405062">
        <ele>361.530834</ele>
        <time>2026-08-11T11:07:09.680Z</time>
      </trkpt>
      <trkpt lat="46.202486" lon="14.405527">
        <ele>360.959341</ele>
        <time>2026-08-11T11:07:15.100Z</time>
      </trkpt>
      <trkpt lat="46.202099" lon="14.406171">
        <ele>360.280006</ele>
        <time>2026-08-11T11:07:21.500Z</time>
      </trkpt>
      <trkpt lat="46.201538" lon="14.406979">
        <ele>359.505533</ele>
        <time>2026-08-11T11:07:30.483Z</time>
      </trkpt>
      <trkpt lat="46.201305" lon="14.407257">
        <ele>359.210090</ele>
        <time>2026-08-11T11:07:35.671Z</time>
      </trkpt>
      <trkpt lat="46.200894" lon="14.407668">
        <ele>358.721388</ele>
        <time>2026-08-11T11:07:43.271Z</time>
      </trkpt>
      <trkpt lat="46.200760" lon="14.407786">
        <ele>358.488037</ele>
        <time>2026-08-11T11:07:45.311Z</time>
      </trkpt>
      <trkpt lat="46.200628" lon="14.407889">
        <ele>358.190032</ele>
        <time>2026-08-11T11:07:47.128Z</time>
      </trkpt>
      <trkpt lat="46.200475" lon="14.407959">
        <ele>357.871235</ele>
        <time>2026-08-11T11:07:49.014Z</time>
      </trkpt>
      <trkpt lat="46.200137" lon="14.408049">
        <ele>357.188515</ele>
        <time>2026-08-11T11:07:52.924Z</time>
      </trkpt>
      <trkpt lat="46.200034" lon="14.408076">
        <ele>356.980573</ele>
        <time>2026-08-11T11:07:54.068Z</time>
      </trkpt>
      <trkpt lat="46.199760" lon="14.408144">
        <ele>356.428321</ele>
        <time>2026-08-11T11:07:57.086Z</time>
      </trkpt>
      <trkpt lat="46.199686" lon="14.408158">
        <ele>356.280070</ele>
        <time>2026-08-11T11:07:57.888Z</time>
      </trkpt>
      <trkpt lat="46.199263" lon="14.408270">
        <ele>355.425818</ele>
        <time>2026-08-11T11:08:02.230Z</time>
      </trkpt>
      <trkpt lat="46.199076" lon="14.408370">
        <ele>355.083129</ele>
        <time>2026-08-11T11:08:04.157Z</time>
      </trkpt>
      <trkpt lat="46.198890" lon="14.408532">
        <ele>355.189711</ele>
        <time>2026-08-11T11:08:06.334Z</time>
      </trkpt>
      <trkpt lat="46.198497" lon="14.408975">
        <ele>355.434331</ele>
        <time>2026-08-11T11:08:12.044Z</time>
      </trkpt>
      <trkpt lat="46.198265" lon="14.409238">
        <ele>355.579048</ele>
        <time>2026-08-11T11:08:17.627Z</time>
      </trkpt>
      <trkpt lat="46.197964" lon="14.409479">
        <ele>355.747929</ele>
        <time>2026-08-11T11:08:26.839Z</time>
      </trkpt>
      <trkpt lat="46.197464" lon="14.409830">
        <ele>356.297076</ele>
        <time>2026-08-11T11:08:41.720Z</time>
      </trkpt>
      <trkpt lat="46.197380" lon="14.409888">
        <ele>356.535492</ele>
        <time>2026-08-11T11:08:44.316Z</time>
      </trkpt>
      <trkpt lat="46.196973" lon="14.410166">
        <ele>357.688372</ele>
        <time>2026-08-11T11:08:58.524Z</time>
      </trkpt>
      <trkpt lat="46.196607" lon="14.410328">
        <ele>358.668642</ele>
        <time>2026-08-11T11:09:09.809Z</time>
      </trkpt>
      <trkpt lat="46.196429" lon="14.410393">
        <ele>359.138807</ele>
        <time>2026-08-11T11:09:14.294Z</time>
      </trkpt>
      <trkpt lat="46.195997" lon="14.410668">
        <ele>360.347724</ele>
        <time>2026-08-11T11:09:23.672Z</time>
      </trkpt>
      <trkpt lat="46.195845" lon="14.410764">
        <ele>360.515244</ele>
        <time>2026-08-11T11:09:26.569Z</time>
      </trkpt>
      <trkpt lat="46.195543" lon="14.410948">
        <ele>360.332440</ele>
        <time>2026-08-11T11:09:31.624Z</time>
      </trkpt>
      <trkpt lat="46.195166" lon="14.411185">
        <ele>360.103127</ele>
        <time>2026-08-11T11:09:36.910Z</time>
      </trkpt>
      <trkpt lat="46.194871" lon="14.411335">
        <ele>359.928700</ele>
        <time>2026-08-11T11:09:40.670Z</time>
      </trkpt>
      <trkpt lat="46.194638" lon="14.411420">
        <ele>359.794667</ele>
        <time>2026-08-11T11:09:43.508Z</time>
      </trkpt>
      <trkpt lat="46.194600" lon="14.411439">
        <ele>359.772239</ele>
        <time>2026-08-11T11:09:43.986Z</time>
      </trkpt>
      <trkpt lat="46.194489" lon="14.411494">
        <ele>359.706790</ele>
        <time>2026-08-11T11:09:45.387Z</time>
      </trkpt>
      <trkpt lat="46.194139" lon="14.411741">
        <ele>359.453398</ele>
        <time>2026-08-11T11:09:50.072Z</time>
      </trkpt>
      <trkpt lat="46.193830" lon="14.411982">
        <ele>359.154304</ele>
        <time>2026-08-11T11:09:54.317Z</time>
      </trkpt>
      <trkpt lat="46.193590" lon="14.412247">
        <ele>358.897014</ele>
        <time>2026-08-11T11:09:57.937Z</time>
      </trkpt>
      <trkpt lat="46.192884" lon="14.413040">
        <ele>358.135307</ele>
        <time>2026-08-11T11:10:09.356Z</time>
      </trkpt>
      <trkpt lat="46.192447" lon="14.413385">
        <ele>357.926836</ele>
        <time>2026-08-11T11:10:16.061Z</time>
      </trkpt>
      <trkpt lat="46.191556" lon="14.413789">
        <ele>357.676134</ele>
        <time>2026-08-11T11:10:29.167Z</time>
      </trkpt>
      <trkpt lat="46.191153" lon="14.413962">
        <ele>357.563270</ele>
        <time>2026-08-11T11:10:35.248Z</time>
      </trkpt>
      <trkpt lat="46.190672" lon="14.414250">
        <ele>357.354767</ele>
        <time>2026-08-11T11:10:42.629Z</time>
      </trkpt>
      <trkpt lat="46.189530" lon="14.415080">
        <ele>356.814640</ele>
        <time>2026-08-11T11:10:59.785Z</time>
      </trkpt>
      <trkpt lat="46.189161" lon="14.415318">
        <ele>356.540527</ele>
        <time>2026-08-11T11:11:04.908Z</time>
      </trkpt>
      <trkpt lat="46.188161" lon="14.415805">
        <ele>355.764065</ele>
        <time>2026-08-11T11:11:18.021Z</time>
      </trkpt>
      <trkpt lat="46.188112" lon="14.415831">
        <ele>355.725656</ele>
        <time>2026-08-11T11:11:18.669Z</time>
      </trkpt>
      <trkpt lat="46.186459" lon="14.416824">
        <ele>354.679262</ele>
        <time>2026-08-11T11:11:41.810Z</time>
      </trkpt>
      <trkpt lat="46.185343" lon="14.417458">
        <ele>354.240004</ele>
        <time>2026-08-11T11:11:58.709Z</time>
      </trkpt>
      <trkpt lat="46.183734" lon="14.418280">
        <ele>354.006155</ele>
        <time>2026-08-11T11:12:22.100Z</time>
      </trkpt>
      <trkpt lat="46.182941" lon="14.418659">
        <ele>354.055291</ele>
        <time>2026-08-11T11:12:34.845Z</time>
      </trkpt>
      <trkpt lat="46.182321" lon="14.418862">
        <ele>354.329664</ele>
        <time>2026-08-11T11:12:46.133Z</time>
      </trkpt>
      <trkpt lat="46.181762" lon="14.418928">
        <ele>354.686765</ele>
        <time>2026-08-11T11:12:56.801Z</time>
      </trkpt>
      <trkpt lat="46.180441" lon="14.418957">
        <ele>355.238982</ele>
        <time>2026-08-11T11:13:19.051Z</time>
      </trkpt>
      <trkpt lat="46.180039" lon="14.419006">
        <ele>355.259605</ele>
        <time>2026-08-11T11:13:24.969Z</time>
      </trkpt>
      <trkpt lat="46.179873" lon="14.419053">
        <ele>355.268252</ele>
        <time>2026-08-11T11:13:27.373Z</time>
      </trkpt>
      <trkpt lat="46.179696" lon="14.419169">
        <ele>355.278189</ele>
        <time>2026-08-11T11:13:30.115Z</time>
      </trkpt>
      <trkpt lat="46.179490" lon="14.419361">
        <ele>355.290722</ele>
        <time>2026-08-11T11:13:33.414Z</time>
      </trkpt>
      <trkpt lat="46.179312" lon="14.419689">
        <ele>355.305473</ele>
        <time>2026-08-11T11:13:37.319Z</time>
      </trkpt>
      <trkpt lat="46.179217" lon="14.419951">
        <ele>355.305010</ele>
        <time>2026-08-11T11:13:40.303Z</time>
      </trkpt>
      <trkpt lat="46.179061" lon="14.420775">
        <ele>355.302962</ele>
        <time>2026-08-11T11:13:49.488Z</time>
      </trkpt>
      <trkpt lat="46.178939" lon="14.421479">
        <ele>355.301223</ele>
        <time>2026-08-11T11:13:57.075Z</time>
      </trkpt>
      <trkpt lat="46.178800" lon="14.421998">
        <ele>355.299889</ele>
        <time>2026-08-11T11:14:02.821Z</time>
      </trkpt>
      <trkpt lat="46.178661" lon="14.422348">
        <ele>355.265795</ele>
        <time>2026-08-11T11:14:06.945Z</time>
      </trkpt>
      <trkpt lat="46.178419" lon="14.422836">
        <ele>355.178464</ele>
        <time>2026-08-11T11:14:13.036Z</time>
      </trkpt>
      <trkpt lat="46.178250" lon="14.423097">
        <ele>355.126474</ele>
        <time>2026-08-11T11:14:16.631Z</time>
      </trkpt>
      <trkpt lat="46.177528" lon="14.423970">
        <ele>354.928613</ele>
        <time>2026-08-11T11:14:29.660Z</time>
      </trkpt>
      <trkpt lat="46.177490" lon="14.424013">
        <ele>354.912094</ele>
        <time>2026-08-11T11:14:30.306Z</time>
      </trkpt>
      <trkpt lat="46.175977" lon="14.425797">
        <ele>353.624833</ele>
        <time>2026-08-11T11:14:55.356Z</time>
      </trkpt>
      <trkpt lat="46.175465" lon="14.426444">
        <ele>353.086199</ele>
        <time>2026-08-11T11:15:03.711Z</time>
      </trkpt>
      <trkpt lat="46.175147" lon="14.427019">
        <ele>352.682769</ele>
        <time>2026-08-11T11:15:09.889Z</time>
      </trkpt>
      <trkpt lat="46.174606" lon="14.428296">
        <ele>352.430706</ele>
        <time>2026-08-11T11:15:23.757Z</time>
      </trkpt>
      <trkpt lat="46.174306" lon="14.428847">
        <ele>352.508675</ele>
        <time>2026-08-11T11:15:31.134Z</time>
      </trkpt>
      <trkpt lat="46.173929" lon="14.429312">
        <ele>352.588319</ele>
        <time>2026-08-11T11:15:40.383Z</time>
      </trkpt>
      <trkpt lat="46.173495" lon="14.429698">
        <ele>352.533804</ele>
        <time>2026-08-11T11:15:49.580Z</time>
      </trkpt>
      <trkpt lat="46.173475" lon="14.429715">
        <ele>352.526591</ele>
        <time>2026-08-11T11:15:49.983Z</time>
      </trkpt>
      <trkpt lat="46.173213" lon="14.429937">
        <ele>352.432187</ele>
        <time>2026-08-11T11:15:54.835Z</time>
      </trkpt>
      <trkpt lat="46.172748" lon="14.430347">
        <ele>352.262868</ele>
        <time>2026-08-11T11:16:02.451Z</time>
      </trkpt>
      <trkpt lat="46.172294" lon="14.430807">
        <ele>352.090510</ele>
        <time>2026-08-11T11:16:09.297Z</time>
      </trkpt>
      <trkpt lat="46.171886" lon="14.431191">
        <ele>351.545538</ele>
        <time>2026-08-11T11:16:14.694Z</time>
      </trkpt>
      <trkpt lat="46.171155" lon="14.431844">
        <ele>350.441142</ele>
        <time>2026-08-11T11:16:24.425Z</time>
      </trkpt>
      <trkpt lat="46.171052" lon="14.432054">
        <ele>350.212175</ele>
        <time>2026-08-11T11:16:26.617Z</time>
      </trkpt>
      <trkpt lat="46.170967" lon="14.432426">
        <ele>349.863633</ele>
        <time>2026-08-11T11:16:30.132Z</time>
      </trkpt>
      <trkpt lat="46.170884" lon="14.432651">
        <ele>349.771871</ele>
        <time>2026-08-11T11:16:32.431Z</time>
      </trkpt>
      <trkpt lat="46.170814" lon="14.432748">
        <ele>349.791141</ele>
        <time>2026-08-11T11:16:33.693Z</time>
      </trkpt>
      <trkpt lat="46.170162" lon="14.433238">
        <ele>349.937129</ele>
        <time>2026-08-11T11:16:44.167Z</time>
      </trkpt>
      <trkpt lat="46.169812" lon="14.433505">
        <ele>350.015750</ele>
        <time>2026-08-11T11:16:51.045Z</time>
      </trkpt>
      <trkpt lat="46.169695" lon="14.433586">
        <ele>350.041521</ele>
        <time>2026-08-11T11:16:53.313Z</time>
      </trkpt>
      <trkpt lat="46.169464" lon="14.433694">
        <ele>350.089747</ele>
        <time>2026-08-11T11:16:57.603Z</time>
      </trkpt>
      <trkpt lat="46.169246" lon="14.433719">
        <ele>350.258757</ele>
        <time>2026-08-11T11:17:01.429Z</time>
      </trkpt>
      <trkpt lat="46.168818" lon="14.433699">
        <ele>350.825989</ele>
        <time>2026-08-11T11:17:09.654Z</time>
      </trkpt>
      <trkpt lat="46.168724" lon="14.433696">
        <ele>350.950533</ele>
        <time>2026-08-11T11:17:11.688Z</time>
      </trkpt>
      <trkpt lat="46.168620" lon="14.433686">
        <ele>351.088598</ele>
        <time>2026-08-11T11:17:13.952Z</time>
      </trkpt>
      <trkpt lat="46.168075" lon="14.433602">
        <ele>351.814613</ele>
        <time>2026-08-11T11:17:25.770Z</time>
      </trkpt>
      <trkpt lat="46.167728" lon="14.433733">
        <ele>352.289704</ele>
        <time>2026-08-11T11:17:33.063Z</time>
      </trkpt>
      <trkpt lat="46.167480" lon="14.433833">
        <ele>352.795943</ele>
        <time>2026-08-11T11:17:38.084Z</time>
      </trkpt>
      <trkpt lat="46.167271" lon="14.433836">
        <ele>353.406000</ele>
        <time>2026-08-11T11:17:42.143Z</time>
      </trkpt>
      <trkpt lat="46.166855" lon="14.433785">
        <ele>354.624585</ele>
        <time>2026-08-11T11:17:51.325Z</time>
      </trkpt>
      <trkpt lat="46.166459" lon="14.433744">
        <ele>355.783393</ele>
        <time>2026-08-11T11:18:01.050Z</time>
      </trkpt>
      <trkpt lat="46.166192" lon="14.433753">
        <ele>356.562922</ele>
        <time>2026-08-11T11:18:08.866Z</time>
      </trkpt>
      <trkpt lat="46.165823" lon="14.433918">
        <ele>357.690419</ele>
        <time>2026-08-11T11:18:21.867Z</time>
      </trkpt>
      <trkpt lat="46.165593" lon="14.434024">
        <ele>359.044104</ele>
        <time>2026-08-11T11:18:30.572Z</time>
      </trkpt>
      <trkpt lat="46.165390" lon="14.434069">
        <ele>360.240519</ele>
        <time>2026-08-11T11:18:38.319Z</time>
      </trkpt>
      <trkpt lat="46.165102" lon="14.434128">
        <ele>361.935042</ele>
        <time>2026-08-11T11:18:50.047Z</time>
      </trkpt>
      <trkpt lat="46.164932" lon="14.434209">
        <ele>362.977891</ele>
        <time>2026-08-11T11:18:57.777Z</time>
      </trkpt>
      <trkpt lat="46.164608" lon="14.434407">
        <ele>365.027421</ele>
        <time>2026-08-11T11:19:13.464Z</time>
      </trkpt>
      <trkpt lat="46.164291" lon="14.434668">
        <ele>367.153223</ele>
        <time>2026-08-11T11:19:28.716Z</time>
      </trkpt>
      <trkpt lat="46.164176" lon="14.434838">
        <ele>368.111994</ele>
        <time>2026-08-11T11:19:34.478Z</time>
      </trkpt>
      <trkpt lat="46.163932" lon="14.435347">
        <ele>369.297343</ele>
        <time>2026-08-11T11:19:46.799Z</time>
      </trkpt>
      <trkpt lat="46.163802" lon="14.435404">
        <ele>369.653948</ele>
        <time>2026-08-11T11:19:50.416Z</time>
      </trkpt>
      <trkpt lat="46.163684" lon="14.435374">
        <ele>369.968433</ele>
        <time>2026-08-11T11:19:53.499Z</time>
      </trkpt>
      <trkpt lat="46.163520" lon="14.435259">
        <ele>370.446973</ele>
        <time>2026-08-11T11:19:58.131Z</time>
      </trkpt>
      <trkpt lat="46.163374" lon="14.435189">
        <ele>370.850763</ele>
        <time>2026-08-11T11:20:01.963Z</time>
      </trkpt>
      <trkpt lat="46.163195" lon="14.435192">
        <ele>371.320625</ele>
        <time>2026-08-11T11:20:06.121Z</time>
      </trkpt>
      <trkpt lat="46.162956" lon="14.435314">
        <ele>371.985993</ele>
        <time>2026-08-11T11:20:11.516Z</time>
      </trkpt>
      <trkpt lat="46.162870" lon="14.435394">
        <ele>372.254516</ele>
        <time>2026-08-11T11:20:13.386Z</time>
      </trkpt>
      <trkpt lat="46.162743" lon="14.435605">
        <ele>372.762703</ele>
        <time>2026-08-11T11:20:16.769Z</time>
      </trkpt>
      <trkpt lat="46.162440" lon="14.436226">
        <ele>373.370835</ele>
        <time>2026-08-11T11:20:26.378Z</time>
      </trkpt>
      <trkpt lat="46.162301" lon="14.436525">
        <ele>373.604381</ele>
        <time>2026-08-11T11:20:31.991Z</time>
      </trkpt>
      <trkpt lat="46.161586" lon="14.438076">
        <ele>374.143000</ele>
        <time>2026-08-11T11:20:57.062Z</time>
      </trkpt>
      <trkpt lat="46.161499" lon="14.438246">
        <ele>373.787246</ele>
        <time>2026-08-11T11:20:58.730Z</time>
      </trkpt>
      <trkpt lat="46.161469" lon="14.438303">
        <ele>373.666755</ele>
        <time>2026-08-11T11:20:59.267Z</time>
      </trkpt>
      <trkpt lat="46.161397" lon="14.438442">
        <ele>373.374620</ele>
        <time>2026-08-11T11:21:00.594Z</time>
      </trkpt>
      <trkpt lat="46.161131" lon="14.438816">
        <ele>372.472377</ele>
        <time>2026-08-11T11:21:04.486Z</time>
      </trkpt>
      <trkpt lat="46.160749" lon="14.439243">
        <ele>371.298423</ele>
        <time>2026-08-11T11:21:09.287Z</time>
      </trkpt>
      <trkpt lat="46.159016" lon="14.441023">
        <ele>363.556010</ele>
        <time>2026-08-11T11:21:30.071Z</time>
      </trkpt>
      <trkpt lat="46.158150" lon="14.441968">
        <ele>359.914100</ele>
        <time>2026-08-11T11:21:40.753Z</time>
      </trkpt>
      <trkpt lat="46.157962" lon="14.442291">
        <ele>358.951396</ele>
        <time>2026-08-11T11:21:43.660Z</time>
      </trkpt>
      <trkpt lat="46.157873" lon="14.442514">
        <ele>358.364117</ele>
        <time>2026-08-11T11:21:45.467Z</time>
      </trkpt>
      <trkpt lat="46.157797" lon="14.442820">
        <ele>357.622334</ele>
        <time>2026-08-11T11:21:47.816Z</time>
      </trkpt>
      <trkpt lat="46.157675" lon="14.443614">
        <ele>357.157144</ele>
        <time>2026-08-11T11:21:54.076Z</time>
      </trkpt>
      <trkpt lat="46.157566" lon="14.443876">
        <ele>357.121284</ele>
        <time>2026-08-11T11:21:56.761Z</time>
      </trkpt>
      <trkpt lat="46.157372" lon="14.444035">
        <ele>357.083495</ele>
        <time>2026-08-11T11:22:00.173Z</time>
      </trkpt>
      <trkpt lat="46.156813" lon="14.444238">
        <ele>356.985855</ele>
        <time>2026-08-11T11:22:11.427Z</time>
      </trkpt>
      <trkpt lat="46.156149" lon="14.444918">
        <ele>356.505123</ele>
        <time>2026-08-11T11:22:26.679Z</time>
      </trkpt>
      <trkpt lat="46.155982" lon="14.445026">
        <ele>356.341124</ele>
        <time>2026-08-11T11:22:29.513Z</time>
      </trkpt>
      <trkpt lat="46.155532" lon="14.445122">
        <ele>355.933448</ele>
        <time>2026-08-11T11:22:35.433Z</time>
      </trkpt>
      <trkpt lat="46.154848" lon="14.445202">
        <ele>355.318429</ele>
        <time>2026-08-11T11:22:42.841Z</time>
      </trkpt>
      <trkpt lat="46.153810" lon="14.445513">
        <ele>351.295756</ele>
        <time>2026-08-11T11:22:53.291Z</time>
      </trkpt>
      <trkpt lat="46.153491" lon="14.445568">
        <ele>350.074191</ele>
        <time>2026-08-11T11:22:56.382Z</time>
      </trkpt>
      <trkpt lat="46.151641" lon="14.445184">
        <ele>342.349816</ele>
        <time>2026-08-11T11:23:14.410Z</time>
      </trkpt>
      <trkpt lat="46.151437" lon="14.445166">
        <ele>341.485561</ele>
        <time>2026-08-11T11:23:16.401Z</time>
      </trkpt>
      <trkpt lat="46.151275" lon="14.445188">
        <ele>340.822605</ele>
        <time>2026-08-11T11:23:17.987Z</time>
      </trkpt>
      <trkpt lat="46.150878" lon="14.445376">
        <ele>339.659372</ele>
        <time>2026-08-11T11:23:22.079Z</time>
      </trkpt>
      <trkpt lat="46.150692" lon="14.445538">
        <ele>339.054575</ele>
        <time>2026-08-11T11:23:24.228Z</time>
      </trkpt>
      <trkpt lat="46.150216" lon="14.446134">
        <ele>337.300271</ele>
        <time>2026-08-11T11:23:30.728Z</time>
      </trkpt>
      <trkpt lat="46.150127" lon="14.446084">
        <ele>337.034384</ele>
        <time>2026-08-11T11:23:31.762Z</time>
      </trkpt>
      <trkpt lat="46.150081" lon="14.446111">
        <ele>336.896133</ele>
        <time>2026-08-11T11:23:32.293Z</time>
      </trkpt>
      <trkpt lat="46.150041" lon="14.446212">
        <ele>336.671747</ele>
        <time>2026-08-11T11:23:33.193Z</time>
      </trkpt>
      <trkpt lat="46.150067" lon="14.446324">
        <ele>336.443924</ele>
        <time>2026-08-11T11:23:34.083Z</time>
      </trkpt>
      <trkpt lat="46.148575" lon="14.448235">
        <ele>334.077725</ele>
        <time>2026-08-11T11:23:59.503Z</time>
      </trkpt>
      <trkpt lat="46.148334" lon="14.448463">
        <ele>333.469502</ele>
        <time>2026-08-11T11:24:02.715Z</time>
      </trkpt>
      <trkpt lat="46.148104" lon="14.448625">
        <ele>332.916465</ele>
        <time>2026-08-11T11:24:05.490Z</time>
      </trkpt>
      <trkpt lat="46.147655" lon="14.448863">
        <ele>331.882841</ele>
        <time>2026-08-11T11:24:10.535Z</time>
      </trkpt>
      <trkpt lat="46.147463" lon="14.448965">
        <ele>331.440728</ele>
        <time>2026-08-11T11:24:12.644Z</time>
      </trkpt>
      <trkpt lat="46.146402" lon="14.449525">
        <ele>330.084809</ele>
        <time>2026-08-11T11:24:24.671Z</time>
      </trkpt>
      <trkpt lat="46.145947" lon="14.449701">
        <ele>330.003928</ele>
        <time>2026-08-11T11:24:30.806Z</time>
      </trkpt>
      <trkpt lat="46.145776" lon="14.449689">
        <ele>329.974532</ele>
        <time>2026-08-11T11:24:33.611Z</time>
      </trkpt>
      <trkpt lat="46.145623" lon="14.449642">
        <ele>329.947673</ele>
        <time>2026-08-11T11:24:36.475Z</time>
      </trkpt>
      <trkpt lat="46.145499" lon="14.449568">
        <ele>329.924634</ele>
        <time>2026-08-11T11:24:39.155Z</time>
      </trkpt>
      <trkpt lat="46.145304" lon="14.449419">
        <ele>329.886749</ele>
        <time>2026-08-11T11:24:44.067Z</time>
      </trkpt>
      <trkpt lat="46.145074" lon="14.449143">
        <ele>330.443023</ele>
        <time>2026-08-11T11:24:51.507Z</time>
      </trkpt>
      <trkpt lat="46.144505" lon="14.448339">
        <ele>332.730731</ele>
        <time>2026-08-11T11:25:14.343Z</time>
      </trkpt>
      <trkpt lat="46.144117" lon="14.447985">
        <ele>334.049500</ele>
        <time>2026-08-11T11:25:27.437Z</time>
      </trkpt>
      <trkpt lat="46.143913" lon="14.447859">
        <ele>334.687004</ele>
        <time>2026-08-11T11:25:33.383Z</time>
      </trkpt>
      <trkpt lat="46.142257" lon="14.447264">
        <ele>338.033811</ele>
        <time>2026-08-11T11:26:12.322Z</time>
      </trkpt>
      <trkpt lat="46.141770" lon="14.447146">
        <ele>338.255821</ele>
        <time>2026-08-11T11:26:22.628Z</time>
      </trkpt>
      <trkpt lat="46.141037" lon="14.447268">
        <ele>337.774244</ele>
        <time>2026-08-11T11:26:31.932Z</time>
      </trkpt>
      <trkpt lat="46.140751" lon="14.447229">
        <ele>337.586750</ele>
        <time>2026-08-11T11:26:35.152Z</time>
      </trkpt>
      <trkpt lat="46.140673" lon="14.447199">
        <ele>337.534065</ele>
        <time>2026-08-11T11:26:36.032Z</time>
      </trkpt>
      <trkpt lat="46.140364" lon="14.447039">
        <ele>337.319803</ele>
        <time>2026-08-11T11:26:39.643Z</time>
      </trkpt>
      <trkpt lat="46.140102" lon="14.446848">
        <ele>337.131838</ele>
        <time>2026-08-11T11:26:42.839Z</time>
      </trkpt>
      <trkpt lat="46.138581" lon="14.445522">
        <ele>336.203066</ele>
        <time>2026-08-11T11:27:06.764Z</time>
      </trkpt>
      <trkpt lat="46.138202" lon="14.445210">
        <ele>336.392680</ele>
        <time>2026-08-11T11:27:14.305Z</time>
      </trkpt>
      <trkpt lat="46.138005" lon="14.445094">
        <ele>336.485143</ele>
        <time>2026-08-11T11:27:17.919Z</time>
      </trkpt>
      <trkpt lat="46.137689" lon="14.444911">
        <ele>336.633112</ele>
        <time>2026-08-11T11:27:23.748Z</time>
      </trkpt>
      <trkpt lat="46.137007" lon="14.444617">
        <ele>336.986048</ele>
        <time>2026-08-11T11:27:36.066Z</time>
      </trkpt>
      <trkpt lat="46.135996" lon="14.444233">
        <ele>337.947561</ele>
        <time>2026-08-11T11:27:55.224Z</time>
      </trkpt>
      <trkpt lat="46.134993" lon="14.443959">
        <ele>338.699765</ele>
        <time>2026-08-11T11:28:14.898Z</time>
      </trkpt>
      <trkpt lat="46.134063" lon="14.443703">
        <ele>339.076189</ele>
        <time>2026-08-11T11:28:32.178Z</time>
      </trkpt>
      <trkpt lat="46.133993" lon="14.443687">
        <ele>339.104367</ele>
        <time>2026-08-11T11:28:33.254Z</time>
      </trkpt>
      <trkpt lat="46.133559" lon="14.443615">
        <ele>339.248154</ele>
        <time>2026-08-11T11:28:39.074Z</time>
      </trkpt>
      <trkpt lat="46.133068" lon="14.443675">
        <ele>338.341190</ele>
        <time>2026-08-11T11:28:44.798Z</time>
      </trkpt>
      <trkpt lat="46.132686" lon="14.443865">
        <ele>337.597490</ele>
        <time>2026-08-11T11:28:49.044Z</time>
      </trkpt>
      <trkpt lat="46.132184" lon="14.444287">
        <ele>336.528162</ele>
        <time>2026-08-11T11:28:55.080Z</time>
      </trkpt>
      <trkpt lat="46.132029" lon="14.444406">
        <ele>336.205004</ele>
        <time>2026-08-11T11:28:56.997Z</time>
      </trkpt>
      <trkpt lat="46.131837" lon="14.444523">
        <ele>335.818937</ele>
        <time>2026-08-11T11:28:59.365Z</time>
      </trkpt>
      <trkpt lat="46.131380" lon="14.444731">
        <ele>334.921557</ele>
        <time>2026-08-11T11:29:05.578Z</time>
      </trkpt>
      <trkpt lat="46.130975" lon="14.444854">
        <ele>334.146502</ele>
        <time>2026-08-11T11:29:11.026Z</time>
      </trkpt>
      <trkpt lat="46.130706" lon="14.444915">
        <ele>333.636566</ele>
        <time>2026-08-11T11:29:14.191Z</time>
      </trkpt>
      <trkpt lat="46.130520" lon="14.444919">
        <ele>333.288208</ele>
        <time>2026-08-11T11:29:16.198Z</time>
      </trkpt>
      <trkpt lat="46.130141" lon="14.444868">
        <ele>332.564648</ele>
        <time>2026-08-11T11:29:19.948Z</time>
      </trkpt>
      <trkpt lat="46.129621" lon="14.444703">
        <ele>330.989327</ele>
        <time>2026-08-11T11:29:25.133Z</time>
      </trkpt>
      <trkpt lat="46.129236" lon="14.444498">
        <ele>329.775117</ele>
        <time>2026-08-11T11:29:29.116Z</time>
      </trkpt>
      <trkpt lat="46.129011" lon="14.444416">
        <ele>329.088488</ele>
        <time>2026-08-11T11:29:31.396Z</time>
      </trkpt>
      <trkpt lat="46.128819" lon="14.444429">
        <ele>328.519779</ele>
        <time>2026-08-11T11:29:33.364Z</time>
      </trkpt>
      <trkpt lat="46.128567" lon="14.444546">
        <ele>327.736522</ele>
        <time>2026-08-11T11:29:36.346Z</time>
      </trkpt>
      <trkpt lat="46.127986" lon="14.444980">
        <ele>326.199875</ele>
        <time>2026-08-11T11:29:45.737Z</time>
      </trkpt>
      <trkpt lat="46.127667" lon="14.445210">
        <ele>325.430953</ele>
        <time>2026-08-11T11:29:50.352Z</time>
      </trkpt>
      <trkpt lat="46.127381" lon="14.445287">
        <ele>324.803635</ele>
        <time>2026-08-11T11:29:53.564Z</time>
      </trkpt>
      <trkpt lat="46.127321" lon="14.445285">
        <ele>324.674228</ele>
        <time>2026-08-11T11:29:54.196Z</time>
      </trkpt>
      <trkpt lat="46.126770" lon="14.445289">
        <ele>323.486144</ele>
        <time>2026-08-11T11:29:59.722Z</time>
      </trkpt>
      <trkpt lat="46.126445" lon="14.445346">
        <ele>321.823450</ele>
        <time>2026-08-11T11:30:02.818Z</time>
      </trkpt>
      <trkpt lat="46.125537" lon="14.445806">
        <ele>316.513211</ele>
        <time>2026-08-11T11:30:11.672Z</time>
      </trkpt>
      <trkpt lat="46.125263" lon="14.445882">
        <ele>314.973588</ele>
        <time>2026-08-11T11:30:14.214Z</time>
      </trkpt>
      <trkpt lat="46.124702" lon="14.445949">
        <ele>312.316394</ele>
        <time>2026-08-11T11:30:19.372Z</time>
      </trkpt>
      <trkpt lat="46.124480" lon="14.445918">
        <ele>311.430715</ele>
        <time>2026-08-11T11:30:21.450Z</time>
      </trkpt>
      <trkpt lat="46.124233" lon="14.445861">
        <ele>310.437413</ele>
        <time>2026-08-11T11:30:23.809Z</time>
      </trkpt>
      <trkpt lat="46.124074" lon="14.445786">
        <ele>309.773139</ele>
        <time>2026-08-11T11:30:25.424Z</time>
      </trkpt>
      <trkpt lat="46.123792" lon="14.445595">
        <ele>308.536067</ele>
        <time>2026-08-11T11:30:28.517Z</time>
      </trkpt>
      <trkpt lat="46.123529" lon="14.445497">
        <ele>307.457428</ele>
        <time>2026-08-11T11:30:31.338Z</time>
      </trkpt>
      <trkpt lat="46.123182" lon="14.445533">
        <ele>306.270895</ele>
        <time>2026-08-11T11:30:35.179Z</time>
      </trkpt>
      <trkpt lat="46.122815" lon="14.445674">
        <ele>305.936111</ele>
        <time>2026-08-11T11:30:39.832Z</time>
      </trkpt>
      <trkpt lat="46.122559" lon="14.445858">
        <ele>305.683995</ele>
        <time>2026-08-11T11:30:43.606Z</time>
      </trkpt>
      <trkpt lat="46.122406" lon="14.446047">
        <ele>305.506444</ele>
        <time>2026-08-11T11:30:46.290Z</time>
      </trkpt>
      <trkpt lat="46.121988" lon="14.446739">
        <ele>304.945615</ele>
        <time>2026-08-11T11:30:54.610Z</time>
      </trkpt>
      <trkpt lat="46.121573" lon="14.447387">
        <ele>304.569197</ele>
        <time>2026-08-11T11:31:02.433Z</time>
      </trkpt>
      <trkpt lat="46.121081" lon="14.448120">
        <ele>304.248917</ele>
        <time>2026-08-11T11:31:11.613Z</time>
      </trkpt>
      <trkpt lat="46.120854" lon="14.448467">
        <ele>304.099147</ele>
        <time>2026-08-11T11:31:16.011Z</time>
      </trkpt>
      <trkpt lat="46.119478" lon="14.450269">
        <ele>303.840418</ele>
        <time>2026-08-11T11:31:43.546Z</time>
      </trkpt>
      <trkpt lat="46.119318" lon="14.450559">
        <ele>303.825447</ele>
        <time>2026-08-11T11:31:47.317Z</time>
      </trkpt>
      <trkpt lat="46.118926" lon="14.451408">
        <ele>303.514699</ele>
        <time>2026-08-11T11:31:57.094Z</time>
      </trkpt>
      <trkpt lat="46.118494" lon="14.452208">
        <ele>303.178828</ele>
        <time>2026-08-11T11:32:06.360Z</time>
      </trkpt>
      <trkpt lat="46.118276" lon="14.452705">
        <ele>302.984033</ele>
        <time>2026-08-11T11:32:11.586Z</time>
      </trkpt>
      <trkpt lat="46.118164" lon="14.453129">
        <ele>302.741048</ele>
        <time>2026-08-11T11:32:15.583Z</time>
      </trkpt>
      <trkpt lat="46.118107" lon="14.453456">
        <ele>302.548823</ele>
        <time>2026-08-11T11:32:18.593Z</time>
      </trkpt>
      <trkpt lat="46.117959" lon="14.454780">
        <ele>301.784266</ele>
        <time>2026-08-11T11:32:30.374Z</time>
      </trkpt>
      <trkpt lat="46.117897" lon="14.455682">
        <ele>301.173951</ele>
        <time>2026-08-11T11:32:38.033Z</time>
      </trkpt>
      <trkpt lat="46.117881" lon="14.455922">
        <ele>300.976812</ele>
        <time>2026-08-11T11:32:40.021Z</time>
      </trkpt>
      <trkpt lat="46.117859" lon="14.456473">
        <ele>300.525546</ele>
        <time>2026-08-11T11:32:44.374Z</time>
      </trkpt>
      <trkpt lat="46.117893" lon="14.457163">
        <ele>299.959951</ele>
        <time>2026-08-11T11:32:49.625Z</time>
      </trkpt>
      <trkpt lat="46.117886" lon="14.457425">
        <ele>299.745571</ele>
        <time>2026-08-11T11:32:51.726Z</time>
      </trkpt>
      <trkpt lat="46.117758" lon="14.458463">
        <ele>299.543233</ele>
        <time>2026-08-11T11:33:02.135Z</time>
      </trkpt>
      <trkpt lat="46.117750" lon="14.458673">
        <ele>299.608664</ele>
        <time>2026-08-11T11:33:04.582Z</time>
      </trkpt>
      <trkpt lat="46.117770" lon="14.458903">
        <ele>299.680778</ele>
        <time>2026-08-11T11:33:07.297Z</time>
      </trkpt>
      <trkpt lat="46.117813" lon="14.459074">
        <ele>299.737369</ele>
        <time>2026-08-11T11:33:09.500Z</time>
      </trkpt>
      <trkpt lat="46.117907" lon="14.459259">
        <ele>299.808730</ele>
        <time>2026-08-11T11:33:12.315Z</time>
      </trkpt>
      <trkpt lat="46.118167" lon="14.459634">
        <ele>299.973735</ele>
        <time>2026-08-11T11:33:19.402Z</time>
      </trkpt>
      <trkpt lat="46.118257" lon="14.459901">
        <ele>300.066100</ele>
        <time>2026-08-11T11:33:23.701Z</time>
      </trkpt>
      <trkpt lat="46.118246" lon="14.460086">
        <ele>300.123865</ele>
        <time>2026-08-11T11:33:26.478Z</time>
      </trkpt>
      <trkpt lat="46.118110" lon="14.460981">
        <ele>300.345223</ele>
        <time>2026-08-11T11:33:36.160Z</time>
      </trkpt>
      <trkpt lat="46.118023" lon="14.461560">
        <ele>300.480675</ele>
        <time>2026-08-11T11:33:41.552Z</time>
      </trkpt>
      <trkpt lat="46.117947" lon="14.461539">
        <ele>300.506198</ele>
        <time>2026-08-11T11:33:42.629Z</time>
      </trkpt>
      <trkpt lat="46.117922" lon="14.461567">
        <ele>300.516638</ele>
        <time>2026-08-11T11:33:43.122Z</time>
      </trkpt>
      <trkpt lat="46.117512" lon="14.461634">
        <ele>300.652735</ele>
        <time>2026-08-11T11:33:49.799Z</time>
      </trkpt>
      <trkpt lat="46.116611" lon="14.461645">
        <ele>301.427932</ele>
        <time>2026-08-11T11:34:06.398Z</time>
      </trkpt>
      <trkpt lat="46.116601" lon="14.461645">
        <ele>301.439615</ele>
        <time>2026-08-11T11:34:06.611Z</time>
      </trkpt>
      <trkpt lat="46.116345" lon="14.461652">
        <ele>301.738775</ele>
        <time>2026-08-11T11:34:12.389Z</time>
      </trkpt>
      <trkpt lat="46.115830" lon="14.461666">
        <ele>302.340597</ele>
        <time>2026-08-11T11:34:23.412Z</time>
      </trkpt>
      <trkpt lat="46.115717" lon="14.461666">
        <ele>302.472624</ele>
        <time>2026-08-11T11:34:25.599Z</time>
      </trkpt>
      <trkpt lat="46.115662" lon="14.461624">
        <ele>302.545333</ele>
        <time>2026-08-11T11:34:26.812Z</time>
      </trkpt>
      <trkpt lat="46.115614" lon="14.461629">
        <ele>302.601562</ele>
        <time>2026-08-11T11:34:27.732Z</time>
      </trkpt>
      <trkpt lat="46.115555" lon="14.461633">
        <ele>302.670572</ele>
        <time>2026-08-11T11:34:28.849Z</time>
      </trkpt>
      <trkpt lat="46.115526" lon="14.461683">
        <ele>302.723374</ele>
        <time>2026-08-11T11:34:29.706Z</time>
      </trkpt>
      <trkpt lat="46.114829" lon="14.461718">
        <ele>302.935319</ele>
        <time>2026-08-11T11:34:42.049Z</time>
      </trkpt>
      <trkpt lat="46.114756" lon="14.461716">
        <ele>302.944410</ele>
        <time>2026-08-11T11:34:43.229Z</time>
      </trkpt>
      <trkpt lat="46.114662" lon="14.461716">
        <ele>302.956114</ele>
        <time>2026-08-11T11:34:44.728Z</time>
      </trkpt>
      <trkpt lat="46.114476" lon="14.461716">
        <ele>302.979272</ele>
        <time>2026-08-11T11:34:47.520Z</time>
      </trkpt>
      <trkpt lat="46.114209" lon="14.461716">
        <ele>303.012516</ele>
        <time>2026-08-11T11:34:51.261Z</time>
      </trkpt>
      <trkpt lat="46.113945" lon="14.461716">
        <ele>303.045386</ele>
        <time>2026-08-11T11:34:54.920Z</time>
      </trkpt>
      <trkpt lat="46.113480" lon="14.461678">
        <ele>303.009875</ele>
        <time>2026-08-11T11:35:01.254Z</time>
      </trkpt>
      <trkpt lat="46.113436" lon="14.461669">
        <ele>302.983119</ele>
        <time>2026-08-11T11:35:01.830Z</time>
      </trkpt>
      <trkpt lat="46.113389" lon="14.461594">
        <ele>302.940922</ele>
        <time>2026-08-11T11:35:02.733Z</time>
      </trkpt>
      <trkpt lat="46.113349" lon="14.461593">
        <ele>302.916835</ele>
        <time>2026-08-11T11:35:03.249Z</time>
      </trkpt>
      <trkpt lat="46.113312" lon="14.461595">
        <ele>302.894543</ele>
        <time>2026-08-11T11:35:03.723Z</time>
      </trkpt>
      <trkpt lat="46.113273" lon="14.461597">
        <ele>302.871047</ele>
        <time>2026-08-11T11:35:04.205Z</time>
      </trkpt>
      <trkpt lat="46.113125" lon="14.461603">
        <ele>302.781906</ele>
        <time>2026-08-11T11:35:06.035Z</time>
      </trkpt>
      <trkpt lat="46.112914" lon="14.461692">
        <ele>302.649549</ele>
        <time>2026-08-11T11:35:08.733Z</time>
      </trkpt>
      <trkpt lat="46.112787" lon="14.461713">
        <ele>302.572585</ele>
        <time>2026-08-11T11:35:10.313Z</time>
      </trkpt>
      <trkpt lat="46.112244" lon="14.461710">
        <ele>302.245658</ele>
        <time>2026-08-11T11:35:17.293Z</time>
      </trkpt>
      <trkpt lat="46.111730" lon="14.461708">
        <ele>301.959351</ele>
        <time>2026-08-11T11:35:24.284Z</time>
      </trkpt>
      <trkpt lat="46.111645" lon="14.461709">
        <ele>301.925540</ele>
        <time>2026-08-11T11:35:25.437Z</time>
      </trkpt>
      <trkpt lat="46.111565" lon="14.461707">
        <ele>301.893714</ele>
        <time>2026-08-11T11:35:26.518Z</time>
      </trkpt>
      <trkpt lat="46.110883" lon="14.461706">
        <ele>301.622434</ele>
        <time>2026-08-11T11:35:35.812Z</time>
      </trkpt>
      <trkpt lat="46.110639" lon="14.461702">
        <ele>301.525372</ele>
        <time>2026-08-11T11:35:39.179Z</time>
      </trkpt>
      <trkpt lat="46.110244" lon="14.461698">
        <ele>301.368249</ele>
        <time>2026-08-11T11:35:44.442Z</time>
      </trkpt>
      <trkpt lat="46.109984" lon="14.461696">
        <ele>301.332296</ele>
        <time>2026-08-11T11:35:47.838Z</time>
      </trkpt>
      <trkpt lat="46.109578" lon="14.461666">
        <ele>301.622015</ele>
        <time>2026-08-11T11:35:53.258Z</time>
      </trkpt>
      <trkpt lat="46.109107" lon="14.461689">
        <ele>301.957870</ele>
        <time>2026-08-11T11:36:00.343Z</time>
      </trkpt>
      <trkpt lat="46.108963" lon="14.461688">
        <ele>302.060494</ele>
        <time>2026-08-11T11:36:02.707Z</time>
      </trkpt>
      <trkpt lat="46.108889" lon="14.461666">
        <ele>302.114339</ele>
        <time>2026-08-11T11:36:04.007Z</time>
      </trkpt>
      <trkpt lat="46.108838" lon="14.461660">
        <ele>302.150805</ele>
        <time>2026-08-11T11:36:04.870Z</time>
      </trkpt>
      <trkpt lat="46.108787" lon="14.461654">
        <ele>302.187272</ele>
        <time>2026-08-11T11:36:05.795Z</time>
      </trkpt>
      <trkpt lat="46.108765" lon="14.461644">
        <ele>302.203710</ele>
        <time>2026-08-11T11:36:06.223Z</time>
      </trkpt>
      <trkpt lat="46.108563" lon="14.461647">
        <ele>302.347675</ele>
        <time>2026-08-11T11:36:10.293Z</time>
      </trkpt>
      <trkpt lat="46.108460" lon="14.461675">
        <ele>302.422371</ele>
        <time>2026-08-11T11:36:12.645Z</time>
      </trkpt>
      <trkpt lat="46.108466" lon="14.461806">
        <ele>302.487237</ele>
        <time>2026-08-11T11:36:23.649Z</time>
      </trkpt>
      <trkpt lat="46.108349" lon="14.461819">
        <ele>302.571082</ele>
        <time>2026-08-11T11:36:26.555Z</time>
      </trkpt>
      <trkpt lat="46.108135" lon="14.461858">
        <ele>303.384902</ele>
        <time>2026-08-11T11:36:32.261Z</time>
      </trkpt>
      <trkpt lat="46.108047" lon="14.461877">
        <ele>303.720616</ele>
        <time>2026-08-11T11:36:34.721Z</time>
      </trkpt>
      <trkpt lat="46.107804" lon="14.461929">
        <ele>304.647465</ele>
        <time>2026-08-11T11:36:41.726Z</time>
      </trkpt>
      <trkpt lat="46.107507" lon="14.461994">
        <ele>305.780842</ele>
        <time>2026-08-11T11:36:51.151Z</time>
      </trkpt>
      <trkpt lat="46.107410" lon="14.462015">
        <ele>306.150913</ele>
        <time>2026-08-11T11:36:54.549Z</time>
      </trkpt>
      <trkpt lat="46.107307" lon="14.462038">
        <ele>306.544151</ele>
        <time>2026-08-11T11:36:58.198Z</time>
      </trkpt>
      <trkpt lat="46.106711" lon="14.462196">
        <ele>308.830464</ele>
        <time>2026-08-11T11:37:18.741Z</time>
      </trkpt>
      <trkpt lat="46.106532" lon="14.462276">
        <ele>309.489100</ele>
        <time>2026-08-11T11:37:24.449Z</time>
      </trkpt>
      <trkpt lat="46.106269" lon="14.462447">
        <ele>310.285856</ele>
        <time>2026-08-11T11:37:32.248Z</time>
      </trkpt>
      <trkpt lat="46.106082" lon="14.462607">
        <ele>310.886357</ele>
        <time>2026-08-11T11:37:38.139Z</time>
      </trkpt>
      <trkpt lat="46.105750" lon="14.462953">
        <ele>312.017605</ele>
        <time>2026-08-11T11:37:49.645Z</time>
      </trkpt>
      <trkpt lat="46.105535" lon="14.463226">
        <ele>312.808725</ele>
        <time>2026-08-11T11:37:57.153Z</time>
      </trkpt>
      <trkpt lat="46.105385" lon="14.463421">
        <ele>313.366446</ele>
        <time>2026-08-11T11:38:01.743Z</time>
      </trkpt>
      <trkpt lat="46.105280" lon="14.463557">
        <ele>313.756211</ele>
        <time>2026-08-11T11:38:04.635Z</time>
      </trkpt>
      <trkpt lat="46.105154" lon="14.463471">
        <ele>314.141201</ele>
        <time>2026-08-11T11:38:07.358Z</time>
      </trkpt>
      <trkpt lat="46.104881" lon="14.463284">
        <ele>314.423156</ele>
        <time>2026-08-11T11:38:13.266Z</time>
      </trkpt>
      <trkpt lat="46.104467" lon="14.462982">
        <ele>314.617256</ele>
        <time>2026-08-11T11:38:22.556Z</time>
      </trkpt>
      <trkpt lat="46.104387" lon="14.462932">
        <ele>314.653734</ele>
        <time>2026-08-11T11:38:24.199Z</time>
      </trkpt>
      <trkpt lat="46.103149" lon="14.462284">
        <ele>315.031911</ele>
        <time>2026-08-11T11:38:42.403Z</time>
      </trkpt>
      <trkpt lat="46.103140" lon="14.462280">
        <ele>315.030521</ele>
        <time>2026-08-11T11:38:42.522Z</time>
      </trkpt>
      <trkpt lat="46.102552" lon="14.461971">
        <ele>314.938149</ele>
        <time>2026-08-11T11:38:50.907Z</time>
      </trkpt>
      <trkpt lat="46.101807" lon="14.461581">
        <ele>314.821165</ele>
        <time>2026-08-11T11:39:02.669Z</time>
      </trkpt>
      <trkpt lat="46.101799" lon="14.461576">
        <ele>314.819878</ele>
        <time>2026-08-11T11:39:02.807Z</time>
      </trkpt>
      <trkpt lat="46.101679" lon="14.461512">
        <ele>314.845994</ele>
        <time>2026-08-11T11:39:04.852Z</time>
      </trkpt>
      <trkpt lat="46.101544" lon="14.461427">
        <ele>314.917393</ele>
        <time>2026-08-11T11:39:07.216Z</time>
      </trkpt>
      <trkpt lat="46.101177" lon="14.461129">
        <ele>315.121536</ele>
        <time>2026-08-11T11:39:14.129Z</time>
      </trkpt>
      <trkpt lat="46.100858" lon="14.460783">
        <ele>315.315005</ele>
        <time>2026-08-11T11:39:20.925Z</time>
      </trkpt>
      <trkpt lat="46.100238" lon="14.460048">
        <ele>315.749802</ele>
        <time>2026-08-11T11:39:34.965Z</time>
      </trkpt>
      <trkpt lat="46.100160" lon="14.459940">
        <ele>315.918065</ele>
        <time>2026-08-11T11:39:36.819Z</time>
      </trkpt>
      <trkpt lat="46.100090" lon="14.459843">
        <ele>316.069127</ele>
        <time>2026-08-11T11:39:38.463Z</time>
      </trkpt>
      <trkpt lat="46.100020" lon="14.459745">
        <ele>316.220939</ele>
        <time>2026-08-11T11:39:40.127Z</time>
      </trkpt>
      <trkpt lat="46.099976" lon="14.459815">
        <ele>316.322885</ele>
        <time>2026-08-11T11:39:41.240Z</time>
      </trkpt>
      <trkpt lat="46.099966" lon="14.459832">
        <ele>316.346940</ele>
        <time>2026-08-11T11:39:41.497Z</time>
      </trkpt>
      <trkpt lat="46.099906" lon="14.459929">
        <ele>316.487197</ele>
        <time>2026-08-11T11:39:43.032Z</time>
      </trkpt>
      <trkpt lat="46.099348" lon="14.460810">
        <ele>317.774689</ele>
        <time>2026-08-11T11:39:57.952Z</time>
      </trkpt>
      <trkpt lat="46.098729" lon="14.461733">
        <ele>319.592593</ele>
        <time>2026-08-11T11:40:23.876Z</time>
      </trkpt>
      <trkpt lat="46.098622" lon="14.461796">
        <ele>319.887123</ele>
        <time>2026-08-11T11:40:27.696Z</time>
      </trkpt>
      <trkpt lat="46.098205" lon="14.462384">
        <ele>321.373380</ele>
        <time>2026-08-11T11:40:45.372Z</time>
      </trkpt>
      <trkpt lat="46.098057" lon="14.462542">
        <ele>321.842645</ele>
        <time>2026-08-11T11:40:50.493Z</time>
      </trkpt>
      <trkpt lat="46.097707" lon="14.462788">
        <ele>322.834884</ele>
        <time>2026-08-11T11:40:58.600Z</time>
      </trkpt>
      <trkpt lat="46.097559" lon="14.463006">
        <ele>322.875865</ele>
        <time>2026-08-11T11:41:01.581Z</time>
      </trkpt>
      <trkpt lat="46.097439" lon="14.463333">
        <ele>322.472702</ele>
        <time>2026-08-11T11:41:04.523Z</time>
      </trkpt>
      <trkpt lat="46.097320" lon="14.463573">
        <ele>322.151186</ele>
        <time>2026-08-11T11:41:06.718Z</time>
      </trkpt>
      <trkpt lat="46.097150" lon="14.463841">
        <ele>321.755379</ele>
        <time>2026-08-11T11:41:09.307Z</time>
      </trkpt>
      <trkpt lat="46.097110" lon="14.464080">
        <ele>321.487455</ele>
        <time>2026-08-11T11:41:11.073Z</time>
      </trkpt>
      <trkpt lat="46.097065" lon="14.464186">
        <ele>321.352015</ele>
        <time>2026-08-11T11:41:11.974Z</time>
      </trkpt>
      <trkpt lat="46.096436" lon="14.465094">
        <ele>320.111035</ele>
        <time>2026-08-11T11:41:21.643Z</time>
      </trkpt>
      <trkpt lat="46.096277" lon="14.465261">
        <ele>319.972343</ele>
        <time>2026-08-11T11:41:24.388Z</time>
      </trkpt>
      <trkpt lat="46.096198" lon="14.465326">
        <ele>319.908213</ele>
        <time>2026-08-11T11:41:25.953Z</time>
      </trkpt>
      <trkpt lat="46.096150" lon="14.465398">
        <ele>319.859380</ele>
        <time>2026-08-11T11:41:27.160Z</time>
      </trkpt>
      <trkpt lat="46.096102" lon="14.465471">
        <ele>319.810193</ele>
        <time>2026-08-11T11:41:28.386Z</time>
      </trkpt>
      <trkpt lat="46.096047" lon="14.465595">
        <ele>319.738223</ele>
        <time>2026-08-11T11:41:30.135Z</time>
      </trkpt>
      <trkpt lat="46.095928" lon="14.465834">
        <ele>319.594364</ele>
        <time>2026-08-11T11:41:33.335Z</time>
      </trkpt>
      <trkpt lat="46.095760" lon="14.466068">
        <ele>319.429678</ele>
        <time>2026-08-11T11:41:36.606Z</time>
      </trkpt>
      <trkpt lat="46.095537" lon="14.466275">
        <ele>319.242686</ele>
        <time>2026-08-11T11:41:39.965Z</time>
      </trkpt>
      <trkpt lat="46.095288" lon="14.466589">
        <ele>319.009460</ele>
        <time>2026-08-11T11:41:43.948Z</time>
      </trkpt>
      <trkpt lat="46.094858" lon="14.467114">
        <ele>318.309130</ele>
        <time>2026-08-11T11:41:50.668Z</time>
      </trkpt>
      <trkpt lat="46.094300" lon="14.467712">
        <ele>317.405043</ele>
        <time>2026-08-11T11:41:58.720Z</time>
      </trkpt>
      <trkpt lat="46.093794" lon="14.468204">
        <ele>316.614236</ele>
        <time>2026-08-11T11:42:05.836Z</time>
      </trkpt>
      <trkpt lat="46.093322" lon="14.468624">
        <ele>315.991256</ele>
        <time>2026-08-11T11:42:12.361Z</time>
      </trkpt>
      <trkpt lat="46.093208" lon="14.468694">
        <ele>315.852082</ele>
        <time>2026-08-11T11:42:13.857Z</time>
      </trkpt>
      <trkpt lat="46.093092" lon="14.468749">
        <ele>315.714925</ele>
        <time>2026-08-11T11:42:15.332Z</time>
      </trkpt>
      <trkpt lat="46.093038" lon="14.468793">
        <ele>315.645257</ele>
        <time>2026-08-11T11:42:16.066Z</time>
      </trkpt>
      <trkpt lat="46.092990" lon="14.468842">
        <ele>315.579199</ele>
        <time>2026-08-11T11:42:16.787Z</time>
      </trkpt>
      <trkpt lat="46.092927" lon="14.468927">
        <ele>315.482291</ele>
        <time>2026-08-11T11:42:17.828Z</time>
      </trkpt>
      <trkpt lat="46.092821" lon="14.469054">
        <ele>315.327493</ele>
        <time>2026-08-11T11:42:19.504Z</time>
      </trkpt>
      <trkpt lat="46.092581" lon="14.469263">
        <ele>315.012573</ele>
        <time>2026-08-11T11:42:22.926Z</time>
      </trkpt>
      <trkpt lat="46.092183" lon="14.469631">
        <ele>314.545217</ele>
        <time>2026-08-11T11:42:28.615Z</time>
      </trkpt>
      <trkpt lat="46.092117" lon="14.469689">
        <ele>314.500834</ele>
        <time>2026-08-11T11:42:29.548Z</time>
      </trkpt>
      <trkpt lat="46.092070" lon="14.469731">
        <ele>314.469082</ele>
        <time>2026-08-11T11:42:30.226Z</time>
      </trkpt>
      <trkpt lat="46.090647" lon="14.470990">
        <ele>313.545796</ele>
        <time>2026-08-11T11:42:52.461Z</time>
      </trkpt>
      <trkpt lat="46.090554" lon="14.471066">
        <ele>313.516088</ele>
        <time>2026-08-11T11:42:53.920Z</time>
      </trkpt>
      <trkpt lat="46.090449" lon="14.471102">
        <ele>313.486094</ele>
        <time>2026-08-11T11:42:55.403Z</time>
      </trkpt>
      <trkpt lat="46.090371" lon="14.471167">
        <ele>313.461057</ele>
        <time>2026-08-11T11:42:56.664Z</time>
      </trkpt>
      <trkpt lat="46.090322" lon="14.471226">
        <ele>313.443316</ele>
        <time>2026-08-11T11:42:57.551Z</time>
      </trkpt>
      <trkpt lat="46.090212" lon="14.471359">
        <ele>313.403421</ele>
        <time>2026-08-11T11:42:59.570Z</time>
      </trkpt>
      <trkpt lat="46.089813" lon="14.471712">
        <ele>313.273326</ele>
        <time>2026-08-11T11:43:06.202Z</time>
      </trkpt>
      <trkpt lat="46.089094" lon="14.472358">
        <ele>313.080225</ele>
        <time>2026-08-11T11:43:17.890Z</time>
      </trkpt>
      <trkpt lat="46.089050" lon="14.472396">
        <ele>313.080599</ele>
        <time>2026-08-11T11:43:18.593Z</time>
      </trkpt>
      <trkpt lat="46.089012" lon="14.472428">
        <ele>313.080920</ele>
        <time>2026-08-11T11:43:19.191Z</time>
      </trkpt>
      <trkpt lat="46.088197" lon="14.473153">
        <ele>313.087906</ele>
        <time>2026-08-11T11:43:32.758Z</time>
      </trkpt>
      <trkpt lat="46.087823" lon="14.473477">
        <ele>313.091090</ele>
        <time>2026-08-11T11:43:39.732Z</time>
      </trkpt>
      <trkpt lat="46.087724" lon="14.473519">
        <ele>313.091842</ele>
        <time>2026-08-11T11:43:41.496Z</time>
      </trkpt>
      <trkpt lat="46.087683" lon="14.473553">
        <ele>313.092187</ele>
        <time>2026-08-11T11:43:42.305Z</time>
      </trkpt>
      <trkpt lat="46.087567" lon="14.473294">
        <ele>313.160755</ele>
        <time>2026-08-11T11:43:46.111Z</time>
      </trkpt>
      <trkpt lat="46.087452" lon="14.473035">
        <ele>313.232592</ele>
        <time>2026-08-11T11:43:49.894Z</time>
      </trkpt>
      <trkpt lat="46.086967" lon="14.472016">
        <ele>313.521284</ele>
        <time>2026-08-11T11:44:04.441Z</time>
      </trkpt>
      <trkpt lat="46.086826" lon="14.471769">
        <ele>313.596012</ele>
        <time>2026-08-11T11:44:07.704Z</time>
      </trkpt>
      <trkpt lat="46.086630" lon="14.471497">
        <ele>313.687636</ele>
        <time>2026-08-11T11:44:11.596Z</time>
      </trkpt>
      <trkpt lat="46.086515" lon="14.471342">
        <ele>313.710624</ele>
        <time>2026-08-11T11:44:13.802Z</time>
      </trkpt>
      <trkpt lat="46.086387" lon="14.471171">
        <ele>313.727964</ele>
        <time>2026-08-11T11:44:16.199Z</time>
      </trkpt>
      <trkpt lat="46.084750" lon="14.469081">
        <ele>313.973543</ele>
        <time>2026-08-11T11:44:50.191Z</time>
      </trkpt>
      <trkpt lat="46.084170" lon="14.468447">
        <ele>314.075772</ele>
        <time>2026-08-11T11:45:02.107Z</time>
      </trkpt>
      <trkpt lat="46.083830" lon="14.468132">
        <ele>314.107945</ele>
        <time>2026-08-11T11:45:07.952Z</time>
      </trkpt>
      <trkpt lat="46.083738" lon="14.468057">
        <ele>314.006093</ele>
        <time>2026-08-11T11:45:09.408Z</time>
      </trkpt>
      <trkpt lat="46.083683" lon="14.468091">
        <ele>313.948422</ele>
        <time>2026-08-11T11:45:10.214Z</time>
      </trkpt>
      <trkpt lat="46.083550" lon="14.468180">
        <ele>313.807117</ele>
        <time>2026-08-11T11:45:12.164Z</time>
      </trkpt>
      <trkpt lat="46.082610" lon="14.468812">
        <ele>312.807576</ele>
        <time>2026-08-11T11:45:24.786Z</time>
      </trkpt>
      <trkpt lat="46.082189" lon="14.469112">
        <ele>312.334772</ele>
        <time>2026-08-11T11:45:30.164Z</time>
      </trkpt>
      <trkpt lat="46.082090" lon="14.469183">
        <ele>312.175694</ele>
        <time>2026-08-11T11:45:31.417Z</time>
      </trkpt>
      <trkpt lat="46.081615" lon="14.469551">
        <ele>311.399898</ele>
        <time>2026-08-11T11:45:37.599Z</time>
      </trkpt>
      <trkpt lat="46.081183" lon="14.469855">
        <ele>310.708300</ele>
        <time>2026-08-11T11:45:43.108Z</time>
      </trkpt>
      <trkpt lat="46.081075" lon="14.469933">
        <ele>310.534516</ele>
        <time>2026-08-11T11:45:44.503Z</time>
      </trkpt>
      <trkpt lat="46.080955" lon="14.470014">
        <ele>310.343888</ele>
        <time>2026-08-11T11:45:46.053Z</time>
      </trkpt>
      <trkpt lat="46.080097" lon="14.470595">
        <ele>309.323126</ele>
        <time>2026-08-11T11:45:57.389Z</time>
      </trkpt>
      <trkpt lat="46.079518" lon="14.471003">
        <ele>308.779923</ele>
        <time>2026-08-11T11:46:05.437Z</time>
      </trkpt>
      <trkpt lat="46.079467" lon="14.471041">
        <ele>308.731535</ele>
        <time>2026-08-11T11:46:06.166Z</time>
      </trkpt>
      <trkpt lat="46.078881" lon="14.471466">
        <ele>308.262960</ele>
        <time>2026-08-11T11:46:14.788Z</time>
      </trkpt>
      <trkpt lat="46.078629" lon="14.471654">
        <ele>308.201150</ele>
        <time>2026-08-11T11:46:18.630Z</time>
      </trkpt>
      <trkpt lat="46.078644" lon="14.471720">
        <ele>308.190656</ele>
        <time>2026-08-11T11:46:19.310Z</time>
      </trkpt>
      <trkpt lat="46.078573" lon="14.471774">
        <ele>308.173169</ele>
        <time>2026-08-11T11:46:24.916Z</time>
      </trkpt>
      <trkpt lat="46.078289" lon="14.471997">
        <ele>308.102721</ele>
        <time>2026-08-11T11:46:29.364Z</time>
      </trkpt>
      <trkpt lat="46.077940" lon="14.472294">
        <ele>308.014438</ele>
        <time>2026-08-11T11:46:35.042Z</time>
      </trkpt>
      <trkpt lat="46.077914" lon="14.472228">
        <ele>308.002969</ele>
        <time>2026-08-11T11:46:38.687Z</time>
      </trkpt>
      <trkpt lat="46.077890" lon="14.472166">
        <ele>307.992240</ele>
        <time>2026-08-11T11:46:42.102Z</time>
      </trkpt>
      <trkpt lat="46.077817" lon="14.472223">
        <ele>307.974155</ele>
        <time>2026-08-11T11:46:43.360Z</time>
      </trkpt>
      <trkpt lat="46.077075" lon="14.472793">
        <ele>307.899707</ele>
        <time>2026-08-11T11:46:56.617Z</time>
      </trkpt>
      <trkpt lat="46.077029" lon="14.472830">
        <ele>307.899619</ele>
        <time>2026-08-11T11:46:57.404Z</time>
      </trkpt>
      <trkpt lat="46.076962" lon="14.472885">
        <ele>307.899492</ele>
        <time>2026-08-11T11:46:58.531Z</time>
      </trkpt>
      <trkpt lat="46.076925" lon="14.472915">
        <ele>307.899421</ele>
        <time>2026-08-11T11:46:59.152Z</time>
      </trkpt>
      <trkpt lat="46.076901" lon="14.472962">
        <ele>307.899354</ele>
        <time>2026-08-11T11:46:59.760Z</time>
      </trkpt>
      <trkpt lat="46.076533" lon="14.473302">
        <ele>307.898629</ele>
        <time>2026-08-11T11:47:06.298Z</time>
      </trkpt>
      <trkpt lat="46.076468" lon="14.473345">
        <ele>307.898511</ele>
        <time>2026-08-11T11:47:07.344Z</time>
      </trkpt>
      <trkpt lat="46.076403" lon="14.473382">
        <ele>307.898395</ele>
        <time>2026-08-11T11:47:08.378Z</time>
      </trkpt>
      <trkpt lat="46.076397" lon="14.473456">
        <ele>307.898309</ele>
        <time>2026-08-11T11:47:09.141Z</time>
      </trkpt>
      <trkpt lat="46.076400" lon="14.473479">
        <ele>307.898282</ele>
        <time>2026-08-11T11:47:09.369Z</time>
      </trkpt>
      <trkpt lat="46.076415" lon="14.473528">
        <ele>307.898221</ele>
        <time>2026-08-11T11:47:09.922Z</time>
      </trkpt>
      <trkpt lat="46.076184" lon="14.473794">
        <ele>307.897730</ele>
        <time>2026-08-11T11:47:14.160Z</time>
      </trkpt>
      <trkpt lat="46.075925" lon="14.474131">
        <ele>307.812066</ele>
        <time>2026-08-11T11:47:19.037Z</time>
      </trkpt>
      <trkpt lat="46.075757" lon="14.474316">
        <ele>307.738306</ele>
        <time>2026-08-11T11:47:21.843Z</time>
      </trkpt>
      <trkpt lat="46.075620" lon="14.474465">
        <ele>307.678429</ele>
        <time>2026-08-11T11:47:24.081Z</time>
      </trkpt>
      <trkpt lat="46.075347" lon="14.474759">
        <ele>307.559536</ele>
        <time>2026-08-11T11:47:28.658Z</time>
      </trkpt>
      <trkpt lat="46.075154" lon="14.474967">
        <ele>307.475461</ele>
        <time>2026-08-11T11:47:31.992Z</time>
      </trkpt>
      <trkpt lat="46.075038" lon="14.475092">
        <ele>307.424931</ele>
        <time>2026-08-11T11:47:33.956Z</time>
      </trkpt>
      <trkpt lat="46.074800" lon="14.475335">
        <ele>307.323175</ele>
        <time>2026-08-11T11:47:37.886Z</time>
      </trkpt>
      <trkpt lat="46.074738" lon="14.475396">
        <ele>307.296985</ele>
        <time>2026-08-11T11:47:38.898Z</time>
      </trkpt>
      <trkpt lat="46.074593" lon="14.475533">
        <ele>307.275032</ele>
        <time>2026-08-11T11:47:41.264Z</time>
      </trkpt>
      <trkpt lat="46.074556" lon="14.475439">
        <ele>307.278942</ele>
        <time>2026-08-11T11:47:42.297Z</time>
      </trkpt>
      <trkpt lat="46.074523" lon="14.475469">
        <ele>307.280977</ele>
        <time>2026-08-11T11:47:42.814Z</time>
      </trkpt>
      <trkpt lat="46.074492" lon="14.475498">
        <ele>307.282905</ele>
        <time>2026-08-11T11:47:43.321Z</time>
      </trkpt>
      <trkpt lat="46.074289" lon="14.474880">
        <ele>307.307647</ele>
        <time>2026-08-11T11:47:49.822Z</time>
      </trkpt>
      <trkpt lat="46.074180" lon="14.474329">
        <ele>307.328379</ele>
        <time>2026-08-11T11:47:55.701Z</time>
      </trkpt>
      <trkpt lat="46.074082" lon="14.474019">
        <ele>307.340706</ele>
        <time>2026-08-11T11:47:59.467Z</time>
      </trkpt>
      <trkpt lat="46.074072" lon="14.473561">
        <ele>307.357287</ele>
        <time>2026-08-11T11:48:04.786Z</time>
      </trkpt>
      <trkpt lat="46.074132" lon="14.473559">
        <ele>307.360418</ele>
        <time>2026-08-11T11:48:05.838Z</time>
      </trkpt>
      <trkpt lat="46.074133" lon="14.473455">
        <ele>307.366875</ele>
        <time>2026-08-11T11:48:07.045Z</time>
      </trkpt>
      <trkpt lat="46.074123" lon="14.472972">
        <ele>307.521049</ele>
        <time>2026-08-11T11:48:12.996Z</time>
      </trkpt>
      <trkpt lat="46.074143" lon="14.472558">
        <ele>307.653458</ele>
        <time>2026-08-11T11:48:18.169Z</time>
      </trkpt>
      <trkpt lat="46.074191" lon="14.472073">
        <ele>307.809768</ele>
        <time>2026-08-11T11:48:24.158Z</time>
      </trkpt>
      <trkpt lat="46.074231" lon="14.471703">
        <ele>307.929244</ele>
        <time>2026-08-11T11:48:28.673Z</time>
      </trkpt>
      <trkpt lat="46.074176" lon="14.471512">
        <ele>307.995225</ele>
        <time>2026-08-11T11:48:31.101Z</time>
      </trkpt>
      <trkpt lat="46.074133" lon="14.471275">
        <ele>308.073385</ele>
        <time>2026-08-11T11:48:33.867Z</time>
      </trkpt>
      <trkpt lat="46.074128" lon="14.471212">
        <ele>308.093617</ele>
        <time>2026-08-11T11:48:34.548Z</time>
      </trkpt>
      <trkpt lat="46.074069" lon="14.470791">
        <ele>308.124827</ele>
        <time>2026-08-11T11:48:39.016Z</time>
      </trkpt>
      <trkpt lat="46.073994" lon="14.470663">
        <ele>308.035387</ele>
        <time>2026-08-11T11:48:40.674Z</time>
      </trkpt>
      <trkpt lat="46.073721" lon="14.470444">
        <ele>307.794975</ele>
        <time>2026-08-11T11:48:44.967Z</time>
      </trkpt>
      <trkpt lat="46.073694" lon="14.470414">
        <ele>307.768743</ele>
        <time>2026-08-11T11:48:45.410Z</time>
      </trkpt>
      <trkpt lat="46.073477" lon="14.470153">
        <ele>307.551269</ele>
        <time>2026-08-11T11:48:49.000Z</time>
      </trkpt>
      <trkpt lat="46.073295" lon="14.469887">
        <ele>307.351827</ele>
        <time>2026-08-11T11:48:52.123Z</time>
      </trkpt>
      <trkpt lat="46.073183" lon="14.469808">
        <ele>307.255878</ele>
        <time>2026-08-11T11:48:53.601Z</time>
      </trkpt>
      <trkpt lat="46.073128" lon="14.469801">
        <ele>307.213391</ele>
        <time>2026-08-11T11:48:54.248Z</time>
      </trkpt>
      <trkpt lat="46.073071" lon="14.469794">
        <ele>307.169371</ele>
        <time>2026-08-11T11:48:54.917Z</time>
      </trkpt>
      <trkpt lat="46.072946" lon="14.469778">
        <ele>307.072806</ele>
        <time>2026-08-11T11:48:56.386Z</time>
      </trkpt>
      <trkpt lat="46.072891" lon="14.469771">
        <ele>307.030319</ele>
        <time>2026-08-11T11:48:57.026Z</time>
      </trkpt>
      <trkpt lat="46.072833" lon="14.469763">
        <ele>306.985484</ele>
        <time>2026-08-11T11:48:57.713Z</time>
      </trkpt>
      <trkpt lat="46.072774" lon="14.469756">
        <ele>306.939930</ele>
        <time>2026-08-11T11:48:58.404Z</time>
      </trkpt>
      <trkpt lat="46.072731" lon="14.469750">
        <ele>306.906687</ele>
        <time>2026-08-11T11:48:58.912Z</time>
      </trkpt>
      <trkpt lat="46.072181" lon="14.469695">
        <ele>306.484134</ele>
        <time>2026-08-11T11:49:05.467Z</time>
      </trkpt>
      <trkpt lat="46.072119" lon="14.469731">
        <ele>306.432967</ele>
        <time>2026-08-11T11:49:06.606Z</time>
      </trkpt>
      <trkpt lat="46.072111" lon="14.469850">
        <ele>306.369474</ele>
        <time>2026-08-11T11:49:12.383Z</time>
      </trkpt>
      <trkpt lat="46.072080" lon="14.469889">
        <ele>306.337977</ele>
        <time>2026-08-11T11:49:15.202Z</time>
      </trkpt>
      <trkpt lat="46.072024" lon="14.469918">
        <ele>306.292426</ele>
        <time>2026-08-11T11:49:19.343Z</time>
      </trkpt>
      <trkpt lat="46.072008" lon="14.469961">
        <ele>306.266513</ele>
        <time>2026-08-11T11:49:21.717Z</time>
      </trkpt>
      <trkpt lat="46.071984" lon="14.470008">
        <ele>306.235521</ele>
        <time>2026-08-11T11:49:24.531Z</time>
      </trkpt>
      <trkpt lat="46.071911" lon="14.470040">
        <ele>306.177112</ele>
        <time>2026-08-11T11:49:25.468Z</time>
      </trkpt>
      <trkpt lat="46.071837" lon="14.470071">
        <ele>306.118122</ele>
        <time>2026-08-11T11:49:26.411Z</time>
      </trkpt>
      <trkpt lat="46.071639" lon="14.469873">
        <ele>305.933650</ele>
        <time>2026-08-11T11:49:29.412Z</time>
      </trkpt>
      <trkpt lat="46.071289" lon="14.469591">
        <ele>305.626710</ele>
        <time>2026-08-11T11:49:34.735Z</time>
      </trkpt>
      <trkpt lat="46.071188" lon="14.469520">
        <ele>305.540690</ele>
        <time>2026-08-11T11:49:36.346Z</time>
      </trkpt>
      <trkpt lat="46.070839" lon="14.469233">
        <ele>305.369151</ele>
        <time>2026-08-11T11:49:42.383Z</time>
      </trkpt>
      <trkpt lat="46.070526" lon="14.468962">
        <ele>305.282614</ele>
        <time>2026-08-11T11:49:47.617Z</time>
      </trkpt>
      <trkpt lat="46.070258" lon="14.468743">
        <ele>305.209599</ele>
        <time>2026-08-11T11:49:51.785Z</time>
      </trkpt>
      <trkpt lat="46.069952" lon="14.468485">
        <ele>305.125579</ele>
        <time>2026-08-11T11:49:56.567Z</time>
      </trkpt>
      <trkpt lat="46.069711" lon="14.468284">
        <ele>305.059588</ele>
        <time>2026-08-11T11:50:00.441Z</time>
      </trkpt>
      <trkpt lat="46.069609" lon="14.468704">
        <ele>305.026639</ele>
        <time>2026-08-11T11:50:04.830Z</time>
      </trkpt>
      <trkpt lat="46.069530" lon="14.469002">
        <ele>305.095072</ele>
        <time>2026-08-11T11:50:08.051Z</time>
      </trkpt>
      <trkpt lat="46.069433" lon="14.469213">
        <ele>305.149370</ele>
        <time>2026-08-11T11:50:10.692Z</time>
      </trkpt>
      <trkpt lat="46.069011" lon="14.469795">
        <ele>305.329958</ele>
        <time>2026-08-11T11:50:20.193Z</time>
      </trkpt>
      <trkpt lat="46.068869" lon="14.470157">
        <ele>305.419166</ele>
        <time>2026-08-11T11:50:25.240Z</time>
      </trkpt>
      <trkpt lat="46.068836" lon="14.470341">
        <ele>305.459935</ele>
        <time>2026-08-11T11:50:27.566Z</time>
      </trkpt>
      <trkpt lat="46.068677" lon="14.470987">
        <ele>305.638123</ele>
        <time>2026-08-11T11:50:35.834Z</time>
      </trkpt>
      <trkpt lat="46.068654" lon="14.471082">
        <ele>305.674020</ele>
        <time>2026-08-11T11:50:37.035Z</time>
      </trkpt>
      <trkpt lat="46.068512" lon="14.471023">
        <ele>305.750013</ele>
        <time>2026-08-11T11:50:39.447Z</time>
      </trkpt>
      <trkpt lat="46.067740" lon="14.470871">
        <ele>306.150678</ele>
        <time>2026-08-11T11:50:51.503Z</time>
      </trkpt>
      <trkpt lat="46.067126" lon="14.470726">
        <ele>306.470620</ele>
        <time>2026-08-11T11:51:01.757Z</time>
      </trkpt>
      <trkpt lat="46.066572" lon="14.470578">
        <ele>307.466747</ele>
        <time>2026-08-11T11:51:13.146Z</time>
      </trkpt>
      <trkpt lat="46.066181" lon="14.470469">
        <ele>308.196717</ele>
        <time>2026-08-11T11:51:21.919Z</time>
      </trkpt>
      <trkpt lat="46.066034" lon="14.470430">
        <ele>308.470689</ele>
        <time>2026-08-11T11:51:25.415Z</time>
      </trkpt>
      <trkpt lat="46.065876" lon="14.470379">
        <ele>308.767471</ele>
        <time>2026-08-11T11:51:29.352Z</time>
      </trkpt>
      <trkpt lat="46.065825" lon="14.470358">
        <ele>308.864692</ele>
        <time>2026-08-11T11:51:30.642Z</time>
      </trkpt>
      <trkpt lat="46.065738" lon="14.470335">
        <ele>309.026820</ele>
        <time>2026-08-11T11:51:32.822Z</time>
      </trkpt>
      <trkpt lat="46.065618" lon="14.470335">
        <ele>309.246775</ele>
        <time>2026-08-11T11:51:35.803Z</time>
      </trkpt>
      <trkpt lat="46.065300" lon="14.470301">
        <ele>309.840585</ele>
        <time>2026-08-11T11:51:43.844Z</time>
      </trkpt>
      <trkpt lat="46.064252" lon="14.470282">
        <ele>312.123534</ele>
        <time>2026-08-11T11:52:09.586Z</time>
      </trkpt>
      <trkpt lat="46.063716" lon="14.470194">
        <ele>313.298607</ele>
        <time>2026-08-11T11:52:22.402Z</time>
      </trkpt>
      <trkpt lat="46.063671" lon="14.470125">
        <ele>313.441727</ele>
        <time>2026-08-11T11:52:23.824Z</time>
      </trkpt>
      <trkpt lat="46.063647" lon="14.470063">
        <ele>313.549028</ele>
        <time>2026-08-11T11:52:24.877Z</time>
      </trkpt>
      <trkpt lat="46.063447" lon="14.470001">
        <ele>313.671001</ele>
        <time>2026-08-11T11:52:29.036Z</time>
      </trkpt>
      <trkpt lat="46.063308" lon="14.469902">
        <ele>313.638298</ele>
        <time>2026-08-11T11:52:32.078Z</time>
      </trkpt>
      <trkpt lat="46.063089" lon="14.469545">
        <ele>313.568559</ele>
        <time>2026-08-11T11:52:38.211Z</time>
      </trkpt>
      <trkpt lat="46.062935" lon="14.469350">
        <ele>313.525320</ele>
        <time>2026-08-11T11:52:41.537Z</time>
      </trkpt>
      <trkpt lat="46.062736" lon="14.468928">
        <ele>313.450646</ele>
        <time>2026-08-11T11:52:46.420Z</time>
      </trkpt>
      <trkpt lat="46.062469" lon="14.468519">
        <ele>313.368460</ele>
        <time>2026-08-11T11:52:51.089Z</time>
      </trkpt>
      <trkpt lat="46.061880" lon="14.467711">
        <ele>311.741503</ele>
        <time>2026-08-11T11:52:59.722Z</time>
      </trkpt>
      <trkpt lat="46.061387" lon="14.466953">
        <ele>309.793944</ele>
        <time>2026-08-11T11:53:06.921Z</time>
      </trkpt>
      <trkpt lat="46.060893" lon="14.466195">
        <ele>308.422123</ele>
        <time>2026-08-11T11:53:14.334Z</time>
      </trkpt>
      <trkpt lat="46.060615" lon="14.465920">
        <ele>308.364678</ele>
        <time>2026-08-11T11:53:18.506Z</time>
      </trkpt>
      <trkpt lat="46.060308" lon="14.465742">
        <ele>308.308301</ele>
        <time>2026-08-11T11:53:24.001Z</time>
      </trkpt>
      <trkpt lat="46.060204" lon="14.465711">
        <ele>308.290208</ele>
        <time>2026-08-11T11:53:25.897Z</time>
      </trkpt>
      <trkpt lat="46.059883" lon="14.465704">
        <ele>308.235514</ele>
        <time>2026-08-11T11:53:32.089Z</time>
      </trkpt>
      <trkpt lat="46.059497" lon="14.465783">
        <ele>308.169093</ele>
        <time>2026-08-11T11:53:40.200Z</time>
      </trkpt>
      <trkpt lat="46.059452" lon="14.465796">
        <ele>308.161274</ele>
        <time>2026-08-11T11:53:41.102Z</time>
      </trkpt>
      <trkpt lat="46.059408" lon="14.465801">
        <ele>308.152523</ele>
        <time>2026-08-11T11:53:41.980Z</time>
      </trkpt>
      <trkpt lat="46.058191" lon="14.466016">
        <ele>307.628470</ele>
        <time>2026-08-11T11:54:01.075Z</time>
      </trkpt>
      <trkpt lat="46.057689" lon="14.466227">
        <ele>307.404969</ele>
        <time>2026-08-11T11:54:06.898Z</time>
      </trkpt>
      <trkpt lat="46.057044" lon="14.466627">
        <ele>305.840942</ele>
        <time>2026-08-11T11:54:14.317Z</time>
      </trkpt>
      <trkpt lat="46.056000" lon="14.467278">
        <ele>303.167604</ele>
        <time>2026-08-11T11:54:26.222Z</time>
      </trkpt>
      <trkpt lat="46.055748" lon="14.467446">
        <ele>302.989133</ele>
        <time>2026-08-11T11:54:29.322Z</time>
      </trkpt>
      <trkpt lat="46.055441" lon="14.467669">
        <ele>302.776127</ele>
        <time>2026-08-11T11:54:33.430Z</time>
      </trkpt>
      <trkpt lat="46.055206" lon="14.467882">
        <ele>302.604122</ele>
        <time>2026-08-11T11:54:37.059Z</time>
      </trkpt>
      <trkpt lat="46.054680" lon="14.468470">
        <ele>302.191666</ele>
        <time>2026-08-11T11:54:47.428Z</time>
      </trkpt>
      <trkpt lat="46.053294" lon="14.470063">
        <ele>301.898596</ele>
        <time>2026-08-11T11:55:15.627Z</time>
      </trkpt>
      <trkpt lat="46.053266" lon="14.470092">
        <ele>301.895319</ele>
        <time>2026-08-11T11:55:16.044Z</time>
      </trkpt>
      <trkpt lat="46.053176" lon="14.470192">
        <ele>301.884520</ele>
        <time>2026-08-11T11:55:17.461Z</time>
      </trkpt>
      <trkpt lat="46.053154" lon="14.470220">
        <ele>301.881731</ele>
        <time>2026-08-11T11:55:17.812Z</time>
      </trkpt>
      <trkpt lat="46.052002" lon="14.471528">
        <ele>300.145686</ele>
        <time>2026-08-11T11:55:34.511Z</time>
      </trkpt>
      <trkpt lat="46.051015" lon="14.472654">
        <ele>299.220592</ele>
        <time>2026-08-11T11:55:50.309Z</time>
      </trkpt>
      <trkpt lat="46.050536" lon="14.473460">
        <ele>298.868367</ele>
        <time>2026-08-11T11:56:00.537Z</time>
      </trkpt>
      <trkpt lat="46.049839" lon="14.474956">
        <ele>299.352031</ele>
        <time>2026-08-11T11:56:19.573Z</time>
      </trkpt>
      <trkpt lat="46.049649" lon="14.475620">
        <ele>299.637437</ele>
        <time>2026-08-11T11:56:28.438Z</time>
      </trkpt>
      <trkpt lat="46.049720" lon="14.475743">
        <ele>299.701011</ele>
        <time>2026-08-11T11:56:30.666Z</time>
      </trkpt>
      <trkpt lat="46.049761" lon="14.475915">
        <ele>299.773279</ele>
        <time>2026-08-11T11:56:33.289Z</time>
      </trkpt>
      <trkpt lat="46.049867" lon="14.476527">
        <ele>300.475395</ele>
        <time>2026-08-11T11:56:43.200Z</time>
      </trkpt>
      <trkpt lat="46.049980" lon="14.476796">
        <ele>300.844045</ele>
        <time>2026-08-11T11:56:48.383Z</time>
      </trkpt>
      <trkpt lat="46.050080" lon="14.476903">
        <ele>301.054459</ele>
        <time>2026-08-11T11:56:51.318Z</time>
      </trkpt>
      <trkpt lat="46.050104" lon="14.477007">
        <ele>301.182953</ele>
        <time>2026-08-11T11:56:53.069Z</time>
      </trkpt>
      <trkpt lat="46.050194" lon="14.477321">
        <ele>301.581248</ele>
        <time>2026-08-11T11:56:58.568Z</time>
      </trkpt>
      <trkpt lat="46.050399" lon="14.477856">
        <ele>302.297735</ele>
        <time>2026-08-11T11:57:07.942Z</time>
      </trkpt>
      <trkpt lat="46.050666" lon="14.478354">
        <ele>302.860810</ele>
        <time>2026-08-11T11:57:16.694Z</time>
      </trkpt>
      <trkpt lat="46.050711" lon="14.478424">
        <ele>302.877175</ele>
        <time>2026-08-11T11:57:17.970Z</time>
      </trkpt>
      <trkpt lat="46.050771" lon="14.478501">
        <ele>302.897030</ele>
        <time>2026-08-11T11:57:19.484Z</time>
      </trkpt>
      <trkpt lat="46.050950" lon="14.478786">
        <ele>302.962953</ele>
        <time>2026-08-11T11:57:24.415Z</time>
      </trkpt>
      <trkpt lat="46.051216" lon="14.479344">
        <ele>303.079053</ele>
        <time>2026-08-11T11:57:31.474Z</time>
      </trkpt>
      <trkpt lat="46.051493" lon="14.479913">
        <ele>303.198252</ele>
        <time>2026-08-11T11:57:37.837Z</time>
      </trkpt>
      <trkpt lat="46.051522" lon="14.479966">
        <ele>303.209827</ele>
        <time>2026-08-11T11:57:38.466Z</time>
      </trkpt>
      <trkpt lat="46.051561" lon="14.480028">
        <ele>303.224178</ele>
        <time>2026-08-11T11:57:39.239Z</time>
      </trkpt>
      <trkpt lat="46.052013" lon="14.480626">
        <ele>303.351656</ele>
        <time>2026-08-11T11:57:48.158Z</time>
      </trkpt>
      <trkpt lat="46.052054" lon="14.480677">
        <ele>303.361821</ele>
        <time>2026-08-11T11:57:48.977Z</time>
      </trkpt>
      <trkpt lat="46.052097" lon="14.480732">
        <ele>303.372613</ele>
        <time>2026-08-11T11:57:49.826Z</time>
      </trkpt>
      <trkpt lat="46.052624" lon="14.481416">
        <ele>303.505735</ele>
        <time>2026-08-11T11:58:00.378Z</time>
      </trkpt>
      <trkpt lat="46.052673" lon="14.481499">
        <ele>303.519929</ele>
        <time>2026-08-11T11:58:01.727Z</time>
      </trkpt>
      <trkpt lat="46.052630" lon="14.481530">
        <ele>303.528953</ele>
        <time>2026-08-11T11:58:02.534Z</time>
      </trkpt>
      <trkpt lat="46.052699" lon="14.481643">
        <ele>303.548558</ele>
        <time>2026-08-11T11:58:04.456Z</time>
      </trkpt>
      <trkpt lat="46.052869" lon="14.482133">
        <ele>303.592836</ele>
        <time>2026-08-11T11:58:11.581Z</time>
      </trkpt>
      <trkpt lat="46.052900" lon="14.482259">
        <ele>303.542693</ele>
        <time>2026-08-11T11:58:13.272Z</time>
      </trkpt>
      <trkpt lat="46.052940" lon="14.482428">
        <ele>303.475718</ele>
        <time>2026-08-11T11:58:15.460Z</time>
      </trkpt>
      <trkpt lat="46.053001" lon="14.482658">
        <ele>303.383363</ele>
        <time>2026-08-11T11:58:18.133Z</time>
      </trkpt>
      <trkpt lat="46.053238" lon="14.483646">
        <ele>302.991265</ele>
        <time>2026-08-11T11:58:27.451Z</time>
      </trkpt>
      <trkpt lat="46.053289" lon="14.483953">
        <ele>302.872861</ele>
        <time>2026-08-11T11:58:30.138Z</time>
      </trkpt>
      <trkpt lat="46.053313" lon="14.484281">
        <ele>302.749151</ele>
        <time>2026-08-11T11:58:32.826Z</time>
      </trkpt>
      <trkpt lat="46.053308" lon="14.484452">
        <ele>302.684955</ele>
        <time>2026-08-11T11:58:34.184Z</time>
      </trkpt>
      <trkpt lat="46.053305" lon="14.484533">
        <ele>302.654530</ele>
        <time>2026-08-11T11:58:34.848Z</time>
      </trkpt>
      <trkpt lat="46.053302" lon="14.484763">
        <ele>302.610175</ele>
        <time>2026-08-11T11:58:36.676Z</time>
      </trkpt>
      <trkpt lat="46.053259" lon="14.485183">
        <ele>302.542947</ele>
        <time>2026-08-11T11:58:40.029Z</time>
      </trkpt>
      <trkpt lat="46.053111" lon="14.486180">
        <ele>302.381497</ele>
        <time>2026-08-11T11:58:48.978Z</time>
      </trkpt>
      <trkpt lat="46.053036" lon="14.486595">
        <ele>302.313588</ele>
        <time>2026-08-11T11:58:54.221Z</time>
      </trkpt>
      <trkpt lat="46.053043" lon="14.486731">
        <ele>302.291993</ele>
        <time>2026-08-11T11:58:56.015Z</time>
      </trkpt>
      <trkpt lat="46.052806" lon="14.487541">
        <ele>302.697405</ele>
        <time>2026-08-11T11:59:11.909Z</time>
      </trkpt>
      <trkpt lat="46.052770" lon="14.487672">
        <ele>302.831667</ele>
        <time>2026-08-11T11:59:14.526Z</time>
      </trkpt>
      <trkpt lat="46.052699" lon="14.487907">
        <ele>303.075903</ele>
        <time>2026-08-11T11:59:19.333Z</time>
      </trkpt>
      <trkpt lat="46.052424" lon="14.488845">
        <ele>304.046224</ele>
        <time>2026-08-11T11:59:38.868Z</time>
      </trkpt>
      <trkpt lat="46.052263" lon="14.489418">
        <ele>304.635301</ele>
        <time>2026-08-11T11:59:50.098Z</time>
      </trkpt>
      <trkpt lat="46.052141" lon="14.489956">
        <ele>304.137054</ele>
        <time>2026-08-11T11:59:58.611Z</time>
      </trkpt>
      <trkpt lat="46.052115" lon="14.490088">
        <ele>303.981925</ele>
        <time>2026-08-11T12:00:00.454Z</time>
      </trkpt>
      <trkpt lat="46.052090" lon="14.490234">
        <ele>303.811912</ele>
        <time>2026-08-11T12:00:02.339Z</time>
      </trkpt>
      <trkpt lat="46.052080" lon="14.490301">
        <ele>303.734432</ele>
        <time>2026-08-11T12:00:03.204Z</time>
      </trkpt>
      <trkpt lat="46.052048" lon="14.490490">
        <ele>303.514488</ele>
        <time>2026-08-11T12:00:05.426Z</time>
      </trkpt>
      <trkpt lat="46.051984" lon="14.490833">
        <ele>303.112932</ele>
        <time>2026-08-11T12:00:09.299Z</time>
      </trkpt>
      <trkpt lat="46.051738" lon="14.491816">
        <ele>301.931533</ele>
        <time>2026-08-11T12:00:20.031Z</time>
      </trkpt>
      <trkpt lat="46.051685" lon="14.491847">
        <ele>301.838351</ele>
        <time>2026-08-11T12:00:20.594Z</time>
      </trkpt>
      <trkpt lat="46.051641" lon="14.492015">
        <ele>301.615626</ele>
        <time>2026-08-11T12:00:21.839Z</time>
      </trkpt>
      <trkpt lat="46.051612" lon="14.492121">
        <ele>301.467953</ele>
        <time>2026-08-11T12:00:22.620Z</time>
      </trkpt>
      <trkpt lat="46.051560" lon="14.492358">
        <ele>301.145798</ele>
        <time>2026-08-11T12:00:24.338Z</time>
      </trkpt>
      <trkpt lat="46.051554" lon="14.492387">
        <ele>301.106577</ele>
        <time>2026-08-11T12:00:24.551Z</time>
      </trkpt>
      <trkpt lat="46.051516" lon="14.492586">
        <ele>300.839072</ele>
        <time>2026-08-11T12:00:25.983Z</time>
      </trkpt>
      <trkpt lat="46.051478" lon="14.492766">
        <ele>300.595223</ele>
        <time>2026-08-11T12:00:27.298Z</time>
      </trkpt>
      <trkpt lat="46.051467" lon="14.492819">
        <ele>300.523525</ele>
        <time>2026-08-11T12:00:27.695Z</time>
      </trkpt>
      <trkpt lat="46.051324" lon="14.493329">
        <ele>299.810615</ele>
        <time>2026-08-11T12:00:31.638Z</time>
      </trkpt>
      <trkpt lat="46.050742" lon="14.494672">
        <ele>298.921194</ele>
        <time>2026-08-11T12:00:46.689Z</time>
      </trkpt>
      <trkpt lat="46.050706" lon="14.494758">
        <ele>299.022972</ele>
        <time>2026-08-11T12:00:48.094Z</time>
      </trkpt>
      <trkpt lat="46.050697" lon="14.494778">
        <ele>299.047128</ele>
        <time>2026-08-11T12:00:48.442Z</time>
      </trkpt>
      <trkpt lat="46.050597" lon="14.495036">
        <ele>299.346596</ele>
        <time>2026-08-11T12:00:52.724Z</time>
      </trkpt>
      <trkpt lat="46.050590" lon="14.495057">
        <ele>299.370204</ele>
        <time>2026-08-11T12:00:53.069Z</time>
      </trkpt>
      <trkpt lat="46.050184" lon="14.496205">
        <ele>300.675932</ele>
        <time>2026-08-11T12:01:14.119Z</time>
      </trkpt>
      <trkpt lat="46.050034" lon="14.496742">
        <ele>301.167096</ele>
        <time>2026-08-11T12:01:24.482Z</time>
      </trkpt>
      <trkpt lat="46.049912" lon="14.497169">
        <ele>301.436695</ele>
        <time>2026-08-11T12:01:31.240Z</time>
      </trkpt>
      <trkpt lat="46.049790" lon="14.497559">
        <ele>301.686455</ele>
        <time>2026-08-11T12:01:36.748Z</time>
      </trkpt>
      <trkpt lat="46.049774" lon="14.497604">
        <ele>301.715975</ele>
        <time>2026-08-11T12:01:37.407Z</time>
      </trkpt>
      <trkpt lat="46.049757" lon="14.497666">
        <ele>301.754896</ele>
        <time>2026-08-11T12:01:38.207Z</time>
      </trkpt>
      <trkpt lat="46.049735" lon="14.497735">
        <ele>301.799229</ele>
        <time>2026-08-11T12:01:39.147Z</time>
      </trkpt>
      <trkpt lat="46.049727" lon="14.497770">
        <ele>301.820743</ele>
        <time>2026-08-11T12:01:39.605Z</time>
      </trkpt>
      <trkpt lat="46.049749" lon="14.497781">
        <ele>301.840333</ele>
        <time>2026-08-11T12:01:40.034Z</time>
      </trkpt>
      <trkpt lat="46.049795" lon="14.497805">
        <ele>301.881489</ele>
        <time>2026-08-11T12:01:40.903Z</time>
      </trkpt>
      <trkpt lat="46.049834" lon="14.497826">
        <ele>301.916513</ele>
        <time>2026-08-11T12:01:41.647Z</time>
      </trkpt>
      <trkpt lat="46.049910" lon="14.497864">
        <ele>301.984187</ele>
        <time>2026-08-11T12:01:43.138Z</time>
      </trkpt>
      <trkpt lat="46.050253" lon="14.498045">
        <ele>302.291473</ele>
        <time>2026-08-11T12:01:49.141Z</time>
      </trkpt>
      <trkpt lat="46.050518" lon="14.498184">
        <ele>302.528712</ele>
        <time>2026-08-11T12:01:53.184Z</time>
      </trkpt>
      <trkpt lat="46.050532" lon="14.498191">
        <ele>302.541178</ele>
        <time>2026-08-11T12:01:53.376Z</time>
      </trkpt>
      <trkpt lat="46.050567" lon="14.498209">
        <ele>302.542175</ele>
        <time>2026-08-11T12:01:53.858Z</time>
      </trkpt>
      <trkpt lat="46.050602" lon="14.498226">
        <ele>302.530514</ele>
        <time>2026-08-11T12:01:54.354Z</time>
      </trkpt>
      <trkpt lat="46.050633" lon="14.498243">
        <ele>302.520042</ele>
        <time>2026-08-11T12:01:54.785Z</time>
      </trkpt>
      <trkpt lat="46.050785" lon="14.498324">
        <ele>302.468878</ele>
        <time>2026-08-11T12:01:56.786Z</time>
      </trkpt>
      <trkpt lat="46.050956" lon="14.498413">
        <ele>302.411479</ele>
        <time>2026-08-11T12:01:58.939Z</time>
      </trkpt>
      <trkpt lat="46.051129" lon="14.498504">
        <ele>302.353336</ele>
        <time>2026-08-11T12:02:01.210Z</time>
      </trkpt>
      <trkpt lat="46.051303" lon="14.498594">
        <ele>302.294971</ele>
        <time>2026-08-11T12:02:03.698Z</time>
      </trkpt>
      <trkpt lat="46.051494" lon="14.498694">
        <ele>302.230814</ele>
        <time>2026-08-11T12:02:06.647Z</time>
      </trkpt>
      <trkpt lat="46.051591" lon="14.498745">
        <ele>302.198215</ele>
        <time>2026-08-11T12:02:08.152Z</time>
      </trkpt>
      <trkpt lat="46.051608" lon="14.498754">
        <ele>302.192497</ele>
        <time>2026-08-11T12:02:08.421Z</time>
      </trkpt>
      <trkpt lat="46.051624" lon="14.498767">
        <ele>302.186698</ele>
        <time>2026-08-11T12:02:08.693Z</time>
      </trkpt>
      <trkpt lat="46.051701" lon="14.498807">
        <ele>302.160857</ele>
        <time>2026-08-11T12:02:09.865Z</time>
      </trkpt>
      <trkpt lat="46.051771" lon="14.498844">
        <ele>302.137318</ele>
        <time>2026-08-11T12:02:10.929Z</time>
      </trkpt>
      <trkpt lat="46.051797" lon="14.498855">
        <ele>302.128763</ele>
        <time>2026-08-11T12:02:11.305Z</time>
      </trkpt>
      <trkpt lat="46.051812" lon="14.498862">
        <ele>302.123785</ele>
        <time>2026-08-11T12:02:11.541Z</time>
      </trkpt>
      <trkpt lat="46.052150" lon="14.499037">
        <ele>302.010397</ele>
        <time>2026-08-11T12:02:16.307Z</time>
      </trkpt>
      <trkpt lat="46.052538" lon="14.499246">
        <ele>302.191463</ele>
        <time>2026-08-11T12:02:22.311Z</time>
      </trkpt>
      <trkpt lat="46.052545" lon="14.499249">
        <ele>302.196140</ele>
        <time>2026-08-11T12:02:22.436Z</time>
      </trkpt>
      <trkpt lat="46.052557" lon="14.499256">
        <ele>302.204431</ele>
        <time>2026-08-11T12:02:22.660Z</time>
      </trkpt>
      <trkpt lat="46.052590" lon="14.499272">
        <ele>302.226729</ele>
        <time>2026-08-11T12:02:23.304Z</time>
      </trkpt>
      <trkpt lat="46.052619" lon="14.499287">
        <ele>302.246462</ele>
        <time>2026-08-11T12:02:23.845Z</time>
      </trkpt>
      <trkpt lat="46.052631" lon="14.499292">
        <ele>302.254461</ele>
        <time>2026-08-11T12:02:24.075Z</time>
      </trkpt>
      <trkpt lat="46.053158" lon="14.499565">
        <ele>302.613110</ele>
        <time>2026-08-11T12:02:33.928Z</time>
      </trkpt>
      <trkpt lat="46.053207" lon="14.499595">
        <ele>302.647206</ele>
        <time>2026-08-11T12:02:34.851Z</time>
      </trkpt>
      <trkpt lat="46.053217" lon="14.499601">
        <ele>302.654143</ele>
        <time>2026-08-11T12:02:35.027Z</time>
      </trkpt>
      <trkpt lat="46.053243" lon="14.499613">
        <ele>302.671627</ele>
        <time>2026-08-11T12:02:35.595Z</time>
      </trkpt>
      <trkpt lat="46.053189" lon="14.499873">
        <ele>302.792246</ele>
        <time>2026-08-11T12:02:38.836Z</time>
      </trkpt>
      <trkpt lat="46.053147" lon="14.500077">
        <ele>302.886819</ele>
        <time>2026-08-11T12:02:41.418Z</time>
      </trkpt>
      <trkpt lat="46.053122" lon="14.500198">
        <ele>302.942929</ele>
        <time>2026-08-11T12:02:43.033Z</time>
      </trkpt>
      <trkpt lat="46.052917" lon="14.501186">
        <ele>303.574663</ele>
        <time>2026-08-11T12:03:01.290Z</time>
      </trkpt>
      <trkpt lat="46.052902" lon="14.501258">
        <ele>303.629793</ele>
        <time>2026-08-11T12:03:02.867Z</time>
      </trkpt>
      <trkpt lat="46.052793" lon="14.501768">
        <ele>304.021142</ele>
        <time>2026-08-11T12:03:13.739Z</time>
      </trkpt>
      <trkpt lat="46.052791" lon="14.501782">
        <ele>304.031624</ele>
        <time>2026-08-11T12:03:14.034Z</time>
      </trkpt>
      <trkpt lat="46.052683" lon="14.502287">
        <ele>304.419158</ele>
        <time>2026-08-11T12:03:24.546Z</time>
      </trkpt>
      <trkpt lat="46.052547" lon="14.502935">
        <ele>304.915634</ele>
        <time>2026-08-11T12:03:57.205Z</time>
      </trkpt>
      <trkpt lat="46.052526" lon="14.503036">
        <ele>304.992956</ele>
        <time>2026-08-11T12:04:02.249Z</time>
      </trkpt>
      <trkpt lat="46.052462" lon="14.503337">
        <ele>304.335541</ele>
        <time>2026-08-11T12:04:17.437Z</time>
      </trkpt>
      <trkpt lat="46.052442" lon="14.503435">
        <ele>304.057773</ele>
        <time>2026-08-11T12:04:18.612Z</time>
      </trkpt>
      <trkpt lat="46.052426" lon="14.503511">
        <ele>303.841811</ele>
        <time>2026-08-11T12:04:19.535Z</time>
      </trkpt>
      <trkpt lat="46.052342" lon="14.503472">
        <ele>303.496018</ele>
        <time>2026-08-11T12:04:20.973Z</time>
      </trkpt>
      <trkpt lat="46.052315" lon="14.503577">
        <ele>303.191529</ele>
        <time>2026-08-11T12:04:22.222Z</time>
      </trkpt>
      <trkpt lat="46.052007" lon="14.504524">
        <ele>300.347643</ele>
        <time>2026-08-11T12:04:32.252Z</time>
      </trkpt>
      <trkpt lat="46.051875" lon="14.504918">
        <ele>299.157948</ele>
        <time>2026-08-11T12:04:36.040Z</time>
      </trkpt>
      <trkpt lat="46.051668" lon="14.505538">
        <ele>298.049071</ele>
        <time>2026-08-11T12:04:42.187Z</time>
      </trkpt>
      <trkpt lat="46.051608" lon="14.505692">
        <ele>298.091148</ele>
        <time>2026-08-11T12:04:50.766Z</time>
      </trkpt>
      <trkpt lat="46.051561" lon="14.505810">
        <ele>298.123563</ele>
        <time>2026-08-11T12:04:57.295Z</time>
      </trkpt>
      <trkpt lat="46.051463" lon="14.506062">
        <ele>298.192386</ele>
        <time>2026-08-11T12:05:11.236Z</time>
      </trkpt>
      <trkpt lat="46.051279" lon="14.506123">
        <ele>298.257203</ele>
        <time>2026-08-11T12:05:24.328Z</time>
      </trkpt>
      <trkpt lat="46.051256" lon="14.506130">
        <ele>298.265273</ele>
        <time>2026-08-11T12:05:25.990Z</time>
      </trkpt>
      <trkpt lat="46.050994" lon="14.506301">
        <ele>298.364014</ele>
        <time>2026-08-11T12:05:45.962Z</time>
      </trkpt>
      <trkpt lat="46.050946" lon="14.506332">
        <ele>298.382072</ele>
        <time>2026-08-11T12:05:49.639Z</time>
      </trkpt>
      <trkpt lat="46.050515" lon="14.506675">
        <ele>298.551101</ele>
        <time>2026-08-11T12:06:23.879Z</time>
      </trkpt>
      <trkpt lat="46.050140" lon="14.506965">
        <ele>298.877162</ele>
        <time>2026-08-11T12:06:53.460Z</time>
      </trkpt>
      <trkpt lat="46.049982" lon="14.506775">
        <ele>299.085923</ele>
        <time>2026-08-11T12:07:07.831Z</time>
      </trkpt>
      <trkpt lat="46.049583" lon="14.506488">
        <ele>299.538302</ele>
        <time>2026-08-11T12:07:38.807Z</time>
      </trkpt>
      <trkpt lat="46.049435" lon="14.506430">
        <ele>299.693887</ele>
        <time>2026-08-11T12:07:49.431Z</time>
      </trkpt>
      <trkpt lat="46.048467" lon="14.506182">
        <ele>299.740059</ele>
        <time>2026-08-11T12:08:57.787Z</time>
      </trkpt>
      <trkpt lat="46.048219" lon="14.506168">
        <ele>299.076167</ele>
        <time>2026-08-11T12:09:15.060Z</time>
      </trkpt>
      <trkpt lat="46.047992" lon="14.506176">
        <ele>298.468775</ele>
        <time>2026-08-11T12:09:30.815Z</time>
      </trkpt>
      <trkpt lat="46.047238" lon="14.506400">
        <ele>296.409449</ele>
        <time>2026-08-11T12:10:24.351Z</time>
      </trkpt>
      <trkpt lat="46.046830" lon="14.506640">
        <ele>295.257616</ele>
        <time>2026-08-11T12:10:54.989Z</time>
      </trkpt>
      <trkpt lat="46.046743" lon="14.506632">
        <ele>295.040655</ele>
        <time>2026-08-11T12:11:01.025Z</time>
      </trkpt>
      <trkpt lat="46.046651" lon="14.506684">
        <ele>294.794702</ele>
        <time>2026-08-11T12:11:07.881Z</time>
      </trkpt>
      <trkpt lat="46.046607" lon="14.506681">
        <ele>294.685075</ele>
        <time>2026-08-11T12:11:08.344Z</time>
      </trkpt>
      <trkpt lat="46.046230" lon="14.506660">
        <ele>293.746119</ele>
        <time>2026-08-11T12:11:12.138Z</time>
      </trkpt>
      <trkpt lat="46.046098" lon="14.506654">
        <ele>293.417441</ele>
        <time>2026-08-11T12:11:13.457Z</time>
      </trkpt>
      <trkpt lat="46.046035" lon="14.506719">
        <ele>293.224594</ele>
        <time>2026-08-11T12:11:14.255Z</time>
      </trkpt>
      <trkpt lat="46.045899" lon="14.506707">
        <ele>292.885491</ele>
        <time>2026-08-11T12:11:15.655Z</time>
      </trkpt>
      <trkpt lat="46.045810" lon="14.506688">
        <ele>292.661575</ele>
        <time>2026-08-11T12:11:16.603Z</time>
      </trkpt>
      <trkpt lat="46.045820" lon="14.506597">
        <ele>292.502424</ele>
        <time>2026-08-11T12:11:17.288Z</time>
      </trkpt>
      <trkpt lat="46.045860" lon="14.506042">
        <ele>291.538567</ele>
        <time>2026-08-11T12:11:21.450Z</time>
      </trkpt>
      <trkpt lat="46.045711" lon="14.506056">
        <ele>291.166956</ele>
        <time>2026-08-11T12:11:23.083Z</time>
      </trkpt>
      <trkpt lat="46.044965" lon="14.506135">
        <ele>290.029756</ele>
        <time>2026-08-11T12:11:31.256Z</time>
      </trkpt>
      <trkpt lat="46.044838" lon="14.506152">
        <ele>289.837519</ele>
        <time>2026-08-11T12:11:32.759Z</time>
      </trkpt>
      <trkpt lat="46.044600" lon="14.506197">
        <ele>289.475732</ele>
        <time>2026-08-11T12:11:35.881Z</time>
      </trkpt>
      <trkpt lat="46.044469" lon="14.506230">
        <ele>289.275295</ele>
        <time>2026-08-11T12:11:37.599Z</time>
      </trkpt>
      <trkpt lat="46.044425" lon="14.506241">
        <ele>289.207988</ele>
        <time>2026-08-11T12:11:38.157Z</time>
      </trkpt>
      <trkpt lat="46.044053" lon="14.506330">
        <ele>288.639636</ele>
        <time>2026-08-11T12:11:42.721Z</time>
      </trkpt>
      <trkpt lat="46.043774" lon="14.506465">
        <ele>288.343222</ele>
        <time>2026-08-11T12:11:46.146Z</time>
      </trkpt>
      <trkpt lat="46.043568" lon="14.506654">
        <ele>288.205503</ele>
        <time>2026-08-11T12:11:48.968Z</time>
      </trkpt>
      <trkpt lat="46.043359" lon="14.506969">
        <ele>288.034942</ele>
        <time>2026-08-11T12:11:52.454Z</time>
      </trkpt>
      <trkpt lat="46.043315" lon="14.507044">
        <ele>287.996505</ele>
        <time>2026-08-11T12:11:53.272Z</time>
      </trkpt>
      <trkpt lat="46.043144" lon="14.507331">
        <ele>287.848460</ele>
        <time>2026-08-11T12:11:56.645Z</time>
      </trkpt>
      <trkpt lat="46.042949" lon="14.507656">
        <ele>287.680313</ele>
        <time>2026-08-11T12:12:00.896Z</time>
      </trkpt>
      <trkpt lat="46.042797" lon="14.507912">
        <ele>287.548453</ele>
        <time>2026-08-11T12:12:04.545Z</time>
      </trkpt>
      <trkpt lat="46.042643" lon="14.508169">
        <ele>287.419472</ele>
        <time>2026-08-11T12:12:08.451Z</time>
      </trkpt>
      <trkpt lat="46.042343" lon="14.508673">
        <ele>287.892006</ele>
        <time>2026-08-11T12:12:16.176Z</time>
      </trkpt>
      <trkpt lat="46.042320" lon="14.508712">
        <ele>287.928428</ele>
        <time>2026-08-11T12:12:16.779Z</time>
      </trkpt>
      <trkpt lat="46.042183" lon="14.508948">
        <ele>288.147391</ele>
        <time>2026-08-11T12:12:20.755Z</time>
      </trkpt>
      <trkpt lat="46.041796" lon="14.509611">
        <ele>288.763929</ele>
        <time>2026-08-11T12:12:33.062Z</time>
      </trkpt>
      <trkpt lat="46.041738" lon="14.509711">
        <ele>288.856677</ele>
        <time>2026-08-11T12:12:34.916Z</time>
      </trkpt>
      <trkpt lat="46.041674" lon="14.509640">
        <ele>288.939500</ele>
        <time>2026-08-11T12:12:36.581Z</time>
      </trkpt>
      <trkpt lat="46.041655" lon="14.509618">
        <ele>288.964494</ele>
        <time>2026-08-11T12:12:37.069Z</time>
      </trkpt>
      <trkpt lat="46.041326" lon="14.509253">
        <ele>289.374978</ele>
        <time>2026-08-11T12:12:45.429Z</time>
      </trkpt>
      <trkpt lat="46.041297" lon="14.509222">
        <ele>289.407620</ele>
        <time>2026-08-11T12:12:46.123Z</time>
      </trkpt>
      <trkpt lat="46.041254" lon="14.509176">
        <ele>289.456032</ele>
        <time>2026-08-11T12:12:47.171Z</time>
      </trkpt>
      <trkpt lat="46.041257" lon="14.509057">
        <ele>289.530747</ele>
        <time>2026-08-11T12:12:48.788Z</time>
      </trkpt>
      <trkpt lat="46.041193" lon="14.509002">
        <ele>289.598108</ele>
        <time>2026-08-11T12:12:50.196Z</time>
      </trkpt>
      <trkpt lat="46.041125" lon="14.509030">
        <ele>289.662036</ele>
        <time>2026-08-11T12:12:51.594Z</time>
      </trkpt>
      <trkpt lat="46.041085" lon="14.508982">
        <ele>289.709092</ele>
        <time>2026-08-11T12:12:52.601Z</time>
      </trkpt>
      <trkpt lat="46.040962" lon="14.508834">
        <ele>289.853952</ele>
        <time>2026-08-11T12:12:55.750Z</time>
      </trkpt>
      <trkpt lat="46.040875" lon="14.508727">
        <ele>289.957352</ele>
        <time>2026-08-11T12:12:58.044Z</time>
      </trkpt>
      <trkpt lat="46.040518" lon="14.508313">
        <ele>290.371610</ele>
        <time>2026-08-11T12:13:06.991Z</time>
      </trkpt>
      <trkpt lat="46.040320" lon="14.508095">
        <ele>290.596869</ele>
        <time>2026-08-11T12:13:11.265Z</time>
      </trkpt>
      <trkpt lat="46.039895" lon="14.507609">
        <ele>290.844093</ele>
        <time>2026-08-11T12:13:19.822Z</time>
      </trkpt>
      <trkpt lat="46.039435" lon="14.507084">
        <ele>290.730537</ele>
        <time>2026-08-11T12:13:28.286Z</time>
      </trkpt>
      <trkpt lat="46.039272" lon="14.506899">
        <ele>290.690385</ele>
        <time>2026-08-11T12:13:31.223Z</time>
      </trkpt>
      <trkpt lat="46.038935" lon="14.506520">
        <ele>290.607659</ele>
        <time>2026-08-11T12:13:36.941Z</time>
      </trkpt>
      <trkpt lat="46.038896" lon="14.506475">
        <ele>290.597991</ele>
        <time>2026-08-11T12:13:37.601Z</time>
      </trkpt>
      <trkpt lat="46.038469" lon="14.505985">
        <ele>290.446287</ele>
        <time>2026-08-11T12:13:44.832Z</time>
      </trkpt>
      <trkpt lat="46.038042" lon="14.505495">
        <ele>290.236214</ele>
        <time>2026-08-11T12:13:52.061Z</time>
      </trkpt>
      <trkpt lat="46.037841" lon="14.505266">
        <ele>290.137602</ele>
        <time>2026-08-11T12:13:55.544Z</time>
      </trkpt>
      <trkpt lat="46.037799" lon="14.505216">
        <ele>290.116635</ele>
        <time>2026-08-11T12:13:56.318Z</time>
      </trkpt>
      <trkpt lat="46.037680" lon="14.505083">
        <ele>290.058677</ele>
        <time>2026-08-11T12:13:58.438Z</time>
      </trkpt>
      <trkpt lat="46.037586" lon="14.504980">
        <ele>290.013230</ele>
        <time>2026-08-11T12:14:00.077Z</time>
      </trkpt>
      <trkpt lat="46.037526" lon="14.504915">
        <ele>289.984342</ele>
        <time>2026-08-11T12:14:01.144Z</time>
      </trkpt>
      <trkpt lat="46.037357" lon="14.504723">
        <ele>289.901518</ele>
        <time>2026-08-11T12:14:04.128Z</time>
      </trkpt>
      <trkpt lat="46.037310" lon="14.504571">
        <ele>289.857069</ele>
        <time>2026-08-11T12:14:05.694Z</time>
      </trkpt>
      <trkpt lat="46.037196" lon="14.504432">
        <ele>289.779542</ele>
        <time>2026-08-11T12:14:07.718Z</time>
      </trkpt>
      <trkpt lat="46.037178" lon="14.504331">
        <ele>289.739860</ele>
        <time>2026-08-11T12:14:08.696Z</time>
      </trkpt>
      <trkpt lat="46.037121" lon="14.504256">
        <ele>289.697540</ele>
        <time>2026-08-11T12:14:09.749Z</time>
      </trkpt>
      <trkpt lat="46.037056" lon="14.504171">
        <ele>289.649415</ele>
        <time>2026-08-11T12:14:10.935Z</time>
      </trkpt>
      <trkpt lat="46.037019" lon="14.504213">
        <ele>289.623591</ele>
        <time>2026-08-11T12:14:11.579Z</time>
      </trkpt>
      <trkpt lat="46.036991" lon="14.504306">
        <ele>289.585014</ele>
        <time>2026-08-11T12:14:12.509Z</time>
      </trkpt>
      <trkpt lat="46.036967" lon="14.504387">
        <ele>289.551499</ele>
        <time>2026-08-11T12:14:13.339Z</time>
      </trkpt>
      <trkpt lat="46.036985" lon="14.504438">
        <ele>289.529726</ele>
        <time>2026-08-11T12:14:13.875Z</time>
      </trkpt>
      <trkpt lat="46.036975" lon="14.504528">
        <ele>289.495040</ele>
        <time>2026-08-11T12:14:14.724Z</time>
      </trkpt>
      <trkpt lat="46.036877" lon="14.504822">
        <ele>289.370927</ele>
        <time>2026-08-11T12:14:17.800Z</time>
      </trkpt>
      <trkpt lat="46.036888" lon="14.504987">
        <ele>289.307847</ele>
        <time>2026-08-11T12:14:19.301Z</time>
      </trkpt>
      <trkpt lat="46.036473" lon="14.506032">
        <ele>288.849441</ele>
        <time>2026-08-11T12:14:30.008Z</time>
      </trkpt>
      <trkpt lat="46.036334" lon="14.506346">
        <ele>288.704545</ele>
        <time>2026-08-11T12:14:33.158Z</time>
      </trkpt>
      <trkpt lat="46.036188" lon="14.506684">
        <ele>288.549657</ele>
        <time>2026-08-11T12:14:36.597Z</time>
      </trkpt>
      <trkpt lat="46.036149" lon="14.506771">
        <ele>288.509363</ele>
        <time>2026-08-11T12:14:37.492Z</time>
      </trkpt>
      <trkpt lat="46.035513" lon="14.508156">
        <ele>287.863259</ele>
        <time>2026-08-11T12:14:52.719Z</time>
      </trkpt>
      <trkpt lat="46.035171" lon="14.508896">
        <ele>287.842154</ele>
        <time>2026-08-11T12:15:02.199Z</time>
      </trkpt>
      <trkpt lat="46.034962" lon="14.509348">
        <ele>287.835486</ele>
        <time>2026-08-11T12:15:08.143Z</time>
      </trkpt>
      <trkpt lat="46.034930" lon="14.509412">
        <ele>287.834518</ele>
        <time>2026-08-11T12:15:08.953Z</time>
      </trkpt>
      <trkpt lat="46.034457" lon="14.510434">
        <ele>287.804599</ele>
        <time>2026-08-11T12:15:21.544Z</time>
      </trkpt>
      <trkpt lat="46.034069" lon="14.511271">
        <ele>287.669136</ele>
        <time>2026-08-11T12:15:31.091Z</time>
      </trkpt>
      <trkpt lat="46.033628" lon="14.512220">
        <ele>287.515430</ele>
        <time>2026-08-11T12:15:42.139Z</time>
      </trkpt>
      <trkpt lat="46.033526" lon="14.512249">
        <ele>287.495273</ele>
        <time>2026-08-11T12:15:43.662Z</time>
      </trkpt>
      <trkpt lat="46.033446" lon="14.512386">
        <ele>287.472292</ele>
        <time>2026-08-11T12:15:45.503Z</time>
      </trkpt>
      <trkpt lat="46.033367" lon="14.512442">
        <ele>287.473652</ele>
        <time>2026-08-11T12:15:46.835Z</time>
      </trkpt>
      <trkpt lat="46.033347" lon="14.512492">
        <ele>287.474271</ele>
        <time>2026-08-11T12:15:47.452Z</time>
      </trkpt>
      <trkpt lat="46.033300" lon="14.512599">
        <ele>287.475628</ele>
        <time>2026-08-11T12:15:48.793Z</time>
      </trkpt>
      <trkpt lat="46.033258" lon="14.512693">
        <ele>287.476827</ele>
        <time>2026-08-11T12:15:49.991Z</time>
      </trkpt>
      <trkpt lat="46.033243" lon="14.512725">
        <ele>287.477241</ele>
        <time>2026-08-11T12:15:50.409Z</time>
      </trkpt>
      <trkpt lat="46.033249" lon="14.512796">
        <ele>287.478008</ele>
        <time>2026-08-11T12:15:51.172Z</time>
      </trkpt>
      <trkpt lat="46.033132" lon="14.513081">
        <ele>287.481558</ele>
        <time>2026-08-11T12:15:54.679Z</time>
      </trkpt>
      <trkpt lat="46.033105" lon="14.513222">
        <ele>287.483126</ele>
        <time>2026-08-11T12:15:56.218Z</time>
      </trkpt>
      <trkpt lat="46.033100" lon="14.513361">
        <ele>287.484618</ele>
        <time>2026-08-11T12:15:57.683Z</time>
      </trkpt>
      <trkpt lat="46.032806" lon="14.513987">
        <ele>287.492721</ele>
        <time>2026-08-11T12:16:05.381Z</time>
      </trkpt>
      <trkpt lat="46.032753" lon="14.514099">
        <ele>287.494175</ele>
        <time>2026-08-11T12:16:06.767Z</time>
      </trkpt>
      <trkpt lat="46.032595" lon="14.514445">
        <ele>287.498615</ele>
        <time>2026-08-11T12:16:10.968Z</time>
      </trkpt>
      <trkpt lat="46.032572" lon="14.514492">
        <ele>287.499232</ele>
        <time>2026-08-11T12:16:11.557Z</time>
      </trkpt>
      <trkpt lat="46.031912" lon="14.515907">
        <ele>287.420551</ele>
        <time>2026-08-11T12:16:29.079Z</time>
      </trkpt>
      <trkpt lat="46.031836" lon="14.516070">
        <ele>287.411006</ele>
        <time>2026-08-11T12:16:31.007Z</time>
      </trkpt>
      <trkpt lat="46.031611" lon="14.516559">
        <ele>287.382489</ele>
        <time>2026-08-11T12:16:36.669Z</time>
      </trkpt>
      <trkpt lat="46.030973" lon="14.517931">
        <ele>287.345454</ele>
        <time>2026-08-11T12:16:53.867Z</time>
      </trkpt>
      <trkpt lat="46.030668" lon="14.518597">
        <ele>287.330015</ele>
        <time>2026-08-11T12:17:01.602Z</time>
      </trkpt>
      <trkpt lat="46.030514" lon="14.518927">
        <ele>287.325410</ele>
        <time>2026-08-11T12:17:05.604Z</time>
      </trkpt>
      <trkpt lat="46.030409" lon="14.519154">
        <ele>287.330351</ele>
        <time>2026-08-11T12:17:08.528Z</time>
      </trkpt>
      <trkpt lat="46.030240" lon="14.519519">
        <ele>287.338297</ele>
        <time>2026-08-11T12:17:13.392Z</time>
      </trkpt>
      <trkpt lat="46.030149" lon="14.519714">
        <ele>287.342553</ele>
        <time>2026-08-11T12:17:15.917Z</time>
      </trkpt>
      <trkpt lat="46.029944" lon="14.520155">
        <ele>287.352166</ele>
        <time>2026-08-11T12:17:21.551Z</time>
      </trkpt>
      <trkpt lat="46.029813" lon="14.520438">
        <ele>287.358327</ele>
        <time>2026-08-11T12:17:25.100Z</time>
      </trkpt>
      <trkpt lat="46.029666" lon="14.520754">
        <ele>287.365217</ele>
        <time>2026-08-11T12:17:28.845Z</time>
      </trkpt>
      <trkpt lat="46.029637" lon="14.520818">
        <ele>287.366601</ele>
        <time>2026-08-11T12:17:29.599Z</time>
      </trkpt>
      <trkpt lat="46.029603" lon="14.520890">
        <ele>287.368178</ele>
        <time>2026-08-11T12:17:30.482Z</time>
      </trkpt>
      <trkpt lat="46.029390" lon="14.521348">
        <ele>287.365639</ele>
        <time>2026-08-11T12:17:36.175Z</time>
      </trkpt>
      <trkpt lat="46.029285" lon="14.521574">
        <ele>287.362140</ele>
        <time>2026-08-11T12:17:38.881Z</time>
      </trkpt>
      <trkpt lat="46.029173" lon="14.521817">
        <ele>287.358387</ele>
        <time>2026-08-11T12:17:41.728Z</time>
      </trkpt>
      <trkpt lat="46.029054" lon="14.522073">
        <ele>287.354423</ele>
        <time>2026-08-11T12:17:44.767Z</time>
      </trkpt>
      <trkpt lat="46.028886" lon="14.522433">
        <ele>287.348841</ele>
        <time>2026-08-11T12:17:49.289Z</time>
      </trkpt>
      <trkpt lat="46.028720" lon="14.522792">
        <ele>287.343291</ele>
        <time>2026-08-11T12:17:53.724Z</time>
      </trkpt>
      <trkpt lat="46.028533" lon="14.523195">
        <ele>287.342925</ele>
        <time>2026-08-11T12:17:58.647Z</time>
      </trkpt>
      <trkpt lat="46.028443" lon="14.523388">
        <ele>287.378766</ele>
        <time>2026-08-11T12:18:01.151Z</time>
      </trkpt>
      <trkpt lat="46.028399" lon="14.523484">
        <ele>287.396499</ele>
        <time>2026-08-11T12:18:02.455Z</time>
      </trkpt>
      <trkpt lat="46.028270" lon="14.523762">
        <ele>287.448046</ele>
        <time>2026-08-11T12:18:06.195Z</time>
      </trkpt>
      <trkpt lat="46.028199" lon="14.523914">
        <ele>287.476288</ele>
        <time>2026-08-11T12:18:08.253Z</time>
      </trkpt>
      <trkpt lat="46.027799" lon="14.524772">
        <ele>287.635610</ele>
        <time>2026-08-11T12:18:19.964Z</time>
      </trkpt>
      <trkpt lat="46.027488" lon="14.525447">
        <ele>287.742074</ele>
        <time>2026-08-11T12:18:28.570Z</time>
      </trkpt>
      <trkpt lat="46.027342" lon="14.525761">
        <ele>287.754902</ele>
        <time>2026-08-11T12:18:32.497Z</time>
      </trkpt>
      <trkpt lat="46.027268" lon="14.525922">
        <ele>287.761456</ele>
        <time>2026-08-11T12:18:34.494Z</time>
      </trkpt>
      <trkpt lat="46.027166" lon="14.526141">
        <ele>287.770408</ele>
        <time>2026-08-11T12:18:37.251Z</time>
      </trkpt>
      <trkpt lat="46.027113" lon="14.526255">
        <ele>287.775065</ele>
        <time>2026-08-11T12:18:38.686Z</time>
      </trkpt>
      <trkpt lat="46.026970" lon="14.526564">
        <ele>287.787671</ele>
        <time>2026-08-11T12:18:42.531Z</time>
      </trkpt>
      <trkpt lat="46.026904" lon="14.526706">
        <ele>287.793471</ele>
        <time>2026-08-11T12:18:44.328Z</time>
      </trkpt>
      <trkpt lat="46.026635" lon="14.527286">
        <ele>287.817148</ele>
        <time>2026-08-11T12:18:51.698Z</time>
      </trkpt>
      <trkpt lat="46.026580" lon="14.527404">
        <ele>287.821973</ele>
        <time>2026-08-11T12:18:53.194Z</time>
      </trkpt>
      <trkpt lat="46.026373" lon="14.527847">
        <ele>287.801708</ele>
        <time>2026-08-11T12:18:58.491Z</time>
      </trkpt>
      <trkpt lat="46.026344" lon="14.527911">
        <ele>287.797789</ele>
        <time>2026-08-11T12:18:59.267Z</time>
      </trkpt>
      <trkpt lat="46.026295" lon="14.527866">
        <ele>287.793496</ele>
        <time>2026-08-11T12:19:01.360Z</time>
      </trkpt>
      <trkpt lat="46.026264" lon="14.527877">
        <ele>287.791138</ele>
        <time>2026-08-11T12:19:01.803Z</time>
      </trkpt>
      <trkpt lat="46.026200" lon="14.527851">
        <ele>287.786227</ele>
        <time>2026-08-11T12:19:02.775Z</time>
      </trkpt>
      <trkpt lat="46.025478" lon="14.527100">
        <ele>287.720448</ele>
        <time>2026-08-11T12:19:15.593Z</time>
      </trkpt>
      <trkpt lat="46.025399" lon="14.527087">
        <ele>287.714575</ele>
        <time>2026-08-11T12:19:16.744Z</time>
      </trkpt>
      <trkpt lat="46.025081" lon="14.526740">
        <ele>287.687338</ele>
        <time>2026-08-11T12:19:22.574Z</time>
      </trkpt>
      <trkpt lat="46.024194" lon="14.525774">
        <ele>287.631914</ele>
        <time>2026-08-11T12:19:38.790Z</time>
      </trkpt>
      <trkpt lat="46.023365" lon="14.524881">
        <ele>287.592603</ele>
        <time>2026-08-11T12:19:54.068Z</time>
      </trkpt>
      <trkpt lat="46.023330" lon="14.524841">
        <ele>287.591620</ele>
        <time>2026-08-11T12:19:54.738Z</time>
      </trkpt>
      <trkpt lat="46.022951" lon="14.524425">
        <ele>287.581129</ele>
        <time>2026-08-11T12:20:01.908Z</time>
      </trkpt>
      <trkpt lat="46.022714" lon="14.524171">
        <ele>287.574626</ele>
        <time>2026-08-11T12:20:06.422Z</time>
      </trkpt>
      <trkpt lat="46.021479" lon="14.522830">
        <ele>287.370737</ele>
        <time>2026-08-11T12:20:28.986Z</time>
      </trkpt>
      <trkpt lat="46.021390" lon="14.522733">
        <ele>287.349440</ele>
        <time>2026-08-11T12:20:30.467Z</time>
      </trkpt>
      <trkpt lat="46.021349" lon="14.522689">
        <ele>287.339683</ele>
        <time>2026-08-11T12:20:31.151Z</time>
      </trkpt>
      <trkpt lat="46.021122" lon="14.522441">
        <ele>287.285314</ele>
        <time>2026-08-11T12:20:34.958Z</time>
      </trkpt>
      <trkpt lat="46.020987" lon="14.522301">
        <ele>287.253570</ele>
        <time>2026-08-11T12:20:37.195Z</time>
      </trkpt>
      <trkpt lat="46.020812" lon="14.522120">
        <ele>287.222254</ele>
        <time>2026-08-11T12:20:40.098Z</time>
      </trkpt>
      <trkpt lat="46.020704" lon="14.522008">
        <ele>287.232087</ele>
        <time>2026-08-11T12:20:41.914Z</time>
      </trkpt>
      <trkpt lat="46.020354" lon="14.521652">
        <ele>287.263748</ele>
        <time>2026-08-11T12:20:47.929Z</time>
      </trkpt>
      <trkpt lat="46.020231" lon="14.521534">
        <ele>287.274668</ele>
        <time>2026-08-11T12:20:50.074Z</time>
      </trkpt>
      <trkpt lat="46.020142" lon="14.521465">
        <ele>287.282136</ele>
        <time>2026-08-11T12:20:51.546Z</time>
      </trkpt>
      <trkpt lat="46.019320" lon="14.520785">
        <ele>287.352178</ele>
        <time>2026-08-11T12:21:06.992Z</time>
      </trkpt>
      <trkpt lat="46.018475" lon="14.520095">
        <ele>287.407907</ele>
        <time>2026-08-11T12:21:22.403Z</time>
      </trkpt>
      <trkpt lat="46.017867" lon="14.519596">
        <ele>287.448017</ele>
        <time>2026-08-11T12:21:32.404Z</time>
      </trkpt>
      <trkpt lat="46.017494" lon="14.519216">
        <ele>287.410443</ele>
        <time>2026-08-11T12:21:38.774Z</time>
      </trkpt>
      <trkpt lat="46.017479" lon="14.519201">
        <ele>287.407920</ele>
        <time>2026-08-11T12:21:39.027Z</time>
      </trkpt>
      <trkpt lat="46.017268" lon="14.518926">
        <ele>287.368616</ele>
        <time>2026-08-11T12:21:42.998Z</time>
      </trkpt>
      <trkpt lat="46.017255" lon="14.518906">
        <ele>287.365988</ele>
        <time>2026-08-11T12:21:43.269Z</time>
      </trkpt>
      <trkpt lat="46.017192" lon="14.518808">
        <ele>287.353180</ele>
        <time>2026-08-11T12:21:44.578Z</time>
      </trkpt>
      <trkpt lat="46.017097" lon="14.518657">
        <ele>287.333638</ele>
        <time>2026-08-11T12:21:46.571Z</time>
      </trkpt>
      <trkpt lat="46.017056" lon="14.518591">
        <ele>287.325145</ele>
        <time>2026-08-11T12:21:47.446Z</time>
      </trkpt>
      <trkpt lat="46.016951" lon="14.518405">
        <ele>287.302155</ele>
        <time>2026-08-11T12:21:49.826Z</time>
      </trkpt>
      <trkpt lat="46.016699" lon="14.517922">
        <ele>287.244213</ele>
        <time>2026-08-11T12:21:55.975Z</time>
      </trkpt>
      <trkpt lat="46.015910" lon="14.515949">
        <ele>287.284032</ele>
        <time>2026-08-11T12:22:19.177Z</time>
      </trkpt>
      <trkpt lat="46.015782" lon="14.515582">
        <ele>287.300754</ele>
        <time>2026-08-11T12:22:23.569Z</time>
      </trkpt>
      <trkpt lat="46.015551" lon="14.515025">
        <ele>287.407587</ele>
        <time>2026-08-11T12:22:30.724Z</time>
      </trkpt>
      <trkpt lat="46.014804" lon="14.513202">
        <ele>287.967716</ele>
        <time>2026-08-11T12:22:55.526Z</time>
      </trkpt>
      <trkpt lat="46.014733" lon="14.513037">
        <ele>287.998109</ele>
        <time>2026-08-11T12:22:57.674Z</time>
      </trkpt>
      <trkpt lat="46.014603" lon="14.512740">
        <ele>287.998957</ele>
        <time>2026-08-11T12:23:01.281Z</time>
      </trkpt>
      <trkpt lat="46.014455" lon="14.512385">
        <ele>287.999957</ele>
        <time>2026-08-11T12:23:05.454Z</time>
      </trkpt>
      <trkpt lat="46.014429" lon="14.512318">
        <ele>288.000142</ele>
        <time>2026-08-11T12:23:06.234Z</time>
      </trkpt>
      <trkpt lat="46.014382" lon="14.512192">
        <ele>288.000488</ele>
        <time>2026-08-11T12:23:07.663Z</time>
      </trkpt>
      <trkpt lat="46.014279" lon="14.512227">
        <ele>288.000856</ele>
        <time>2026-08-11T12:23:09.196Z</time>
      </trkpt>
      <trkpt lat="46.014038" lon="14.512302">
        <ele>288.001713</ele>
        <time>2026-08-11T12:23:12.720Z</time>
      </trkpt>
      <trkpt lat="46.013990" lon="14.512317">
        <ele>288.001884</ele>
        <time>2026-08-11T12:23:13.426Z</time>
      </trkpt>
      <trkpt lat="46.013879" lon="14.512342">
        <ele>288.002274</ele>
        <time>2026-08-11T12:23:15.020Z</time>
      </trkpt>
      <trkpt lat="46.013796" lon="14.512361">
        <ele>288.002567</ele>
        <time>2026-08-11T12:23:16.215Z</time>
      </trkpt>
      <trkpt lat="46.013787" lon="14.512306">
        <ele>288.002703</ele>
        <time>2026-08-11T12:23:20.573Z</time>
      </trkpt>
      <trkpt lat="46.011260" lon="14.513121">
        <ele>287.997548</ele>
        <time>2026-08-11T12:23:58.959Z</time>
      </trkpt>
      <trkpt lat="46.010997" lon="14.513205">
        <ele>288.011824</ele>
        <time>2026-08-11T12:24:02.778Z</time>
      </trkpt>
      <trkpt lat="46.010673" lon="14.513309">
        <ele>288.029416</ele>
        <time>2026-08-11T12:24:07.660Z</time>
      </trkpt>
      <trkpt lat="46.010409" lon="14.513392">
        <ele>288.043736</ele>
        <time>2026-08-11T12:24:11.707Z</time>
      </trkpt>
      <trkpt lat="46.009680" lon="14.513622">
        <ele>288.079370</ele>
        <time>2026-08-11T12:24:23.511Z</time>
      </trkpt>
      <trkpt lat="46.009179" lon="14.513782">
        <ele>288.095893</ele>
        <time>2026-08-11T12:24:32.026Z</time>
      </trkpt>
      <trkpt lat="46.008700" lon="14.513932">
        <ele>288.111676</ele>
        <time>2026-08-11T12:24:39.452Z</time>
      </trkpt>
      <trkpt lat="46.007566" lon="14.514296">
        <ele>288.089936</ele>
        <time>2026-08-11T12:24:55.255Z</time>
      </trkpt>
      <trkpt lat="46.007512" lon="14.514313">
        <ele>288.085823</ele>
        <time>2026-08-11T12:24:56.008Z</time>
      </trkpt>
      <trkpt lat="46.007171" lon="14.514421">
        <ele>288.059841</ele>
        <time>2026-08-11T12:25:00.896Z</time>
      </trkpt>
      <trkpt lat="46.005507" lon="14.514951">
        <ele>287.997696</ele>
        <time>2026-08-11T12:25:27.509Z</time>
      </trkpt>
      <trkpt lat="46.005054" lon="14.515095">
        <ele>287.997867</ele>
        <time>2026-08-11T12:25:34.184Z</time>
      </trkpt>
      <trkpt lat="46.004365" lon="14.515317">
        <ele>287.985167</ele>
        <time>2026-08-11T12:25:43.982Z</time>
      </trkpt>
      <trkpt lat="46.004308" lon="14.515334">
        <ele>287.981994</ele>
        <time>2026-08-11T12:25:44.774Z</time>
      </trkpt>
      <trkpt lat="46.001633" lon="14.516187">
        <ele>287.880321</ele>
        <time>2026-08-11T12:26:25.254Z</time>
      </trkpt>
      <trkpt lat="46.000806" lon="14.516449">
        <ele>287.794757</ele>
        <time>2026-08-11T12:26:38.087Z</time>
      </trkpt>
      <trkpt lat="45.999728" lon="14.516792">
        <ele>287.496644</ele>
        <time>2026-08-11T12:26:53.281Z</time>
      </trkpt>
      <trkpt lat="45.999419" lon="14.516892">
        <ele>287.411124</ele>
        <time>2026-08-11T12:26:57.472Z</time>
      </trkpt>
      <trkpt lat="45.999307" lon="14.516929">
        <ele>287.382283</ele>
        <time>2026-08-11T12:26:58.997Z</time>
      </trkpt>
      <trkpt lat="45.999096" lon="14.516992">
        <ele>287.346895</ele>
        <time>2026-08-11T12:27:01.851Z</time>
      </trkpt>
      <trkpt lat="45.998745" lon="14.517103">
        <ele>287.287880</ele>
        <time>2026-08-11T12:27:06.642Z</time>
      </trkpt>
      <trkpt lat="45.998735" lon="14.517041">
        <ele>287.280619</ele>
        <time>2026-08-11T12:27:07.465Z</time>
      </trkpt>
      <trkpt lat="45.998539" lon="14.516829">
        <ele>287.240359</ele>
        <time>2026-08-11T12:27:12.060Z</time>
      </trkpt>
      <trkpt lat="45.995277" lon="14.513576">
        <ele>286.692437</ele>
        <time>2026-08-11T12:28:09.938Z</time>
      </trkpt>
      <trkpt lat="45.995012" lon="14.513312">
        <ele>286.666136</ele>
        <time>2026-08-11T12:28:14.514Z</time>
      </trkpt>
      <trkpt lat="45.994782" lon="14.513086">
        <ele>286.647629</ele>
        <time>2026-08-11T12:28:18.477Z</time>
      </trkpt>
      <trkpt lat="45.989636" lon="14.507961">
        <ele>286.685148</ele>
        <time>2026-08-11T12:29:51.265Z</time>
      </trkpt>
      <trkpt lat="45.988355" lon="14.506681">
        <ele>286.740269</ele>
        <time>2026-08-11T12:30:15.389Z</time>
      </trkpt>
      <trkpt lat="45.988170" lon="14.506538">
        <ele>286.732176</ele>
        <time>2026-08-11T12:30:18.417Z</time>
      </trkpt>
      <trkpt lat="45.987766" lon="14.506481">
        <ele>286.716532</ele>
        <time>2026-08-11T12:30:24.162Z</time>
      </trkpt>
      <trkpt lat="45.986330" lon="14.506300">
        <ele>286.598087</ele>
        <time>2026-08-11T12:30:44.525Z</time>
      </trkpt>
      <trkpt lat="45.985846" lon="14.506123">
        <ele>286.545411</ele>
        <time>2026-08-11T12:30:51.931Z</time>
      </trkpt>
      <trkpt lat="45.985458" lon="14.505907">
        <ele>286.512530</ele>
        <time>2026-08-11T12:30:58.148Z</time>
      </trkpt>
      <trkpt lat="45.985093" lon="14.505746">
        <ele>286.546958</ele>
        <time>2026-08-11T12:31:03.869Z</time>
      </trkpt>
      <trkpt lat="45.981932" lon="14.504962">
        <ele>286.901947</ele>
        <time>2026-08-11T12:31:52.653Z</time>
      </trkpt>
      <trkpt lat="45.981601" lon="14.504860">
        <ele>286.986024</ele>
        <time>2026-08-11T12:31:57.930Z</time>
      </trkpt>
      <trkpt lat="45.981350" lon="14.504732">
        <ele>287.052166</ele>
        <time>2026-08-11T12:32:02.132Z</time>
      </trkpt>
      <trkpt lat="45.981130" lon="14.504565">
        <ele>287.113945</ele>
        <time>2026-08-11T12:32:06.080Z</time>
      </trkpt>
      <trkpt lat="45.980028" lon="14.503452">
        <ele>287.524238</ele>
        <time>2026-08-11T12:32:27.946Z</time>
      </trkpt>
      <trkpt lat="45.978233" lon="14.501988">
        <ele>288.318245</ele>
        <time>2026-08-11T12:33:01.981Z</time>
      </trkpt>
      <trkpt lat="45.977742" lon="14.501306">
        <ele>288.539111</ele>
        <time>2026-08-11T12:33:13.046Z</time>
      </trkpt>
      <trkpt lat="45.977183" lon="14.500804">
        <ele>288.753373</ele>
        <time>2026-08-11T12:33:23.265Z</time>
      </trkpt>
      <trkpt lat="45.977068" lon="14.500660">
        <ele>288.803306</ele>
        <time>2026-08-11T12:33:25.623Z</time>
      </trkpt>
      <trkpt lat="45.976988" lon="14.500523">
        <ele>288.844038</ele>
        <time>2026-08-11T12:33:27.569Z</time>
      </trkpt>
      <trkpt lat="45.976916" lon="14.500333">
        <ele>288.893299</ele>
        <time>2026-08-11T12:33:29.948Z</time>
      </trkpt>
      <trkpt lat="45.976797" lon="14.499887">
        <ele>289.002047</ele>
        <time>2026-08-11T12:33:35.220Z</time>
      </trkpt>
      <trkpt lat="45.976724" lon="14.499784">
        <ele>289.035535</ele>
        <time>2026-08-11T12:33:36.843Z</time>
      </trkpt>
      <trkpt lat="45.976634" lon="14.499728">
        <ele>289.067652</ele>
        <time>2026-08-11T12:33:38.403Z</time>
      </trkpt>
      <trkpt lat="45.976467" lon="14.499745">
        <ele>289.122489</ele>
        <time>2026-08-11T12:33:41.094Z</time>
      </trkpt>
      <trkpt lat="45.976078" lon="14.499881">
        <ele>289.253612</ele>
        <time>2026-08-11T12:33:47.625Z</time>
      </trkpt>
      <trkpt lat="45.975371" lon="14.500343">
        <ele>289.832701</ele>
        <time>2026-08-11T12:34:01.228Z</time>
      </trkpt>
      <trkpt lat="45.975141" lon="14.500423">
        <ele>290.011064</ele>
        <time>2026-08-11T12:34:05.554Z</time>
      </trkpt>
      <trkpt lat="45.974654" lon="14.500523">
        <ele>290.381873</ele>
        <time>2026-08-11T12:34:14.623Z</time>
      </trkpt>
      <trkpt lat="45.974114" lon="14.500720">
        <ele>290.788256</ele>
        <time>2026-08-11T12:34:25.074Z</time>
      </trkpt>
      <trkpt lat="45.973022" lon="14.501129">
        <ele>291.577447</ele>
        <time>2026-08-11T12:34:45.227Z</time>
      </trkpt>
      <trkpt lat="45.972687" lon="14.501207">
        <ele>291.814792</ele>
        <time>2026-08-11T12:34:50.733Z</time>
      </trkpt>
      <trkpt lat="45.972573" lon="14.501203">
        <ele>291.886627</ele>
        <time>2026-08-11T12:34:52.608Z</time>
      </trkpt>
      <trkpt lat="45.972223" lon="14.500318">
        <ele>292.206703</ele>
        <time>2026-08-11T12:35:04.297Z</time>
      </trkpt>
      <trkpt lat="45.972195" lon="14.500034">
        <ele>292.296870</ele>
        <time>2026-08-11T12:35:07.675Z</time>
      </trkpt>
      <trkpt lat="45.972237" lon="14.499248">
        <ele>292.544671</ele>
        <time>2026-08-11T12:35:17.024Z</time>
      </trkpt>
      <trkpt lat="45.972224" lon="14.499151">
        <ele>292.575724</ele>
        <time>2026-08-11T12:35:18.192Z</time>
      </trkpt>
      <trkpt lat="45.972164" lon="14.498913">
        <ele>292.655306</ele>
        <time>2026-08-11T12:35:21.143Z</time>
      </trkpt>
      <trkpt lat="45.971914" lon="14.498335">
        <ele>292.645959</ele>
        <time>2026-08-11T12:35:28.859Z</time>
      </trkpt>
      <trkpt lat="45.971911" lon="14.498325">
        <ele>292.645219</ele>
        <time>2026-08-11T12:35:28.976Z</time>
      </trkpt>
      <trkpt lat="45.971822" lon="14.498089">
        <ele>292.626991</ele>
        <time>2026-08-11T12:35:31.774Z</time>
      </trkpt>
      <trkpt lat="45.971776" lon="14.497846">
        <ele>292.609893</ele>
        <time>2026-08-11T12:35:34.270Z</time>
      </trkpt>
      <trkpt lat="45.971707" lon="14.497074">
        <ele>292.557050</ele>
        <time>2026-08-11T12:35:41.663Z</time>
      </trkpt>
      <trkpt lat="45.971655" lon="14.496739">
        <ele>292.533747</ele>
        <time>2026-08-11T12:35:44.773Z</time>
      </trkpt>
      <trkpt lat="45.971550" lon="14.496383">
        <ele>292.514332</ele>
        <time>2026-08-11T12:35:48.318Z</time>
      </trkpt>
      <trkpt lat="45.971140" lon="14.495466">
        <ele>292.647563</ele>
        <time>2026-08-11T12:35:59.227Z</time>
      </trkpt>
      <trkpt lat="45.970657" lon="14.494275">
        <ele>292.816054</ele>
        <time>2026-08-11T12:36:15.291Z</time>
      </trkpt>
      <trkpt lat="45.969961" lon="14.492897">
        <ele>293.337397</ele>
        <time>2026-08-11T12:36:35.340Z</time>
      </trkpt>
      <trkpt lat="45.969625" lon="14.492338">
        <ele>293.570514</ele>
        <time>2026-08-11T12:36:43.488Z</time>
      </trkpt>
      <trkpt lat="45.969317" lon="14.491571">
        <ele>293.818940</ele>
        <time>2026-08-11T12:36:53.402Z</time>
      </trkpt>
      <trkpt lat="45.969017" lon="14.490926">
        <ele>294.027187</ele>
        <time>2026-08-11T12:37:02.360Z</time>
      </trkpt>
      <trkpt lat="45.968415" lon="14.489213">
        <ele>294.246199</ele>
        <time>2026-08-11T12:37:24.597Z</time>
      </trkpt>
      <trkpt lat="45.968266" lon="14.488497">
        <ele>294.157741</ele>
        <time>2026-08-11T12:37:31.939Z</time>
      </trkpt>
      <trkpt lat="45.968152" lon="14.487326">
        <ele>293.996014</ele>
        <time>2026-08-11T12:37:42.646Z</time>
      </trkpt>
      <trkpt lat="45.968198" lon="14.487059">
        <ele>293.907808</ele>
        <time>2026-08-11T12:37:45.062Z</time>
      </trkpt>
      <trkpt lat="45.968314" lon="14.486787">
        <ele>293.805481</ele>
        <time>2026-08-11T12:37:47.866Z</time>
      </trkpt>
      <trkpt lat="45.968460" lon="14.486553">
        <ele>293.704651</ele>
        <time>2026-08-11T12:37:50.670Z</time>
      </trkpt>
      <trkpt lat="45.968544" lon="14.486335">
        <ele>293.624725</ele>
        <time>2026-08-11T12:37:52.916Z</time>
      </trkpt>
      <trkpt lat="45.968648" lon="14.485842">
        <ele>293.459523</ele>
        <time>2026-08-11T12:37:57.722Z</time>
      </trkpt>
      <trkpt lat="45.968707" lon="14.484913">
        <ele>293.215747</ele>
        <time>2026-08-11T12:38:06.793Z</time>
      </trkpt>
      <trkpt lat="45.968882" lon="14.483487">
        <ele>293.388104</ele>
        <time>2026-08-11T12:38:21.979Z</time>
      </trkpt>
      <trkpt lat="45.968904" lon="14.483138">
        <ele>293.429815</ele>
        <time>2026-08-11T12:38:25.853Z</time>
      </trkpt>
      <trkpt lat="45.968866" lon="14.482686">
        <ele>293.484007</ele>
        <time>2026-08-11T12:38:30.922Z</time>
      </trkpt>
      <trkpt lat="45.968576" lon="14.481402">
        <ele>293.714502</ele>
        <time>2026-08-11T12:38:46.782Z</time>
      </trkpt>
      <trkpt lat="45.968523" lon="14.480856">
        <ele>293.813818</ele>
        <time>2026-08-11T12:38:52.891Z</time>
      </trkpt>
      <trkpt lat="45.968511" lon="14.480698">
        <ele>293.842451</ele>
        <time>2026-08-11T12:38:54.622Z</time>
      </trkpt>
      <trkpt lat="45.968503" lon="14.480610">
        <ele>293.858439</ele>
        <time>2026-08-11T12:38:55.567Z</time>
      </trkpt>
      <trkpt lat="45.968486" lon="14.480343">
        <ele>293.906740</ele>
        <time>2026-08-11T12:38:58.397Z</time>
      </trkpt>
      <trkpt lat="45.968483" lon="14.480286">
        <ele>293.917038</ele>
        <time>2026-08-11T12:38:59.001Z</time>
      </trkpt>
      <trkpt lat="45.968425" lon="14.479421">
        <ele>293.943514</ele>
        <time>2026-08-11T12:39:07.889Z</time>
      </trkpt>
      <trkpt lat="45.968260" lon="14.478339">
        <ele>293.879884</ele>
        <time>2026-08-11T12:39:18.695Z</time>
      </trkpt>
      <trkpt lat="45.968143" lon="14.477308">
        <ele>293.838982</ele>
        <time>2026-08-11T12:39:29.350Z</time>
      </trkpt>
      <trkpt lat="45.968054" lon="14.476852">
        <ele>293.892495</ele>
        <time>2026-08-11T12:39:34.367Z</time>
      </trkpt>
      <trkpt lat="45.967840" lon="14.476017">
        <ele>293.993044</ele>
        <time>2026-08-11T12:39:44.034Z</time>
      </trkpt>
      <trkpt lat="45.967735" lon="14.475708">
        <ele>294.031905</ele>
        <time>2026-08-11T12:39:47.744Z</time>
      </trkpt>
      <trkpt lat="45.967263" lon="14.474807">
        <ele>294.591808</ele>
        <time>2026-08-11T12:39:59.955Z</time>
      </trkpt>
      <trkpt lat="45.967077" lon="14.474292">
        <ele>295.354254</ele>
        <time>2026-08-11T12:40:06.422Z</time>
      </trkpt>
      <trkpt lat="45.966880" lon="14.473575">
        <ele>296.367113</ele>
        <time>2026-08-11T12:40:16.274Z</time>
      </trkpt>
      <trkpt lat="45.966867" lon="14.473239">
        <ele>296.809207</ele>
        <time>2026-08-11T12:40:22.188Z</time>
      </trkpt>
      <trkpt lat="45.966858" lon="14.472921">
        <ele>297.227317</ele>
        <time>2026-08-11T12:40:29.586Z</time>
      </trkpt>
      <trkpt lat="45.966829" lon="14.472800">
        <ele>297.395462</ele>
        <time>2026-08-11T12:40:32.656Z</time>
      </trkpt>
      <trkpt lat="45.966499" lon="14.472087">
        <ele>300.138434</ele>
        <time>2026-08-11T12:40:54.313Z</time>
      </trkpt>
      <trkpt lat="45.966481" lon="14.471846">
        <ele>300.970633</ele>
        <time>2026-08-11T12:41:01.091Z</time>
      </trkpt>
      <trkpt lat="45.966590" lon="14.471645">
        <ele>301.845917</ele>
        <time>2026-08-11T12:41:08.416Z</time>
      </trkpt>
      <trkpt lat="45.966919" lon="14.471342">
        <ele>303.775466</ele>
        <time>2026-08-11T12:41:24.068Z</time>
      </trkpt>
      <trkpt lat="45.967468" lon="14.470888">
        <ele>306.368971</ele>
        <time>2026-08-11T12:41:45.602Z</time>
      </trkpt>
      <trkpt lat="45.967694" lon="14.470706">
        <ele>306.283014</ele>
        <time>2026-08-11T12:41:50.537Z</time>
      </trkpt>
      <trkpt lat="45.967865" lon="14.470569">
        <ele>306.218055</ele>
        <time>2026-08-11T12:41:53.722Z</time>
      </trkpt>
      <trkpt lat="45.969148" lon="14.469658">
        <ele>305.609162</ele>
        <time>2026-08-11T12:42:09.649Z</time>
      </trkpt>
      <trkpt lat="45.969500" lon="14.469458">
        <ele>305.213978</ele>
        <time>2026-08-11T12:42:13.838Z</time>
      </trkpt>
      <trkpt lat="45.970520" lon="14.469054">
        <ele>304.109268</ele>
        <time>2026-08-11T12:42:28.230Z</time>
      </trkpt>
      <trkpt lat="45.970985" lon="14.468805">
        <ele>303.010578</ele>
        <time>2026-08-11T12:42:34.884Z</time>
      </trkpt>
      <trkpt lat="45.971795" lon="14.468565">
        <ele>300.656338</ele>
        <time>2026-08-11T12:42:43.103Z</time>
      </trkpt>
      <trkpt lat="45.972001" lon="14.468460">
        <ele>300.034202</ele>
        <time>2026-08-11T12:42:45.207Z</time>
      </trkpt>
      <trkpt lat="45.972343" lon="14.468310">
        <ele>299.016390</ele>
        <time>2026-08-11T12:42:48.673Z</time>
      </trkpt>
      <trkpt lat="45.972558" lon="14.468245">
        <ele>298.656513</ele>
        <time>2026-08-11T12:42:50.913Z</time>
      </trkpt>
      <trkpt lat="45.972902" lon="14.468063">
        <ele>298.278686</ele>
        <time>2026-08-11T12:42:54.720Z</time>
      </trkpt>
      <trkpt lat="45.973534" lon="14.467495">
        <ele>297.510539</ele>
        <time>2026-08-11T12:43:04.410Z</time>
      </trkpt>
      <trkpt lat="45.974974" lon="14.466125">
        <ele>298.010784</ele>
        <time>2026-08-11T12:43:34.273Z</time>
      </trkpt>
      <trkpt lat="45.975274" lon="14.465790">
        <ele>298.349557</ele>
        <time>2026-08-11T12:43:42.243Z</time>
      </trkpt>
      <trkpt lat="45.975512" lon="14.465387">
        <ele>298.730736</ele>
        <time>2026-08-11T12:43:49.743Z</time>
      </trkpt>
      <trkpt lat="45.975653" lon="14.464899">
        <ele>299.204242</ele>
        <time>2026-08-11T12:43:57.552Z</time>
      </trkpt>
      <trkpt lat="45.975829" lon="14.464057">
        <ele>299.992015</ele>
        <time>2026-08-11T12:44:10.452Z</time>
      </trkpt>
      <trkpt lat="45.975902" lon="14.463586">
        <ele>300.424372</ele>
        <time>2026-08-11T12:44:16.657Z</time>
      </trkpt>
      <trkpt lat="45.975882" lon="14.462506">
        <ele>301.224492</ele>
        <time>2026-08-11T12:44:30.093Z</time>
      </trkpt>
      <trkpt lat="45.975938" lon="14.460774">
        <ele>302.272441</ele>
        <time>2026-08-11T12:44:52.860Z</time>
      </trkpt>
      <trkpt lat="45.975931" lon="14.460196">
        <ele>302.458361</ele>
        <time>2026-08-11T12:44:59.956Z</time>
      </trkpt>
      <trkpt lat="45.975896" lon="14.459758">
        <ele>302.484221</ele>
        <time>2026-08-11T12:45:05.047Z</time>
      </trkpt>
      <trkpt lat="45.975876" lon="14.459186">
        <ele>302.517814</ele>
        <time>2026-08-11T12:45:10.957Z</time>
      </trkpt>
      <trkpt lat="45.975923" lon="14.458566">
        <ele>302.554395</ele>
        <time>2026-08-11T12:45:17.297Z</time>
      </trkpt>
      <trkpt lat="45.976010" lon="14.458212">
        <ele>302.576419</ele>
        <time>2026-08-11T12:45:21.415Z</time>
      </trkpt>
      <trkpt lat="45.976224" lon="14.457660">
        <ele>302.244987</ele>
        <time>2026-08-11T12:45:27.367Z</time>
      </trkpt>
      <trkpt lat="45.976576" lon="14.456969">
        <ele>301.409073</ele>
        <time>2026-08-11T12:45:34.329Z</time>
      </trkpt>
      <trkpt lat="45.976650" lon="14.456644">
        <ele>301.075395</ele>
        <time>2026-08-11T12:45:37.005Z</time>
      </trkpt>
      <trkpt lat="45.976750" lon="14.455756">
        <ele>300.197700</ele>
        <time>2026-08-11T12:45:43.942Z</time>
      </trkpt>
      <trkpt lat="45.976719" lon="14.455458">
        <ele>300.008996</ele>
        <time>2026-08-11T12:45:46.140Z</time>
      </trkpt>
      <trkpt lat="45.976682" lon="14.455314">
        <ele>299.955544</ele>
        <time>2026-08-11T12:45:47.261Z</time>
      </trkpt>
      <trkpt lat="45.976409" lon="14.454625">
        <ele>299.679409</ele>
        <time>2026-08-11T12:45:53.547Z</time>
      </trkpt>
      <trkpt lat="45.976272" lon="14.454212">
        <ele>299.520076</ele>
        <time>2026-08-11T12:45:58.186Z</time>
      </trkpt>
      <trkpt lat="45.976051" lon="14.453432">
        <ele>299.226804</ele>
        <time>2026-08-11T12:46:08.935Z</time>
      </trkpt>
      <trkpt lat="45.975941" lon="14.453157">
        <ele>299.093392</ele>
        <time>2026-08-11T12:46:13.032Z</time>
      </trkpt>
      <trkpt lat="45.975700" lon="14.452734">
        <ele>298.815551</ele>
        <time>2026-08-11T12:46:19.858Z</time>
      </trkpt>
      <trkpt lat="45.975611" lon="14.452522">
        <ele>298.689741</ele>
        <time>2026-08-11T12:46:22.589Z</time>
      </trkpt>
      <trkpt lat="45.975562" lon="14.452299">
        <ele>298.570940</ele>
        <time>2026-08-11T12:46:24.866Z</time>
      </trkpt>
      <trkpt lat="45.975508" lon="14.451905">
        <ele>298.366950</ele>
        <time>2026-08-11T12:46:28.406Z</time>
      </trkpt>
      <trkpt lat="45.975478" lon="14.450952">
        <ele>297.882369</ele>
        <time>2026-08-11T12:46:35.621Z</time>
      </trkpt>
      <trkpt lat="45.975522" lon="14.448695">
        <ele>295.300676</ele>
        <time>2026-08-11T12:46:52.494Z</time>
      </trkpt>
      <trkpt lat="45.975492" lon="14.448458">
        <ele>295.021018</ele>
        <time>2026-08-11T12:46:54.618Z</time>
      </trkpt>
      <trkpt lat="45.975415" lon="14.448155">
        <ele>294.965923</ele>
        <time>2026-08-11T12:46:58.054Z</time>
      </trkpt>
      <trkpt lat="45.975316" lon="14.447981">
        <ele>295.120429</ele>
        <time>2026-08-11T12:47:00.976Z</time>
      </trkpt>
      <trkpt lat="45.974995" lon="14.447569">
        <ele>295.545686</ele>
        <time>2026-08-11T12:47:10.201Z</time>
      </trkpt>
      <trkpt lat="45.974512" lon="14.446978">
        <ele>296.172508</ele>
        <time>2026-08-11T12:47:24.270Z</time>
      </trkpt>
      <trkpt lat="45.974342" lon="14.446731">
        <ele>296.411356</ele>
        <time>2026-08-11T12:47:28.770Z</time>
      </trkpt>
      <trkpt lat="45.974231" lon="14.446541">
        <ele>296.581899</ele>
        <time>2026-08-11T12:47:32.027Z</time>
      </trkpt>
      <trkpt lat="45.974145" lon="14.446121">
        <ele>296.636343</ele>
        <time>2026-08-11T12:47:37.690Z</time>
      </trkpt>
      <trkpt lat="45.974167" lon="14.445436">
        <ele>296.656437</ele>
        <time>2026-08-11T12:47:44.135Z</time>
      </trkpt>
      <trkpt lat="45.974146" lon="14.445257">
        <ele>296.661757</ele>
        <time>2026-08-11T12:47:45.655Z</time>
      </trkpt>
      <trkpt lat="45.974091" lon="14.445068">
        <ele>296.667761</ele>
        <time>2026-08-11T12:47:47.328Z</time>
      </trkpt>
      <trkpt lat="45.973915" lon="14.444742">
        <ele>296.679858</ele>
        <time>2026-08-11T12:47:50.833Z</time>
      </trkpt>
      <trkpt lat="45.973532" lon="14.444129">
        <ele>296.772445</ele>
        <time>2026-08-11T12:47:59.679Z</time>
      </trkpt>
      <trkpt lat="45.973375" lon="14.443921">
        <ele>297.000745</ele>
        <time>2026-08-11T12:48:04.279Z</time>
      </trkpt>
      <trkpt lat="45.972524" lon="14.443234">
        <ele>298.044596</ele>
        <time>2026-08-11T12:48:26.388Z</time>
      </trkpt>
      <trkpt lat="45.972035" lon="14.442950">
        <ele>298.608709</ele>
        <time>2026-08-11T12:48:35.454Z</time>
      </trkpt>
      <trkpt lat="45.971860" lon="14.442815">
        <ele>298.741741</ele>
        <time>2026-08-11T12:48:37.955Z</time>
      </trkpt>
      <trkpt lat="45.971762" lon="14.442631">
        <ele>298.844225</ele>
        <time>2026-08-11T12:48:40.058Z</time>
      </trkpt>
      <trkpt lat="45.971714" lon="14.442464">
        <ele>298.924120</ele>
        <time>2026-08-11T12:48:41.753Z</time>
      </trkpt>
      <trkpt lat="45.971704" lon="14.442302">
        <ele>298.996022</ele>
        <time>2026-08-11T12:48:43.370Z</time>
      </trkpt>
      <trkpt lat="45.971726" lon="14.442136">
        <ele>299.070732</ele>
        <time>2026-08-11T12:48:45.050Z</time>
      </trkpt>
      <trkpt lat="45.971875" lon="14.441611">
        <ele>299.321438</ele>
        <time>2026-08-11T12:48:51.589Z</time>
      </trkpt>
      <trkpt lat="45.971869" lon="14.441368">
        <ele>299.428935</ele>
        <time>2026-08-11T12:48:54.807Z</time>
      </trkpt>
      <trkpt lat="45.971650" lon="14.440021">
        <ele>299.963134</ele>
        <time>2026-08-11T12:49:14.609Z</time>
      </trkpt>
      <trkpt lat="45.971669" lon="14.439764">
        <ele>300.044780</ele>
        <time>2026-08-11T12:49:19.145Z</time>
      </trkpt>
      <trkpt lat="45.971843" lon="14.439237">
        <ele>300.229094</ele>
        <time>2026-08-11T12:49:27.976Z</time>
      </trkpt>
      <trkpt lat="45.971896" lon="14.438991">
        <ele>300.310455</ele>
        <time>2026-08-11T12:49:30.983Z</time>
      </trkpt>
      <trkpt lat="45.971895" lon="14.438764">
        <ele>300.382168</ele>
        <time>2026-08-11T12:49:33.205Z</time>
      </trkpt>
      <trkpt lat="45.971858" lon="14.438539">
        <ele>300.455209</ele>
        <time>2026-08-11T12:49:35.206Z</time>
      </trkpt>
      <trkpt lat="45.971768" lon="14.438257">
        <ele>300.553239</ele>
        <time>2026-08-11T12:49:37.691Z</time>
      </trkpt>
      <trkpt lat="45.971374" lon="14.436849">
        <ele>298.016282</ele>
        <time>2026-08-11T12:49:48.779Z</time>
      </trkpt>
      <trkpt lat="45.971013" lon="14.435536">
        <ele>295.626573</ele>
        <time>2026-08-11T12:49:58.706Z</time>
      </trkpt>
      <trkpt lat="45.970955" lon="14.435274">
        <ele>295.339146</ele>
        <time>2026-08-11T12:50:00.717Z</time>
      </trkpt>
      <trkpt lat="45.970917" lon="14.434956">
        <ele>295.001861</ele>
        <time>2026-08-11T12:50:03.130Z</time>
      </trkpt>
      <trkpt lat="45.970922" lon="14.434750">
        <ele>294.786396</ele>
        <time>2026-08-11T12:50:04.731Z</time>
      </trkpt>
      <trkpt lat="45.970955" lon="14.434511">
        <ele>294.531685</ele>
        <time>2026-08-11T12:50:06.680Z</time>
      </trkpt>
      <trkpt lat="45.970961" lon="14.434473">
        <ele>294.490951</ele>
        <time>2026-08-11T12:50:06.999Z</time>
      </trkpt>
      <trkpt lat="45.971102" lon="14.433868">
        <ele>293.823932</ele>
        <time>2026-08-11T12:50:12.531Z</time>
      </trkpt>
      <trkpt lat="45.971474" lon="14.432850">
        <ele>293.237528</ele>
        <time>2026-08-11T12:50:23.379Z</time>
      </trkpt>
      <trkpt lat="45.971529" lon="14.432605">
        <ele>293.272178</ele>
        <time>2026-08-11T12:50:25.962Z</time>
      </trkpt>
      <trkpt lat="45.971590" lon="14.431950">
        <ele>293.361117</ele>
        <time>2026-08-11T12:50:32.971Z</time>
      </trkpt>
      <trkpt lat="45.971599" lon="14.431609">
        <ele>293.407043</ele>
        <time>2026-08-11T12:50:36.941Z</time>
      </trkpt>
      <trkpt lat="45.971572" lon="14.431331">
        <ele>293.444820</ele>
        <time>2026-08-11T12:50:40.475Z</time>
      </trkpt>
      <trkpt lat="45.971486" lon="14.430965">
        <ele>293.496816</ele>
        <time>2026-08-11T12:50:45.229Z</time>
      </trkpt>
      <trkpt lat="45.971296" lon="14.430439">
        <ele>293.974332</ele>
        <time>2026-08-11T12:50:52.337Z</time>
      </trkpt>
      <trkpt lat="45.971297" lon="14.430302">
        <ele>294.112948</ele>
        <time>2026-08-11T12:50:54.042Z</time>
      </trkpt>
      <trkpt lat="45.971328" lon="14.430153">
        <ele>294.270306</ele>
        <time>2026-08-11T12:50:55.867Z</time>
      </trkpt>
      <trkpt lat="45.971413" lon="14.429994">
        <ele>294.473254</ele>
        <time>2026-08-11T12:50:58.307Z</time>
      </trkpt>
      <trkpt lat="45.971584" lon="14.429477">
        <ele>295.052531</ele>
        <time>2026-08-11T12:51:05.812Z</time>
      </trkpt>
      <trkpt lat="45.971608" lon="14.429400">
        <ele>295.137910</ele>
        <time>2026-08-11T12:51:07.135Z</time>
      </trkpt>
      <trkpt lat="45.971840" lon="14.428615">
        <ele>296.000940</ele>
        <time>2026-08-11T12:51:22.393Z</time>
      </trkpt>
      <trkpt lat="45.971855" lon="14.428499">
        <ele>296.120315</ele>
        <time>2026-08-11T12:51:24.452Z</time>
      </trkpt>
      <trkpt lat="45.971837" lon="14.428240">
        <ele>296.318540</ele>
        <time>2026-08-11T12:51:28.802Z</time>
      </trkpt>
      <trkpt lat="45.971783" lon="14.428095">
        <ele>296.441589</ele>
        <time>2026-08-11T12:51:31.571Z</time>
      </trkpt>
      <trkpt lat="45.971466" lon="14.427619">
        <ele>296.934704</ele>
        <time>2026-08-11T12:51:41.139Z</time>
      </trkpt>
      <trkpt lat="45.971441" lon="14.427542">
        <ele>296.998275</ele>
        <time>2026-08-11T12:51:42.060Z</time>
      </trkpt>
      <trkpt lat="45.971425" lon="14.427274">
        <ele>297.199477</ele>
        <time>2026-08-11T12:51:45.119Z</time>
      </trkpt>
      <trkpt lat="45.971474" lon="14.427122">
        <ele>297.324807</ele>
        <time>2026-08-11T12:51:47.084Z</time>
      </trkpt>
      <trkpt lat="45.971678" lon="14.426746">
        <ele>297.681602</ele>
        <time>2026-08-11T12:51:53.084Z</time>
      </trkpt>
      <trkpt lat="45.971871" lon="14.426524">
        <ele>297.947532</ele>
        <time>2026-08-11T12:51:56.924Z</time>
      </trkpt>
      <trkpt lat="45.972063" lon="14.426238">
        <ele>298.293755</ele>
        <time>2026-08-11T12:52:00.745Z</time>
      </trkpt>
      <trkpt lat="45.972277" lon="14.425679">
        <ele>298.903954</ele>
        <time>2026-08-11T12:52:08.147Z</time>
      </trkpt>
      <trkpt lat="45.972372" lon="14.425363">
        <ele>299.233147</ele>
        <time>2026-08-11T12:52:12.847Z</time>
      </trkpt>
      <trkpt lat="45.972577" lon="14.424363">
        <ele>300.230004</ele>
        <time>2026-08-11T12:52:33.086Z</time>
      </trkpt>
      <trkpt lat="45.972750" lon="14.422884">
        <ele>298.797572</ele>
        <time>2026-08-11T12:52:49.299Z</time>
      </trkpt>
      <trkpt lat="45.972859" lon="14.422412">
        <ele>298.055999</ele>
        <time>2026-08-11T12:52:52.649Z</time>
      </trkpt>
      <trkpt lat="45.973086" lon="14.421688">
        <ele>296.871772</ele>
        <time>2026-08-11T12:52:57.874Z</time>
      </trkpt>
      <trkpt lat="45.973207" lon="14.421329">
        <ele>296.475620</ele>
        <time>2026-08-11T12:53:00.492Z</time>
      </trkpt>
      <trkpt lat="45.973230" lon="14.421257">
        <ele>296.414945</ele>
        <time>2026-08-11T12:53:01.025Z</time>
      </trkpt>
      <trkpt lat="45.973354" lon="14.420970">
        <ele>296.156187</ele>
        <time>2026-08-11T12:53:03.319Z</time>
      </trkpt>
      <trkpt lat="45.973444" lon="14.420838">
        <ele>296.014598</ele>
        <time>2026-08-11T12:53:04.665Z</time>
      </trkpt>
      <trkpt lat="45.973461" lon="14.420829">
        <ele>295.994641</ele>
        <time>2026-08-11T12:53:04.854Z</time>
      </trkpt>
      <trkpt lat="45.973478" lon="14.420813">
        <ele>295.972260</ele>
        <time>2026-08-11T12:53:05.062Z</time>
      </trkpt>
      <trkpt lat="45.973509" lon="14.420713">
        <ele>295.888419</ele>
        <time>2026-08-11T12:53:05.919Z</time>
      </trkpt>
      <trkpt lat="45.973481" lon="14.420621">
        <ele>295.811517</ele>
        <time>2026-08-11T12:53:06.701Z</time>
      </trkpt>
      <trkpt lat="45.973462" lon="14.420603">
        <ele>295.786454</ele>
        <time>2026-08-11T12:53:06.982Z</time>
      </trkpt>
      <trkpt lat="45.973325" lon="14.420207">
        <ele>295.447748</ele>
        <time>2026-08-11T12:53:11.188Z</time>
      </trkpt>
      <trkpt lat="45.973299" lon="14.420008">
        <ele>295.292705</ele>
        <time>2026-08-11T12:53:13.727Z</time>
      </trkpt>
      <trkpt lat="45.973177" lon="14.419661">
        <ele>294.994944</ele>
        <time>2026-08-11T12:53:19.486Z</time>
      </trkpt>
      <trkpt lat="45.972670" lon="14.418964">
        <ele>295.401954</ele>
        <time>2026-08-11T12:53:35.262Z</time>
      </trkpt>
      <trkpt lat="45.972422" lon="14.418553">
        <ele>296.006355</ele>
        <time>2026-08-11T12:53:43.408Z</time>
      </trkpt>
      <trkpt lat="45.972317" lon="14.418429">
        <ele>296.223391</ele>
        <time>2026-08-11T12:53:46.234Z</time>
      </trkpt>
      <trkpt lat="45.971635" lon="14.417773">
        <ele>297.534125</ele>
        <time>2026-08-11T12:54:02.915Z</time>
      </trkpt>
      <trkpt lat="45.971336" lon="14.417432">
        <ele>298.018464</ele>
        <time>2026-08-11T12:54:11.599Z</time>
      </trkpt>
      <trkpt lat="45.971133" lon="14.417289">
        <ele>298.299692</ele>
        <time>2026-08-11T12:54:16.769Z</time>
      </trkpt>
      <trkpt lat="45.970296" lon="14.416830">
        <ele>299.414200</ele>
        <time>2026-08-11T12:54:34.651Z</time>
      </trkpt>
      <trkpt lat="45.969617" lon="14.416437">
        <ele>299.522152</ele>
        <time>2026-08-11T12:54:47.108Z</time>
      </trkpt>
      <trkpt lat="45.969248" lon="14.416196">
        <ele>299.231710</ele>
        <time>2026-08-11T12:54:52.251Z</time>
      </trkpt>
      <trkpt lat="45.969076" lon="14.416048">
        <ele>299.088070</ele>
        <time>2026-08-11T12:54:54.558Z</time>
      </trkpt>
      <trkpt lat="45.968881" lon="14.415814">
        <ele>298.906079</ele>
        <time>2026-08-11T12:54:57.320Z</time>
      </trkpt>
      <trkpt lat="45.968560" lon="14.415187">
        <ele>298.543848</ele>
        <time>2026-08-11T12:55:03.511Z</time>
      </trkpt>
      <trkpt lat="45.968336" lon="14.414820">
        <ele>299.057562</ele>
        <time>2026-08-11T12:55:07.843Z</time>
      </trkpt>
      <trkpt lat="45.968185" lon="14.414603">
        <ele>299.380526</ele>
        <time>2026-08-11T12:55:10.668Z</time>
      </trkpt>
      <trkpt lat="45.967768" lon="14.413856">
        <ele>300.388252</ele>
        <time>2026-08-11T12:55:23.735Z</time>
      </trkpt>
      <trkpt lat="45.967459" lon="14.413216">
        <ele>301.207877</ele>
        <time>2026-08-11T12:55:39.829Z</time>
      </trkpt>
      <trkpt lat="45.967253" lon="14.413077">
        <ele>302.219586</ele>
        <time>2026-08-11T12:55:48.708Z</time>
      </trkpt>
      <trkpt lat="45.966817" lon="14.412653">
        <ele>304.764398</ele>
        <time>2026-08-11T12:56:06.915Z</time>
      </trkpt>
      <trkpt lat="45.966496" lon="14.412385">
        <ele>306.559079</ele>
        <time>2026-08-11T12:56:19.021Z</time>
      </trkpt>
      <trkpt lat="45.966436" lon="14.412296">
        <ele>306.975813</ele>
        <time>2026-08-11T12:56:21.638Z</time>
      </trkpt>
      <trkpt lat="45.966104" lon="14.411567">
        <ele>309.905209</ele>
        <time>2026-08-11T12:56:41.348Z</time>
      </trkpt>
      <trkpt lat="45.966022" lon="14.411460">
        <ele>310.914284</ele>
        <time>2026-08-11T12:56:45.874Z</time>
      </trkpt>
      <trkpt lat="45.965843" lon="14.411324">
        <ele>312.830528</ele>
        <time>2026-08-11T12:56:54.340Z</time>
      </trkpt>
      <trkpt lat="45.965678" lon="14.411305">
        <ele>314.397460</ele>
        <time>2026-08-11T12:57:01.392Z</time>
      </trkpt>
      <trkpt lat="45.965525" lon="14.411373">
        <ele>315.913339</ele>
        <time>2026-08-11T12:57:08.772Z</time>
      </trkpt>
      <trkpt lat="45.965385" lon="14.411541">
        <ele>317.639125</ele>
        <time>2026-08-11T12:57:18.057Z</time>
      </trkpt>
      <trkpt lat="45.965108" lon="14.412055">
        <ele>321.918649</ele>
        <time>2026-08-11T12:57:44.631Z</time>
      </trkpt>
      <trkpt lat="45.964687" lon="14.412861">
        <ele>328.815011</ele>
        <time>2026-08-11T12:58:29.982Z</time>
      </trkpt>
      <trkpt lat="45.964593" lon="14.413070">
        <ele>330.724976</ele>
        <time>2026-08-11T12:58:41.463Z</time>
      </trkpt>
      <trkpt lat="45.964517" lon="14.413168">
        <ele>331.851521</ele>
        <time>2026-08-11T12:58:47.930Z</time>
      </trkpt>
      <trkpt lat="45.964271" lon="14.413298">
        <ele>334.744272</ele>
        <time>2026-08-11T12:59:04.465Z</time>
      </trkpt>
      <trkpt lat="45.964125" lon="14.413426">
        <ele>336.631492</ele>
        <time>2026-08-11T12:59:14.803Z</time>
      </trkpt>
      <trkpt lat="45.964022" lon="14.413593">
        <ele>338.344494</ele>
        <time>2026-08-11T12:59:23.883Z</time>
      </trkpt>
      <trkpt lat="45.963911" lon="14.413855">
        <ele>340.698680</ele>
        <time>2026-08-11T12:59:35.911Z</time>
      </trkpt>
      <trkpt lat="45.963804" lon="14.414133">
        <ele>343.136834</ele>
        <time>2026-08-11T12:59:47.584Z</time>
      </trkpt>
      <trkpt lat="45.963637" lon="14.414537">
        <ele>346.743279</ele>
        <time>2026-08-11T13:00:04.145Z</time>
      </trkpt>
      <trkpt lat="45.963391" lon="14.415417">
        <ele>353.093293</ele>
        <time>2026-08-11T13:00:42.556Z</time>
      </trkpt>
      <trkpt lat="45.963235" lon="14.415702">
        <ele>355.517812</ele>
        <time>2026-08-11T13:00:57.959Z</time>
      </trkpt>
      <trkpt lat="45.963037" lon="14.415907">
        <ele>357.863392</ele>
        <time>2026-08-11T13:01:11.609Z</time>
      </trkpt>
      <trkpt lat="45.962902" lon="14.416022">
        <ele>359.371932</ele>
        <time>2026-08-11T13:01:19.737Z</time>
      </trkpt>
      <trkpt lat="45.962526" lon="14.416372">
        <ele>363.678046</ele>
        <time>2026-08-11T13:01:41.446Z</time>
      </trkpt>
      <trkpt lat="45.962446" lon="14.416494">
        <ele>364.492561</ele>
        <time>2026-08-11T13:01:46.727Z</time>
      </trkpt>
      <trkpt lat="45.962382" lon="14.416630">
        <ele>365.094923</ele>
        <time>2026-08-11T13:01:51.962Z</time>
      </trkpt>
      <trkpt lat="45.962251" lon="14.417102">
        <ele>366.958968</ele>
        <time>2026-08-11T13:02:07.581Z</time>
      </trkpt>
      <trkpt lat="45.961455" lon="14.417970">
        <ele>372.229137</ele>
        <time>2026-08-11T13:02:39.829Z</time>
      </trkpt>
      <trkpt lat="45.960849" lon="14.418510">
        <ele>374.217719</ele>
        <time>2026-08-11T13:03:00.846Z</time>
      </trkpt>
      <trkpt lat="45.960241" lon="14.418913">
        <ele>375.119468</ele>
        <time>2026-08-11T13:03:16.977Z</time>
      </trkpt>
      <trkpt lat="45.959895" lon="14.419182">
        <ele>375.649252</ele>
        <time>2026-08-11T13:03:23.059Z</time>
      </trkpt>
      <trkpt lat="45.959703" lon="14.419288">
        <ele>375.926274</ele>
        <time>2026-08-11T13:03:25.514Z</time>
      </trkpt>
      <trkpt lat="45.959536" lon="14.419256">
        <ele>375.666721</ele>
        <time>2026-08-11T13:03:27.395Z</time>
      </trkpt>
      <trkpt lat="45.959348" lon="14.419146">
        <ele>374.835007</ele>
        <time>2026-08-11T13:03:29.500Z</time>
      </trkpt>
      <trkpt lat="45.958501" lon="14.418838">
        <ele>371.254825</ele>
        <time>2026-08-11T13:03:37.898Z</time>
      </trkpt>
      <trkpt lat="45.958435" lon="14.418781">
        <ele>370.939356</ele>
        <time>2026-08-11T13:03:38.624Z</time>
      </trkpt>
      <trkpt lat="45.958200" lon="14.418475">
        <ele>369.640370</ele>
        <time>2026-08-11T13:03:41.612Z</time>
      </trkpt>
      <trkpt lat="45.957913" lon="14.417983">
        <ele>367.308506</ele>
        <time>2026-08-11T13:03:45.776Z</time>
      </trkpt>
      <trkpt lat="45.957659" lon="14.417663">
        <ele>365.108749</ele>
        <time>2026-08-11T13:03:48.870Z</time>
      </trkpt>
      <trkpt lat="45.957521" lon="14.417577">
        <ele>364.128933</ele>
        <time>2026-08-11T13:03:50.232Z</time>
      </trkpt>
      <trkpt lat="45.957424" lon="14.417582">
        <ele>363.496574</ele>
        <time>2026-08-11T13:03:51.107Z</time>
      </trkpt>
      <trkpt lat="45.957092" lon="14.417700">
        <ele>361.268549</ele>
        <time>2026-08-11T13:03:54.194Z</time>
      </trkpt>
      <trkpt lat="45.956922" lon="14.417708">
        <ele>360.160409</ele>
        <time>2026-08-11T13:03:55.725Z</time>
      </trkpt>
      <trkpt lat="45.956656" lon="14.417855">
        <ele>358.303927</ele>
        <time>2026-08-11T13:03:58.261Z</time>
      </trkpt>
      <trkpt lat="45.956376" lon="14.417955">
        <ele>356.554945</ele>
        <time>2026-08-11T13:04:00.817Z</time>
      </trkpt>
      <trkpt lat="45.956374" lon="14.417955">
        <ele>356.545191</ele>
        <time>2026-08-11T13:04:00.833Z</time>
      </trkpt>
      <trkpt lat="45.956015" lon="14.417895">
        <ele>354.782450</ele>
        <time>2026-08-11T13:04:04.093Z</time>
      </trkpt>
      <trkpt lat="45.956175" lon="14.418847">
        <ele>351.461453</ele>
        <time>2026-08-11T13:04:10.388Z</time>
      </trkpt>
      <trkpt lat="45.956189" lon="14.419176">
        <ele>350.343805</ele>
        <time>2026-08-11T13:04:12.661Z</time>
      </trkpt>
      <trkpt lat="45.956173" lon="14.419312">
        <ele>349.876106</ele>
        <time>2026-08-11T13:04:13.634Z</time>
      </trkpt>
      <trkpt lat="45.956006" lon="14.419662">
        <ele>348.436713</ele>
        <time>2026-08-11T13:04:16.715Z</time>
      </trkpt>
      <trkpt lat="45.955845" lon="14.420276">
        <ele>347.593488</ele>
        <time>2026-08-11T13:04:22.039Z</time>
      </trkpt>
      <trkpt lat="45.955746" lon="14.420493">
        <ele>347.333985</ele>
        <time>2026-08-11T13:04:24.460Z</time>
      </trkpt>
      <trkpt lat="45.955681" lon="14.420603">
        <ele>347.189646</ele>
        <time>2026-08-11T13:04:25.754Z</time>
      </trkpt>
      <trkpt lat="45.955421" lon="14.420883">
        <ele>346.722546</ele>
        <time>2026-08-11T13:04:29.943Z</time>
      </trkpt>
      <trkpt lat="45.955239" lon="14.421129">
        <ele>346.363378</ele>
        <time>2026-08-11T13:04:33.080Z</time>
      </trkpt>
      <trkpt lat="45.954796" lon="14.421828">
        <ele>345.290480</ele>
        <time>2026-08-11T13:04:40.560Z</time>
      </trkpt>
      <trkpt lat="45.954480" lon="14.422088">
        <ele>344.367991</ele>
        <time>2026-08-11T13:04:44.412Z</time>
      </trkpt>
      <trkpt lat="45.953639" lon="14.422926">
        <ele>341.775495</ele>
        <time>2026-08-11T13:04:54.696Z</time>
      </trkpt>
      <trkpt lat="45.953471" lon="14.423135">
        <ele>341.212644</ele>
        <time>2026-08-11T13:04:57.030Z</time>
      </trkpt>
      <trkpt lat="45.953189" lon="14.423588">
        <ele>342.114744</ele>
        <time>2026-08-11T13:05:01.849Z</time>
      </trkpt>
      <trkpt lat="45.953005" lon="14.423966">
        <ele>343.113445</ele>
        <time>2026-08-11T13:05:06.159Z</time>
      </trkpt>
      <trkpt lat="45.952410" lon="14.425461">
        <ele>347.443713</ele>
        <time>2026-08-11T13:05:46.813Z</time>
      </trkpt>
      <trkpt lat="45.952324" lon="14.425812">
        <ele>350.497457</ele>
        <time>2026-08-11T13:06:02.595Z</time>
      </trkpt>
      <trkpt lat="45.952180" lon="14.426706">
        <ele>358.027487</ele>
        <time>2026-08-11T13:06:44.206Z</time>
      </trkpt>
      <trkpt lat="45.951990" lon="14.427207">
        <ele>362.710278</ele>
        <time>2026-08-11T13:07:13.304Z</time>
      </trkpt>
      <trkpt lat="45.951934" lon="14.427326">
        <ele>363.889385</ele>
        <time>2026-08-11T13:07:20.528Z</time>
      </trkpt>
      <trkpt lat="45.951676" lon="14.427666">
        <ele>367.995152</ele>
        <time>2026-08-11T13:07:45.694Z</time>
      </trkpt>
      <trkpt lat="45.951331" lon="14.427904">
        <ele>371.854188</ele>
        <time>2026-08-11T13:08:10.834Z</time>
      </trkpt>
      <trkpt lat="45.949878" lon="14.428795">
        <ele>387.186722</ele>
        <time>2026-08-11T13:09:32.788Z</time>
      </trkpt>
      <trkpt lat="45.949419" lon="14.429168">
        <ele>390.727861</ele>
        <time>2026-08-11T13:09:54.579Z</time>
      </trkpt>
      <trkpt lat="45.949131" lon="14.429472">
        <ele>393.127405</ele>
        <time>2026-08-11T13:10:08.462Z</time>
      </trkpt>
      <trkpt lat="45.948611" lon="14.430194">
        <ele>397.982230</ele>
        <time>2026-08-11T13:10:35.853Z</time>
      </trkpt>
      <trkpt lat="45.948229" lon="14.430650">
        <ele>401.094634</ele>
        <time>2026-08-11T13:10:56.600Z</time>
      </trkpt>
      <trkpt lat="45.947951" lon="14.431130">
        <ele>403.812276</ele>
        <time>2026-08-11T13:11:14.573Z</time>
      </trkpt>
      <trkpt lat="45.947818" lon="14.431459">
        <ele>405.467843</ele>
        <time>2026-08-11T13:11:25.399Z</time>
      </trkpt>
      <trkpt lat="45.947166" lon="14.433550">
        <ele>414.523142</ele>
        <time>2026-08-11T13:12:26.424Z</time>
      </trkpt>
      <trkpt lat="45.946884" lon="14.434629">
        <ele>418.787435</ele>
        <time>2026-08-11T13:12:50.578Z</time>
      </trkpt>
      <trkpt lat="45.946399" lon="14.435711">
        <ele>426.803935</ele>
        <time>2026-08-11T13:13:28.337Z</time>
      </trkpt>
      <trkpt lat="45.946062" lon="14.436510">
        <ele>432.679614</ele>
        <time>2026-08-11T13:14:08.936Z</time>
      </trkpt>
      <trkpt lat="45.945856" lon="14.436761">
        <ele>435.121008</ele>
        <time>2026-08-11T13:14:26.441Z</time>
      </trkpt>
      <trkpt lat="45.945583" lon="14.436993">
        <ele>437.882854</ele>
        <time>2026-08-11T13:14:47.267Z</time>
      </trkpt>
      <trkpt lat="45.945458" lon="14.437081">
        <ele>439.094332</ele>
        <time>2026-08-11T13:14:56.660Z</time>
      </trkpt>
      <trkpt lat="45.944477" lon="14.437379">
        <ele>447.822174</ele>
        <time>2026-08-11T13:15:45.457Z</time>
      </trkpt>
      <trkpt lat="45.944232" lon="14.437407">
        <ele>449.961577</ele>
        <time>2026-08-11T13:15:53.499Z</time>
      </trkpt>
      <trkpt lat="45.943926" lon="14.437393">
        <ele>452.285497</ele>
        <time>2026-08-11T13:16:04.048Z</time>
      </trkpt>
      <trkpt lat="45.943612" lon="14.437343">
        <ele>454.516498</ele>
        <time>2026-08-11T13:16:15.970Z</time>
      </trkpt>
      <trkpt lat="45.943002" lon="14.437311">
        <ele>458.827148</ele>
        <time>2026-08-11T13:16:42.991Z</time>
      </trkpt>
      <trkpt lat="45.942672" lon="14.437321">
        <ele>461.158106</ele>
        <time>2026-08-11T13:16:58.600Z</time>
      </trkpt>
      <trkpt lat="45.942216" lon="14.437412">
        <ele>464.182374</ele>
        <time>2026-08-11T13:17:20.205Z</time>
      </trkpt>
      <trkpt lat="45.942089" lon="14.437399">
        <ele>464.851837</ele>
        <time>2026-08-11T13:17:26.189Z</time>
      </trkpt>
      <trkpt lat="45.941958" lon="14.437337">
        <ele>465.576989</ele>
        <time>2026-08-11T13:17:32.611Z</time>
      </trkpt>
      <trkpt lat="45.941567" lon="14.436962">
        <ele>468.048179</ele>
        <time>2026-08-11T13:17:53.340Z</time>
      </trkpt>
      <trkpt lat="45.941423" lon="14.436891">
        <ele>468.848608</ele>
        <time>2026-08-11T13:17:58.866Z</time>
      </trkpt>
      <trkpt lat="45.941246" lon="14.436862">
        <ele>469.785306</ele>
        <time>2026-08-11T13:18:04.669Z</time>
      </trkpt>
      <trkpt lat="45.941086" lon="14.436877">
        <ele>470.628382</ele>
        <time>2026-08-11T13:18:09.184Z</time>
      </trkpt>
      <trkpt lat="45.940806" lon="14.436811">
        <ele>472.120286</ele>
        <time>2026-08-11T13:18:16.067Z</time>
      </trkpt>
      <trkpt lat="45.940620" lon="14.436725">
        <ele>473.122562</ele>
        <time>2026-08-11T13:18:20.007Z</time>
      </trkpt>
      <trkpt lat="45.940401" lon="14.436503">
        <ele>474.322792</ele>
        <time>2026-08-11T13:18:25.031Z</time>
      </trkpt>
      <trkpt lat="45.939812" lon="14.435761">
        <ele>477.830397</ele>
        <time>2026-08-11T13:18:44.801Z</time>
      </trkpt>
      <trkpt lat="45.939664" lon="14.435548">
        <ele>478.768343</ele>
        <time>2026-08-11T13:18:52.354Z</time>
      </trkpt>
      <trkpt lat="45.939607" lon="14.435381">
        <ele>479.347836</ele>
        <time>2026-08-11T13:18:57.865Z</time>
      </trkpt>
      <trkpt lat="45.939574" lon="14.435233">
        <ele>479.831981</ele>
        <time>2026-08-11T13:19:02.820Z</time>
      </trkpt>
      <trkpt lat="45.939563" lon="14.435017">
        <ele>480.506634</ele>
        <time>2026-08-11T13:19:10.065Z</time>
      </trkpt>
      <trkpt lat="45.939671" lon="14.434328">
        <ele>484.499209</ele>
        <time>2026-08-11T13:19:35.189Z</time>
      </trkpt>
      <trkpt lat="45.939670" lon="14.434127">
        <ele>485.796859</ele>
        <time>2026-08-11T13:19:42.664Z</time>
      </trkpt>
      <trkpt lat="45.939643" lon="14.433994">
        <ele>486.691319</ele>
        <time>2026-08-11T13:19:47.787Z</time>
      </trkpt>
      <trkpt lat="45.939591" lon="14.433879">
        <ele>487.576881</ele>
        <time>2026-08-11T13:19:52.920Z</time>
      </trkpt>
      <trkpt lat="45.939487" lon="14.433773">
        <ele>488.760277</ele>
        <time>2026-08-11T13:19:59.679Z</time>
      </trkpt>
      <trkpt lat="45.939311" lon="14.433716">
        <ele>490.435079</ele>
        <time>2026-08-11T13:20:09.245Z</time>
      </trkpt>
      <trkpt lat="45.938688" lon="14.433825">
        <ele>496.261279</ele>
        <time>2026-08-11T13:20:42.061Z</time>
      </trkpt>
      <trkpt lat="45.938511" lon="14.433820">
        <ele>497.974478</ele>
        <time>2026-08-11T13:20:51.337Z</time>
      </trkpt>
      <trkpt lat="45.938333" lon="14.433744">
        <ele>500.397534</ele>
        <time>2026-08-11T13:21:01.206Z</time>
      </trkpt>
      <trkpt lat="45.938173" lon="14.433644">
        <ele>502.674160</ele>
        <time>2026-08-11T13:21:11.110Z</time>
      </trkpt>
      <trkpt lat="45.938031" lon="14.433500">
        <ele>504.941652</ele>
        <time>2026-08-11T13:21:21.673Z</time>
      </trkpt>
      <trkpt lat="45.937839" lon="14.433245">
        <ele>508.352365</ele>
        <time>2026-08-11T13:21:38.900Z</time>
      </trkpt>
      <trkpt lat="45.937718" lon="14.432902">
        <ele>511.842732</ele>
        <time>2026-08-11T13:21:58.089Z</time>
      </trkpt>
      <trkpt lat="45.937563" lon="14.432317">
        <ele>517.523985</ele>
        <time>2026-08-11T13:22:31.679Z</time>
      </trkpt>
      <trkpt lat="45.937360" lon="14.432040">
        <ele>521.175958</ele>
        <time>2026-08-11T13:22:53.626Z</time>
      </trkpt>
      <trkpt lat="45.937126" lon="14.431981">
        <ele>524.311140</ele>
        <time>2026-08-11T13:23:11.714Z</time>
      </trkpt>
      <trkpt lat="45.936597" lon="14.431988">
        <ele>531.293300</ele>
        <time>2026-08-11T13:23:49.546Z</time>
      </trkpt>
      <trkpt lat="45.936497" lon="14.431932">
        <ele>532.709683</ele>
        <time>2026-08-11T13:23:56.829Z</time>
      </trkpt>
      <trkpt lat="45.936389" lon="14.431824">
        <ele>534.445910</ele>
        <time>2026-08-11T13:24:05.876Z</time>
      </trkpt>
      <trkpt lat="45.936319" lon="14.431726">
        <ele>535.735363</ele>
        <time>2026-08-11T13:24:12.455Z</time>
      </trkpt>
      <trkpt lat="45.936302" lon="14.431605">
        <ele>536.868436</ele>
        <time>2026-08-11T13:24:18.229Z</time>
      </trkpt>
      <trkpt lat="45.936332" lon="14.431308">
        <ele>539.623146</ele>
        <time>2026-08-11T13:24:31.674Z</time>
      </trkpt>
      <trkpt lat="45.936456" lon="14.430884">
        <ele>543.845063</ele>
        <time>2026-08-11T13:24:51.516Z</time>
      </trkpt>
      <trkpt lat="45.936509" lon="14.430625">
        <ele>545.946995</ele>
        <time>2026-08-11T13:25:02.677Z</time>
      </trkpt>
      <trkpt lat="45.936515" lon="14.430344">
        <ele>547.824006</ele>
        <time>2026-08-11T13:25:14.119Z</time>
      </trkpt>
      <trkpt lat="45.936476" lon="14.430177">
        <ele>549.000185</ele>
        <time>2026-08-11T13:25:21.124Z</time>
      </trkpt>
      <trkpt lat="45.936396" lon="14.430075">
        <ele>550.026659</ele>
        <time>2026-08-11T13:25:27.174Z</time>
      </trkpt>
      <trkpt lat="45.935793" lon="14.429823">
        <ele>556.055214</ele>
        <time>2026-08-11T13:26:01.760Z</time>
      </trkpt>
      <trkpt lat="45.935691" lon="14.429737">
        <ele>557.190381</ele>
        <time>2026-08-11T13:26:08.014Z</time>
      </trkpt>
      <trkpt lat="45.935614" lon="14.429603">
        <ele>558.350944</ele>
        <time>2026-08-11T13:26:14.109Z</time>
      </trkpt>
      <trkpt lat="45.935551" lon="14.429424">
        <ele>559.690404</ele>
        <time>2026-08-11T13:26:20.679Z</time>
      </trkpt>
      <trkpt lat="45.935386" lon="14.428758">
        <ele>563.655804</ele>
        <time>2026-08-11T13:26:43.218Z</time>
      </trkpt>
      <trkpt lat="45.934830" lon="14.427254">
        <ele>571.125131</ele>
        <time>2026-08-11T13:27:29.991Z</time>
      </trkpt>
      <trkpt lat="45.934619" lon="14.426834">
        <ele>573.397229</ele>
        <time>2026-08-11T13:27:42.682Z</time>
      </trkpt>
      <trkpt lat="45.934509" lon="14.426706">
        <ele>574.425270</ele>
        <time>2026-08-11T13:27:47.691Z</time>
      </trkpt>
      <trkpt lat="45.934384" lon="14.426630">
        <ele>575.438585</ele>
        <time>2026-08-11T13:27:52.629Z</time>
      </trkpt>
      <trkpt lat="45.934024" lon="14.426519">
        <ele>578.187612</ele>
        <time>2026-08-11T13:28:06.299Z</time>
      </trkpt>
      <trkpt lat="45.933456" lon="14.426407">
        <ele>582.468246</ele>
        <time>2026-08-11T13:28:30.868Z</time>
      </trkpt>
      <trkpt lat="45.933269" lon="14.426395">
        <ele>583.865861</ele>
        <time>2026-08-11T13:28:40.062Z</time>
      </trkpt>
      <trkpt lat="45.933122" lon="14.426342">
        <ele>584.997409</ele>
        <time>2026-08-11T13:28:48.040Z</time>
      </trkpt>
      <trkpt lat="45.932747" lon="14.426106">
        <ele>588.353899</ele>
        <time>2026-08-11T13:29:11.321Z</time>
      </trkpt>
      <trkpt lat="45.932527" lon="14.426004">
        <ele>590.562916</ele>
        <time>2026-08-11T13:29:24.890Z</time>
      </trkpt>
      <trkpt lat="45.932351" lon="14.425974">
        <ele>592.256624</ele>
        <time>2026-08-11T13:29:35.395Z</time>
      </trkpt>
      <trkpt lat="45.932067" lon="14.426052">
        <ele>595.019721</ele>
        <time>2026-08-11T13:29:52.306Z</time>
      </trkpt>
      <trkpt lat="45.931913" lon="14.426159">
        <ele>596.654241</ele>
        <time>2026-08-11T13:30:02.132Z</time>
      </trkpt>
      <trkpt lat="45.931752" lon="14.426320">
        <ele>598.528373</ele>
        <time>2026-08-11T13:30:12.844Z</time>
      </trkpt>
      <trkpt lat="45.931640" lon="14.426501">
        <ele>600.138619</ele>
        <time>2026-08-11T13:30:21.550Z</time>
      </trkpt>
      <trkpt lat="45.931543" lon="14.426744">
        <ele>602.000861</ele>
        <time>2026-08-11T13:30:31.196Z</time>
      </trkpt>
      <trkpt lat="45.931476" lon="14.427065">
        <ele>604.207885</ele>
        <time>2026-08-11T13:30:42.093Z</time>
      </trkpt>
      <trkpt lat="45.931420" lon="14.427658">
        <ele>606.780631</ele>
        <time>2026-08-11T13:30:59.587Z</time>
      </trkpt>
      <trkpt lat="45.931336" lon="14.427983">
        <ele>608.271188</ele>
        <time>2026-08-11T13:31:09.423Z</time>
      </trkpt>
      <trkpt lat="45.931177" lon="14.428222">
        <ele>609.693022</ele>
        <time>2026-08-11T13:31:18.711Z</time>
      </trkpt>
      <trkpt lat="45.931064" lon="14.428310">
        <ele>610.487366</ele>
        <time>2026-08-11T13:31:23.685Z</time>
      </trkpt>
      <trkpt lat="45.930793" lon="14.428444">
        <ele>612.258741</ele>
        <time>2026-08-11T13:31:34.468Z</time>
      </trkpt>
      <trkpt lat="45.930346" lon="14.428746">
        <ele>615.304574</ele>
        <time>2026-08-11T13:31:52.439Z</time>
      </trkpt>
      <trkpt lat="45.929923" lon="14.429276">
        <ele>617.751634</ele>
        <time>2026-08-11T13:32:11.187Z</time>
      </trkpt>
      <trkpt lat="45.929454" lon="14.429921">
        <ele>620.582182</ele>
        <time>2026-08-11T13:32:29.863Z</time>
      </trkpt>
      <trkpt lat="45.929267" lon="14.430137">
        <ele>621.628346</ele>
        <time>2026-08-11T13:32:36.923Z</time>
      </trkpt>
      <trkpt lat="45.928978" lon="14.430457">
        <ele>623.257869</ele>
        <time>2026-08-11T13:32:48.764Z</time>
      </trkpt>
      <trkpt lat="45.928850" lon="14.430553">
        <ele>624.167172</ele>
        <time>2026-08-11T13:32:53.780Z</time>
      </trkpt>
      <trkpt lat="45.928733" lon="14.430651">
        <ele>625.020030</ele>
        <time>2026-08-11T13:32:58.656Z</time>
      </trkpt>
      <trkpt lat="45.928040" lon="14.431210">
        <ele>630.024913</ele>
        <time>2026-08-11T13:33:30.309Z</time>
      </trkpt>
      <trkpt lat="45.927672" lon="14.431416">
        <ele>632.512234</ele>
        <time>2026-08-11T13:33:47.936Z</time>
      </trkpt>
      <trkpt lat="45.926678" lon="14.431704">
        <ele>639.566200</ele>
        <time>2026-08-11T13:34:32.602Z</time>
      </trkpt>
      <trkpt lat="45.926106" lon="14.431913">
        <ele>643.842507</ele>
        <time>2026-08-11T13:34:57.938Z</time>
      </trkpt>
      <trkpt lat="45.925368" lon="14.432259">
        <ele>649.751039</ele>
        <time>2026-08-11T13:35:32.240Z</time>
      </trkpt>
      <trkpt lat="45.924407" lon="14.432629">
        <ele>657.996934</ele>
        <time>2026-08-11T13:36:18.871Z</time>
      </trkpt>
      <trkpt lat="45.923909" lon="14.432761">
        <ele>662.194149</ele>
        <time>2026-08-11T13:36:45.429Z</time>
      </trkpt>
      <trkpt lat="45.923147" lon="14.432873">
        <ele>668.497707</ele>
        <time>2026-08-11T13:37:25.779Z</time>
      </trkpt>
      <trkpt lat="45.922873" lon="14.432945">
        <ele>670.789393</ele>
        <time>2026-08-11T13:37:39.447Z</time>
      </trkpt>
      <trkpt lat="45.922394" lon="14.433150">
        <ele>674.901304</ele>
        <time>2026-08-11T13:38:02.061Z</time>
      </trkpt>
      <trkpt lat="45.921663" lon="14.433613">
        <ele>680.656275</ele>
        <time>2026-08-11T13:38:35.069Z</time>
      </trkpt>
      <trkpt lat="45.921395" lon="14.433691">
        <ele>682.475809</ele>
        <time>2026-08-11T13:38:46.033Z</time>
      </trkpt>
      <trkpt lat="45.921159" lon="14.433654">
        <ele>684.055535</ele>
        <time>2026-08-11T13:38:55.547Z</time>
      </trkpt>
      <trkpt lat="45.920572" lon="14.433436">
        <ele>688.089855</ele>
        <time>2026-08-11T13:39:20.783Z</time>
      </trkpt>
      <trkpt lat="45.920052" lon="14.433386">
        <ele>691.689298</ele>
        <time>2026-08-11T13:39:43.049Z</time>
      </trkpt>
      <trkpt lat="45.918916" lon="14.433072">
        <ele>699.810607</ele>
        <time>2026-08-11T13:40:31.997Z</time>
      </trkpt>
      <trkpt lat="45.918662" lon="14.432953">
        <ele>701.686119</ele>
        <time>2026-08-11T13:40:43.816Z</time>
      </trkpt>
      <trkpt lat="45.918080" lon="14.432564">
        <ele>706.782778</ele>
        <time>2026-08-11T13:41:13.319Z</time>
      </trkpt>
      <trkpt lat="45.917743" lon="14.432450">
        <ele>709.539825</ele>
        <time>2026-08-11T13:41:29.906Z</time>
      </trkpt>
      <trkpt lat="45.916698" lon="14.432289">
        <ele>717.887379</ele>
        <time>2026-08-11T13:42:19.789Z</time>
      </trkpt>
      <trkpt lat="45.916460" lon="14.432320">
        <ele>719.767024</ele>
        <time>2026-08-11T13:42:31.541Z</time>
      </trkpt>
      <trkpt lat="45.916022" lon="14.432491">
        <ele>723.336902</ele>
        <time>2026-08-11T13:42:54.484Z</time>
      </trkpt>
      <trkpt lat="45.915792" lon="14.432519">
        <ele>725.152430</ele>
        <time>2026-08-11T13:43:06.170Z</time>
      </trkpt>
      <trkpt lat="45.915581" lon="14.432462">
        <ele>726.841094</ele>
        <time>2026-08-11T13:43:16.399Z</time>
      </trkpt>
      <trkpt lat="45.915079" lon="14.432179">
        <ele>730.568787</ele>
        <time>2026-08-11T13:43:39.329Z</time>
      </trkpt>
      <trkpt lat="45.914833" lon="14.432197">
        <ele>731.286906</ele>
        <time>2026-08-11T13:43:48.295Z</time>
      </trkpt>
      <trkpt lat="45.914744" lon="14.432243">
        <ele>731.562642</ele>
        <time>2026-08-11T13:43:51.442Z</time>
      </trkpt>
      <trkpt lat="45.914203" lon="14.432795">
        <ele>733.496879</ele>
        <time>2026-08-11T13:44:08.472Z</time>
      </trkpt>
      <trkpt lat="45.913541" lon="14.433243">
        <ele>735.654348</ele>
        <time>2026-08-11T13:44:20.268Z</time>
      </trkpt>
      <trkpt lat="45.913475" lon="14.433354">
        <ele>736.010344</ele>
        <time>2026-08-11T13:44:22.047Z</time>
      </trkpt>
      <trkpt lat="45.913394" lon="14.433639">
        <ele>736.760944</ele>
        <time>2026-08-11T13:44:26.226Z</time>
      </trkpt>
      <trkpt lat="45.913310" lon="14.434259">
        <ele>738.300965</ele>
        <time>2026-08-11T13:44:36.727Z</time>
      </trkpt>
      <trkpt lat="45.913173" lon="14.434519">
        <ele>739.096156</ele>
        <time>2026-08-11T13:44:43.276Z</time>
      </trkpt>
      <trkpt lat="45.913019" lon="14.434630">
        <ele>739.699876</ele>
        <time>2026-08-11T13:44:48.776Z</time>
      </trkpt>
      <trkpt lat="45.912267" lon="14.435014">
        <ele>743.114438</ele>
        <time>2026-08-11T13:45:18.805Z</time>
      </trkpt>
      <trkpt lat="45.911550" lon="14.435347">
        <ele>748.142532</ele>
        <time>2026-08-11T13:45:51.770Z</time>
      </trkpt>
      <trkpt lat="45.911354" lon="14.435499">
        <ele>749.628676</ele>
        <time>2026-08-11T13:46:01.501Z</time>
      </trkpt>
      <trkpt lat="45.911210" lon="14.435650">
        <ele>750.818144</ele>
        <time>2026-08-11T13:46:09.183Z</time>
      </trkpt>
      <trkpt lat="45.910957" lon="14.436101">
        <ele>753.507894</ele>
        <time>2026-08-11T13:46:26.011Z</time>
      </trkpt>
      <trkpt lat="45.910820" lon="14.436260">
        <ele>754.630498</ele>
        <time>2026-08-11T13:46:33.064Z</time>
      </trkpt>
      <trkpt lat="45.910691" lon="14.436341">
        <ele>755.513102</ele>
        <time>2026-08-11T13:46:38.550Z</time>
      </trkpt>
      <trkpt lat="45.910330" lon="14.436486">
        <ele>757.863175</ele>
        <time>2026-08-11T13:46:53.047Z</time>
      </trkpt>
      <trkpt lat="45.909969" lon="14.436786">
        <ele>760.477644</ele>
        <time>2026-08-11T13:47:09.137Z</time>
      </trkpt>
      <trkpt lat="45.909753" lon="14.436837">
        <ele>761.850045</ele>
        <time>2026-08-11T13:47:17.787Z</time>
      </trkpt>
      <trkpt lat="45.909624" lon="14.436802">
        <ele>762.673117</ele>
        <time>2026-08-11T13:47:23.067Z</time>
      </trkpt>
      <trkpt lat="45.909539" lon="14.436739">
        <ele>763.272731</ele>
        <time>2026-08-11T13:47:26.877Z</time>
      </trkpt>
      <trkpt lat="45.909460" lon="14.436628">
        <ele>763.965406</ele>
        <time>2026-08-11T13:47:31.378Z</time>
      </trkpt>
      <trkpt lat="45.909386" lon="14.436380">
        <ele>765.146526</ele>
        <time>2026-08-11T13:47:39.018Z</time>
      </trkpt>
      <trkpt lat="45.909271" lon="14.435424">
        <ele>769.711608</ele>
        <time>2026-08-11T13:48:07.818Z</time>
      </trkpt>
      <trkpt lat="45.908889" lon="14.433747">
        <ele>778.117062</ele>
        <time>2026-08-11T13:48:59.233Z</time>
      </trkpt>
      <trkpt lat="45.908791" lon="14.432664">
        <ele>783.949225</ele>
        <time>2026-08-11T13:49:31.208Z</time>
      </trkpt>
      <trkpt lat="45.908702" lon="14.432160">
        <ele>786.726027</ele>
        <time>2026-08-11T13:49:47.703Z</time>
      </trkpt>
      <trkpt lat="45.908554" lon="14.431610">
        <ele>789.875152</ele>
        <time>2026-08-11T13:50:07.901Z</time>
      </trkpt>
      <trkpt lat="45.908452" lon="14.431352">
        <ele>791.420812</ele>
        <time>2026-08-11T13:50:18.730Z</time>
      </trkpt>
      <trkpt lat="45.908312" lon="14.431151">
        <ele>792.791400</ele>
        <time>2026-08-11T13:50:29.339Z</time>
      </trkpt>
      <trkpt lat="45.908194" lon="14.431050">
        <ele>793.742637</ele>
        <time>2026-08-11T13:50:36.729Z</time>
      </trkpt>
      <trkpt lat="45.907877" lon="14.430885">
        <ele>796.077752</ele>
        <time>2026-08-11T13:50:54.179Z</time>
      </trkpt>
      <trkpt lat="45.907562" lon="14.430813">
        <ele>798.286877</ele>
        <time>2026-08-11T13:51:09.036Z</time>
      </trkpt>
      <trkpt lat="45.907183" lon="14.430824">
        <ele>800.912383</ele>
        <time>2026-08-11T13:51:24.155Z</time>
      </trkpt>
      <trkpt lat="45.906844" lon="14.430957">
        <ele>803.346230</ele>
        <time>2026-08-11T13:51:35.962Z</time>
      </trkpt>
      <trkpt lat="45.906595" lon="14.431000">
        <ele>803.214044</ele>
        <time>2026-08-11T13:51:42.750Z</time>
      </trkpt>
      <trkpt lat="45.906061" lon="14.430907">
        <ele>802.491602</ele>
        <time>2026-08-11T13:51:51.681Z</time>
      </trkpt>
      <trkpt lat="45.905993" lon="14.430893">
        <ele>802.399341</ele>
        <time>2026-08-11T13:51:52.477Z</time>
      </trkpt>
      <trkpt lat="45.905416" lon="14.430806">
        <ele>801.620140</ele>
        <time>2026-08-11T13:51:58.338Z</time>
      </trkpt>
      <trkpt lat="45.905155" lon="14.430826">
        <ele>801.269103</ele>
        <time>2026-08-11T13:52:00.789Z</time>
      </trkpt>
      <trkpt lat="45.904762" lon="14.430960">
        <ele>800.049261</ele>
        <time>2026-08-11T13:52:04.563Z</time>
      </trkpt>
      <trkpt lat="45.904287" lon="14.431221">
        <ele>798.133605</ele>
        <time>2026-08-11T13:52:09.287Z</time>
      </trkpt>
      <trkpt lat="45.903348" lon="14.431995">
        <ele>794.214222</ele>
        <time>2026-08-11T13:52:20.280Z</time>
      </trkpt>
      <trkpt lat="45.902520" lon="14.432751">
        <ele>792.681537</ele>
        <time>2026-08-11T13:52:33.297Z</time>
      </trkpt>
      <trkpt lat="45.902002" lon="14.433039">
        <ele>791.813761</ele>
        <time>2026-08-11T13:52:39.379Z</time>
      </trkpt>
      <trkpt lat="45.901148" lon="14.433280">
        <ele>790.939700</ele>
        <time>2026-08-11T13:52:48.863Z</time>
      </trkpt>
      <trkpt lat="45.900773" lon="14.433511">
        <ele>790.593697</ele>
        <time>2026-08-11T13:52:53.562Z</time>
      </trkpt>
      <trkpt lat="45.900237" lon="14.433874">
        <ele>790.091195</ele>
        <time>2026-08-11T13:53:02.257Z</time>
      </trkpt>
      <trkpt lat="45.899508" lon="14.434181">
        <ele>790.620457</ele>
        <time>2026-08-11T13:53:18.954Z</time>
      </trkpt>
      <trkpt lat="45.897779" lon="14.435308">
        <ele>790.947972</ele>
        <time>2026-08-11T13:53:53.189Z</time>
      </trkpt>
      <trkpt lat="45.897337" lon="14.435519">
        <ele>790.440423</ele>
        <time>2026-08-11T13:53:58.369Z</time>
      </trkpt>
      <trkpt lat="45.896956" lon="14.435525">
        <ele>790.025208</ele>
        <time>2026-08-11T13:54:02.323Z</time>
      </trkpt>
      <trkpt lat="45.896055" lon="14.435331">
        <ele>788.863393</ele>
        <time>2026-08-11T13:54:11.723Z</time>
      </trkpt>
      <trkpt lat="45.895745" lon="14.435377">
        <ele>788.448603</ele>
        <time>2026-08-11T13:54:15.339Z</time>
      </trkpt>
      <trkpt lat="45.895712" lon="14.435389">
        <ele>788.403297</ele>
        <time>2026-08-11T13:54:15.757Z</time>
      </trkpt>
      <trkpt lat="45.895659" lon="14.435423">
        <ele>788.326045</ele>
        <time>2026-08-11T13:54:16.470Z</time>
      </trkpt>
      <trkpt lat="45.895180" lon="14.435841">
        <ele>787.580150</ele>
        <time>2026-08-11T13:54:24.242Z</time>
      </trkpt>
      <trkpt lat="45.894983" lon="14.435981">
        <ele>787.494437</ele>
        <time>2026-08-11T13:54:27.902Z</time>
      </trkpt>
      <trkpt lat="45.894383" lon="14.436191">
        <ele>788.159112</ele>
        <time>2026-08-11T13:54:39.563Z</time>
      </trkpt>
      <trkpt lat="45.893959" lon="14.436409">
        <ele>788.643810</ele>
        <time>2026-08-11T13:54:48.728Z</time>
      </trkpt>
      <trkpt lat="45.893582" lon="14.436730">
        <ele>789.115481</ele>
        <time>2026-08-11T13:54:57.356Z</time>
      </trkpt>
      <trkpt lat="45.893241" lon="14.437129">
        <ele>789.500738</ele>
        <time>2026-08-11T13:55:06.405Z</time>
      </trkpt>
      <trkpt lat="45.892732" lon="14.437610">
        <ele>789.926294</ele>
        <time>2026-08-11T13:55:19.121Z</time>
      </trkpt>
      <trkpt lat="45.892582" lon="14.437791">
        <ele>790.063122</ele>
        <time>2026-08-11T13:55:22.872Z</time>
      </trkpt>
      <trkpt lat="45.892505" lon="14.437914">
        <ele>790.143552</ele>
        <time>2026-08-11T13:55:24.935Z</time>
      </trkpt>
      <trkpt lat="45.892340" lon="14.438307">
        <ele>790.366690</ele>
        <time>2026-08-11T13:55:29.899Z</time>
      </trkpt>
      <trkpt lat="45.892261" lon="14.438436">
        <ele>790.450228</ele>
        <time>2026-08-11T13:55:31.570Z</time>
      </trkpt>
      <trkpt lat="45.891914" lon="14.438835">
        <ele>790.235548</ele>
        <time>2026-08-11T13:55:37.499Z</time>
      </trkpt>
      <trkpt lat="45.891322" lon="14.439370">
        <ele>789.182415</ele>
        <time>2026-08-11T13:55:45.508Z</time>
      </trkpt>
      <trkpt lat="45.891092" lon="14.439575">
        <ele>788.774843</ele>
        <time>2026-08-11T13:55:48.420Z</time>
      </trkpt>
      <trkpt lat="45.890999" lon="14.439625">
        <ele>788.625317</ele>
        <time>2026-08-11T13:55:49.495Z</time>
      </trkpt>
      <trkpt lat="45.890871" lon="14.439608">
        <ele>788.431750</ele>
        <time>2026-08-11T13:55:50.872Z</time>
      </trkpt>
      <trkpt lat="45.890749" lon="14.439409">
        <ele>788.153808</ele>
        <time>2026-08-11T13:55:52.875Z</time>
      </trkpt>
      <trkpt lat="45.890588" lon="14.438928">
        <ele>787.786433</ele>
        <time>2026-08-11T13:55:57.024Z</time>
      </trkpt>
      <trkpt lat="45.890477" lon="14.438572">
        <ele>787.646980</ele>
        <time>2026-08-11T13:56:00.170Z</time>
      </trkpt>
      <trkpt lat="45.890427" lon="14.438330">
        <ele>787.556735</ele>
        <time>2026-08-11T13:56:02.232Z</time>
      </trkpt>
      <trkpt lat="45.890383" lon="14.438062">
        <ele>787.458298</ele>
        <time>2026-08-11T13:56:04.538Z</time>
      </trkpt>
      <trkpt lat="45.890333" lon="14.437494">
        <ele>787.253624</ele>
        <time>2026-08-11T13:56:09.732Z</time>
      </trkpt>
      <trkpt lat="45.890297" lon="14.436984">
        <ele>787.070367</ele>
        <time>2026-08-11T13:56:15.076Z</time>
      </trkpt>
      <trkpt lat="45.890273" lon="14.436070">
        <ele>788.281472</ele>
        <time>2026-08-11T13:56:28.175Z</time>
      </trkpt>
      <trkpt lat="45.890289" lon="14.435349">
        <ele>789.837759</ele>
        <time>2026-08-11T13:56:42.287Z</time>
      </trkpt>
      <trkpt lat="45.890292" lon="14.435241">
        <ele>790.070946</ele>
        <time>2026-08-11T13:56:44.565Z</time>
      </trkpt>
      <trkpt lat="45.890312" lon="14.434852">
        <ele>790.912467</ele>
        <time>2026-08-11T13:56:53.295Z</time>
      </trkpt>
      <trkpt lat="45.890324" lon="14.434628">
        <ele>791.397157</ele>
        <time>2026-08-11T13:56:58.496Z</time>
      </trkpt>
      <trkpt lat="45.890328" lon="14.433826">
        <ele>792.978585</ele>
        <time>2026-08-11T13:57:16.159Z</time>
      </trkpt>
      <trkpt lat="45.890310" lon="14.433673">
        <ele>793.228941</ele>
        <time>2026-08-11T13:57:19.366Z</time>
      </trkpt>
      <trkpt lat="45.890205" lon="14.433324">
        <ele>793.842380</ele>
        <time>2026-08-11T13:57:27.183Z</time>
      </trkpt>
      <trkpt lat="45.890040" lon="14.433027">
        <ele>794.455495</ele>
        <time>2026-08-11T13:57:34.491Z</time>
      </trkpt>
      <trkpt lat="45.890009" lon="14.432979">
        <ele>794.561142</ele>
        <time>2026-08-11T13:57:35.613Z</time>
      </trkpt>
      <trkpt lat="45.889761" lon="14.432561">
        <ele>795.447324</ele>
        <time>2026-08-11T13:57:44.649Z</time>
      </trkpt>
      <trkpt lat="45.889586" lon="14.432273">
        <ele>796.064152</ele>
        <time>2026-08-11T13:57:50.096Z</time>
      </trkpt>
      <trkpt lat="45.889488" lon="14.432159">
        <ele>796.356447</ele>
        <time>2026-08-11T13:57:52.253Z</time>
      </trkpt>
      <trkpt lat="45.889368" lon="14.432087">
        <ele>796.657894</ele>
        <time>2026-08-11T13:57:54.145Z</time>
      </trkpt>
      <trkpt lat="45.889186" lon="14.432090">
        <ele>796.720326</ele>
        <time>2026-08-11T13:57:56.482Z</time>
      </trkpt>
      <trkpt lat="45.888643" lon="14.432323">
        <ele>796.769402</ele>
        <time>2026-08-11T13:58:03.749Z</time>
      </trkpt>
      <trkpt lat="45.888307" lon="14.432370">
        <ele>796.798636</ele>
        <time>2026-08-11T13:58:08.195Z</time>
      </trkpt>
      <trkpt lat="45.888064" lon="14.432313">
        <ele>796.819959</ele>
        <time>2026-08-11T13:58:11.465Z</time>
      </trkpt>
      <trkpt lat="45.887951" lon="14.432265">
        <ele>796.830163</ele>
        <time>2026-08-11T13:58:13.059Z</time>
      </trkpt>
      <trkpt lat="45.887549" lon="14.431962">
        <ele>797.179034</ele>
        <time>2026-08-11T13:58:20.165Z</time>
      </trkpt>
      <trkpt lat="45.886541" lon="14.430937">
        <ele>801.795950</ele>
        <time>2026-08-11T13:58:53.898Z</time>
      </trkpt>
      <trkpt lat="45.885804" lon="14.429951">
        <ele>806.901628</ele>
        <time>2026-08-11T13:59:36.288Z</time>
      </trkpt>
      <trkpt lat="45.885550" lon="14.429660">
        <ele>808.940844</ele>
        <time>2026-08-11T13:59:50.609Z</time>
      </trkpt>
      <trkpt lat="45.885313" lon="14.429323">
        <ele>811.033938</ele>
        <time>2026-08-11T14:00:03.766Z</time>
      </trkpt>
      <trkpt lat="45.885208" lon="14.429119">
        <ele>812.142467</ele>
        <time>2026-08-11T14:00:10.421Z</time>
      </trkpt>
      <trkpt lat="45.885082" lon="14.429039">
        <ele>813.007144</ele>
        <time>2026-08-11T14:00:15.651Z</time>
      </trkpt>
      <trkpt lat="45.885017" lon="14.429043">
        <ele>813.415511</ele>
        <time>2026-08-11T14:00:18.080Z</time>
      </trkpt>
      <trkpt lat="45.884926" lon="14.429090">
        <ele>814.022494</ele>
        <time>2026-08-11T14:00:21.901Z</time>
      </trkpt>
      <trkpt lat="45.884850" lon="14.429226">
        <ele>814.784510</ele>
        <time>2026-08-11T14:00:26.603Z</time>
      </trkpt>
      <trkpt lat="45.884835" lon="14.429793">
        <ele>816.698376</ele>
        <time>2026-08-11T14:00:41.618Z</time>
      </trkpt>
      <trkpt lat="45.884797" lon="14.429977">
        <ele>817.338405</ele>
        <time>2026-08-11T14:00:46.362Z</time>
      </trkpt>
      <trkpt lat="45.884717" lon="14.430085">
        <ele>817.864323</ele>
        <time>2026-08-11T14:00:50.072Z</time>
      </trkpt>
      <trkpt lat="45.884646" lon="14.430126">
        <ele>818.230907</ele>
        <time>2026-08-11T14:00:52.350Z</time>
      </trkpt>
      <trkpt lat="45.884402" lon="14.430148">
        <ele>819.402113</ele>
        <time>2026-08-11T14:00:59.238Z</time>
      </trkpt>
      <trkpt lat="45.884267" lon="14.430126">
        <ele>820.052991</ele>
        <time>2026-08-11T14:01:03.017Z</time>
      </trkpt>
      <trkpt lat="45.884039" lon="14.429925">
        <ele>821.334520</ele>
        <time>2026-08-11T14:01:10.766Z</time>
      </trkpt>
      <trkpt lat="45.883894" lon="14.429876">
        <ele>822.048118</ele>
        <time>2026-08-11T14:01:15.341Z</time>
      </trkpt>
      <trkpt lat="45.883848" lon="14.429892">
        <ele>822.274853</ele>
        <time>2026-08-11T14:01:16.824Z</time>
      </trkpt>
      <trkpt lat="45.883769" lon="14.430002">
        <ele>822.801914</ele>
        <time>2026-08-11T14:01:20.703Z</time>
      </trkpt>
      <trkpt lat="45.883549" lon="14.430500">
        <ele>825.509252</ele>
        <time>2026-08-11T14:01:36.466Z</time>
      </trkpt>
      <trkpt lat="45.883421" lon="14.430579">
        <ele>826.563870</ele>
        <time>2026-08-11T14:01:42.285Z</time>
      </trkpt>
      <trkpt lat="45.883369" lon="14.430579">
        <ele>826.957515</ele>
        <time>2026-08-11T14:01:44.535Z</time>
      </trkpt>
      <trkpt lat="45.883327" lon="14.430536">
        <ele>827.347944</ele>
        <time>2026-08-11T14:01:46.758Z</time>
      </trkpt>
      <trkpt lat="45.883198" lon="14.430304">
        <ele>828.912657</ele>
        <time>2026-08-11T14:01:56.127Z</time>
      </trkpt>
      <trkpt lat="45.883110" lon="14.430207">
        <ele>829.752341</ele>
        <time>2026-08-11T14:02:01.330Z</time>
      </trkpt>
      <trkpt lat="45.882750" lon="14.430009">
        <ele>832.670494</ele>
        <time>2026-08-11T14:02:20.103Z</time>
      </trkpt>
      <trkpt lat="45.882465" lon="14.429204">
        <ele>837.422862</ele>
        <time>2026-08-11T14:02:51.483Z</time>
      </trkpt>
      <trkpt lat="45.882369" lon="14.429109">
        <ele>838.286345</ele>
        <time>2026-08-11T14:02:57.523Z</time>
      </trkpt>
      <trkpt lat="45.882279" lon="14.429098">
        <ele>838.955398</ele>
        <time>2026-08-11T14:03:02.131Z</time>
      </trkpt>
      <trkpt lat="45.882200" lon="14.429126">
        <ele>839.558111</ele>
        <time>2026-08-11T14:03:06.287Z</time>
      </trkpt>
      <trkpt lat="45.881703" lon="14.429610">
        <ele>844.005685</ele>
        <time>2026-08-11T14:03:34.334Z</time>
      </trkpt>
      <trkpt lat="45.881562" lon="14.429683">
        <ele>845.115858</ele>
        <time>2026-08-11T14:03:40.903Z</time>
      </trkpt>
      <trkpt lat="45.881484" lon="14.429669">
        <ele>845.698108</ele>
        <time>2026-08-11T14:03:44.275Z</time>
      </trkpt>
      <trkpt lat="45.881040" lon="14.429429">
        <ele>849.212023</ele>
        <time>2026-08-11T14:04:03.863Z</time>
      </trkpt>
      <trkpt lat="45.880719" lon="14.429384">
        <ele>851.032225</ele>
        <time>2026-08-11T14:04:16.450Z</time>
      </trkpt>
      <trkpt lat="45.880615" lon="14.429327">
        <ele>851.455747</ele>
        <time>2026-08-11T14:04:20.666Z</time>
      </trkpt>
      <trkpt lat="45.880497" lon="14.429214">
        <ele>851.995334</ele>
        <time>2026-08-11T14:04:25.838Z</time>
      </trkpt>
      <trkpt lat="45.880383" lon="14.429051">
        <ele>852.607330</ele>
        <time>2026-08-11T14:04:31.493Z</time>
      </trkpt>
      <trkpt lat="45.880222" lon="14.428902">
        <ele>853.336029</ele>
        <time>2026-08-11T14:04:37.662Z</time>
      </trkpt>
      <trkpt lat="45.879806" lon="14.428974">
        <ele>854.930270</ele>
        <time>2026-08-11T14:04:49.641Z</time>
      </trkpt>
      <trkpt lat="45.879438" lon="14.429120">
        <ele>856.382858</ele>
        <time>2026-08-11T14:04:59.166Z</time>
      </trkpt>
      <trkpt lat="45.879299" lon="14.429135">
        <ele>856.913214</ele>
        <time>2026-08-11T14:05:02.083Z</time>
      </trkpt>
      <trkpt lat="45.879038" lon="14.429026">
        <ele>858.159774</ele>
        <time>2026-08-11T14:05:07.434Z</time>
      </trkpt>
      <trkpt lat="45.878769" lon="14.428785">
        <ele>859.747010</ele>
        <time>2026-08-11T14:05:14.018Z</time>
      </trkpt>
      <trkpt lat="45.878646" lon="14.428622">
        <ele>860.584851</ele>
        <time>2026-08-11T14:05:17.762Z</time>
      </trkpt>
      <trkpt lat="45.878573" lon="14.428460">
        <ele>861.257452</ele>
        <time>2026-08-11T14:05:20.991Z</time>
      </trkpt>
      <trkpt lat="45.878348" lon="14.427804">
        <ele>863.806333</ele>
        <time>2026-08-11T14:05:36.885Z</time>
      </trkpt>
      <trkpt lat="45.878341" lon="14.427501">
        <ele>864.863008</ele>
        <time>2026-08-11T14:05:47.211Z</time>
      </trkpt>
      <trkpt lat="45.878225" lon="14.426882">
        <ele>867.549964</ele>
        <time>2026-08-11T14:06:14.600Z</time>
      </trkpt>
      <trkpt lat="45.878196" lon="14.426541">
        <ele>869.410395</ele>
        <time>2026-08-11T14:06:29.295Z</time>
      </trkpt>
      <trkpt lat="45.878230" lon="14.426361">
        <ele>870.420437</ele>
        <time>2026-08-11T14:06:36.865Z</time>
      </trkpt>
      <trkpt lat="45.878454" lon="14.426035">
        <ele>872.900977</ele>
        <time>2026-08-11T14:06:54.058Z</time>
      </trkpt>
      <trkpt lat="45.878530" lon="14.425883">
        <ele>873.914438</ele>
        <time>2026-08-11T14:07:00.691Z</time>
      </trkpt>
      <trkpt lat="45.878604" lon="14.425710">
        <ele>875.014034</ele>
        <time>2026-08-11T14:07:07.417Z</time>
      </trkpt>
      <trkpt lat="45.878656" lon="14.425500">
        <ele>876.221087</ele>
        <time>2026-08-11T14:07:14.697Z</time>
      </trkpt>
      <trkpt lat="45.878657" lon="14.425398">
        <ele>876.773524</ele>
        <time>2026-08-11T14:07:17.927Z</time>
      </trkpt>
      <trkpt lat="45.878613" lon="14.425203">
        <ele>877.883631</ele>
        <time>2026-08-11T14:07:24.455Z</time>
      </trkpt>
      <trkpt lat="45.878521" lon="14.425078">
        <ele>878.868727</ele>
        <time>2026-08-11T14:07:29.879Z</time>
      </trkpt>
      <trkpt lat="45.878454" lon="14.425043">
        <ele>879.423309</ele>
        <time>2026-08-11T14:07:32.652Z</time>
      </trkpt>
      <trkpt lat="45.878101" lon="14.425038">
        <ele>879.629529</ele>
        <time>2026-08-11T14:07:41.339Z</time>
      </trkpt>
      <trkpt lat="45.877917" lon="14.424989">
        <ele>879.137322</ele>
        <time>2026-08-11T14:07:43.371Z</time>
      </trkpt>
      <trkpt lat="45.877693" lon="14.424697">
        <ele>878.341699</ele>
        <time>2026-08-11T14:07:46.313Z</time>
      </trkpt>
      <trkpt lat="45.877628" lon="14.424308">
        <ele>877.609156</ele>
        <time>2026-08-11T14:07:48.975Z</time>
      </trkpt>
      <trkpt lat="45.877597" lon="14.423249">
        <ele>875.668264</ele>
        <time>2026-08-11T14:07:56.028Z</time>
      </trkpt>
      <trkpt lat="45.877548" lon="14.422968">
        <ele>874.482861</ele>
        <time>2026-08-11T14:07:57.899Z</time>
      </trkpt>
      <trkpt lat="45.877398" lon="14.422838">
        <ele>873.272586</ele>
        <time>2026-08-11T14:07:59.509Z</time>
      </trkpt>
      <trkpt lat="45.876794" lon="14.422601">
        <ele>868.947025</ele>
        <time>2026-08-11T14:08:05.211Z</time>
      </trkpt>
      <trkpt lat="45.876708" lon="14.422543">
        <ele>868.290673</ele>
        <time>2026-08-11T14:08:06.065Z</time>
      </trkpt>
      <trkpt lat="45.876564" lon="14.422185">
        <ele>866.302096</ele>
        <time>2026-08-11T14:08:08.644Z</time>
      </trkpt>
      <trkpt lat="45.876472" lon="14.422020">
        <ele>865.285363</ele>
        <time>2026-08-11T14:08:09.947Z</time>
      </trkpt>
      <trkpt lat="45.876387" lon="14.421928">
        <ele>864.550097</ele>
        <time>2026-08-11T14:08:10.891Z</time>
      </trkpt>
      <trkpt lat="45.876179" lon="14.421844">
        <ele>863.036823</ele>
        <time>2026-08-11T14:08:12.778Z</time>
      </trkpt>
      <trkpt lat="45.876076" lon="14.421860">
        <ele>862.063755</ele>
        <time>2026-08-11T14:08:13.681Z</time>
      </trkpt>
      <trkpt lat="45.875786" lon="14.422068">
        <ele>859.019215</ele>
        <time>2026-08-11T14:08:16.486Z</time>
      </trkpt>
      <trkpt lat="45.875687" lon="14.422101">
        <ele>858.064646</ele>
        <time>2026-08-11T14:08:17.360Z</time>
      </trkpt>
      <trkpt lat="45.875518" lon="14.422037">
        <ele>856.423070</ele>
        <time>2026-08-11T14:08:18.858Z</time>
      </trkpt>
      <trkpt lat="45.875183" lon="14.421636">
        <ele>852.327154</ele>
        <time>2026-08-11T14:08:22.591Z</time>
      </trkpt>
      <trkpt lat="45.874645" lon="14.420843">
        <ele>845.436080</ele>
        <time>2026-08-11T14:08:29.269Z</time>
      </trkpt>
      <trkpt lat="45.874306" lon="14.420481">
        <ele>842.690768</ele>
        <time>2026-08-11T14:08:33.040Z</time>
      </trkpt>
      <trkpt lat="45.874247" lon="14.420386">
        <ele>842.114749</ele>
        <time>2026-08-11T14:08:33.842Z</time>
      </trkpt>
      <trkpt lat="45.874240" lon="14.420254">
        <ele>841.515747</ele>
        <time>2026-08-11T14:08:34.684Z</time>
      </trkpt>
      <trkpt lat="45.874308" lon="14.419924">
        <ele>839.958545</ele>
        <time>2026-08-11T14:08:36.888Z</time>
      </trkpt>
      <trkpt lat="45.874373" lon="14.419820">
        <ele>839.326177</ele>
        <time>2026-08-11T14:08:37.791Z</time>
      </trkpt>
      <trkpt lat="45.874744" lon="14.419456">
        <ele>836.406235</ele>
        <time>2026-08-11T14:08:42.013Z</time>
      </trkpt>
      <trkpt lat="45.874775" lon="14.419367">
        <ele>835.955949</ele>
        <time>2026-08-11T14:08:42.664Z</time>
      </trkpt>
      <trkpt lat="45.874767" lon="14.419268">
        <ele>835.504992</ele>
        <time>2026-08-11T14:08:43.317Z</time>
      </trkpt>
      <trkpt lat="45.874725" lon="14.419183">
        <ele>835.033374</ele>
        <time>2026-08-11T14:08:43.998Z</time>
      </trkpt>
      <trkpt lat="45.874664" lon="14.419135">
        <ele>834.581344</ele>
        <time>2026-08-11T14:08:44.652Z</time>
      </trkpt>
      <trkpt lat="45.874599" lon="14.419143">
        <ele>834.158579</ele>
        <time>2026-08-11T14:08:45.262Z</time>
      </trkpt>
      <trkpt lat="45.874538" lon="14.419199">
        <ele>833.689610</ele>
        <time>2026-08-11T14:08:45.940Z</time>
      </trkpt>
      <trkpt lat="45.874443" lon="14.419376">
        <ele>832.681654</ele>
        <time>2026-08-11T14:08:47.391Z</time>
      </trkpt>
      <trkpt lat="45.874306" lon="14.419497">
        <ele>831.639823</ele>
        <time>2026-08-11T14:08:48.876Z</time>
      </trkpt>
      <trkpt lat="45.873947" lon="14.419538">
        <ele>829.306930</ele>
        <time>2026-08-11T14:08:52.151Z</time>
      </trkpt>
      <trkpt lat="45.873413" lon="14.419863">
        <ele>825.550004</ele>
        <time>2026-08-11T14:08:57.343Z</time>
      </trkpt>
      <trkpt lat="45.873322" lon="14.419893">
        <ele>824.945190</ele>
        <time>2026-08-11T14:08:58.175Z</time>
      </trkpt>
      <trkpt lat="45.873198" lon="14.419877">
        <ele>824.138700</ele>
        <time>2026-08-11T14:08:59.282Z</time>
      </trkpt>
      <trkpt lat="45.872800" lon="14.419380">
        <ele>821.227387</ele>
        <time>2026-08-11T14:09:04.014Z</time>
      </trkpt>
      <trkpt lat="45.872705" lon="14.419189">
        <ele>820.416474</ele>
        <time>2026-08-11T14:09:05.491Z</time>
      </trkpt>
      <trkpt lat="45.872690" lon="14.419095">
        <ele>820.083315</ele>
        <time>2026-08-11T14:09:06.103Z</time>
      </trkpt>
      <trkpt lat="45.872702" lon="14.418960">
        <ele>819.613150</ele>
        <time>2026-08-11T14:09:06.970Z</time>
      </trkpt>
      <trkpt lat="45.872864" lon="14.418486">
        <ele>817.788992</ele>
        <time>2026-08-11T14:09:10.384Z</time>
      </trkpt>
      <trkpt lat="45.872864" lon="14.418367">
        <ele>817.377888</ele>
        <time>2026-08-11T14:09:11.171Z</time>
      </trkpt>
      <trkpt lat="45.872839" lon="14.418245">
        <ele>816.938544</ele>
        <time>2026-08-11T14:09:12.018Z</time>
      </trkpt>
      <trkpt lat="45.872705" lon="14.418102">
        <ele>816.110222</ele>
        <time>2026-08-11T14:09:13.637Z</time>
      </trkpt>
      <trkpt lat="45.872520" lon="14.418115">
        <ele>815.191194</ele>
        <time>2026-08-11T14:09:15.477Z</time>
      </trkpt>
      <trkpt lat="45.872429" lon="14.418172">
        <ele>814.698600</ele>
        <time>2026-08-11T14:09:16.488Z</time>
      </trkpt>
      <trkpt lat="45.872208" lon="14.418491">
        <ele>813.972263</ele>
        <time>2026-08-11T14:09:19.874Z</time>
      </trkpt>
      <trkpt lat="45.872119" lon="14.418560">
        <ele>813.982366</ele>
        <time>2026-08-11T14:09:21.043Z</time>
      </trkpt>
      <trkpt lat="45.871957" lon="14.418550">
        <ele>813.998564</ele>
        <time>2026-08-11T14:09:23.036Z</time>
      </trkpt>
      <trkpt lat="45.871603" lon="14.418344">
        <ele>814.036719</ele>
        <time>2026-08-11T14:09:28.653Z</time>
      </trkpt>
      <trkpt lat="45.871504" lon="14.418328">
        <ele>814.046670</ele>
        <time>2026-08-11T14:09:30.421Z</time>
      </trkpt>
      <trkpt lat="45.870964" lon="14.418476">
        <ele>814.101586</ele>
        <time>2026-08-11T14:09:41.175Z</time>
      </trkpt>
      <trkpt lat="45.870880" lon="14.418409">
        <ele>814.111184</ele>
        <time>2026-08-11T14:09:43.152Z</time>
      </trkpt>
      <trkpt lat="45.870616" lon="14.418031">
        <ele>814.386657</ele>
        <time>2026-08-11T14:09:50.945Z</time>
      </trkpt>
      <trkpt lat="45.870523" lon="14.417956">
        <ele>814.595085</ele>
        <time>2026-08-11T14:09:53.234Z</time>
      </trkpt>
      <trkpt lat="45.869546" lon="14.417649">
        <ele>816.549461</ele>
        <time>2026-08-11T14:10:14.971Z</time>
      </trkpt>
      <trkpt lat="45.869195" lon="14.417350">
        <ele>817.346952</ele>
        <time>2026-08-11T14:10:24.255Z</time>
      </trkpt>
      <trkpt lat="45.869068" lon="14.417232">
        <ele>817.642539</ele>
        <time>2026-08-11T14:10:28.056Z</time>
      </trkpt>
      <trkpt lat="45.868580" lon="14.416924">
        <ele>819.564914</ele>
        <time>2026-08-11T14:10:42.827Z</time>
      </trkpt>
      <trkpt lat="45.868404" lon="14.416685">
        <ele>820.441510</ele>
        <time>2026-08-11T14:10:49.872Z</time>
      </trkpt>
      <trkpt lat="45.868328" lon="14.416638">
        <ele>820.740970</ele>
        <time>2026-08-11T14:10:52.309Z</time>
      </trkpt>
      <trkpt lat="45.867905" lon="14.416550">
        <ele>822.287784</ele>
        <time>2026-08-11T14:11:04.722Z</time>
      </trkpt>
      <trkpt lat="45.867817" lon="14.416461">
        <ele>822.677302</ele>
        <time>2026-08-11T14:11:07.826Z</time>
      </trkpt>
      <trkpt lat="45.867729" lon="14.416253">
        <ele>823.290622</ele>
        <time>2026-08-11T14:11:12.798Z</time>
      </trkpt>
      <trkpt lat="45.867680" lon="14.416213">
        <ele>823.494599</ele>
        <time>2026-08-11T14:11:14.541Z</time>
      </trkpt>
      <trkpt lat="45.867573" lon="14.416195">
        <ele>823.884479</ele>
        <time>2026-08-11T14:11:17.969Z</time>
      </trkpt>
      <trkpt lat="45.867531" lon="14.416210">
        <ele>824.041107</ele>
        <time>2026-08-11T14:11:19.390Z</time>
      </trkpt>
      <trkpt lat="45.867397" lon="14.416356">
        <ele>825.160158</ele>
        <time>2026-08-11T14:11:25.098Z</time>
      </trkpt>
      <trkpt lat="45.867165" lon="14.416383">
        <ele>826.879627</ele>
        <time>2026-08-11T14:11:33.544Z</time>
      </trkpt>
      <trkpt lat="45.866741" lon="14.416243">
        <ele>830.093560</ele>
        <time>2026-08-11T14:11:51.515Z</time>
      </trkpt>
      <trkpt lat="45.866306" lon="14.415871">
        <ele>833.833632</ele>
        <time>2026-08-11T14:12:16.576Z</time>
      </trkpt>
      <trkpt lat="45.866183" lon="14.415826">
        <ele>834.771291</ele>
        <time>2026-08-11T14:12:23.271Z</time>
      </trkpt>
      <trkpt lat="45.865938" lon="14.415863">
        <ele>836.591156</ele>
        <time>2026-08-11T14:12:36.434Z</time>
      </trkpt>
      <trkpt lat="45.865544" lon="14.415800">
        <ele>839.165087</ele>
        <time>2026-08-11T14:12:57.531Z</time>
      </trkpt>
      <trkpt lat="45.865412" lon="14.415857">
        <ele>840.009132</ele>
        <time>2026-08-11T14:13:04.332Z</time>
      </trkpt>
      <trkpt lat="45.865126" lon="14.416101">
        <ele>842.046176</ele>
        <time>2026-08-11T14:13:19.338Z</time>
      </trkpt>
      <trkpt lat="45.864753" lon="14.416473">
        <ele>844.827000</ele>
        <time>2026-08-11T14:13:36.297Z</time>
      </trkpt>
      <trkpt lat="45.864521" lon="14.416563">
        <ele>846.298559</ele>
        <time>2026-08-11T14:13:43.823Z</time>
      </trkpt>
      <trkpt lat="45.864157" lon="14.416460">
        <ele>848.513336</ele>
        <time>2026-08-11T14:13:54.253Z</time>
      </trkpt>
      <trkpt lat="45.864040" lon="14.416477">
        <ele>848.859084</ele>
        <time>2026-08-11T14:13:57.352Z</time>
      </trkpt>
      <trkpt lat="45.863859" lon="14.416561">
        <ele>849.418343</ele>
        <time>2026-08-11T14:14:02.327Z</time>
      </trkpt>
      <trkpt lat="45.863768" lon="14.416565">
        <ele>849.686017</ele>
        <time>2026-08-11T14:14:04.724Z</time>
      </trkpt>
      <trkpt lat="45.863659" lon="14.416476">
        <ele>850.054670</ele>
        <time>2026-08-11T14:14:07.991Z</time>
      </trkpt>
      <trkpt lat="45.863527" lon="14.416241">
        <ele>850.672821</ele>
        <time>2026-08-11T14:14:13.497Z</time>
      </trkpt>
      <trkpt lat="45.863423" lon="14.416120">
        <ele>851.066355</ele>
        <time>2026-08-11T14:14:17.143Z</time>
      </trkpt>
      <trkpt lat="45.863159" lon="14.416027">
        <ele>851.865556</ele>
        <time>2026-08-11T14:14:24.946Z</time>
      </trkpt>
      <trkpt lat="45.862729" lon="14.416064">
        <ele>853.132068</ele>
        <time>2026-08-11T14:14:38.600Z</time>
      </trkpt>
      <trkpt lat="45.862171" lon="14.416210">
        <ele>852.990783</ele>
        <time>2026-08-11T14:14:50.391Z</time>
      </trkpt>
      <trkpt lat="45.861725" lon="14.416240">
        <ele>852.043712</ele>
        <time>2026-08-11T14:14:55.806Z</time>
      </trkpt>
      <trkpt lat="45.861554" lon="14.416232">
        <ele>851.680803</ele>
        <time>2026-08-11T14:14:57.799Z</time>
      </trkpt>
      <trkpt lat="45.861392" lon="14.416131">
        <ele>851.306186</ele>
        <time>2026-08-11T14:14:59.664Z</time>
      </trkpt>
      <trkpt lat="45.861360" lon="14.416084">
        <ele>851.209091</ele>
        <time>2026-08-11T14:15:00.120Z</time>
      </trkpt>
      <trkpt lat="45.861307" lon="14.415909">
        <ele>850.927200</ele>
        <time>2026-08-11T14:15:01.420Z</time>
      </trkpt>
      <trkpt lat="45.861299" lon="14.415731">
        <ele>850.663718</ele>
        <time>2026-08-11T14:15:02.614Z</time>
      </trkpt>
      <trkpt lat="45.861354" lon="14.415373">
        <ele>850.122177</ele>
        <time>2026-08-11T14:15:04.989Z</time>
      </trkpt>
      <trkpt lat="45.861448" lon="14.415117">
        <ele>849.224630</ele>
        <time>2026-08-11T14:15:06.803Z</time>
      </trkpt>
      <trkpt lat="45.861480" lon="14.414898">
        <ele>848.244004</ele>
        <time>2026-08-11T14:15:08.180Z</time>
      </trkpt>
      <trkpt lat="45.861407" lon="14.414480">
        <ele>846.355474</ele>
        <time>2026-08-11T14:15:10.855Z</time>
      </trkpt>
      <trkpt lat="45.861352" lon="14.414283">
        <ele>845.425363</ele>
        <time>2026-08-11T14:15:12.208Z</time>
      </trkpt>
      <trkpt lat="45.861370" lon="14.413883">
        <ele>843.668778</ele>
        <time>2026-08-11T14:15:14.777Z</time>
      </trkpt>
      <trkpt lat="45.861357" lon="14.413777">
        <ele>843.197103</ele>
        <time>2026-08-11T14:15:15.468Z</time>
      </trkpt>
      <trkpt lat="45.861287" lon="14.413700">
        <ele>842.642211</ele>
        <time>2026-08-11T14:15:16.263Z</time>
      </trkpt>
      <trkpt lat="45.861241" lon="14.413716">
        <ele>842.344369</ele>
        <time>2026-08-11T14:15:16.686Z</time>
      </trkpt>
      <trkpt lat="45.861135" lon="14.413794">
        <ele>841.594844</ele>
        <time>2026-08-11T14:15:17.761Z</time>
      </trkpt>
      <trkpt lat="45.861059" lon="14.414236">
        <ele>839.599680</ele>
        <time>2026-08-11T14:15:20.605Z</time>
      </trkpt>
      <trkpt lat="45.860989" lon="14.414398">
        <ele>838.764183</ele>
        <time>2026-08-11T14:15:21.820Z</time>
      </trkpt>
      <trkpt lat="45.860500" lon="14.414990">
        <ele>835.064988</ele>
        <time>2026-08-11T14:15:27.785Z</time>
      </trkpt>
      <trkpt lat="45.860167" lon="14.415482">
        <ele>832.310980</ele>
        <time>2026-08-11T14:15:32.363Z</time>
      </trkpt>
      <trkpt lat="45.859397" lon="14.415755">
        <ele>827.556641</ele>
        <time>2026-08-11T14:15:39.633Z</time>
      </trkpt>
      <trkpt lat="45.859283" lon="14.415760">
        <ele>826.662859</ele>
        <time>2026-08-11T14:15:40.640Z</time>
      </trkpt>
      <trkpt lat="45.859226" lon="14.415727">
        <ele>826.181236</ele>
        <time>2026-08-11T14:15:41.189Z</time>
      </trkpt>
      <trkpt lat="45.859153" lon="14.415685">
        <ele>825.564956</ele>
        <time>2026-08-11T14:15:41.878Z</time>
      </trkpt>
      <trkpt lat="45.858935" lon="14.415293">
        <ele>822.827183</ele>
        <time>2026-08-11T14:15:44.953Z</time>
      </trkpt>
      <trkpt lat="45.858857" lon="14.415015">
        <ele>821.191473</ele>
        <time>2026-08-11T14:15:46.790Z</time>
      </trkpt>
      <trkpt lat="45.858839" lon="14.414859">
        <ele>820.328484</ele>
        <time>2026-08-11T14:15:47.756Z</time>
      </trkpt>
      <trkpt lat="45.858853" lon="14.414494">
        <ele>818.333446</ele>
        <time>2026-08-11T14:15:49.976Z</time>
      </trkpt>
      <trkpt lat="45.858822" lon="14.414358">
        <ele>817.552469</ele>
        <time>2026-08-11T14:15:50.845Z</time>
      </trkpt>
      <trkpt lat="45.858762" lon="14.414280">
        <ele>816.918202</ele>
        <time>2026-08-11T14:15:51.550Z</time>
      </trkpt>
      <trkpt lat="45.858642" lon="14.414217">
        <ele>815.916932</ele>
        <time>2026-08-11T14:15:52.665Z</time>
      </trkpt>
      <trkpt lat="45.858532" lon="14.414245">
        <ele>815.041473</ele>
        <time>2026-08-11T14:15:53.646Z</time>
      </trkpt>
      <trkpt lat="45.858250" lon="14.414430">
        <ele>813.022614</ele>
        <time>2026-08-11T14:15:56.393Z</time>
      </trkpt>
      <trkpt lat="45.857777" lon="14.414948">
        <ele>809.603740</ele>
        <time>2026-08-11T14:16:01.864Z</time>
      </trkpt>
      <trkpt lat="45.857623" lon="14.415074">
        <ele>808.585061</ele>
        <time>2026-08-11T14:16:03.561Z</time>
      </trkpt>
      <trkpt lat="45.857167" lon="14.415211">
        <ele>805.907567</ele>
        <time>2026-08-11T14:16:08.021Z</time>
      </trkpt>
      <trkpt lat="45.857095" lon="14.415278">
        <ele>805.414463</ele>
        <time>2026-08-11T14:16:08.838Z</time>
      </trkpt>
      <trkpt lat="45.856812" lon="14.415677">
        <ele>803.212941</ele>
        <time>2026-08-11T14:16:12.586Z</time>
      </trkpt>
      <trkpt lat="45.856600" lon="14.415840">
        <ele>801.989206</ele>
        <time>2026-08-11T14:16:14.825Z</time>
      </trkpt>
      <trkpt lat="45.855942" lon="14.415858">
        <ele>798.640239</ele>
        <time>2026-08-11T14:16:20.835Z</time>
      </trkpt>
      <trkpt lat="45.855603" lon="14.415785">
        <ele>796.895880</ele>
        <time>2026-08-11T14:16:23.959Z</time>
      </trkpt>
      <trkpt lat="45.854933" lon="14.415813">
        <ele>794.803383</ele>
        <time>2026-08-11T14:16:30.500Z</time>
      </trkpt>
      <trkpt lat="45.854670" lon="14.415900">
        <ele>794.967594</ele>
        <time>2026-08-11T14:16:33.635Z</time>
      </trkpt>
      <trkpt lat="45.854590" lon="14.415975">
        <ele>795.025727</ele>
        <time>2026-08-11T14:16:34.994Z</time>
      </trkpt>
      <trkpt lat="45.854432" lon="14.416203">
        <ele>795.162024</ele>
        <time>2026-08-11T14:16:38.995Z</time>
      </trkpt>
      <trkpt lat="45.854176" lon="14.416868">
        <ele>795.484011</ele>
        <time>2026-08-11T14:16:52.073Z</time>
      </trkpt>
      <trkpt lat="45.854050" lon="14.417105">
        <ele>795.610360</ele>
        <time>2026-08-11T14:16:58.161Z</time>
      </trkpt>
      <trkpt lat="45.853963" lon="14.417225">
        <ele>795.683763</ele>
        <time>2026-08-11T14:17:01.720Z</time>
      </trkpt>
      <trkpt lat="45.853729" lon="14.417445">
        <ele>796.131046</ele>
        <time>2026-08-11T14:17:09.594Z</time>
      </trkpt>
      <trkpt lat="45.853396" lon="14.417596">
        <ele>796.950507</ele>
        <time>2026-08-11T14:17:18.570Z</time>
      </trkpt>
      <trkpt lat="45.852691" lon="14.418038">
        <ele>798.755706</ele>
        <time>2026-08-11T14:17:36.249Z</time>
      </trkpt>
      <trkpt lat="45.852517" lon="14.418216">
        <ele>799.257057</ele>
        <time>2026-08-11T14:17:40.539Z</time>
      </trkpt>
      <trkpt lat="45.852295" lon="14.418595">
        <ele>800.111521</ele>
        <time>2026-08-11T14:17:47.967Z</time>
      </trkpt>
      <trkpt lat="45.852978" lon="14.419356">
        <ele>803.170188</ele>
        <time>2026-08-11T14:18:11.136Z</time>
      </trkpt>
      <trkpt lat="45.853136" lon="14.419682">
        <ele>804.148851</ele>
        <time>2026-08-11T14:18:19.024Z</time>
      </trkpt>
      <trkpt lat="45.853192" lon="14.420014">
        <ele>804.990597</ele>
        <time>2026-08-11T14:18:25.962Z</time>
      </trkpt>
      <trkpt lat="45.853148" lon="14.420854">
        <ele>808.019572</ele>
        <time>2026-08-11T14:18:45.743Z</time>
      </trkpt>
      <trkpt lat="45.853077" lon="14.421562">
        <ele>812.098844</ele>
        <time>2026-08-11T14:19:06.973Z</time>
      </trkpt>
      <trkpt lat="45.853150" lon="14.422096">
        <ele>815.202283</ele>
        <time>2026-08-11T14:19:25.943Z</time>
      </trkpt>
      <trkpt lat="45.853198" lon="14.422218">
        <ele>816.001365</ele>
        <time>2026-08-11T14:19:31.301Z</time>
      </trkpt>
      <trkpt lat="45.853570" lon="14.422504">
        <ele>819.456464</ele>
        <time>2026-08-11T14:19:56.265Z</time>
      </trkpt>
      <trkpt lat="45.854253" lon="14.423211">
        <ele>826.055838</ele>
        <time>2026-08-11T14:20:42.179Z</time>
      </trkpt>
      <trkpt lat="45.854328" lon="14.423392">
        <ele>827.189860</ele>
        <time>2026-08-11T14:20:48.222Z</time>
      </trkpt>
      <trkpt lat="45.854328" lon="14.423463">
        <ele>827.572156</ele>
        <time>2026-08-11T14:20:50.073Z</time>
      </trkpt>
      <trkpt lat="45.854276" lon="14.423539">
        <ele>828.145801</ele>
        <time>2026-08-11T14:20:53.057Z</time>
      </trkpt>
      <trkpt lat="45.853960" lon="14.423714">
        <ele>830.764189</ele>
        <time>2026-08-11T14:21:05.969Z</time>
      </trkpt>
      <trkpt lat="45.853842" lon="14.423742">
        <ele>831.688809</ele>
        <time>2026-08-11T14:21:10.521Z</time>
      </trkpt>
      <trkpt lat="45.853570" lon="14.423714">
        <ele>833.797009</ele>
        <time>2026-08-11T14:21:21.232Z</time>
      </trkpt>
      <trkpt lat="45.853407" lon="14.423748">
        <ele>835.072855</ele>
        <time>2026-08-11T14:21:27.896Z</time>
      </trkpt>
      <trkpt lat="45.853310" lon="14.423834">
        <ele>835.976731</ele>
        <time>2026-08-11T14:21:32.609Z</time>
      </trkpt>
      <trkpt lat="45.853214" lon="14.424058">
        <ele>837.429112</ele>
        <time>2026-08-11T14:21:40.690Z</time>
      </trkpt>
      <trkpt lat="45.853187" lon="14.424245">
        <ele>838.483715</ele>
        <time>2026-08-11T14:21:46.825Z</time>
      </trkpt>
      <trkpt lat="45.853429" lon="14.424935">
        <ele>842.749829</ele>
        <time>2026-08-11T14:22:14.340Z</time>
      </trkpt>
      <trkpt lat="45.853399" lon="14.425510">
        <ele>845.933966</ele>
        <time>2026-08-11T14:22:36.936Z</time>
      </trkpt>
      <trkpt lat="45.853327" lon="14.425791">
        <ele>847.587365</ele>
        <time>2026-08-11T14:22:47.920Z</time>
      </trkpt>
      <trkpt lat="45.853214" lon="14.425937">
        <ele>848.792640</ele>
        <time>2026-08-11T14:22:55.116Z</time>
      </trkpt>
      <trkpt lat="45.852791" lon="14.425972">
        <ele>849.968566</ele>
        <time>2026-08-11T14:23:10.305Z</time>
      </trkpt>
      <trkpt lat="45.852610" lon="14.426049">
        <ele>850.345432</ele>
        <time>2026-08-11T14:23:15.064Z</time>
      </trkpt>
      <trkpt lat="45.852324" lon="14.426302">
        <ele>851.016060</ele>
        <time>2026-08-11T14:23:21.141Z</time>
      </trkpt>
      <trkpt lat="45.852228" lon="14.426459">
        <ele>851.306553</ele>
        <time>2026-08-11T14:23:23.208Z</time>
      </trkpt>
      <trkpt lat="45.852198" lon="14.426597">
        <ele>851.507567</ele>
        <time>2026-08-11T14:23:24.545Z</time>
      </trkpt>
      <trkpt lat="45.852170" lon="14.427012">
        <ele>852.087315</ele>
        <time>2026-08-11T14:23:28.401Z</time>
      </trkpt>
      <trkpt lat="45.851982" lon="14.427595">
        <ele>852.859902</ele>
        <time>2026-08-11T14:23:34.744Z</time>
      </trkpt>
      <trkpt lat="45.851815" lon="14.428641">
        <ele>853.198277</ele>
        <time>2026-08-11T14:23:46.514Z</time>
      </trkpt>
      <trkpt lat="45.851515" lon="14.429191">
        <ele>853.418551</ele>
        <time>2026-08-11T14:23:54.844Z</time>
      </trkpt>
      <trkpt lat="45.851090" lon="14.429796">
        <ele>853.739929</ele>
        <time>2026-08-11T14:24:06.184Z</time>
      </trkpt>
      <trkpt lat="45.850761" lon="14.430584">
        <ele>854.317554</ele>
        <time>2026-08-11T14:24:17.221Z</time>
      </trkpt>
      <trkpt lat="45.850524" lon="14.430990">
        <ele>854.650609</ele>
        <time>2026-08-11T14:24:23.097Z</time>
      </trkpt>
      <trkpt lat="45.850266" lon="14.431242">
        <ele>854.932281</ele>
        <time>2026-08-11T14:24:28.702Z</time>
      </trkpt>
      <trkpt lat="45.850016" lon="14.431395">
        <ele>855.177593</ele>
        <time>2026-08-11T14:24:34.214Z</time>
      </trkpt>
      <trkpt lat="45.849728" lon="14.431478">
        <ele>855.968536</ele>
        <time>2026-08-11T14:24:40.710Z</time>
      </trkpt>
      <trkpt lat="45.849699" lon="14.431551">
        <ele>856.175346</ele>
        <time>2026-08-11T14:24:42.061Z</time>
      </trkpt>
      <trkpt lat="45.849677" lon="14.431899">
        <ele>857.035261</ele>
        <time>2026-08-11T14:24:47.644Z</time>
      </trkpt>
      <trkpt lat="45.849527" lon="14.432539">
        <ele>858.697014</ele>
        <time>2026-08-11T14:25:00.401Z</time>
      </trkpt>
      <trkpt lat="45.849516" lon="14.432712">
        <ele>859.124522</ele>
        <time>2026-08-11T14:25:04.202Z</time>
      </trkpt>
      <trkpt lat="45.849533" lon="14.432898">
        <ele>859.586176</ele>
        <time>2026-08-11T14:25:08.579Z</time>
      </trkpt>
      <trkpt lat="45.849576" lon="14.433118">
        <ele>860.148488</ele>
        <time>2026-08-11T14:25:14.252Z</time>
      </trkpt>
      <trkpt lat="45.849652" lon="14.433323">
        <ele>860.719981</ele>
        <time>2026-08-11T14:25:20.163Z</time>
      </trkpt>
      <trkpt lat="45.849910" lon="14.433783">
        <ele>861.976129</ele>
        <time>2026-08-11T14:25:35.401Z</time>
      </trkpt>
      <trkpt lat="45.850020" lon="14.434100">
        <ele>862.538722</ele>
        <time>2026-08-11T14:25:44.037Z</time>
      </trkpt>
      <trkpt lat="45.850043" lon="14.434457">
        <ele>863.108248</ele>
        <time>2026-08-11T14:25:52.239Z</time>
      </trkpt>
      <trkpt lat="45.850018" lon="14.434748">
        <ele>863.574013</ele>
        <time>2026-08-11T14:25:58.021Z</time>
      </trkpt>
      <trkpt lat="45.850040" lon="14.435255">
        <ele>864.380959</ele>
        <time>2026-08-11T14:26:06.105Z</time>
      </trkpt>
      <trkpt lat="45.850206" lon="14.435834">
        <ele>865.375583</ele>
        <time>2026-08-11T14:26:12.549Z</time>
      </trkpt>
      <trkpt lat="45.850226" lon="14.436077">
        <ele>865.689322</ele>
        <time>2026-08-11T14:26:14.516Z</time>
      </trkpt>
      <trkpt lat="45.850199" lon="14.436210">
        <ele>865.545388</ele>
        <time>2026-08-11T14:26:15.600Z</time>
      </trkpt>
      <trkpt lat="45.850155" lon="14.436323">
        <ele>865.410883</ele>
        <time>2026-08-11T14:26:16.623Z</time>
      </trkpt>
      <trkpt lat="45.850012" lon="14.436439">
        <ele>865.165885</ele>
        <time>2026-08-11T14:26:18.446Z</time>
      </trkpt>
      <trkpt lat="45.849867" lon="14.436602">
        <ele>864.891182</ele>
        <time>2026-08-11T14:26:20.441Z</time>
      </trkpt>
      <trkpt lat="45.849521" lon="14.437172">
        <ele>864.105627</ele>
        <time>2026-08-11T14:26:25.943Z</time>
      </trkpt>
      <trkpt lat="45.849060" lon="14.438341">
        <ele>862.468114</ele>
        <time>2026-08-11T14:26:37.165Z</time>
      </trkpt>
      <trkpt lat="45.848768" lon="14.438782">
        <ele>861.367282</ele>
        <time>2026-08-11T14:26:43.786Z</time>
      </trkpt>
      <trkpt lat="45.848678" lon="14.438980">
        <ele>860.939527</ele>
        <time>2026-08-11T14:26:46.096Z</time>
      </trkpt>
      <trkpt lat="45.848543" lon="14.439346">
        <ele>860.190234</ele>
        <time>2026-08-11T14:26:49.527Z</time>
      </trkpt>
      <trkpt lat="45.848512" lon="14.439578">
        <ele>859.762836</ele>
        <time>2026-08-11T14:26:51.287Z</time>
      </trkpt>
      <trkpt lat="45.848545" lon="14.440313">
        <ele>858.430283</ele>
        <time>2026-08-11T14:26:56.188Z</time>
      </trkpt>
      <trkpt lat="45.848597" lon="14.440559">
        <ele>856.821381</ele>
        <time>2026-08-11T14:26:57.788Z</time>
      </trkpt>
      <trkpt lat="45.848722" lon="14.440925">
        <ele>853.970090</ele>
        <time>2026-08-11T14:27:00.271Z</time>
      </trkpt>
      <trkpt lat="45.848712" lon="14.441137">
        <ele>852.483787</ele>
        <time>2026-08-11T14:27:01.543Z</time>
      </trkpt>
      <trkpt lat="45.848649" lon="14.441567">
        <ele>849.410187</ele>
        <time>2026-08-11T14:27:04.146Z</time>
      </trkpt>
      <trkpt lat="45.848669" lon="14.442104">
        <ele>845.648586</ele>
        <time>2026-08-11T14:27:07.297Z</time>
      </trkpt>
      <trkpt lat="45.848635" lon="14.442325">
        <ele>844.065467</ele>
        <time>2026-08-11T14:27:08.626Z</time>
      </trkpt>
      <trkpt lat="45.848484" lon="14.442944">
        <ele>839.661386</ele>
        <time>2026-08-11T14:27:12.506Z</time>
      </trkpt>
      <trkpt lat="45.848373" lon="14.443292">
        <ele>837.580322</ele>
        <time>2026-08-11T14:27:14.793Z</time>
      </trkpt>
      <trkpt lat="45.848146" lon="14.443722">
        <ele>834.646770</ele>
        <time>2026-08-11T14:27:18.081Z</time>
      </trkpt>
      <trkpt lat="45.848073" lon="14.443921">
        <ele>833.423903</ele>
        <time>2026-08-11T14:27:19.467Z</time>
      </trkpt>
      <trkpt lat="45.847841" lon="14.445006">
        <ele>827.252874</ele>
        <time>2026-08-11T14:27:26.658Z</time>
      </trkpt>
      <trkpt lat="45.847780" lon="14.445143">
        <ele>826.368801</ele>
        <time>2026-08-11T14:27:27.709Z</time>
      </trkpt>
      <trkpt lat="45.847497" lon="14.445581">
        <ele>824.727524</ele>
        <time>2026-08-11T14:27:31.595Z</time>
      </trkpt>
      <trkpt lat="45.846865" lon="14.447143">
        <ele>819.929215</ele>
        <time>2026-08-11T14:27:43.972Z</time>
      </trkpt>
      <trkpt lat="45.846797" lon="14.447371">
        <ele>819.368657</ele>
        <time>2026-08-11T14:27:45.973Z</time>
      </trkpt>
      <trkpt lat="45.846756" lon="14.447607">
        <ele>819.199230</ele>
        <time>2026-08-11T14:27:48.045Z</time>
      </trkpt>
      <trkpt lat="45.846691" lon="14.448623">
        <ele>818.488530</ele>
        <time>2026-08-11T14:27:58.218Z</time>
      </trkpt>
      <trkpt lat="45.846693" lon="14.449732">
        <ele>817.716025</ele>
        <time>2026-08-11T14:28:08.433Z</time>
      </trkpt>
      <trkpt lat="45.846718" lon="14.449885">
        <ele>817.606556</ele>
        <time>2026-08-11T14:28:09.643Z</time>
      </trkpt>
      <trkpt lat="45.846966" lon="14.450658">
        <ele>817.248131</ele>
        <time>2026-08-11T14:28:16.054Z</time>
      </trkpt>
      <trkpt lat="45.847174" lon="14.451121">
        <ele>817.016513</ele>
        <time>2026-08-11T14:28:20.400Z</time>
      </trkpt>
      <trkpt lat="45.847205" lon="14.451255">
        <ele>816.957153</ele>
        <time>2026-08-11T14:28:21.562Z</time>
      </trkpt>
      <trkpt lat="45.847222" lon="14.451513">
        <ele>816.848204</ele>
        <time>2026-08-11T14:28:23.782Z</time>
      </trkpt>
      <trkpt lat="45.847195" lon="14.453624">
        <ele>818.105221</ele>
        <time>2026-08-11T14:28:53.728Z</time>
      </trkpt>
      <trkpt lat="45.847232" lon="14.454229">
        <ele>818.829760</ele>
        <time>2026-08-11T14:29:02.808Z</time>
      </trkpt>
      <trkpt lat="45.847183" lon="14.454373">
        <ele>819.020954</ele>
        <time>2026-08-11T14:29:05.283Z</time>
      </trkpt>
      <trkpt lat="45.847070" lon="14.454560">
        <ele>819.316290</ele>
        <time>2026-08-11T14:29:09.378Z</time>
      </trkpt>
      <trkpt lat="45.846981" lon="14.454777">
        <ele>819.630141</ele>
        <time>2026-08-11T14:29:13.822Z</time>
      </trkpt>
      <trkpt lat="45.846920" lon="14.454971">
        <ele>820.086631</ele>
        <time>2026-08-11T14:29:17.792Z</time>
      </trkpt>
      <trkpt lat="45.846907" lon="14.455110">
        <ele>820.387414</ele>
        <time>2026-08-11T14:29:20.442Z</time>
      </trkpt>
      <trkpt lat="45.846924" lon="14.455234">
        <ele>820.658455</ele>
        <time>2026-08-11T14:29:22.844Z</time>
      </trkpt>
      <trkpt lat="45.847183" lon="14.455544">
        <ele>821.696677</ele>
        <time>2026-08-11T14:29:31.749Z</time>
      </trkpt>
      <trkpt lat="45.847594" lon="14.456164">
        <ele>823.532248</ele>
        <time>2026-08-11T14:29:47.793Z</time>
      </trkpt>
      <trkpt lat="45.847634" lon="14.456281">
        <ele>823.811764</ele>
        <time>2026-08-11T14:29:50.383Z</time>
      </trkpt>
      <trkpt lat="45.847641" lon="14.456419">
        <ele>824.108508</ele>
        <time>2026-08-11T14:29:53.186Z</time>
      </trkpt>
      <trkpt lat="45.847631" lon="14.456606">
        <ele>824.510735</ele>
        <time>2026-08-11T14:29:57.057Z</time>
      </trkpt>
      <trkpt lat="45.847466" lon="14.457175">
        <ele>825.976726</ele>
        <time>2026-08-11T14:30:09.834Z</time>
      </trkpt>
      <trkpt lat="45.847128" lon="14.457870">
        <ele>828.171741</ele>
        <time>2026-08-11T14:30:26.875Z</time>
      </trkpt>
      <trkpt lat="45.847008" lon="14.458366">
        <ele>829.531451</ele>
        <time>2026-08-11T14:30:37.835Z</time>
      </trkpt>
      <trkpt lat="45.847005" lon="14.458677">
        <ele>830.336896</ele>
        <time>2026-08-11T14:30:44.667Z</time>
      </trkpt>
      <trkpt lat="45.847048" lon="14.458771">
        <ele>830.628116</ele>
        <time>2026-08-11T14:30:47.129Z</time>
      </trkpt>
      <trkpt lat="45.847126" lon="14.458841">
        <ele>830.970087</ele>
        <time>2026-08-11T14:30:50.011Z</time>
      </trkpt>
      <trkpt lat="45.847297" lon="14.458898">
        <ele>831.622712</ele>
        <time>2026-08-11T14:30:55.409Z</time>
      </trkpt>
      <trkpt lat="45.847752" lon="14.458944">
        <ele>832.287327</ele>
        <time>2026-08-11T14:31:09.096Z</time>
      </trkpt>
      <trkpt lat="45.847895" lon="14.459071">
        <ele>832.481048</ele>
        <time>2026-08-11T14:31:13.822Z</time>
      </trkpt>
      <trkpt lat="45.848031" lon="14.459305">
        <ele>832.725609</ele>
        <time>2026-08-11T14:31:19.336Z</time>
      </trkpt>
      <trkpt lat="45.848238" lon="14.459475">
        <ele>833.000349</ele>
        <time>2026-08-11T14:31:24.981Z</time>
      </trkpt>
      <trkpt lat="45.849337" lon="14.459671">
        <ele>832.020159</ele>
        <time>2026-08-11T14:31:38.313Z</time>
      </trkpt>
      <trkpt lat="45.849417" lon="14.459750">
        <ele>831.467433</ele>
        <time>2026-08-11T14:31:39.664Z</time>
      </trkpt>
      <trkpt lat="45.849479" lon="14.459874">
        <ele>830.862206</ele>
        <time>2026-08-11T14:31:41.143Z</time>
      </trkpt>
      <trkpt lat="45.849027" lon="14.460541">
        <ele>827.172384</ele>
        <time>2026-08-11T14:31:49.709Z</time>
      </trkpt>
      <trkpt lat="45.848889" lon="14.460646">
        <ele>826.283317</ele>
        <time>2026-08-11T14:31:51.704Z</time>
      </trkpt>
      <trkpt lat="45.847489" lon="14.460635">
        <ele>813.433950</ele>
        <time>2026-08-11T14:32:08.896Z</time>
      </trkpt>
      <trkpt lat="45.847338" lon="14.460769">
        <ele>811.500673</ele>
        <time>2026-08-11T14:32:11.005Z</time>
      </trkpt>
      <trkpt lat="45.846830" lon="14.461558">
        <ele>803.766231</ele>
        <time>2026-08-11T14:32:19.837Z</time>
      </trkpt>
      <trkpt lat="45.846552" lon="14.461812">
        <ele>802.252791</ele>
        <time>2026-08-11T14:32:23.772Z</time>
      </trkpt>
      <trkpt lat="45.846368" lon="14.461905">
        <ele>801.356878</ele>
        <time>2026-08-11T14:32:26.149Z</time>
      </trkpt>
      <trkpt lat="45.846230" lon="14.461871">
        <ele>800.713812</ele>
        <time>2026-08-11T14:32:27.925Z</time>
      </trkpt>
      <trkpt lat="45.846139" lon="14.461721">
        <ele>800.077443</ele>
        <time>2026-08-11T14:32:29.764Z</time>
      </trkpt>
      <trkpt lat="45.845916" lon="14.460816">
        <ele>797.006306</ele>
        <time>2026-08-11T14:32:42.274Z</time>
      </trkpt>
      <trkpt lat="45.845912" lon="14.460682">
        <ele>796.577211</ele>
        <time>2026-08-11T14:32:45.134Z</time>
      </trkpt>
      <trkpt lat="45.846103" lon="14.460024">
        <ele>794.586105</ele>
        <time>2026-08-11T14:33:01.834Z</time>
      </trkpt>
      <trkpt lat="45.846107" lon="14.459775">
        <ele>793.941793</ele>
        <time>2026-08-11T14:33:07.093Z</time>
      </trkpt>
      <trkpt lat="45.846051" lon="14.459629">
        <ele>793.510633</ele>
        <time>2026-08-11T14:33:10.091Z</time>
      </trkpt>
      <trkpt lat="45.845970" lon="14.459580">
        <ele>793.184208</ele>
        <time>2026-08-11T14:33:12.068Z</time>
      </trkpt>
      <trkpt lat="45.845868" lon="14.459570">
        <ele>792.804530</ele>
        <time>2026-08-11T14:33:13.973Z</time>
      </trkpt>
      <trkpt lat="45.845078" lon="14.459841">
        <ele>789.788118</ele>
        <time>2026-08-11T14:33:24.569Z</time>
      </trkpt>
      <trkpt lat="45.844572" lon="14.460113">
        <ele>785.752294</ele>
        <time>2026-08-11T14:33:30.997Z</time>
      </trkpt>
      <trkpt lat="45.844382" lon="14.460265">
        <ele>783.728338</ele>
        <time>2026-08-11T14:33:33.595Z</time>
      </trkpt>
      <trkpt lat="45.844266" lon="14.460312">
        <ele>782.606785</ele>
        <time>2026-08-11T14:33:35.050Z</time>
      </trkpt>
      <trkpt lat="45.843918" lon="14.460220">
        <ele>779.314181</ele>
        <time>2026-08-11T14:33:39.368Z</time>
      </trkpt>
      <trkpt lat="45.843364" lon="14.459950">
        <ele>773.870201</ele>
        <time>2026-08-11T14:33:46.763Z</time>
      </trkpt>
      <trkpt lat="45.842935" lon="14.459463">
        <ele>769.243619</ele>
        <time>2026-08-11T14:33:53.745Z</time>
      </trkpt>
      <trkpt lat="45.842821" lon="14.459382">
        <ele>768.211617</ele>
        <time>2026-08-11T14:33:55.362Z</time>
      </trkpt>
      <trkpt lat="45.842697" lon="14.459392">
        <ele>767.203996</ele>
        <time>2026-08-11T14:33:56.915Z</time>
      </trkpt>
      <trkpt lat="45.842613" lon="14.459436">
        <ele>766.478534</ele>
        <time>2026-08-11T14:33:58.033Z</time>
      </trkpt>
      <trkpt lat="45.842467" lon="14.459599">
        <ele>764.977927</ele>
        <time>2026-08-11T14:34:00.337Z</time>
      </trkpt>
      <trkpt lat="45.842308" lon="14.459862">
        <ele>763.009771</ele>
        <time>2026-08-11T14:34:03.357Z</time>
      </trkpt>
      <trkpt lat="45.842185" lon="14.459940">
        <ele>761.918810</ele>
        <time>2026-08-11T14:34:05.027Z</time>
      </trkpt>
      <trkpt lat="45.841877" lon="14.459889">
        <ele>759.403380</ele>
        <time>2026-08-11T14:34:08.860Z</time>
      </trkpt>
      <trkpt lat="45.841690" lon="14.459788">
        <ele>757.784551</ele>
        <time>2026-08-11T14:34:11.348Z</time>
      </trkpt>
      <trkpt lat="45.841552" lon="14.459656">
        <ele>756.603052</ele>
        <time>2026-08-11T14:34:13.421Z</time>
      </trkpt>
      <trkpt lat="45.841121" lon="14.459101">
        <ele>752.477792</ele>
        <time>2026-08-11T14:34:20.835Z</time>
      </trkpt>
      <trkpt lat="45.841005" lon="14.458639">
        <ele>750.040301</ele>
        <time>2026-08-11T14:34:25.384Z</time>
      </trkpt>
      <trkpt lat="45.840933" lon="14.458508">
        <ele>749.212099</ele>
        <time>2026-08-11T14:34:26.952Z</time>
      </trkpt>
      <trkpt lat="45.839203" lon="14.456860">
        <ele>734.351214</ele>
        <time>2026-08-11T14:34:53.280Z</time>
      </trkpt>
      <trkpt lat="45.839021" lon="14.456556">
        <ele>732.348890</ele>
        <time>2026-08-11T14:34:56.857Z</time>
      </trkpt>
      <trkpt lat="45.838788" lon="14.455916">
        <ele>729.702220</ele>
        <time>2026-08-11T14:35:03.478Z</time>
      </trkpt>
      <trkpt lat="45.838649" lon="14.455442">
        <ele>727.870556</ele>
        <time>2026-08-11T14:35:08.361Z</time>
      </trkpt>
      <trkpt lat="45.838640" lon="14.455058">
        <ele>726.502120</ele>
        <time>2026-08-11T14:35:12.049Z</time>
      </trkpt>
      <trkpt lat="45.838671" lon="14.454721">
        <ele>725.291437</ele>
        <time>2026-08-11T14:35:15.322Z</time>
      </trkpt>
      <trkpt lat="45.838663" lon="14.454562">
        <ele>724.723665</ele>
        <time>2026-08-11T14:35:16.847Z</time>
      </trkpt>
      <trkpt lat="45.838604" lon="14.454448">
        <ele>724.217866</ele>
        <time>2026-08-11T14:35:18.215Z</time>
      </trkpt>
      <trkpt lat="45.838533" lon="14.454407">
        <ele>723.826622</ele>
        <time>2026-08-11T14:35:19.277Z</time>
      </trkpt>
      <trkpt lat="45.838383" lon="14.454447">
        <ele>723.046661</ele>
        <time>2026-08-11T14:35:21.375Z</time>
      </trkpt>
      <trkpt lat="45.838345" lon="14.454511">
        <ele>722.750402</ele>
        <time>2026-08-11T14:35:22.183Z</time>
      </trkpt>
      <trkpt lat="45.838327" lon="14.454615">
        <ele>722.377190</ele>
        <time>2026-08-11T14:35:23.203Z</time>
      </trkpt>
      <trkpt lat="45.838345" lon="14.454764">
        <ele>721.850521</ele>
        <time>2026-08-11T14:35:24.641Z</time>
      </trkpt>
      <trkpt lat="45.838426" lon="14.454914">
        <ele>721.189562</ele>
        <time>2026-08-11T14:35:26.431Z</time>
      </trkpt>
      <trkpt lat="45.838472" lon="14.455069">
        <ele>720.602805</ele>
        <time>2026-08-11T14:35:28.013Z</time>
      </trkpt>
      <trkpt lat="45.838411" lon="14.455588">
        <ele>718.769736</ele>
        <time>2026-08-11T14:35:32.952Z</time>
      </trkpt>
      <trkpt lat="45.838380" lon="14.456498">
        <ele>715.596681</ele>
        <time>2026-08-11T14:35:41.448Z</time>
      </trkpt>
      <trkpt lat="45.838385" lon="14.457006">
        <ele>713.831278</ele>
        <time>2026-08-11T14:35:46.245Z</time>
      </trkpt>
      <trkpt lat="45.838396" lon="14.457198">
        <ele>713.196252</ele>
        <time>2026-08-11T14:35:48.073Z</time>
      </trkpt>
      <trkpt lat="45.838430" lon="14.457349">
        <ele>712.673161</ele>
        <time>2026-08-11T14:35:49.572Z</time>
      </trkpt>
      <trkpt lat="45.838622" lon="14.457649">
        <ele>711.330350</ele>
        <time>2026-08-11T14:35:53.437Z</time>
      </trkpt>
      <trkpt lat="45.838647" lon="14.457792">
        <ele>710.844367</ele>
        <time>2026-08-11T14:35:54.823Z</time>
      </trkpt>
      <trkpt lat="45.838637" lon="14.457889">
        <ele>710.521146</ele>
        <time>2026-08-11T14:35:55.757Z</time>
      </trkpt>
      <trkpt lat="45.838572" lon="14.457989">
        <ele>710.070328</ele>
        <time>2026-08-11T14:35:57.057Z</time>
      </trkpt>
      <trkpt lat="45.838509" lon="14.458043">
        <ele>709.723147</ele>
        <time>2026-08-11T14:35:58.072Z</time>
      </trkpt>
      <trkpt lat="45.838400" lon="14.458025">
        <ele>709.204022</ele>
        <time>2026-08-11T14:35:59.572Z</time>
      </trkpt>
      <trkpt lat="45.838338" lon="14.457950">
        <ele>708.820393</ele>
        <time>2026-08-11T14:36:00.682Z</time>
      </trkpt>
      <trkpt lat="45.838295" lon="14.457788">
        <ele>708.248948</ele>
        <time>2026-08-11T14:36:02.335Z</time>
      </trkpt>
      <trkpt lat="45.838152" lon="14.457006">
        <ele>705.583920</ele>
        <time>2026-08-11T14:36:10.004Z</time>
      </trkpt>
      <trkpt lat="45.837983" lon="14.456273">
        <ele>702.914118</ele>
        <time>2026-08-11T14:36:17.423Z</time>
      </trkpt>
      <trkpt lat="45.837997" lon="14.456036">
        <ele>702.088525</ele>
        <time>2026-08-11T14:36:19.730Z</time>
      </trkpt>
      <trkpt lat="45.838036" lon="14.455852">
        <ele>701.420946</ele>
        <time>2026-08-11T14:36:21.599Z</time>
      </trkpt>
      <trkpt lat="45.838037" lon="14.455675">
        <ele>700.806548</ele>
        <time>2026-08-11T14:36:23.306Z</time>
      </trkpt>
      <trkpt lat="45.837983" lon="14.455544">
        <ele>700.278209</ele>
        <time>2026-08-11T14:36:24.767Z</time>
      </trkpt>
      <trkpt lat="45.837828" lon="14.455374">
        <ele>699.306325</ele>
        <time>2026-08-11T14:36:27.424Z</time>
      </trkpt>
      <trkpt lat="45.837300" lon="14.454902">
        <ele>696.144612</ele>
        <time>2026-08-11T14:36:35.615Z</time>
      </trkpt>
      <trkpt lat="45.837034" lon="14.454555">
        <ele>693.851428</ele>
        <time>2026-08-11T14:36:40.304Z</time>
      </trkpt>
      <trkpt lat="45.836960" lon="14.454516">
        <ele>693.348506</ele>
        <time>2026-08-11T14:36:41.339Z</time>
      </trkpt>
      <trkpt lat="45.836860" lon="14.454543">
        <ele>692.699340</ele>
        <time>2026-08-11T14:36:42.666Z</time>
      </trkpt>
      <trkpt lat="45.836723" lon="14.454712">
        <ele>691.546869</ele>
        <time>2026-08-11T14:36:45.037Z</time>
      </trkpt>
      <trkpt lat="45.836635" lon="14.454761">
        <ele>690.944683</ele>
        <time>2026-08-11T14:36:46.271Z</time>
      </trkpt>
      <trkpt lat="45.836488" lon="14.454768">
        <ele>690.006341</ele>
        <time>2026-08-11T14:36:48.194Z</time>
      </trkpt>
      <trkpt lat="45.836324" lon="14.454696">
        <ele>688.912208</ele>
        <time>2026-08-11T14:36:50.432Z</time>
      </trkpt>
      <trkpt lat="45.836269" lon="14.454600">
        <ele>688.359759</ele>
        <time>2026-08-11T14:36:51.551Z</time>
      </trkpt>
      <trkpt lat="45.836189" lon="14.454068">
        <ele>685.940640</ele>
        <time>2026-08-11T14:36:56.420Z</time>
      </trkpt>
      <trkpt lat="45.836116" lon="14.453910">
        <ele>685.097961</ele>
        <time>2026-08-11T14:36:58.114Z</time>
      </trkpt>
      <trkpt lat="45.835845" lon="14.453661">
        <ele>682.775625</ele>
        <time>2026-08-11T14:37:02.241Z</time>
      </trkpt>
      <trkpt lat="45.835712" lon="14.453622">
        <ele>681.787417</ele>
        <time>2026-08-11T14:37:03.968Z</time>
      </trkpt>
      <trkpt lat="45.835428" lon="14.453610">
        <ele>679.719068</ele>
        <time>2026-08-11T14:37:07.591Z</time>
      </trkpt>
      <trkpt lat="45.835325" lon="14.453546">
        <ele>678.902005</ele>
        <time>2026-08-11T14:37:09.013Z</time>
      </trkpt>
      <trkpt lat="45.835235" lon="14.453438">
        <ele>678.048005</ele>
        <time>2026-08-11T14:37:10.491Z</time>
      </trkpt>
      <trkpt lat="45.835092" lon="14.453079">
        <ele>675.950584</ele>
        <time>2026-08-11T14:37:14.133Z</time>
      </trkpt>
      <trkpt lat="45.835003" lon="14.452722">
        <ele>674.027454</ele>
        <time>2026-08-11T14:37:17.467Z</time>
      </trkpt>
      <trkpt lat="45.834936" lon="14.452172">
        <ele>671.266084</ele>
        <time>2026-08-11T14:37:22.422Z</time>
      </trkpt>
      <trkpt lat="45.834886" lon="14.451498">
        <ele>668.192234</ele>
        <time>2026-08-11T14:37:28.544Z</time>
      </trkpt>
      <trkpt lat="45.834903" lon="14.451298">
        <ele>667.278515</ele>
        <time>2026-08-11T14:37:30.360Z</time>
      </trkpt>
      <trkpt lat="45.834951" lon="14.451086">
        <ele>666.267609</ele>
        <time>2026-08-11T14:37:32.363Z</time>
      </trkpt>
      <trkpt lat="45.835111" lon="14.450630">
        <ele>663.952232</ele>
        <time>2026-08-11T14:37:36.934Z</time>
      </trkpt>
      <trkpt lat="45.835093" lon="14.450506">
        <ele>663.377822</ele>
        <time>2026-08-11T14:37:38.075Z</time>
      </trkpt>
      <trkpt lat="45.835040" lon="14.450414">
        <ele>662.836456</ele>
        <time>2026-08-11T14:37:39.160Z</time>
      </trkpt>
      <trkpt lat="45.834943" lon="14.450353">
        <ele>662.147143</ele>
        <time>2026-08-11T14:37:40.539Z</time>
      </trkpt>
      <trkpt lat="45.834849" lon="14.450375">
        <ele>661.527220</ele>
        <time>2026-08-11T14:37:41.775Z</time>
      </trkpt>
      <trkpt lat="45.834778" lon="14.450461">
        <ele>660.922508</ele>
        <time>2026-08-11T14:37:42.988Z</time>
      </trkpt>
      <trkpt lat="45.834575" lon="14.450969">
        <ele>658.872577</ele>
        <time>2026-08-11T14:37:48.364Z</time>
      </trkpt>
      <trkpt lat="45.833990" lon="14.452453">
        <ele>653.621639</ele>
        <time>2026-08-11T14:38:04.845Z</time>
      </trkpt>
      <trkpt lat="45.833926" lon="14.453008">
        <ele>651.882870</ele>
        <time>2026-08-11T14:38:10.667Z</time>
      </trkpt>
      <trkpt lat="45.833862" lon="14.453366">
        <ele>650.721834</ele>
        <time>2026-08-11T14:38:14.421Z</time>
      </trkpt>
      <trkpt lat="45.833620" lon="14.454359">
        <ele>647.417137</ele>
        <time>2026-08-11T14:38:24.743Z</time>
      </trkpt>
      <trkpt lat="45.833422" lon="14.455320">
        <ele>644.269041</ele>
        <time>2026-08-11T14:38:34.040Z</time>
      </trkpt>
      <trkpt lat="45.833459" lon="14.456022">
        <ele>641.817412</ele>
        <time>2026-08-11T14:38:40.455Z</time>
      </trkpt>
      <trkpt lat="45.833440" lon="14.456161">
        <ele>641.320006</ele>
        <time>2026-08-11T14:38:41.744Z</time>
      </trkpt>
      <trkpt lat="45.833384" lon="14.456264">
        <ele>640.861232</ele>
        <time>2026-08-11T14:38:42.933Z</time>
      </trkpt>
      <trkpt lat="45.833026" lon="14.456682">
        <ele>638.535305</ele>
        <time>2026-08-11T14:38:49.066Z</time>
      </trkpt>
      <trkpt lat="45.832931" lon="14.456736">
        <ele>638.020333</ele>
        <time>2026-08-11T14:38:50.446Z</time>
      </trkpt>
      <trkpt lat="45.832820" lon="14.456726">
        <ele>637.459804</ele>
        <time>2026-08-11T14:38:51.962Z</time>
      </trkpt>
      <trkpt lat="45.832355" lon="14.456548">
        <ele>635.034331</ele>
        <time>2026-08-11T14:38:58.739Z</time>
      </trkpt>
      <trkpt lat="45.832166" lon="14.456570">
        <ele>634.257000</ele>
        <time>2026-08-11T14:39:01.533Z</time>
      </trkpt>
      <trkpt lat="45.831936" lon="14.456659">
        <ele>633.281479</ele>
        <time>2026-08-11T14:39:05.100Z</time>
      </trkpt>
      <trkpt lat="45.831844" lon="14.456646">
        <ele>632.902902</ele>
        <time>2026-08-11T14:39:06.460Z</time>
      </trkpt>
      <trkpt lat="45.831328" lon="14.456002">
        <ele>630.102562</ele>
        <time>2026-08-11T14:39:16.028Z</time>
      </trkpt>
      <trkpt lat="45.831159" lon="14.455859">
        <ele>629.299149</ele>
        <time>2026-08-11T14:39:18.719Z</time>
      </trkpt>
      <trkpt lat="45.830825" lon="14.455686">
        <ele>627.845012</ele>
        <time>2026-08-11T14:39:23.530Z</time>
      </trkpt>
      <trkpt lat="45.830566" lon="14.455491">
        <ele>626.907962</ele>
        <time>2026-08-11T14:39:27.473Z</time>
      </trkpt>
      <trkpt lat="45.830379" lon="14.455144">
        <ele>625.977076</ele>
        <time>2026-08-11T14:39:31.636Z</time>
      </trkpt>
      <trkpt lat="45.830937" lon="14.454365">
        <ele>623.606310</ele>
        <time>2026-08-11T14:39:39.554Z</time>
      </trkpt>
      <trkpt lat="45.831020" lon="14.454159">
        <ele>623.101350</ele>
        <time>2026-08-11T14:39:41.509Z</time>
      </trkpt>
      <trkpt lat="45.831075" lon="14.453887">
        <ele>622.500346</ele>
        <time>2026-08-11T14:39:43.939Z</time>
      </trkpt>
      <trkpt lat="45.831090" lon="14.453446">
        <ele>622.026062</ele>
        <time>2026-08-11T14:39:47.824Z</time>
      </trkpt>
      <trkpt lat="45.831040" lon="14.453074">
        <ele>621.818991</ele>
        <time>2026-08-11T14:39:51.196Z</time>
      </trkpt>
      <trkpt lat="45.830938" lon="14.452671">
        <ele>621.584642</ele>
        <time>2026-08-11T14:39:55.065Z</time>
      </trkpt>
      <trkpt lat="45.830724" lon="14.451908">
        <ele>621.135093</ele>
        <time>2026-08-11T14:40:02.122Z</time>
      </trkpt>
      <trkpt lat="45.830360" lon="14.450605">
        <ele>621.148473</ele>
        <time>2026-08-11T14:40:15.077Z</time>
      </trkpt>
      <trkpt lat="45.830267" lon="14.450359">
        <ele>621.288295</ele>
        <time>2026-08-11T14:40:18.963Z</time>
      </trkpt>
      <trkpt lat="45.830049" lon="14.449964">
        <ele>621.540035</ele>
        <time>2026-08-11T14:40:26.320Z</time>
      </trkpt>
      <trkpt lat="45.829752" lon="14.449522">
        <ele>621.846805</ele>
        <time>2026-08-11T14:40:35.433Z</time>
      </trkpt>
      <trkpt lat="45.829599" lon="14.449374">
        <ele>621.979096</ele>
        <time>2026-08-11T14:40:39.397Z</time>
      </trkpt>
      <trkpt lat="45.829471" lon="14.449322">
        <ele>622.052534</ele>
        <time>2026-08-11T14:40:42.080Z</time>
      </trkpt>
      <trkpt lat="45.829234" lon="14.449367">
        <ele>621.815058</ele>
        <time>2026-08-11T14:40:46.390Z</time>
      </trkpt>
      <trkpt lat="45.828603" lon="14.449687">
        <ele>621.150268</ele>
        <time>2026-08-11T14:40:55.338Z</time>
      </trkpt>
      <trkpt lat="45.828241" lon="14.449870">
        <ele>620.769016</ele>
        <time>2026-08-11T14:40:59.461Z</time>
      </trkpt>
      <trkpt lat="45.827982" lon="14.449954">
        <ele>620.505249</ele>
        <time>2026-08-11T14:41:02.280Z</time>
      </trkpt>
      <trkpt lat="45.827820" lon="14.449961">
        <ele>620.344253</ele>
        <time>2026-08-11T14:41:04.000Z</time>
      </trkpt>
      <trkpt lat="45.827667" lon="14.449914">
        <ele>620.118186</ele>
        <time>2026-08-11T14:41:05.662Z</time>
      </trkpt>
      <trkpt lat="45.827528" lon="14.449775">
        <ele>619.817451</ele>
        <time>2026-08-11T14:41:07.466Z</time>
      </trkpt>
      <trkpt lat="45.827422" lon="14.449596">
        <ele>619.526888</ele>
        <time>2026-08-11T14:41:09.230Z</time>
      </trkpt>
      <trkpt lat="45.827117" lon="14.448514">
        <ele>618.083165</ele>
        <time>2026-08-11T14:41:18.550Z</time>
      </trkpt>
      <trkpt lat="45.826941" lon="14.447345">
        <ele>616.529069</ele>
        <time>2026-08-11T14:41:28.132Z</time>
      </trkpt>
      <trkpt lat="45.826682" lon="14.446343">
        <ele>615.002116</ele>
        <time>2026-08-11T14:41:36.426Z</time>
      </trkpt>
      <trkpt lat="45.826353" lon="14.445506">
        <ele>613.629087</ele>
        <time>2026-08-11T14:41:43.512Z</time>
      </trkpt>
      <trkpt lat="45.826034" lon="14.444875">
        <ele>612.601301</ele>
        <time>2026-08-11T14:41:49.222Z</time>
      </trkpt>
      <trkpt lat="45.825792" lon="14.444249">
        <ele>611.678179</ele>
        <time>2026-08-11T14:41:54.643Z</time>
      </trkpt>
      <trkpt lat="45.825722" lon="14.444016">
        <ele>611.350992</ele>
        <time>2026-08-11T14:41:56.581Z</time>
      </trkpt>
      <trkpt lat="45.825607" lon="14.443370">
        <ele>610.491220</ele>
        <time>2026-08-11T14:42:01.813Z</time>
      </trkpt>
      <trkpt lat="45.825264" lon="14.441433">
        <ele>609.395297</ele>
        <time>2026-08-11T14:42:19.856Z</time>
      </trkpt>
      <trkpt lat="45.825046" lon="14.440358">
        <ele>608.953005</ele>
        <time>2026-08-11T14:42:30.663Z</time>
      </trkpt>
      <trkpt lat="45.824917" lon="14.439873">
        <ele>608.766607</ele>
        <time>2026-08-11T14:42:35.679Z</time>
      </trkpt>
      <trkpt lat="45.824537" lon="14.438798">
        <ele>608.333794</ele>
        <time>2026-08-11T14:42:46.613Z</time>
      </trkpt>
      <trkpt lat="45.824052" lon="14.438047">
        <ele>608.102332</ele>
        <time>2026-08-11T14:42:55.728Z</time>
      </trkpt>
      <trkpt lat="45.824005" lon="14.437848">
        <ele>608.102715</ele>
        <time>2026-08-11T14:42:57.648Z</time>
      </trkpt>
      <trkpt lat="45.823991" lon="14.437543">
        <ele>608.103273</ele>
        <time>2026-08-11T14:43:00.488Z</time>
      </trkpt>
      <trkpt lat="45.824079" lon="14.436521">
        <ele>608.105150</ele>
        <time>2026-08-11T14:43:10.760Z</time>
      </trkpt>
      <trkpt lat="45.824264" lon="14.435671">
        <ele>608.241929</ele>
        <time>2026-08-11T14:43:21.755Z</time>
      </trkpt>
      <trkpt lat="45.824236" lon="14.435330">
        <ele>608.442278</ele>
        <time>2026-08-11T14:43:26.680Z</time>
      </trkpt>
      <trkpt lat="45.824129" lon="14.434950">
        <ele>608.681424</ele>
        <time>2026-08-11T14:43:33.041Z</time>
      </trkpt>
      <trkpt lat="45.823997" lon="14.434639">
        <ele>608.893902</ele>
        <time>2026-08-11T14:43:39.031Z</time>
      </trkpt>
      <trkpt lat="45.823293" lon="14.433534">
        <ele>609.287134</ele>
        <time>2026-08-11T14:43:56.612Z</time>
      </trkpt>
      <trkpt lat="45.823027" lon="14.433343">
        <ele>608.764937</ele>
        <time>2026-08-11T14:44:00.225Z</time>
      </trkpt>
      <trkpt lat="45.822013" lon="14.432723">
        <ele>606.829867</ele>
        <time>2026-08-11T14:44:11.672Z</time>
      </trkpt>
      <trkpt lat="45.821854" lon="14.432590">
        <ele>606.506758</ele>
        <time>2026-08-11T14:44:13.665Z</time>
      </trkpt>
      <trkpt lat="45.821655" lon="14.432238">
        <ele>606.266496</ele>
        <time>2026-08-11T14:44:17.238Z</time>
      </trkpt>
      <trkpt lat="45.821345" lon="14.431528">
        <ele>605.882613</ele>
        <time>2026-08-11T14:44:24.650Z</time>
      </trkpt>
      <trkpt lat="45.821188" lon="14.431309">
        <ele>605.738657</ele>
        <time>2026-08-11T14:44:27.914Z</time>
      </trkpt>
      <trkpt lat="45.820350" lon="14.430565">
        <ele>605.122005</ele>
        <time>2026-08-11T14:44:42.881Z</time>
      </trkpt>
      <trkpt lat="45.819661" lon="14.430054">
        <ele>604.699905</ele>
        <time>2026-08-11T14:44:53.400Z</time>
      </trkpt>
      <trkpt lat="45.819527" lon="14.429928">
        <ele>604.612715</ele>
        <time>2026-08-11T14:44:55.454Z</time>
      </trkpt>
      <trkpt lat="45.818661" lon="14.428813">
        <ele>603.697958</ele>
        <time>2026-08-11T14:45:09.597Z</time>
      </trkpt>
      <trkpt lat="45.817768" lon="14.428056">
        <ele>602.626986</ele>
        <time>2026-08-11T14:45:22.166Z</time>
      </trkpt>
      <trkpt lat="45.817676" lon="14.427936">
        <ele>602.498606</ele>
        <time>2026-08-11T14:45:23.721Z</time>
      </trkpt>
      <trkpt lat="45.817620" lon="14.427817">
        <ele>602.391906</ele>
        <time>2026-08-11T14:45:24.976Z</time>
      </trkpt>
      <trkpt lat="45.817588" lon="14.427677">
        <ele>602.277112</ele>
        <time>2026-08-11T14:45:26.253Z</time>
      </trkpt>
      <trkpt lat="45.817606" lon="14.426960">
        <ele>601.718120</ele>
        <time>2026-08-11T14:45:32.361Z</time>
      </trkpt>
      <trkpt lat="45.817551" lon="14.426735">
        <ele>601.532348</ele>
        <time>2026-08-11T14:45:34.350Z</time>
      </trkpt>
      <trkpt lat="45.817485" lon="14.426568">
        <ele>601.382771</ele>
        <time>2026-08-11T14:45:35.919Z</time>
      </trkpt>
      <trkpt lat="45.817319" lon="14.426314">
        <ele>601.111477</ele>
        <time>2026-08-11T14:45:38.766Z</time>
      </trkpt>
      <trkpt lat="45.816792" lon="14.425652">
        <ele>600.359760</ele>
        <time>2026-08-11T14:45:47.093Z</time>
      </trkpt>
      <trkpt lat="45.816681" lon="14.425473">
        <ele>600.233400</ele>
        <time>2026-08-11T14:45:49.099Z</time>
      </trkpt>
      <trkpt lat="45.816612" lon="14.425241">
        <ele>600.100372</ele>
        <time>2026-08-11T14:45:51.236Z</time>
      </trkpt>
      <trkpt lat="45.816610" lon="14.425067">
        <ele>600.008594</ele>
        <time>2026-08-11T14:45:52.701Z</time>
      </trkpt>
      <trkpt lat="45.816718" lon="14.424404">
        <ele>599.649514</ele>
        <time>2026-08-11T14:45:58.703Z</time>
      </trkpt>
      <trkpt lat="45.816725" lon="14.424099">
        <ele>599.488574</ele>
        <time>2026-08-11T14:46:01.567Z</time>
      </trkpt>
      <trkpt lat="45.816680" lon="14.423857">
        <ele>599.356482</ele>
        <time>2026-08-11T14:46:03.964Z</time>
      </trkpt>
      <trkpt lat="45.816325" lon="14.422871">
        <ele>598.783693</ele>
        <time>2026-08-11T14:46:14.363Z</time>
      </trkpt>
      <trkpt lat="45.816218" lon="14.422452">
        <ele>598.558389</ele>
        <time>2026-08-11T14:46:18.256Z</time>
      </trkpt>
      <trkpt lat="45.816167" lon="14.421828">
        <ele>598.241175</ele>
        <time>2026-08-11T14:46:23.606Z</time>
      </trkpt>
      <trkpt lat="45.816214" lon="14.421556">
        <ele>598.099685</ele>
        <time>2026-08-11T14:46:25.995Z</time>
      </trkpt>
      <trkpt lat="45.816292" lon="14.421370">
        <ele>597.990086</ele>
        <time>2026-08-11T14:46:27.862Z</time>
      </trkpt>
      <trkpt lat="45.816547" lon="14.420985">
        <ele>597.754462</ele>
        <time>2026-08-11T14:46:32.521Z</time>
      </trkpt>
      <trkpt lat="45.816672" lon="14.420574">
        <ele>597.715053</ele>
        <time>2026-08-11T14:46:36.652Z</time>
      </trkpt>
      <trkpt lat="45.816676" lon="14.420374">
        <ele>597.697470</ele>
        <time>2026-08-11T14:46:38.547Z</time>
      </trkpt>
      <trkpt lat="45.816214" lon="14.417553">
        <ele>597.863045</ele>
        <time>2026-08-11T14:47:09.270Z</time>
      </trkpt>
      <trkpt lat="45.816200" lon="14.417234">
        <ele>597.963659</ele>
        <time>2026-08-11T14:47:13.265Z</time>
      </trkpt>
      <trkpt lat="45.816231" lon="14.416541">
        <ele>598.182251</ele>
        <time>2026-08-11T14:47:22.109Z</time>
      </trkpt>
      <trkpt lat="45.816128" lon="14.415842">
        <ele>598.185565</ele>
        <time>2026-08-11T14:47:31.082Z</time>
      </trkpt>
      <trkpt lat="45.816023" lon="14.415549">
        <ele>597.908019</ele>
        <time>2026-08-11T14:47:34.778Z</time>
      </trkpt>
      <trkpt lat="45.815871" lon="14.415299">
        <ele>597.628539</ele>
        <time>2026-08-11T14:47:37.999Z</time>
      </trkpt>
      <trkpt lat="45.815626" lon="14.415050">
        <ele>597.265641</ele>
        <time>2026-08-11T14:47:41.679Z</time>
      </trkpt>
      <trkpt lat="45.815219" lon="14.414738">
        <ele>596.707887</ele>
        <time>2026-08-11T14:47:46.830Z</time>
      </trkpt>
      <trkpt lat="45.815012" lon="14.414493">
        <ele>596.383541</ele>
        <time>2026-08-11T14:47:49.679Z</time>
      </trkpt>
      <trkpt lat="45.814923" lon="14.414143">
        <ele>596.045949</ele>
        <time>2026-08-11T14:47:52.369Z</time>
      </trkpt>
      <trkpt lat="45.814898" lon="14.413612">
        <ele>595.494485</ele>
        <time>2026-08-11T14:47:56.150Z</time>
      </trkpt>
      <trkpt lat="45.814849" lon="14.413172">
        <ele>595.032783</ele>
        <time>2026-08-11T14:47:59.301Z</time>
      </trkpt>
      <trkpt lat="45.814727" lon="14.412762">
        <ele>594.570851</ele>
        <time>2026-08-11T14:48:02.630Z</time>
      </trkpt>
      <trkpt lat="45.814571" lon="14.412388">
        <ele>594.119222</ele>
        <time>2026-08-11T14:48:06.248Z</time>
      </trkpt>
      <trkpt lat="45.814511" lon="14.412029">
        <ele>593.736687</ele>
        <time>2026-08-11T14:48:09.764Z</time>
      </trkpt>
      <trkpt lat="45.814534" lon="14.411903">
        <ele>593.601724</ele>
        <time>2026-08-11T14:48:11.167Z</time>
      </trkpt>
      <trkpt lat="45.814561" lon="14.411710">
        <ele>593.706191</ele>
        <time>2026-08-11T14:48:13.455Z</time>
      </trkpt>
      <trkpt lat="45.814831" lon="14.409834">
        <ele>597.776502</ele>
        <time>2026-08-11T14:48:49.355Z</time>
      </trkpt>
      <trkpt lat="45.814883" lon="14.409615">
        <ele>598.268104</ele>
        <time>2026-08-11T14:48:54.798Z</time>
      </trkpt>
      <trkpt lat="45.814986" lon="14.409449">
        <ele>598.740349</ele>
        <time>2026-08-11T14:49:00.071Z</time>
      </trkpt>
      <trkpt lat="45.815105" lon="14.409349">
        <ele>599.283365</ele>
        <time>2026-08-11T14:49:04.762Z</time>
      </trkpt>
      <trkpt lat="45.815251" lon="14.409278">
        <ele>600.076073</ele>
        <time>2026-08-11T14:49:10.071Z</time>
      </trkpt>
      <trkpt lat="45.817028" lon="14.409095">
        <ele>608.787817</ele>
        <time>2026-08-11T14:50:15.505Z</time>
      </trkpt>
      <trkpt lat="45.817233" lon="14.409011">
        <ele>609.394381</ele>
        <time>2026-08-11T14:50:22.485Z</time>
      </trkpt>
      <trkpt lat="45.817301" lon="14.408889">
        <ele>609.704141</ele>
        <time>2026-08-11T14:50:25.708Z</time>
      </trkpt>
      <trkpt lat="45.817310" lon="14.408767">
        <ele>609.947406</ele>
        <time>2026-08-11T14:50:28.114Z</time>
      </trkpt>
      <trkpt lat="45.817271" lon="14.408623">
        <ele>610.253744</ele>
        <time>2026-08-11T14:50:30.904Z</time>
      </trkpt>
      <trkpt lat="45.817179" lon="14.408545">
        <ele>610.557774</ele>
        <time>2026-08-11T14:50:33.521Z</time>
      </trkpt>
      <trkpt lat="45.817068" lon="14.408530">
        <ele>610.874978</ele>
        <time>2026-08-11T14:50:36.139Z</time>
      </trkpt>
      <trkpt lat="45.816644" lon="14.408622">
        <ele>612.095019</ele>
        <time>2026-08-11T14:50:45.770Z</time>
      </trkpt>
      <trkpt lat="45.816339" lon="14.408858">
        <ele>613.080919</ele>
        <time>2026-08-11T14:50:52.905Z</time>
      </trkpt>
      <trkpt lat="45.816075" lon="14.408910">
        <ele>613.873222</ele>
        <time>2026-08-11T14:50:57.694Z</time>
      </trkpt>
      <trkpt lat="45.815838" lon="14.408870">
        <ele>614.599426</ele>
        <time>2026-08-11T14:51:02.419Z</time>
      </trkpt>
      <trkpt lat="45.815620" lon="14.408791">
        <ele>615.283671</ele>
        <time>2026-08-11T14:51:07.466Z</time>
      </trkpt>
      <trkpt lat="45.815423" lon="14.408559">
        <ele>616.059263</ele>
        <time>2026-08-11T14:51:14.016Z</time>
      </trkpt>
      <trkpt lat="45.815371" lon="14.408424">
        <ele>616.386417</ele>
        <time>2026-08-11T14:51:17.146Z</time>
      </trkpt>
      <trkpt lat="45.815311" lon="14.408125">
        <ele>617.046361</ele>
        <time>2026-08-11T14:51:24.150Z</time>
      </trkpt>
      <trkpt lat="45.815149" lon="14.406359">
        <ele>620.751273</ele>
        <time>2026-08-11T14:52:04.984Z</time>
      </trkpt>
      <trkpt lat="45.815150" lon="14.406142">
        <ele>621.194740</ele>
        <time>2026-08-11T14:52:09.059Z</time>
      </trkpt>
      <trkpt lat="45.815389" lon="14.405379">
        <ele>622.904221</ele>
        <time>2026-08-11T14:52:23.861Z</time>
      </trkpt>
      <trkpt lat="45.815720" lon="14.404520">
        <ele>624.713842</ele>
        <time>2026-08-11T14:52:36.700Z</time>
      </trkpt>
      <trkpt lat="45.815762" lon="14.404414">
        <ele>624.902967</ele>
        <time>2026-08-11T14:52:38.162Z</time>
      </trkpt>
      <trkpt lat="45.815806" lon="14.404297">
        <ele>625.109173</ele>
        <time>2026-08-11T14:52:39.616Z</time>
      </trkpt>
      <trkpt lat="45.816053" lon="14.403629">
        <ele>626.282065</ele>
        <time>2026-08-11T14:52:49.922Z</time>
      </trkpt>
      <trkpt lat="45.816165" lon="14.403379">
        <ele>626.743027</ele>
        <time>2026-08-11T14:52:54.693Z</time>
      </trkpt>
      <trkpt lat="45.816262" lon="14.403233">
        <ele>627.055886</ele>
        <time>2026-08-11T14:52:58.346Z</time>
      </trkpt>
      <trkpt lat="45.816396" lon="14.403114">
        <ele>627.406595</ele>
        <time>2026-08-11T14:53:02.757Z</time>
      </trkpt>
      <trkpt lat="45.816549" lon="14.403057">
        <ele>627.758379</ele>
        <time>2026-08-11T14:53:07.274Z</time>
      </trkpt>
      <trkpt lat="45.816724" lon="14.403039">
        <ele>628.241146</ele>
        <time>2026-08-11T14:53:12.590Z</time>
      </trkpt>
      <trkpt lat="45.816950" lon="14.403062">
        <ele>629.672820</ele>
        <time>2026-08-11T14:53:20.009Z</time>
      </trkpt>
      <trkpt lat="45.817130" lon="14.403190">
        <ele>630.942262</ele>
        <time>2026-08-11T14:53:26.981Z</time>
      </trkpt>
      <trkpt lat="45.817382" lon="14.403368">
        <ele>632.717139</ele>
        <time>2026-08-11T14:53:38.834Z</time>
      </trkpt>
      <trkpt lat="45.817618" lon="14.403455">
        <ele>634.256848</ele>
        <time>2026-08-11T14:53:49.509Z</time>
      </trkpt>
      <trkpt lat="45.817858" lon="14.403482">
        <ele>635.778053</ele>
        <time>2026-08-11T14:54:00.073Z</time>
      </trkpt>
      <trkpt lat="45.818952" lon="14.403434">
        <ele>641.719504</ele>
        <time>2026-08-11T14:54:48.868Z</time>
      </trkpt>
      <trkpt lat="45.819088" lon="14.403463">
        <ele>642.326137</ele>
        <time>2026-08-11T14:54:54.429Z</time>
      </trkpt>
      <trkpt lat="45.819193" lon="14.403544">
        <ele>642.852114</ele>
        <time>2026-08-11T14:54:58.996Z</time>
      </trkpt>
      <trkpt lat="45.819276" lon="14.403666">
        <ele>643.376358</ele>
        <time>2026-08-11T14:55:03.308Z</time>
      </trkpt>
      <trkpt lat="45.819400" lon="14.404110">
        <ele>644.847147</ele>
        <time>2026-08-11T14:55:14.210Z</time>
      </trkpt>
      <trkpt lat="45.819482" lon="14.404231">
        <ele>645.366109</ele>
        <time>2026-08-11T14:55:17.682Z</time>
      </trkpt>
      <trkpt lat="45.819597" lon="14.404291">
        <ele>645.905999</ele>
        <time>2026-08-11T14:55:21.034Z</time>
      </trkpt>
      <trkpt lat="45.819781" lon="14.404246">
        <ele>646.729530</ele>
        <time>2026-08-11T14:55:25.644Z</time>
      </trkpt>
      <trkpt lat="45.821093" lon="14.403531">
        <ele>645.884369</ele>
        <time>2026-08-11T14:55:42.187Z</time>
      </trkpt>
      <trkpt lat="45.821220" lon="14.403451">
        <ele>645.716398</ele>
        <time>2026-08-11T14:55:43.626Z</time>
      </trkpt>
      <trkpt lat="45.821331" lon="14.403286">
        <ele>645.522846</ele>
        <time>2026-08-11T14:55:45.309Z</time>
      </trkpt>
      <trkpt lat="45.821368" lon="14.403173">
        <ele>645.417474</ele>
        <time>2026-08-11T14:55:46.228Z</time>
      </trkpt>
      <trkpt lat="45.821382" lon="14.403007">
        <ele>645.276352</ele>
        <time>2026-08-11T14:55:47.475Z</time>
      </trkpt>
      <trkpt lat="45.821326" lon="14.402774">
        <ele>645.066425</ele>
        <time>2026-08-11T14:55:49.360Z</time>
      </trkpt>
      <trkpt lat="45.821211" lon="14.402515">
        <ele>644.804002</ele>
        <time>2026-08-11T14:55:51.773Z</time>
      </trkpt>
      <trkpt lat="45.821180" lon="14.402299">
        <ele>644.615553</ele>
        <time>2026-08-11T14:55:53.503Z</time>
      </trkpt>
      <trkpt lat="45.821229" lon="14.402045">
        <ele>644.390344</ele>
        <time>2026-08-11T14:55:55.572Z</time>
      </trkpt>
      <trkpt lat="45.821526" lon="14.401736">
        <ele>643.940522</ele>
        <time>2026-08-11T14:55:59.882Z</time>
      </trkpt>
      <trkpt lat="45.821595" lon="14.401539">
        <ele>643.752118</ele>
        <time>2026-08-11T14:56:02.047Z</time>
      </trkpt>
      <trkpt lat="45.821587" lon="14.401358">
        <ele>643.597142</ele>
        <time>2026-08-11T14:56:03.829Z</time>
      </trkpt>
      <trkpt lat="45.821525" lon="14.401062">
        <ele>643.333029</ele>
        <time>2026-08-11T14:56:06.865Z</time>
      </trkpt>
      <trkpt lat="45.821552" lon="14.400889">
        <ele>643.181537</ele>
        <time>2026-08-11T14:56:08.753Z</time>
      </trkpt>
      <trkpt lat="45.821544" lon="14.400795">
        <ele>643.100616</ele>
        <time>2026-08-11T14:56:09.526Z</time>
      </trkpt>
      <trkpt lat="45.821584" lon="14.400588">
        <ele>642.932322</ele>
        <time>2026-08-11T14:56:11.390Z</time>
      </trkpt>
      <trkpt lat="45.821778" lon="14.400281">
        <ele>642.632663</ele>
        <time>2026-08-11T14:56:14.846Z</time>
      </trkpt>
      <trkpt lat="45.821809" lon="14.400143">
        <ele>642.527822</ele>
        <time>2026-08-11T14:56:16.628Z</time>
      </trkpt>
      <trkpt lat="45.822121" lon="14.399650">
        <ele>642.046290</ele>
        <time>2026-08-11T14:56:24.339Z</time>
      </trkpt>
      <trkpt lat="45.822129" lon="14.399496">
        <ele>641.934627</ele>
        <time>2026-08-11T14:56:26.107Z</time>
      </trkpt>
      <trkpt lat="45.822039" lon="14.399286">
        <ele>641.756365</ele>
        <time>2026-08-11T14:56:29.220Z</time>
      </trkpt>
      <trkpt lat="45.821822" lon="14.398900">
        <ele>641.397762</ele>
        <time>2026-08-11T14:56:35.387Z</time>
      </trkpt>
      <trkpt lat="45.821774" lon="14.398851">
        <ele>641.336641</ele>
        <time>2026-08-11T14:56:36.348Z</time>
      </trkpt>
      <trkpt lat="45.821417" lon="14.398680">
        <ele>640.967484</ele>
        <time>2026-08-11T14:56:42.651Z</time>
      </trkpt>
      <trkpt lat="45.821333" lon="14.398516">
        <ele>640.835722</ele>
        <time>2026-08-11T14:56:44.993Z</time>
      </trkpt>
      <trkpt lat="45.821185" lon="14.398056">
        <ele>640.507720</ele>
        <time>2026-08-11T14:56:51.292Z</time>
      </trkpt>
      <trkpt lat="45.820864" lon="14.397686">
        <ele>640.125234</ele>
        <time>2026-08-11T14:56:58.949Z</time>
      </trkpt>
      <trkpt lat="45.820579" lon="14.397066">
        <ele>639.644400</ele>
        <time>2026-08-11T14:57:08.233Z</time>
      </trkpt>
      <trkpt lat="45.820511" lon="14.397018">
        <ele>639.574001</ele>
        <time>2026-08-11T14:57:09.180Z</time>
      </trkpt>
      <trkpt lat="45.820075" lon="14.396682">
        <ele>638.392413</ele>
        <time>2026-08-11T14:57:15.053Z</time>
      </trkpt>
      <trkpt lat="45.819984" lon="14.396599">
        <ele>638.094121</ele>
        <time>2026-08-11T14:57:16.217Z</time>
      </trkpt>
      <trkpt lat="45.819898" lon="14.396467">
        <ele>637.745750</ele>
        <time>2026-08-11T14:57:17.564Z</time>
      </trkpt>
      <trkpt lat="45.819876" lon="14.396318">
        <ele>637.452113</ele>
        <time>2026-08-11T14:57:18.687Z</time>
      </trkpt>
      <trkpt lat="45.819944" lon="14.395874">
        <ele>636.575691</ele>
        <time>2026-08-11T14:57:21.973Z</time>
      </trkpt>
      <trkpt lat="45.819949" lon="14.395699">
        <ele>636.238022</ele>
        <time>2026-08-11T14:57:23.234Z</time>
      </trkpt>
      <trkpt lat="45.819910" lon="14.395567">
        <ele>635.961611</ele>
        <time>2026-08-11T14:57:24.257Z</time>
      </trkpt>
      <trkpt lat="45.819675" lon="14.395050">
        <ele>634.771608</ele>
        <time>2026-08-11T14:57:28.524Z</time>
      </trkpt>
      <trkpt lat="45.819550" lon="14.394889">
        <ele>634.131717</ele>
        <time>2026-08-11T14:57:30.142Z</time>
      </trkpt>
      <trkpt lat="45.819443" lon="14.394820">
        <ele>633.517944</ele>
        <time>2026-08-11T14:57:31.257Z</time>
      </trkpt>
      <trkpt lat="45.819264" lon="14.394789">
        <ele>632.574600</ele>
        <time>2026-08-11T14:57:32.948Z</time>
      </trkpt>
      <trkpt lat="45.818978" lon="14.394752">
        <ele>631.072148</ele>
        <time>2026-08-11T14:57:35.604Z</time>
      </trkpt>
      <trkpt lat="45.818849" lon="14.394697">
        <ele>630.368041</ele>
        <time>2026-08-11T14:57:36.847Z</time>
      </trkpt>
      <trkpt lat="45.818788" lon="14.394630">
        <ele>629.966109</ele>
        <time>2026-08-11T14:57:37.559Z</time>
      </trkpt>
      <trkpt lat="45.818723" lon="14.394424">
        <ele>629.141548</ele>
        <time>2026-08-11T14:57:39.019Z</time>
      </trkpt>
      <trkpt lat="45.818734" lon="14.394315">
        <ele>628.739943</ele>
        <time>2026-08-11T14:57:39.730Z</time>
      </trkpt>
      <trkpt lat="45.818772" lon="14.394217">
        <ele>628.331009</ele>
        <time>2026-08-11T14:57:40.457Z</time>
      </trkpt>
      <trkpt lat="45.818810" lon="14.394144">
        <ele>627.998766</ele>
        <time>2026-08-11T14:57:41.051Z</time>
      </trkpt>
      <trkpt lat="45.818913" lon="14.394064">
        <ele>627.385972</ele>
        <time>2026-08-11T14:57:42.133Z</time>
      </trkpt>
      <trkpt lat="45.819270" lon="14.393876">
        <ele>625.396287</ele>
        <time>2026-08-11T14:57:45.656Z</time>
      </trkpt>
      <trkpt lat="45.819329" lon="14.393804">
        <ele>625.021065</ele>
        <time>2026-08-11T14:57:46.372Z</time>
      </trkpt>
      <trkpt lat="45.819424" lon="14.393596">
        <ele>624.381700</ele>
        <time>2026-08-11T14:57:47.976Z</time>
      </trkpt>
      <trkpt lat="45.819454" lon="14.393418">
        <ele>623.910878</ele>
        <time>2026-08-11T14:57:49.166Z</time>
      </trkpt>
      <trkpt lat="45.819443" lon="14.393276">
        <ele>623.543554</ele>
        <time>2026-08-11T14:57:50.107Z</time>
      </trkpt>
      <trkpt lat="45.819363" lon="14.393072">
        <ele>622.941747</ele>
        <time>2026-08-11T14:57:51.669Z</time>
      </trkpt>
      <trkpt lat="45.818948" lon="14.392512">
        <ele>620.840165</ele>
        <time>2026-08-11T14:57:57.274Z</time>
      </trkpt>
      <trkpt lat="45.818787" lon="14.392295">
        <ele>620.025296</ele>
        <time>2026-08-11T14:57:59.536Z</time>
      </trkpt>
      <trkpt lat="45.818775" lon="14.392273">
        <ele>619.953470</ele>
        <time>2026-08-11T14:57:59.744Z</time>
      </trkpt>
      <trkpt lat="45.818623" lon="14.391984">
        <ele>619.022615</ele>
        <time>2026-08-11T14:58:02.415Z</time>
      </trkpt>
      <trkpt lat="45.818525" lon="14.391651">
        <ele>618.382313</ele>
        <time>2026-08-11T14:58:05.217Z</time>
      </trkpt>
      <trkpt lat="45.818441" lon="14.391287">
        <ele>618.178599</ele>
        <time>2026-08-11T14:58:08.362Z</time>
      </trkpt>
      <trkpt lat="45.818427" lon="14.391003">
        <ele>618.027336</ele>
        <time>2026-08-11T14:58:10.834Z</time>
      </trkpt>
      <trkpt lat="45.818464" lon="14.390800">
        <ele>617.915857</ele>
        <time>2026-08-11T14:58:12.682Z</time>
      </trkpt>
      <trkpt lat="45.818531" lon="14.390659">
        <ele>617.825191</ele>
        <time>2026-08-11T14:58:14.218Z</time>
      </trkpt>
      <trkpt lat="45.818673" lon="14.390458">
        <ele>617.673133</ele>
        <time>2026-08-11T14:58:16.888Z</time>
      </trkpt>
      <trkpt lat="45.818952" lon="14.390100">
        <ele>617.387805</ele>
        <time>2026-08-11T14:58:22.140Z</time>
      </trkpt>
      <trkpt lat="45.819015" lon="14.389975">
        <ele>617.305849</ele>
        <time>2026-08-11T14:58:23.792Z</time>
      </trkpt>
      <trkpt lat="45.819094" lon="14.389731">
        <ele>617.162910</ele>
        <time>2026-08-11T14:58:26.649Z</time>
      </trkpt>
      <trkpt lat="45.819109" lon="14.389663">
        <ele>617.125016</ele>
        <time>2026-08-11T14:58:27.369Z</time>
      </trkpt>
      <trkpt lat="45.819317" lon="14.388714">
        <ele>617.122013</ele>
        <time>2026-08-11T14:58:37.179Z</time>
      </trkpt>
      <trkpt lat="45.819387" lon="14.388400">
        <ele>617.134723</ele>
        <time>2026-08-11T14:58:40.488Z</time>
      </trkpt>
      <trkpt lat="45.819519" lon="14.387799">
        <ele>617.159017</ele>
        <time>2026-08-11T14:58:47.333Z</time>
      </trkpt>
      <trkpt lat="45.819559" lon="14.387498">
        <ele>617.170831</ele>
        <time>2026-08-11T14:58:50.834Z</time>
      </trkpt>
      <trkpt lat="45.819558" lon="14.387425">
        <ele>617.173646</ele>
        <time>2026-08-11T14:58:51.606Z</time>
      </trkpt>
      <trkpt lat="45.819484" lon="14.386990">
        <ele>617.212241</ele>
        <time>2026-08-11T14:58:56.378Z</time>
      </trkpt>
      <trkpt lat="45.819485" lon="14.386756">
        <ele>617.260131</ele>
        <time>2026-08-11T14:58:58.801Z</time>
      </trkpt>
      <trkpt lat="45.819512" lon="14.386618">
        <ele>617.289465</ele>
        <time>2026-08-11T14:59:00.373Z</time>
      </trkpt>
      <trkpt lat="45.819690" lon="14.386139">
        <ele>617.400558</ele>
        <time>2026-08-11T14:59:06.842Z</time>
      </trkpt>
      <trkpt lat="45.820165" lon="14.384928">
        <ele>617.684947</ele>
        <time>2026-08-11T14:59:22.871Z</time>
      </trkpt>
      <trkpt lat="45.820332" lon="14.384424">
        <ele>617.423285</ele>
        <time>2026-08-11T14:59:28.749Z</time>
      </trkpt>
      <trkpt lat="45.820517" lon="14.383680">
        <ele>616.870264</ele>
        <time>2026-08-11T14:59:36.103Z</time>
      </trkpt>
      <trkpt lat="45.820587" lon="14.383261">
        <ele>616.568620</ele>
        <time>2026-08-11T14:59:39.655Z</time>
      </trkpt>
      <trkpt lat="45.820568" lon="14.382960">
        <ele>616.357034</ele>
        <time>2026-08-11T14:59:42.067Z</time>
      </trkpt>
      <trkpt lat="45.820489" lon="14.382814">
        <ele>616.227631</ele>
        <time>2026-08-11T14:59:43.518Z</time>
      </trkpt>
      <trkpt lat="45.820357" lon="14.382727">
        <ele>616.081711</ele>
        <time>2026-08-11T14:59:45.130Z</time>
      </trkpt>
      <trkpt lat="45.820256" lon="14.382708">
        <ele>615.979383</ele>
        <time>2026-08-11T14:59:46.241Z</time>
      </trkpt>
      <trkpt lat="45.819894" lon="14.382670">
        <ele>615.092275</ele>
        <time>2026-08-11T14:59:50.169Z</time>
      </trkpt>
      <trkpt lat="45.819404" lon="14.382748">
        <ele>613.712495</ele>
        <time>2026-08-11T14:59:55.302Z</time>
      </trkpt>
      <trkpt lat="45.819038" lon="14.382749">
        <ele>612.688167</ele>
        <time>2026-08-11T14:59:59.010Z</time>
      </trkpt>
      <trkpt lat="45.818692" lon="14.382746">
        <ele>611.719796</ele>
        <time>2026-08-11T15:00:02.534Z</time>
      </trkpt>
      <trkpt lat="45.818671" lon="14.382747">
        <ele>611.660991</ele>
        <time>2026-08-11T15:00:02.758Z</time>
      </trkpt>
      <trkpt lat="45.818223" lon="14.382737">
        <ele>610.256189</ele>
        <time>2026-08-11T15:00:07.363Z</time>
      </trkpt>
      <trkpt lat="45.818038" lon="14.382776">
        <ele>609.563638</ele>
        <time>2026-08-11T15:00:09.253Z</time>
      </trkpt>
      <trkpt lat="45.817879" lon="14.382791">
        <ele>608.973470</ele>
        <time>2026-08-11T15:00:10.851Z</time>
      </trkpt>
      <trkpt lat="45.817482" lon="14.382726">
        <ele>607.493536</ele>
        <time>2026-08-11T15:00:14.806Z</time>
      </trkpt>
      <trkpt lat="45.817429" lon="14.382974">
        <ele>606.823948</ele>
        <time>2026-08-11T15:00:16.579Z</time>
      </trkpt>
      <trkpt lat="45.817173" lon="14.383377">
        <ele>605.416403</ele>
        <time>2026-08-11T15:00:20.309Z</time>
      </trkpt>
      <trkpt lat="45.816967" lon="14.383622">
        <ele>604.425396</ele>
        <time>2026-08-11T15:00:24.107Z</time>
      </trkpt>
      <trkpt lat="45.816841" lon="14.383842">
        <ele>603.236249</ele>
        <time>2026-08-11T15:00:26.897Z</time>
      </trkpt>
      <trkpt lat="45.816711" lon="14.383885">
        <ele>602.311742</ele>
        <time>2026-08-11T15:00:28.736Z</time>
      </trkpt>
      <trkpt lat="45.816340" lon="14.383895">
        <ele>599.740322</ele>
        <time>2026-08-11T15:00:33.706Z</time>
      </trkpt>
      <trkpt lat="45.816013" lon="14.383847">
        <ele>597.462439</ele>
        <time>2026-08-11T15:00:37.927Z</time>
      </trkpt>
      <trkpt lat="45.815848" lon="14.383793">
        <ele>596.289649</ele>
        <time>2026-08-11T15:00:40.053Z</time>
      </trkpt>
      <trkpt lat="45.815585" lon="14.383585">
        <ele>594.208563</ele>
        <time>2026-08-11T15:00:43.754Z</time>
      </trkpt>
      <trkpt lat="45.815340" lon="14.383512">
        <ele>592.474531</ele>
        <time>2026-08-11T15:00:46.848Z</time>
      </trkpt>
      <trkpt lat="45.815211" lon="14.383536">
        <ele>591.606846</ele>
        <time>2026-08-11T15:00:48.458Z</time>
      </trkpt>
      <trkpt lat="45.814766" lon="14.383715">
        <ele>589.024266</ele>
        <time>2026-08-11T15:00:54.188Z</time>
      </trkpt>
      <trkpt lat="45.814506" lon="14.383705">
        <ele>587.570839</ele>
        <time>2026-08-11T15:00:57.406Z</time>
      </trkpt>
      <trkpt lat="45.814350" lon="14.383639">
        <ele>586.661986</ele>
        <time>2026-08-11T15:00:59.441Z</time>
      </trkpt>
      <trkpt lat="45.813974" lon="14.383385">
        <ele>584.339615</ele>
        <time>2026-08-11T15:01:04.818Z</time>
      </trkpt>
      <trkpt lat="45.813700" lon="14.383211">
        <ele>582.665200</ele>
        <time>2026-08-11T15:01:09.341Z</time>
      </trkpt>
      <trkpt lat="45.813626" lon="14.383162">
        <ele>582.209765</ele>
        <time>2026-08-11T15:01:10.917Z</time>
      </trkpt>
      <trkpt lat="45.813492" lon="14.383092">
        <ele>582.042403</ele>
        <time>2026-08-11T15:01:14.380Z</time>
      </trkpt>
      <trkpt lat="45.813338" lon="14.383073">
        <ele>583.096362</ele>
        <time>2026-08-11T15:01:19.022Z</time>
      </trkpt>
      <trkpt lat="45.813186" lon="14.383105">
        <ele>584.143906</ele>
        <time>2026-08-11T15:01:24.080Z</time>
      </trkpt>
      <trkpt lat="45.812946" lon="14.383296">
        <ele>586.015304</ele>
        <time>2026-08-11T15:01:35.588Z</time>
      </trkpt>
      <trkpt lat="45.812585" lon="14.383440">
        <ele>588.570231</ele>
        <time>2026-08-11T15:01:56.573Z</time>
      </trkpt>
      <trkpt lat="45.812223" lon="14.383585">
        <ele>591.133003</ele>
        <time>2026-08-11T15:02:20.379Z</time>
      </trkpt>
      <trkpt lat="45.811983" lon="14.383770">
        <ele>592.990744</ele>
        <time>2026-08-11T15:02:37.301Z</time>
      </trkpt>
      <trkpt lat="45.811808" lon="14.383771">
        <ele>594.144999</ele>
        <time>2026-08-11T15:02:48.025Z</time>
      </trkpt>
      <trkpt lat="45.811676" lon="14.383701">
        <ele>594.936763</ele>
        <time>2026-08-11T15:02:56.294Z</time>
      </trkpt>
      <trkpt lat="45.811542" lon="14.383618">
        <ele>595.757932</ele>
        <time>2026-08-11T15:03:04.463Z</time>
      </trkpt>
      <trkpt lat="45.811486" lon="14.383544">
        <ele>596.186278</ele>
        <time>2026-08-11T15:03:08.587Z</time>
      </trkpt>
      <trkpt lat="45.811468" lon="14.383467">
        <ele>596.504768</ele>
        <time>2026-08-11T15:03:11.563Z</time>
      </trkpt>
      <trkpt lat="45.811480" lon="14.383411">
        <ele>596.734519</ele>
        <time>2026-08-11T15:03:13.674Z</time>
      </trkpt>
      <trkpt lat="45.811529" lon="14.383361">
        <ele>597.072820</ele>
        <time>2026-08-11T15:03:16.721Z</time>
      </trkpt>
      <trkpt lat="45.811729" lon="14.383229">
        <ele>598.311411</ele>
        <time>2026-08-11T15:03:27.467Z</time>
      </trkpt>
      <trkpt lat="45.811767" lon="14.383177">
        <ele>598.606863</ele>
        <time>2026-08-11T15:03:29.867Z</time>
      </trkpt>
      <trkpt lat="45.811789" lon="14.383028">
        <ele>599.204138</ele>
        <time>2026-08-11T15:03:34.424Z</time>
      </trkpt>
      <trkpt lat="45.811655" lon="14.382530">
        <ele>601.297535</ele>
        <time>2026-08-11T15:03:47.419Z</time>
      </trkpt>
      <trkpt lat="45.811497" lon="14.382144">
        <ele>603.052971</ele>
        <time>2026-08-11T15:03:55.757Z</time>
      </trkpt>
      <trkpt lat="45.811361" lon="14.381445">
        <ele>605.017552</ele>
        <time>2026-08-11T15:04:10.641Z</time>
      </trkpt>
      <trkpt lat="45.811314" lon="14.381319">
        <ele>605.306367</ele>
        <time>2026-08-11T15:04:13.796Z</time>
      </trkpt>
      <trkpt lat="45.811196" lon="14.381144">
        <ele>605.798445</ele>
        <time>2026-08-11T15:04:19.266Z</time>
      </trkpt>
      <trkpt lat="45.811020" lon="14.380984">
        <ele>606.402573</ele>
        <time>2026-08-11T15:04:26.088Z</time>
      </trkpt>
      <trkpt lat="45.810823" lon="14.380862">
        <ele>607.024709</ele>
        <time>2026-08-11T15:04:33.333Z</time>
      </trkpt>
      <trkpt lat="45.810529" lon="14.380726">
        <ele>607.920364</ele>
        <time>2026-08-11T15:04:44.022Z</time>
      </trkpt>
      <trkpt lat="45.810222" lon="14.380655">
        <ele>608.821988</ele>
        <time>2026-08-11T15:04:55.074Z</time>
      </trkpt>
      <trkpt lat="45.810027" lon="14.380706">
        <ele>609.304493</ele>
        <time>2026-08-11T15:05:01.649Z</time>
      </trkpt>
      <trkpt lat="45.809214" lon="14.381162">
        <ele>609.531361</ele>
        <time>2026-08-11T15:05:24.105Z</time>
      </trkpt>
      <trkpt lat="45.809156" lon="14.381058">
        <ele>609.555490</ele>
        <time>2026-08-11T15:05:25.869Z</time>
      </trkpt>
      <trkpt lat="45.808990" lon="14.380449">
        <ele>609.673952</ele>
        <time>2026-08-11T15:05:33.797Z</time>
      </trkpt>
      <trkpt lat="45.808902" lon="14.379943">
        <ele>609.736064</ele>
        <time>2026-08-11T15:05:39.562Z</time>
      </trkpt>
      <trkpt lat="45.808826" lon="14.379226">
        <ele>609.102279</ele>
        <time>2026-08-11T15:05:47.220Z</time>
      </trkpt>
      <trkpt lat="45.808665" lon="14.378355">
        <ele>608.314809</ele>
        <time>2026-08-11T15:05:57.713Z</time>
      </trkpt>
      <trkpt lat="45.808577" lon="14.378027">
        <ele>608.007672</ele>
        <time>2026-08-11T15:06:02.225Z</time>
      </trkpt>
      <trkpt lat="45.808400" lon="14.377746">
        <ele>607.676698</ele>
        <time>2026-08-11T15:06:07.261Z</time>
      </trkpt>
      <trkpt lat="45.808051" lon="14.377312">
        <ele>607.102692</ele>
        <time>2026-08-11T15:06:16.143Z</time>
      </trkpt>
      <trkpt lat="45.807706" lon="14.376966">
        <ele>606.581432</ele>
        <time>2026-08-11T15:06:23.840Z</time>
      </trkpt>
      <trkpt lat="45.807479" lon="14.376813">
        <ele>606.270858</ele>
        <time>2026-08-11T15:06:28.156Z</time>
      </trkpt>
      <trkpt lat="45.807138" lon="14.376667">
        <ele>605.830190</ele>
        <time>2026-08-11T15:06:33.996Z</time>
      </trkpt>
      <trkpt lat="45.806934" lon="14.376472">
        <ele>605.526633</ele>
        <time>2026-08-11T15:06:37.751Z</time>
      </trkpt>
      <trkpt lat="45.806440" lon="14.375775">
        <ele>604.746498</ele>
        <time>2026-08-11T15:06:48.369Z</time>
      </trkpt>
      <trkpt lat="45.806105" lon="14.375359">
        <ele>604.267649</ele>
        <time>2026-08-11T15:06:55.428Z</time>
      </trkpt>
      <trkpt lat="45.805327" lon="14.374870">
        <ele>603.349671</ele>
        <time>2026-08-11T15:07:10.490Z</time>
      </trkpt>
      <trkpt lat="45.804878" lon="14.374458">
        <ele>605.308086</ele>
        <time>2026-08-11T15:07:25.840Z</time>
      </trkpt>
      <trkpt lat="45.804682" lon="14.374298">
        <ele>606.161218</ele>
        <time>2026-08-11T15:07:33.811Z</time>
      </trkpt>
      <trkpt lat="45.804575" lon="14.374245">
        <ele>606.589457</ele>
        <time>2026-08-11T15:07:38.098Z</time>
      </trkpt>
      <trkpt lat="45.804454" lon="14.374226">
        <ele>607.049941</ele>
        <time>2026-08-11T15:07:42.955Z</time>
      </trkpt>
      <trkpt lat="45.803869" lon="14.374256">
        <ele>609.264442</ele>
        <time>2026-08-11T15:08:08.378Z</time>
      </trkpt>
      <trkpt lat="45.803443" lon="14.374188">
        <ele>610.334872</ele>
        <time>2026-08-11T15:08:26.931Z</time>
      </trkpt>
      <trkpt lat="45.803097" lon="14.374168">
        <ele>610.675575</ele>
        <time>2026-08-11T15:08:39.985Z</time>
      </trkpt>
      <trkpt lat="45.802787" lon="14.374054">
        <ele>610.990446</ele>
        <time>2026-08-11T15:08:48.199Z</time>
      </trkpt>
      <trkpt lat="45.802257" lon="14.373710">
        <ele>611.562807</ele>
        <time>2026-08-11T15:08:58.979Z</time>
      </trkpt>
      <trkpt lat="45.801988" lon="14.373291">
        <ele>611.655601</ele>
        <time>2026-08-11T15:09:03.482Z</time>
      </trkpt>
      <trkpt lat="45.801829" lon="14.373099">
        <ele>610.432390</ele>
        <time>2026-08-11T15:09:05.577Z</time>
      </trkpt>
      <trkpt lat="45.801513" lon="14.372960">
        <ele>608.487133</ele>
        <time>2026-08-11T15:09:08.633Z</time>
      </trkpt>
      <trkpt lat="45.801431" lon="14.372896">
        <ele>607.937718</ele>
        <time>2026-08-11T15:09:09.489Z</time>
      </trkpt>
      <trkpt lat="45.801060" lon="14.372491">
        <ele>605.193846</ele>
        <time>2026-08-11T15:09:13.744Z</time>
      </trkpt>
      <trkpt lat="45.801060" lon="14.371941">
        <ele>602.937197</ele>
        <time>2026-08-11T15:09:17.261Z</time>
      </trkpt>
      <trkpt lat="45.801028" lon="14.371804">
        <ele>602.344375</ele>
        <time>2026-08-11T15:09:18.172Z</time>
      </trkpt>
      <trkpt lat="45.800677" lon="14.370869">
        <ele>596.418737</ele>
        <time>2026-08-11T15:09:24.559Z</time>
      </trkpt>
      <trkpt lat="45.800499" lon="14.369953">
        <ele>590.683699</ele>
        <time>2026-08-11T15:09:30.322Z</time>
      </trkpt>
      <trkpt lat="45.800382" lon="14.369746">
        <ele>589.076515</ele>
        <time>2026-08-11T15:09:31.955Z</time>
      </trkpt>
      <trkpt lat="45.799963" lon="14.369291">
        <ele>584.782899</ele>
        <time>2026-08-11T15:09:36.580Z</time>
      </trkpt>
      <trkpt lat="45.799637" lon="14.368865">
        <ele>581.748452</ele>
        <time>2026-08-11T15:09:42.205Z</time>
      </trkpt>
      <trkpt lat="45.799479" lon="14.368587">
        <ele>580.027863</ele>
        <time>2026-08-11T15:09:45.466Z</time>
      </trkpt>
      <trkpt lat="45.799252" lon="14.368020">
        <ele>576.891315</ele>
        <time>2026-08-11T15:09:51.351Z</time>
      </trkpt>
      <trkpt lat="45.798945" lon="14.367437">
        <ele>573.387595</ele>
        <time>2026-08-11T15:09:57.897Z</time>
      </trkpt>
      <trkpt lat="45.798806" lon="14.367156">
        <ele>572.453051</ele>
        <time>2026-08-11T15:10:01.041Z</time>
      </trkpt>
      <trkpt lat="45.798733" lon="14.366926">
        <ele>571.767593</ele>
        <time>2026-08-11T15:10:03.408Z</time>
      </trkpt>
      <trkpt lat="45.798704" lon="14.366546">
        <ele>570.730722</ele>
        <time>2026-08-11T15:10:07.033Z</time>
      </trkpt>
      <trkpt lat="45.798688" lon="14.366255">
        <ele>569.938960</ele>
        <time>2026-08-11T15:10:09.848Z</time>
      </trkpt>
      <trkpt lat="45.798682" lon="14.366153">
        <ele>569.661311</ele>
        <time>2026-08-11T15:10:10.835Z</time>
      </trkpt>
      <trkpt lat="45.798657" lon="14.365668">
        <ele>568.342202</ele>
        <time>2026-08-11T15:10:15.641Z</time>
      </trkpt>
      <trkpt lat="45.798566" lon="14.365411">
        <ele>567.560360</ele>
        <time>2026-08-11T15:10:18.705Z</time>
      </trkpt>
      <trkpt lat="45.798495" lon="14.365317">
        <ele>567.184448</ele>
        <time>2026-08-11T15:10:20.257Z</time>
      </trkpt>
      <trkpt lat="45.797669" lon="14.364691">
        <ele>566.017332</ele>
        <time>2026-08-11T15:10:36.771Z</time>
      </trkpt>
      <trkpt lat="45.797280" lon="14.364544">
        <ele>565.811304</ele>
        <time>2026-08-11T15:10:44.110Z</time>
      </trkpt>
      <trkpt lat="45.796891" lon="14.364396">
        <ele>565.605184</ele>
        <time>2026-08-11T15:10:52.038Z</time>
      </trkpt>
      <trkpt lat="45.796421" lon="14.364145">
        <ele>565.611091</ele>
        <time>2026-08-11T15:11:03.354Z</time>
      </trkpt>
      <trkpt lat="45.796370" lon="14.364070">
        <ele>565.654332</ele>
        <time>2026-08-11T15:11:05.071Z</time>
      </trkpt>
      <trkpt lat="45.796347" lon="14.363998">
        <ele>565.687021</ele>
        <time>2026-08-11T15:11:06.338Z</time>
      </trkpt>
      <trkpt lat="45.796334" lon="14.363781">
        <ele>565.776916</ele>
        <time>2026-08-11T15:11:09.877Z</time>
      </trkpt>
      <trkpt lat="45.796343" lon="14.363521">
        <ele>565.884362</ele>
        <time>2026-08-11T15:11:14.043Z</time>
      </trkpt>
      <trkpt lat="45.796405" lon="14.363057">
        <ele>566.079360</ele>
        <time>2026-08-11T15:11:21.692Z</time>
      </trkpt>
      <trkpt lat="45.796777" lon="14.362783">
        <ele>566.326922</ele>
        <time>2026-08-11T15:11:31.849Z</time>
      </trkpt>
      <trkpt lat="45.796974" lon="14.362648">
        <ele>566.456172</ele>
        <time>2026-08-11T15:11:37.407Z</time>
      </trkpt>
      <trkpt lat="45.797001" lon="14.362699">
        <ele>566.482602</ele>
        <time>2026-08-11T15:11:38.209Z</time>
      </trkpt>
      <trkpt lat="45.797046" lon="14.362714">
        <ele>566.509952</ele>
        <time>2026-08-11T15:11:39.068Z</time>
      </trkpt>
      <trkpt lat="45.797088" lon="14.362688">
        <ele>566.527903</ele>
        <time>2026-08-11T15:11:39.868Z</time>
      </trkpt>
      <trkpt lat="45.797109" lon="14.362631">
        <ele>566.435463</ele>
        <time>2026-08-11T15:11:40.607Z</time>
      </trkpt>
      <trkpt lat="45.797087" lon="14.362540">
        <ele>566.297359</ele>
        <time>2026-08-11T15:11:41.691Z</time>
      </trkpt>
      <trkpt lat="45.797022" lon="14.362518">
        <ele>566.160008</ele>
        <time>2026-08-11T15:11:42.735Z</time>
      </trkpt>
      <trkpt lat="45.797002" lon="14.362417">
        <ele>566.009459</ele>
        <time>2026-08-11T15:11:43.768Z</time>
      </trkpt>
      <trkpt lat="45.797006" lon="14.362140">
        <ele>565.612192</ele>
        <time>2026-08-11T15:11:46.301Z</time>
      </trkpt>
      <trkpt lat="45.797074" lon="14.361518">
        <ele>564.709426</ele>
        <time>2026-08-11T15:11:51.133Z</time>
      </trkpt>
      <trkpt lat="45.797209" lon="14.360698">
        <ele>563.501319</ele>
        <time>2026-08-11T15:11:57.144Z</time>
      </trkpt>
      <trkpt lat="45.797372" lon="14.360364">
        <ele>562.916740</ele>
        <time>2026-08-11T15:11:59.932Z</time>
      </trkpt>
      <trkpt lat="45.797573" lon="14.360046">
        <ele>562.224238</ele>
        <time>2026-08-11T15:12:02.839Z</time>
      </trkpt>
      <trkpt lat="45.797678" lon="14.359771">
        <ele>561.709878</ele>
        <time>2026-08-11T15:12:04.972Z</time>
      </trkpt>
      <trkpt lat="45.797730" lon="14.359442">
        <ele>561.156460</ele>
        <time>2026-08-11T15:12:07.300Z</time>
      </trkpt>
      <trkpt lat="45.797750" lon="14.358899">
        <ele>560.264430</ele>
        <time>2026-08-11T15:12:11.207Z</time>
      </trkpt>
      <trkpt lat="45.797846" lon="14.357111">
        <ele>558.452235</ele>
        <time>2026-08-11T15:12:27.406Z</time>
      </trkpt>
      <trkpt lat="45.797820" lon="14.356040">
        <ele>558.244405</ele>
        <time>2026-08-11T15:12:39.208Z</time>
      </trkpt>
      <trkpt lat="45.797794" lon="14.355190">
        <ele>558.028258</ele>
        <time>2026-08-11T15:12:47.239Z</time>
      </trkpt>
      <trkpt lat="45.797763" lon="14.354831">
        <ele>557.808397</ele>
        <time>2026-08-11T15:12:50.452Z</time>
      </trkpt>
      <trkpt lat="45.797736" lon="14.354719">
        <ele>557.736371</ele>
        <time>2026-08-11T15:12:51.504Z</time>
      </trkpt>
      <trkpt lat="45.797659" lon="14.354554">
        <ele>557.615694</ele>
        <time>2026-08-11T15:12:53.228Z</time>
      </trkpt>
      <trkpt lat="45.797489" lon="14.354392">
        <ele>557.437769</ele>
        <time>2026-08-11T15:12:55.739Z</time>
      </trkpt>
      <trkpt lat="45.797429" lon="14.354368">
        <ele>557.383468</ele>
        <time>2026-08-11T15:12:56.499Z</time>
      </trkpt>
      <trkpt lat="45.797122" lon="14.354347">
        <ele>557.115534</ele>
        <time>2026-08-11T15:13:00.197Z</time>
      </trkpt>
      <trkpt lat="45.797001" lon="14.354339">
        <ele>557.009939</ele>
        <time>2026-08-11T15:13:01.631Z</time>
      </trkpt>
      <trkpt lat="45.796898" lon="14.354267">
        <ele>556.910052</ele>
        <time>2026-08-11T15:13:02.999Z</time>
      </trkpt>
      <trkpt lat="45.796791" lon="14.354144">
        <ele>556.790513</ele>
        <time>2026-08-11T15:13:04.639Z</time>
      </trkpt>
      <trkpt lat="45.796723" lon="14.354035">
        <ele>556.701614</ele>
        <time>2026-08-11T15:13:05.860Z</time>
      </trkpt>
      <trkpt lat="45.796344" lon="14.353506">
        <ele>556.268308</ele>
        <time>2026-08-11T15:13:12.506Z</time>
      </trkpt>
      <trkpt lat="45.796256" lon="14.353403">
        <ele>556.178600</ele>
        <time>2026-08-11T15:13:13.969Z</time>
      </trkpt>
      <trkpt lat="45.796121" lon="14.353288">
        <ele>556.054590</ele>
        <time>2026-08-11T15:13:15.982Z</time>
      </trkpt>
      <trkpt lat="45.795985" lon="14.353257">
        <ele>555.945829</ele>
        <time>2026-08-11T15:13:17.773Z</time>
      </trkpt>
      <trkpt lat="45.795932" lon="14.353264">
        <ele>555.903792</ele>
        <time>2026-08-11T15:13:18.448Z</time>
      </trkpt>
      <trkpt lat="45.795893" lon="14.353170">
        <ele>555.843559</ele>
        <time>2026-08-11T15:13:19.431Z</time>
      </trkpt>
      <trkpt lat="45.795824" lon="14.353125">
        <ele>555.783693</ele>
        <time>2026-08-11T15:13:20.417Z</time>
      </trkpt>
      <trkpt lat="45.795785" lon="14.353126">
        <ele>555.752886</ele>
        <time>2026-08-11T15:13:20.916Z</time>
      </trkpt>
      <trkpt lat="45.795780" lon="14.353071">
        <ele>555.722343</ele>
        <time>2026-08-11T15:13:21.424Z</time>
      </trkpt>
      <trkpt lat="45.795737" lon="14.352583">
        <ele>555.451482</ele>
        <time>2026-08-11T15:13:25.818Z</time>
      </trkpt>
      <trkpt lat="45.795732" lon="14.352530">
        <ele>555.422030</ele>
        <time>2026-08-11T15:13:26.280Z</time>
      </trkpt>
      <trkpt lat="45.795718" lon="14.352392">
        <ele>555.345239</ele>
        <time>2026-08-11T15:13:27.520Z</time>
      </trkpt>
      <trkpt lat="45.795351" lon="14.348581">
        <ele>553.597322</ele>
        <time>2026-08-11T15:14:00.674Z</time>
      </trkpt>
      <trkpt lat="45.795209" lon="14.347194">
        <ele>553.766301</ele>
        <time>2026-08-11T15:14:17.874Z</time>
      </trkpt>
      <trkpt lat="45.795202" lon="14.346828">
        <ele>553.827348</ele>
        <time>2026-08-11T15:14:22.645Z</time>
      </trkpt>
      <trkpt lat="45.795242" lon="14.346402">
        <ele>554.074097</ele>
        <time>2026-08-11T15:14:28.018Z</time>
      </trkpt>
      <trkpt lat="45.795250" lon="14.346345">
        <ele>554.107474</ele>
        <time>2026-08-11T15:14:28.715Z</time>
      </trkpt>
      <trkpt lat="45.795327" lon="14.345406">
        <ele>554.650213</ele>
        <time>2026-08-11T15:14:40.220Z</time>
      </trkpt>
      <trkpt lat="45.795352" lon="14.344568">
        <ele>555.131699</ele>
        <time>2026-08-11T15:14:50.849Z</time>
      </trkpt>
      <trkpt lat="45.795351" lon="14.344553">
        <ele>555.140349</ele>
        <time>2026-08-11T15:14:51.030Z</time>
      </trkpt>
      <trkpt lat="45.795307" lon="14.344165">
        <ele>555.405137</ele>
        <time>2026-08-11T15:14:56.316Z</time>
      </trkpt>
      <trkpt lat="45.795227" lon="14.343596">
        <ele>555.902979</ele>
        <time>2026-08-11T15:15:04.248Z</time>
      </trkpt>
      <trkpt lat="45.795180" lon="14.343204">
        <ele>556.244125</ele>
        <time>2026-08-11T15:15:09.838Z</time>
      </trkpt>
      <trkpt lat="45.795181" lon="14.342553">
        <ele>556.802476</ele>
        <time>2026-08-11T15:15:19.139Z</time>
      </trkpt>
      <trkpt lat="45.795211" lon="14.342231">
        <ele>557.081103</ele>
        <time>2026-08-11T15:15:23.561Z</time>
      </trkpt>
      <trkpt lat="45.795347" lon="14.341443">
        <ele>557.814941</ele>
        <time>2026-08-11T15:15:34.605Z</time>
      </trkpt>
      <trkpt lat="45.795435" lon="14.341184">
        <ele>558.095466</ele>
        <time>2026-08-11T15:15:38.430Z</time>
      </trkpt>
      <trkpt lat="45.795459" lon="14.341119">
        <ele>558.167080</ele>
        <time>2026-08-11T15:15:39.441Z</time>
      </trkpt>
      <trkpt lat="45.795562" lon="14.340877">
        <ele>558.443137</ele>
        <time>2026-08-11T15:15:43.221Z</time>
      </trkpt>
      <trkpt lat="45.795739" lon="14.340382">
        <ele>558.984780</ele>
        <time>2026-08-11T15:15:50.954Z</time>
      </trkpt>
      <trkpt lat="45.796085" lon="14.338789">
        <ele>560.698044</ele>
        <time>2026-08-11T15:16:15.915Z</time>
      </trkpt>
      <trkpt lat="45.796182" lon="14.338489">
        <ele>561.067776</ele>
        <time>2026-08-11T15:16:20.992Z</time>
      </trkpt>
      <trkpt lat="45.796366" lon="14.338107">
        <ele>561.586889</ele>
        <time>2026-08-11T15:16:28.017Z</time>
      </trkpt>
      <trkpt lat="45.796406" lon="14.338038">
        <ele>561.687219</ele>
        <time>2026-08-11T15:16:29.313Z</time>
      </trkpt>
      <trkpt lat="45.796913" lon="14.337256">
        <ele>562.881144</ele>
        <time>2026-08-11T15:16:44.973Z</time>
      </trkpt>
      <trkpt lat="45.797208" lon="14.336643">
        <ele>563.680017</ele>
        <time>2026-08-11T15:16:55.687Z</time>
      </trkpt>
      <trkpt lat="45.797520" lon="14.335788">
        <ele>564.714269</ele>
        <time>2026-08-11T15:17:09.543Z</time>
      </trkpt>
      <trkpt lat="45.797716" lon="14.335174">
        <ele>565.438003</ele>
        <time>2026-08-11T15:17:19.444Z</time>
      </trkpt>
      <trkpt lat="45.797952" lon="14.334721">
        <ele>565.914887</ele>
        <time>2026-08-11T15:17:28.137Z</time>
      </trkpt>
      <trkpt lat="45.798239" lon="14.334294">
        <ele>566.336561</ele>
        <time>2026-08-11T15:17:37.058Z</time>
      </trkpt>
      <trkpt lat="45.798440" lon="14.334104">
        <ele>566.582035</ele>
        <time>2026-08-11T15:17:41.864Z</time>
      </trkpt>
      <trkpt lat="45.798796" lon="14.333848">
        <ele>566.988127</ele>
        <time>2026-08-11T15:17:49.115Z</time>
      </trkpt>
      <trkpt lat="45.798955" lon="14.333697">
        <ele>567.182582</ele>
        <time>2026-08-11T15:17:52.436Z</time>
      </trkpt>
      <trkpt lat="45.800010" lon="14.332295">
        <ele>567.894927</ele>
        <time>2026-08-11T15:18:14.341Z</time>
      </trkpt>
      <trkpt lat="45.800284" lon="14.331832">
        <ele>568.044666</ele>
        <time>2026-08-11T15:18:20.957Z</time>
      </trkpt>
      <trkpt lat="45.800783" lon="14.330718">
        <ele>569.023672</ele>
        <time>2026-08-11T15:18:38.214Z</time>
      </trkpt>
      <trkpt lat="45.800942" lon="14.330464">
        <ele>569.336135</ele>
        <time>2026-08-11T15:18:43.215Z</time>
      </trkpt>
      <trkpt lat="45.801291" lon="14.330153">
        <ele>569.875577</ele>
        <time>2026-08-11T15:18:52.162Z</time>
      </trkpt>
      <trkpt lat="45.802307" lon="14.329519">
        <ele>571.334501</ele>
        <time>2026-08-11T15:19:15.960Z</time>
      </trkpt>
      <trkpt lat="45.802609" lon="14.329477">
        <ele>571.734872</ele>
        <time>2026-08-11T15:19:21.747Z</time>
      </trkpt>
      <trkpt lat="45.802927" lon="14.329533">
        <ele>572.157638</ele>
        <time>2026-08-11T15:19:27.851Z</time>
      </trkpt>
      <trkpt lat="45.803222" lon="14.329601">
        <ele>572.551897</ele>
        <time>2026-08-11T15:19:33.840Z</time>
      </trkpt>
      <trkpt lat="45.803413" lon="14.329604">
        <ele>572.803946</ele>
        <time>2026-08-11T15:19:37.720Z</time>
      </trkpt>
      <trkpt lat="45.803587" lon="14.329589">
        <ele>572.964700</ele>
        <time>2026-08-11T15:19:41.099Z</time>
      </trkpt>
      <trkpt lat="45.803840" lon="14.329581">
        <ele>573.161354</ele>
        <time>2026-08-11T15:19:45.864Z</time>
      </trkpt>
      <trkpt lat="45.804055" lon="14.329557">
        <ele>573.328936</ele>
        <time>2026-08-11T15:19:49.836Z</time>
      </trkpt>
      <trkpt lat="45.804234" lon="14.329501">
        <ele>573.471307</ele>
        <time>2026-08-11T15:19:53.168Z</time>
      </trkpt>
      <trkpt lat="45.804440" lon="14.329389">
        <ele>573.642502</ele>
        <time>2026-08-11T15:19:57.178Z</time>
      </trkpt>
      <trkpt lat="45.804702" lon="14.329170">
        <ele>573.878146</ele>
        <time>2026-08-11T15:20:02.643Z</time>
      </trkpt>
      <trkpt lat="45.805198" lon="14.328725">
        <ele>574.272665</ele>
        <time>2026-08-11T15:20:12.386Z</time>
      </trkpt>
      <trkpt lat="45.805422" lon="14.328595">
        <ele>574.298200</ele>
        <time>2026-08-11T15:20:15.950Z</time>
      </trkpt>
      <trkpt lat="45.805705" lon="14.328498">
        <ele>574.328948</ele>
        <time>2026-08-11T15:20:20.451Z</time>
      </trkpt>
      <trkpt lat="45.806129" lon="14.328403">
        <ele>574.374298</ele>
        <time>2026-08-11T15:20:27.541Z</time>
      </trkpt>
      <trkpt lat="45.806455" lon="14.328369">
        <ele>574.408839</ele>
        <time>2026-08-11T15:20:32.344Z</time>
      </trkpt>
      <trkpt lat="45.806753" lon="14.328409">
        <ele>574.440468</ele>
        <time>2026-08-11T15:20:36.491Z</time>
      </trkpt>
      <trkpt lat="45.807077" lon="14.328530">
        <ele>574.497774</ele>
        <time>2026-08-11T15:20:41.071Z</time>
      </trkpt>
      <trkpt lat="45.807307" lon="14.328664">
        <ele>574.549492</ele>
        <time>2026-08-11T15:20:44.470Z</time>
      </trkpt>
      <trkpt lat="45.807555" lon="14.328796">
        <ele>574.604601</ele>
        <time>2026-08-11T15:20:48.173Z</time>
      </trkpt>
      <trkpt lat="45.807766" lon="14.328856">
        <ele>574.649415</ele>
        <time>2026-08-11T15:20:51.622Z</time>
      </trkpt>
      <trkpt lat="45.808040" lon="14.328811">
        <ele>574.706871</ele>
        <time>2026-08-11T15:20:56.011Z</time>
      </trkpt>
      <trkpt lat="45.808278" lon="14.328683">
        <ele>574.759825</ele>
        <time>2026-08-11T15:21:00.118Z</time>
      </trkpt>
      <trkpt lat="45.808532" lon="14.328419">
        <ele>574.825171</ele>
        <time>2026-08-11T15:21:05.760Z</time>
      </trkpt>
      <trkpt lat="45.808711" lon="14.328231">
        <ele>574.812181</ele>
        <time>2026-08-11T15:21:09.932Z</time>
      </trkpt>
      <trkpt lat="45.808910" lon="14.328022">
        <ele>574.793449</ele>
        <time>2026-08-11T15:21:14.509Z</time>
      </trkpt>
      <trkpt lat="45.808947" lon="14.327983">
        <ele>574.789961</ele>
        <time>2026-08-11T15:21:15.401Z</time>
      </trkpt>
      <trkpt lat="45.809249" lon="14.327665">
        <ele>574.761507</ele>
        <time>2026-08-11T15:21:22.266Z</time>
      </trkpt>
      <trkpt lat="45.809735" lon="14.327163">
        <ele>574.716021</ele>
        <time>2026-08-11T15:21:30.734Z</time>
      </trkpt>
      <trkpt lat="45.809816" lon="14.327049">
        <ele>574.707402</ele>
        <time>2026-08-11T15:21:32.129Z</time>
      </trkpt>
      <trkpt lat="45.809879" lon="14.326936">
        <ele>574.699741</ele>
        <time>2026-08-11T15:21:33.325Z</time>
      </trkpt>
      <trkpt lat="45.809955" lon="14.326704">
        <ele>574.494289</ele>
        <time>2026-08-11T15:21:35.388Z</time>
      </trkpt>
      <trkpt lat="45.810058" lon="14.326154">
        <ele>573.354662</ele>
        <time>2026-08-11T15:21:39.635Z</time>
      </trkpt>
      <trkpt lat="45.810141" lon="14.325884">
        <ele>572.764160</ele>
        <time>2026-08-11T15:21:41.735Z</time>
      </trkpt>
      <trkpt lat="45.810258" lon="14.325608">
        <ele>572.117744</ele>
        <time>2026-08-11T15:21:43.991Z</time>
      </trkpt>
      <trkpt lat="45.810414" lon="14.325197">
        <ele>571.181272</ele>
        <time>2026-08-11T15:21:47.226Z</time>
      </trkpt>
      <trkpt lat="45.810440" lon="14.324912">
        <ele>570.606103</ele>
        <time>2026-08-11T15:21:49.244Z</time>
      </trkpt>
      <trkpt lat="45.810412" lon="14.324536">
        <ele>569.849419</ele>
        <time>2026-08-11T15:21:51.971Z</time>
      </trkpt>
      <trkpt lat="45.810434" lon="14.324203">
        <ele>569.101945</ele>
        <time>2026-08-11T15:21:54.332Z</time>
      </trkpt>
      <trkpt lat="45.810513" lon="14.324019">
        <ele>568.572332</ele>
        <time>2026-08-11T15:21:55.813Z</time>
      </trkpt>
      <trkpt lat="45.810657" lon="14.323873">
        <ele>567.952366</ele>
        <time>2026-08-11T15:21:57.529Z</time>
      </trkpt>
      <trkpt lat="45.811024" lon="14.323602">
        <ele>566.501133</ele>
        <time>2026-08-11T15:22:01.587Z</time>
      </trkpt>
      <trkpt lat="45.811187" lon="14.323462">
        <ele>565.833185</ele>
        <time>2026-08-11T15:22:03.494Z</time>
      </trkpt>
      <trkpt lat="45.811502" lon="14.323068">
        <ele>564.363858</ele>
        <time>2026-08-11T15:22:07.726Z</time>
      </trkpt>
      <trkpt lat="45.812229" lon="14.321766">
        <ele>560.566691</ele>
        <time>2026-08-11T15:22:19.346Z</time>
      </trkpt>
      <trkpt lat="45.812380" lon="14.321411">
        <ele>559.648851</ele>
        <time>2026-08-11T15:22:22.334Z</time>
      </trkpt>
      <trkpt lat="45.812633" lon="14.320608">
        <ele>557.704013</ele>
        <time>2026-08-11T15:22:28.671Z</time>
      </trkpt>
      <trkpt lat="45.812775" lon="14.320087">
        <ele>556.519560</ele>
        <time>2026-08-11T15:22:32.668Z</time>
      </trkpt>
      <trkpt lat="45.812791" lon="14.320022">
        <ele>556.374766</ele>
        <time>2026-08-11T15:22:33.157Z</time>
      </trkpt>
      <trkpt lat="45.812848" lon="14.319752">
        <ele>555.782200</ele>
        <time>2026-08-11T15:22:35.141Z</time>
      </trkpt>
      <trkpt lat="45.812919" lon="14.319436">
        <ele>555.084823</ele>
        <time>2026-08-11T15:22:37.525Z</time>
      </trkpt>
      <trkpt lat="45.812950" lon="14.319299">
        <ele>554.782276</ele>
        <time>2026-08-11T15:22:38.548Z</time>
      </trkpt>
      <trkpt lat="45.812989" lon="14.319116">
        <ele>554.380328</ele>
        <time>2026-08-11T15:22:39.922Z</time>
      </trkpt>
      <trkpt lat="45.813033" lon="14.318907">
        <ele>553.921746</ele>
        <time>2026-08-11T15:22:41.480Z</time>
      </trkpt>
      <trkpt lat="45.813130" lon="14.318031">
        <ele>552.065318</ele>
        <time>2026-08-11T15:22:47.725Z</time>
      </trkpt>
      <trkpt lat="45.813165" lon="14.317207">
        <ele>550.717716</ele>
        <time>2026-08-11T15:22:53.749Z</time>
      </trkpt>
      <trkpt lat="45.813308" lon="14.316413">
        <ele>549.379012</ele>
        <time>2026-08-11T15:23:00.057Z</time>
      </trkpt>
      <trkpt lat="45.813416" lon="14.315632">
        <ele>548.079254</ele>
        <time>2026-08-11T15:23:05.860Z</time>
      </trkpt>
      <trkpt lat="45.813426" lon="14.315387">
        <ele>547.838769</ele>
        <time>2026-08-11T15:23:07.724Z</time>
      </trkpt>
      <trkpt lat="45.813409" lon="14.315251">
        <ele>547.796263</ele>
        <time>2026-08-11T15:23:08.808Z</time>
      </trkpt>
      <trkpt lat="45.813349" lon="14.314826">
        <ele>547.662863</ele>
        <time>2026-08-11T15:23:12.403Z</time>
      </trkpt>
      <trkpt lat="45.813371" lon="14.314589">
        <ele>547.589309</ele>
        <time>2026-08-11T15:23:14.502Z</time>
      </trkpt>
      <trkpt lat="45.813459" lon="14.314347">
        <ele>547.505339</ele>
        <time>2026-08-11T15:23:16.870Z</time>
      </trkpt>
      <trkpt lat="45.813536" lon="14.314215">
        <ele>547.452386</ele>
        <time>2026-08-11T15:23:18.353Z</time>
      </trkpt>
      <trkpt lat="45.814446" lon="14.312873">
        <ele>547.232172</ele>
        <time>2026-08-11T15:23:40.928Z</time>
      </trkpt>
      <trkpt lat="45.814580" lon="14.312700">
        <ele>547.290229</ele>
        <time>2026-08-11T15:23:45.002Z</time>
      </trkpt>
      <trkpt lat="45.814785" lon="14.312514">
        <ele>547.368346</ele>
        <time>2026-08-11T15:23:49.818Z</time>
      </trkpt>
      <trkpt lat="45.815213" lon="14.312167">
        <ele>547.526676</ele>
        <time>2026-08-11T15:23:58.210Z</time>
      </trkpt>
      <trkpt lat="45.815475" lon="14.311955">
        <ele>547.623552</ele>
        <time>2026-08-11T15:24:02.371Z</time>
      </trkpt>
      <trkpt lat="45.815654" lon="14.311824">
        <ele>547.462482</ele>
        <time>2026-08-11T15:24:04.842Z</time>
      </trkpt>
      <trkpt lat="45.816170" lon="14.311507">
        <ele>546.125917</ele>
        <time>2026-08-11T15:24:11.003Z</time>
      </trkpt>
      <trkpt lat="45.816554" lon="14.311207">
        <ele>545.084795</ele>
        <time>2026-08-11T15:24:15.497Z</time>
      </trkpt>
      <trkpt lat="45.816902" lon="14.310836">
        <ele>544.052455</ele>
        <time>2026-08-11T15:24:19.939Z</time>
      </trkpt>
      <trkpt lat="45.817038" lon="14.310636">
        <ele>543.588737</ele>
        <time>2026-08-11T15:24:21.928Z</time>
      </trkpt>
      <trkpt lat="45.817149" lon="14.310494">
        <ele>543.120072</ele>
        <time>2026-08-11T15:24:23.448Z</time>
      </trkpt>
      <trkpt lat="45.817680" lon="14.309961">
        <ele>540.348531</ele>
        <time>2026-08-11T15:24:30.110Z</time>
      </trkpt>
      <trkpt lat="45.818007" lon="14.309580">
        <ele>538.546991</ele>
        <time>2026-08-11T15:24:34.259Z</time>
      </trkpt>
      <trkpt lat="45.818159" lon="14.309472">
        <ele>537.821575</ele>
        <time>2026-08-11T15:24:35.840Z</time>
      </trkpt>
      <trkpt lat="45.818844" lon="14.308873">
        <ele>534.103245</ele>
        <time>2026-08-11T15:24:43.182Z</time>
      </trkpt>
      <trkpt lat="45.819085" lon="14.308568">
        <ele>532.423819</ele>
        <time>2026-08-11T15:24:46.115Z</time>
      </trkpt>
      <trkpt lat="45.819402" lon="14.307947">
        <ele>529.620136</ele>
        <time>2026-08-11T15:24:51.050Z</time>
      </trkpt>
      <trkpt lat="45.819955" lon="14.307151">
        <ele>525.892874</ele>
        <time>2026-08-11T15:24:58.616Z</time>
      </trkpt>
      <trkpt lat="45.820270" lon="14.306733">
        <ele>524.732306</ele>
        <time>2026-08-11T15:25:03.197Z</time>
      </trkpt>
      <trkpt lat="45.820288" lon="14.306709">
        <ele>524.665841</ele>
        <time>2026-08-11T15:25:03.467Z</time>
      </trkpt>
      <trkpt lat="45.820471" lon="14.306478">
        <ele>524.006556</ele>
        <time>2026-08-11T15:25:06.095Z</time>
      </trkpt>
      <trkpt lat="45.820568" lon="14.306369">
        <ele>523.673293</ele>
        <time>2026-08-11T15:25:07.415Z</time>
      </trkpt>
      <trkpt lat="45.820791" lon="14.306195">
        <ele>522.986675</ele>
        <time>2026-08-11T15:25:10.077Z</time>
      </trkpt>
      <trkpt lat="45.821238" lon="14.306044">
        <ele>521.744506</ele>
        <time>2026-08-11T15:25:14.879Z</time>
      </trkpt>
      <trkpt lat="45.822012" lon="14.305820">
        <ele>520.335166</ele>
        <time>2026-08-11T15:25:23.453Z</time>
      </trkpt>
      <trkpt lat="45.822368" lon="14.305678">
        <ele>519.736388</ele>
        <time>2026-08-11T15:25:27.637Z</time>
      </trkpt>
      <trkpt lat="45.822531" lon="14.305534">
        <ele>519.426198</ele>
        <time>2026-08-11T15:25:29.850Z</time>
      </trkpt>
      <trkpt lat="45.823223" lon="14.304544">
        <ele>518.374319</ele>
        <time>2026-08-11T15:25:41.765Z</time>
      </trkpt>
      <trkpt lat="45.823455" lon="14.304160">
        <ele>518.260381</ele>
        <time>2026-08-11T15:25:47.114Z</time>
      </trkpt>
      <trkpt lat="45.823538" lon="14.303791">
        <ele>518.173453</ele>
        <time>2026-08-11T15:25:51.285Z</time>
      </trkpt>
      <trkpt lat="45.823580" lon="14.303397">
        <ele>518.084096</ele>
        <time>2026-08-11T15:25:55.416Z</time>
      </trkpt>
      <trkpt lat="45.823676" lon="14.302608">
        <ele>517.829891</ele>
        <time>2026-08-11T15:26:03.150Z</time>
      </trkpt>
      <trkpt lat="45.823726" lon="14.302441">
        <ele>517.655893</ele>
        <time>2026-08-11T15:26:04.941Z</time>
      </trkpt>
      <trkpt lat="45.823859" lon="14.302203">
        <ele>517.363848</ele>
        <time>2026-08-11T15:26:08.288Z</time>
      </trkpt>
      <trkpt lat="45.824403" lon="14.301575">
        <ele>516.404750</ele>
        <time>2026-08-11T15:26:17.065Z</time>
      </trkpt>
      <trkpt lat="45.824645" lon="14.301295">
        <ele>515.977714</ele>
        <time>2026-08-11T15:26:20.374Z</time>
      </trkpt>
      <trkpt lat="45.825080" lon="14.300788">
        <ele>514.929379</ele>
        <time>2026-08-11T15:26:26.196Z</time>
      </trkpt>
      <trkpt lat="45.825714" lon="14.300078">
        <ele>512.587308</ele>
        <time>2026-08-11T15:26:34.319Z</time>
      </trkpt>
      <trkpt lat="45.826574" lon="14.299224">
        <ele>509.729061</ele>
        <time>2026-08-11T15:26:45.176Z</time>
      </trkpt>
      <trkpt lat="45.827166" lon="14.298499">
        <ele>508.090387</ele>
        <time>2026-08-11T15:26:53.564Z</time>
      </trkpt>
      <trkpt lat="45.827431" lon="14.298333">
        <ele>507.481575</ele>
        <time>2026-08-11T15:26:56.769Z</time>
      </trkpt>
      <trkpt lat="45.828191" lon="14.298092">
        <ele>506.009600</ele>
        <time>2026-08-11T15:27:05.536Z</time>
      </trkpt>
      <trkpt lat="45.828429" lon="14.297927">
        <ele>505.610854</ele>
        <time>2026-08-11T15:27:08.549Z</time>
      </trkpt>
      <trkpt lat="45.829064" lon="14.296976">
        <ele>504.226273</ele>
        <time>2026-08-11T15:27:19.046Z</time>
      </trkpt>
      <trkpt lat="45.829242" lon="14.296796">
        <ele>503.897776</ele>
        <time>2026-08-11T15:27:21.567Z</time>
      </trkpt>
      <trkpt lat="45.829395" lon="14.296721">
        <ele>503.691606</ele>
        <time>2026-08-11T15:27:23.474Z</time>
      </trkpt>
      <trkpt lat="45.829587" lon="14.296690">
        <ele>503.572131</ele>
        <time>2026-08-11T15:27:25.786Z</time>
      </trkpt>
      <trkpt lat="45.830289" lon="14.296693">
        <ele>503.138038</ele>
        <time>2026-08-11T15:27:34.726Z</time>
      </trkpt>
      <trkpt lat="45.832059" lon="14.296707">
        <ele>502.018432</ele>
        <time>2026-08-11T15:27:59.591Z</time>
      </trkpt>
      <trkpt lat="45.832327" lon="14.296686">
        <ele>501.845057</ele>
        <time>2026-08-11T15:28:02.960Z</time>
      </trkpt>
      <trkpt lat="45.832929" lon="14.296577">
        <ele>501.453106</ele>
        <time>2026-08-11T15:28:10.200Z</time>
      </trkpt>
      <trkpt lat="45.833232" lon="14.296475">
        <ele>501.258406</ele>
        <time>2026-08-11T15:28:13.770Z</time>
      </trkpt>
      <trkpt lat="45.834359" lon="14.295650">
        <ele>500.468209</ele>
        <time>2026-08-11T15:28:29.613Z</time>
      </trkpt>
      <trkpt lat="45.834707" lon="14.295468">
        <ele>500.430095</ele>
        <time>2026-08-11T15:28:36.151Z</time>
      </trkpt>
      <trkpt lat="45.835035" lon="14.295333">
        <ele>500.710466</ele>
        <time>2026-08-11T15:28:42.485Z</time>
      </trkpt>
      <trkpt lat="45.835205" lon="14.295232">
        <ele>500.861645</ele>
        <time>2026-08-11T15:28:45.976Z</time>
      </trkpt>
      <trkpt lat="45.835495" lon="14.295001">
        <ele>501.134166</ele>
        <time>2026-08-11T15:28:52.235Z</time>
      </trkpt>
      <trkpt lat="45.835936" lon="14.294580">
        <ele>501.569356</ele>
        <time>2026-08-11T15:29:02.456Z</time>
      </trkpt>
      <trkpt lat="45.836614" lon="14.294072">
        <ele>502.474919</ele>
        <time>2026-08-11T15:29:15.475Z</time>
      </trkpt>
      <trkpt lat="45.838337" lon="14.292841">
        <ele>505.524464</ele>
        <time>2026-08-11T15:29:56.799Z</time>
      </trkpt>
      <trkpt lat="45.839195" lon="14.292364">
        <ele>507.362790</ele>
        <time>2026-08-11T15:30:19.623Z</time>
      </trkpt>
      <trkpt lat="45.839549" lon="14.292240">
        <ele>507.897006</ele>
        <time>2026-08-11T15:30:27.924Z</time>
      </trkpt>
      <trkpt lat="45.840060" lon="14.292232">
        <ele>507.908901</ele>
        <time>2026-08-11T15:30:38.021Z</time>
      </trkpt>
      <trkpt lat="45.840245" lon="14.292118">
        <ele>507.913588</ele>
        <time>2026-08-11T15:30:41.446Z</time>
      </trkpt>
      <trkpt lat="45.840936" lon="14.291369">
        <ele>507.933744</ele>
        <time>2026-08-11T15:30:52.055Z</time>
      </trkpt>
      <trkpt lat="45.841051" lon="14.291159">
        <ele>507.908380</ele>
        <time>2026-08-11T15:30:54.196Z</time>
      </trkpt>
      <trkpt lat="45.841170" lon="14.290770">
        <ele>507.777580</ele>
        <time>2026-08-11T15:30:57.617Z</time>
      </trkpt>
      <trkpt lat="45.841232" lon="14.290656">
        <ele>507.733054</ele>
        <time>2026-08-11T15:30:58.795Z</time>
      </trkpt>
      <trkpt lat="45.841391" lon="14.290551">
        <ele>507.655708</ele>
        <time>2026-08-11T15:31:00.885Z</time>
      </trkpt>
      <trkpt lat="45.841726" lon="14.290586">
        <ele>507.507269</ele>
        <time>2026-08-11T15:31:05.070Z</time>
      </trkpt>
      <trkpt lat="45.841842" lon="14.290554">
        <ele>507.455067</ele>
        <time>2026-08-11T15:31:06.581Z</time>
      </trkpt>
      <trkpt lat="45.842064" lon="14.290405">
        <ele>507.346763</ele>
        <time>2026-08-11T15:31:09.978Z</time>
      </trkpt>
      <trkpt lat="45.842450" lon="14.289997">
        <ele>507.133054</ele>
        <time>2026-08-11T15:31:18.548Z</time>
      </trkpt>
      <trkpt lat="45.842556" lon="14.289942">
        <ele>507.069548</ele>
        <time>2026-08-11T15:31:20.779Z</time>
      </trkpt>
      <trkpt lat="45.842736" lon="14.289947">
        <ele>506.968110</ele>
        <time>2026-08-11T15:31:24.318Z</time>
      </trkpt>
      <trkpt lat="45.843159" lon="14.290313">
        <ele>506.689828</ele>
        <time>2026-08-11T15:31:33.419Z</time>
      </trkpt>
      <trkpt lat="45.843344" lon="14.290371">
        <ele>506.583135</ele>
        <time>2026-08-11T15:31:36.455Z</time>
      </trkpt>
      <trkpt lat="45.843601" lon="14.290280">
        <ele>506.433992</ele>
        <time>2026-08-11T15:31:39.991Z</time>
      </trkpt>
      <trkpt lat="45.843882" lon="14.290111">
        <ele>506.262332</ele>
        <time>2026-08-11T15:31:43.482Z</time>
      </trkpt>
      <trkpt lat="45.844250" lon="14.289755">
        <ele>505.377055</ele>
        <time>2026-08-11T15:31:47.980Z</time>
      </trkpt>
      <trkpt lat="45.844498" lon="14.289355">
        <ele>504.015798</ele>
        <time>2026-08-11T15:31:51.533Z</time>
      </trkpt>
      <trkpt lat="45.844906" lon="14.288448">
        <ele>501.271176</ele>
        <time>2026-08-11T15:31:58.730Z</time>
      </trkpt>
      <trkpt lat="45.845079" lon="14.288125">
        <ele>500.235437</ele>
        <time>2026-08-11T15:32:01.554Z</time>
      </trkpt>
      <trkpt lat="45.845302" lon="14.287802">
        <ele>499.426269</ele>
        <time>2026-08-11T15:32:04.851Z</time>
      </trkpt>
      <trkpt lat="45.845791" lon="14.287270">
        <ele>498.787976</ele>
        <time>2026-08-11T15:32:11.928Z</time>
      </trkpt>
      <trkpt lat="45.845970" lon="14.287031">
        <ele>498.533667</ele>
        <time>2026-08-11T15:32:15.149Z</time>
      </trkpt>
      <trkpt lat="45.846484" lon="14.285951">
        <ele>497.576158</ele>
        <time>2026-08-11T15:32:28.458Z</time>
      </trkpt>
      <trkpt lat="45.846611" lon="14.285811">
        <ele>497.394654</ele>
        <time>2026-08-11T15:32:30.681Z</time>
      </trkpt>
      <trkpt lat="45.846798" lon="14.285673">
        <ele>497.156317</ele>
        <time>2026-08-11T15:32:33.434Z</time>
      </trkpt>
      <trkpt lat="45.847286" lon="14.285388">
        <ele>496.559134</ele>
        <time>2026-08-11T15:32:40.077Z</time>
      </trkpt>
      <trkpt lat="45.848599" lon="14.284641">
        <ele>494.685679</ele>
        <time>2026-08-11T15:32:55.687Z</time>
      </trkpt>
      <trkpt lat="45.848873" lon="14.284458">
        <ele>494.209081</ele>
        <time>2026-08-11T15:32:58.914Z</time>
      </trkpt>
      <trkpt lat="45.849005" lon="14.284330">
        <ele>493.957865</ele>
        <time>2026-08-11T15:33:00.668Z</time>
      </trkpt>
      <trkpt lat="45.849119" lon="14.284150">
        <ele>493.690614</ele>
        <time>2026-08-11T15:33:02.596Z</time>
      </trkpt>
      <trkpt lat="45.849260" lon="14.283780">
        <ele>493.227306</ele>
        <time>2026-08-11T15:33:06.148Z</time>
      </trkpt>
      <trkpt lat="45.849425" lon="14.283041">
        <ele>492.724812</ele>
        <time>2026-08-11T15:33:13.272Z</time>
      </trkpt>
      <trkpt lat="45.849535" lon="14.282715">
        <ele>492.641150</ele>
        <time>2026-08-11T15:33:16.754Z</time>
      </trkpt>
      <trkpt lat="45.849725" lon="14.282307">
        <ele>492.527798</ele>
        <time>2026-08-11T15:33:21.571Z</time>
      </trkpt>
      <trkpt lat="45.850530" lon="14.280729">
        <ele>492.021861</ele>
        <time>2026-08-11T15:33:40.643Z</time>
      </trkpt>
      <trkpt lat="45.850851" lon="14.280194">
        <ele>491.798052</ele>
        <time>2026-08-11T15:33:48.322Z</time>
      </trkpt>
      <trkpt lat="45.851207" lon="14.279706">
        <ele>491.574073</ele>
        <time>2026-08-11T15:33:55.312Z</time>
      </trkpt>
      <trkpt lat="45.851297" lon="14.279547">
        <ele>491.509135</ele>
        <time>2026-08-11T15:33:57.210Z</time>
      </trkpt>
      <trkpt lat="45.851472" lon="14.279214">
        <ele>491.205462</ele>
        <time>2026-08-11T15:34:00.872Z</time>
      </trkpt>
      <trkpt lat="45.852191" lon="14.277618">
        <ele>486.662009</ele>
        <time>2026-08-11T15:34:14.653Z</time>
      </trkpt>
      <trkpt lat="45.852800" lon="14.276794">
        <ele>482.121840</ele>
        <time>2026-08-11T15:34:22.290Z</time>
      </trkpt>
      <trkpt lat="45.852986" lon="14.276461">
        <ele>479.919662</ele>
        <time>2026-08-11T15:34:24.917Z</time>
      </trkpt>
      <trkpt lat="45.853093" lon="14.276206">
        <ele>478.383800</ele>
        <time>2026-08-11T15:34:26.736Z</time>
      </trkpt>
      <trkpt lat="45.853165" lon="14.275958">
        <ele>476.997648</ele>
        <time>2026-08-11T15:34:28.376Z</time>
      </trkpt>
      <trkpt lat="45.853197" lon="14.275698">
        <ele>475.635509</ele>
        <time>2026-08-11T15:34:29.989Z</time>
      </trkpt>
      <trkpt lat="45.853210" lon="14.275009">
        <ele>472.079608</ele>
        <time>2026-08-11T15:34:34.192Z</time>
      </trkpt>
      <trkpt lat="45.853241" lon="14.274645">
        <ele>470.989187</ele>
        <time>2026-08-11T15:34:36.470Z</time>
      </trkpt>
      <trkpt lat="45.853307" lon="14.274283">
        <ele>469.958298</ele>
        <time>2026-08-11T15:34:38.861Z</time>
      </trkpt>
      <trkpt lat="45.853422" lon="14.273828">
        <ele>468.624822</ele>
        <time>2026-08-11T15:34:42.101Z</time>
      </trkpt>
      <trkpt lat="45.853529" lon="14.273488">
        <ele>467.596969</ele>
        <time>2026-08-11T15:34:44.728Z</time>
      </trkpt>
      <trkpt lat="45.853678" lon="14.273154">
        <ele>466.504264</ele>
        <time>2026-08-11T15:34:47.705Z</time>
      </trkpt>
      <trkpt lat="45.854091" lon="14.272454">
        <ele>464.601385</ele>
        <time>2026-08-11T15:34:55.215Z</time>
      </trkpt>
      <trkpt lat="45.854238" lon="14.272126">
        <ele>464.348858</ele>
        <time>2026-08-11T15:34:58.793Z</time>
      </trkpt>
      <trkpt lat="45.854473" lon="14.271492">
        <ele>463.883871</ele>
        <time>2026-08-11T15:35:05.731Z</time>
      </trkpt>
      <trkpt lat="45.854612" lon="14.271261">
        <ele>463.686227</ele>
        <time>2026-08-11T15:35:08.515Z</time>
      </trkpt>
      <trkpt lat="45.854774" lon="14.271057">
        <ele>463.485921</ele>
        <time>2026-08-11T15:35:11.181Z</time>
      </trkpt>
      <trkpt lat="45.855073" lon="14.270821">
        <ele>463.168747</ele>
        <time>2026-08-11T15:35:15.166Z</time>
      </trkpt>
      <trkpt lat="45.855442" lon="14.270755">
        <ele>462.701378</ele>
        <time>2026-08-11T15:35:19.370Z</time>
      </trkpt>
      <trkpt lat="45.856904" lon="14.270624">
        <ele>460.783883</ele>
        <time>2026-08-11T15:35:36.313Z</time>
      </trkpt>
      <trkpt lat="45.857304" lon="14.270544">
        <ele>460.444627</ele>
        <time>2026-08-11T15:35:41.922Z</time>
      </trkpt>
      <trkpt lat="45.857590" lon="14.270369">
        <ele>460.188342</ele>
        <time>2026-08-11T15:35:46.143Z</time>
      </trkpt>
      <trkpt lat="45.858059" lon="14.269973">
        <ele>459.739820</ele>
        <time>2026-08-11T15:35:53.889Z</time>
      </trkpt>
      <trkpt lat="45.858522" lon="14.269524">
        <ele>459.266301</ele>
        <time>2026-08-11T15:36:01.041Z</time>
      </trkpt>
      <trkpt lat="45.859145" lon="14.268783">
        <ele>456.806248</ele>
        <time>2026-08-11T15:36:09.307Z</time>
      </trkpt>
      <trkpt lat="45.859496" lon="14.268424">
        <ele>455.495782</ele>
        <time>2026-08-11T15:36:13.448Z</time>
      </trkpt>
      <trkpt lat="45.859185" lon="14.268215">
        <ele>454.451595</ele>
        <time>2026-08-11T15:36:16.843Z</time>
      </trkpt>
      <trkpt lat="45.859064" lon="14.268142">
        <ele>454.052481</ele>
        <time>2026-08-11T15:36:18.185Z</time>
      </trkpt>
      <trkpt lat="45.858927" lon="14.267586">
        <ele>453.244485</ele>
        <time>2026-08-11T15:36:22.488Z</time>
      </trkpt>
      <trkpt lat="45.858845" lon="14.266997">
        <ele>452.527326</ele>
        <time>2026-08-11T15:36:26.947Z</time>
      </trkpt>
      <trkpt lat="45.858816" lon="14.266553">
        <ele>451.994879</ele>
        <time>2026-08-11T15:36:30.874Z</time>
      </trkpt>
      <trkpt lat="45.858819" lon="14.266306">
        <ele>451.699925</ele>
        <time>2026-08-11T15:36:33.503Z</time>
      </trkpt>
      <trkpt lat="45.858876" lon="14.265923">
        <ele>451.232311</ele>
        <time>2026-08-11T15:36:37.260Z</time>
      </trkpt>
      <trkpt lat="45.858867" lon="14.265788">
        <ele>451.070389</ele>
        <time>2026-08-11T15:36:38.479Z</time>
      </trkpt>
      <trkpt lat="45.858831" lon="14.265597">
        <ele>450.834137</ele>
        <time>2026-08-11T15:36:40.127Z</time>
      </trkpt>
      <trkpt lat="45.858724" lon="14.265305">
        <ele>450.305414</ele>
        <time>2026-08-11T15:36:42.705Z</time>
      </trkpt>
      <trkpt lat="45.858693" lon="14.265159">
        <ele>450.038676</ele>
        <time>2026-08-11T15:36:43.855Z</time>
      </trkpt>
      <trkpt lat="45.858805" lon="14.264798">
        <ele>449.348040</ele>
        <time>2026-08-11T15:36:46.738Z</time>
      </trkpt>
      <trkpt lat="45.858688" lon="14.264522">
        <ele>448.783388</ele>
        <time>2026-08-11T15:36:49.013Z</time>
      </trkpt>
      <trkpt lat="45.858661" lon="14.264236">
        <ele>448.279015</ele>
        <time>2026-08-11T15:36:51.035Z</time>
      </trkpt>
      <trkpt lat="45.858351" lon="14.264130">
        <ele>447.479378</ele>
        <time>2026-08-11T15:36:54.217Z</time>
      </trkpt>
      <trkpt lat="45.858105" lon="14.264122">
        <ele>446.861931</ele>
        <time>2026-08-11T15:36:56.693Z</time>
      </trkpt>
      <trkpt lat="45.857814" lon="14.264156">
        <ele>446.195799</ele>
        <time>2026-08-11T15:36:59.744Z</time>
      </trkpt>
      <trkpt lat="45.857548" lon="14.264253">
        <ele>446.026304</ele>
        <time>2026-08-11T15:37:02.907Z</time>
      </trkpt>
      <trkpt lat="45.857221" lon="14.264369">
        <ele>445.818280</ele>
        <time>2026-08-11T15:37:07.201Z</time>
      </trkpt>
      <trkpt lat="45.856952" lon="14.264399">
        <ele>445.651647</ele>
        <time>2026-08-11T15:37:10.926Z</time>
      </trkpt>
      <trkpt lat="45.856511" lon="14.264363">
        <ele>445.378849</ele>
        <time>2026-08-11T15:37:17.474Z</time>
      </trkpt>
      <trkpt lat="45.856130" lon="14.264345">
        <ele>445.143419</ele>
        <time>2026-08-11T15:37:23.413Z</time>
      </trkpt>
      <trkpt lat="45.855491" lon="14.264214">
        <ele>445.112263</ele>
        <time>2026-08-11T15:37:33.628Z</time>
      </trkpt>
      <trkpt lat="45.855130" lon="14.264103">
        <ele>445.115781</ele>
        <time>2026-08-11T15:37:39.299Z</time>
      </trkpt>
      <trkpt lat="45.854836" lon="14.263941">
        <ele>445.118782</ele>
        <time>2026-08-11T15:37:43.887Z</time>
      </trkpt>
      <trkpt lat="45.854569" lon="14.263699">
        <ele>445.121791</ele>
        <time>2026-08-11T15:37:48.367Z</time>
      </trkpt>
      <trkpt lat="45.854294" lon="14.263401">
        <ele>445.072036</ele>
        <time>2026-08-11T15:37:53.149Z</time>
      </trkpt>
      <trkpt lat="45.854024" lon="14.263055">
        <ele>444.929765</ele>
        <time>2026-08-11T15:37:58.068Z</time>
      </trkpt>
      <trkpt lat="45.852744" lon="14.260824">
        <ele>444.256854</ele>
        <time>2026-08-11T15:38:24.966Z</time>
      </trkpt>
      <trkpt lat="45.852553" lon="14.260636">
        <ele>444.204573</ele>
        <time>2026-08-11T15:38:28.115Z</time>
      </trkpt>
      <trkpt lat="45.852340" lon="14.260520">
        <ele>444.153143</ele>
        <time>2026-08-11T15:38:31.286Z</time>
      </trkpt>
      <trkpt lat="45.851980" lon="14.260413">
        <ele>444.070145</ele>
        <time>2026-08-11T15:38:36.564Z</time>
      </trkpt>
      <trkpt lat="45.851761" lon="14.260302">
        <ele>444.017713</ele>
        <time>2026-08-11T15:38:40.074Z</time>
      </trkpt>
      <trkpt lat="45.851441" lon="14.260066">
        <ele>444.181073</ele>
        <time>2026-08-11T15:38:45.754Z</time>
      </trkpt>
      <trkpt lat="45.850817" lon="14.259462">
        <ele>444.571402</ele>
        <time>2026-08-11T15:38:58.923Z</time>
      </trkpt>
      <trkpt lat="45.849687" lon="14.258741">
        <ele>445.097217</ele>
        <time>2026-08-11T15:39:20.699Z</time>
      </trkpt>
      <trkpt lat="45.846356" lon="14.256655">
        <ele>445.932553</ele>
        <time>2026-08-11T15:40:16.561Z</time>
      </trkpt>
      <trkpt lat="45.844402" lon="14.255342">
        <ele>447.009764</ele>
        <time>2026-08-11T15:40:52.349Z</time>
      </trkpt>
      <trkpt lat="45.843905" lon="14.254977">
        <ele>447.396554</ele>
        <time>2026-08-11T15:41:02.779Z</time>
      </trkpt>
      <trkpt lat="45.843541" lon="14.254753">
        <ele>447.661366</ele>
        <time>2026-08-11T15:41:10.273Z</time>
      </trkpt>
      <trkpt lat="45.843391" lon="14.254694">
        <ele>447.747950</ele>
        <time>2026-08-11T15:41:13.197Z</time>
      </trkpt>
      <trkpt lat="45.843251" lon="14.254716">
        <ele>447.826355</ele>
        <time>2026-08-11T15:41:15.789Z</time>
      </trkpt>
      <trkpt lat="45.842654" lon="14.255159">
        <ele>448.200489</ele>
        <time>2026-08-11T15:41:27.593Z</time>
      </trkpt>
      <trkpt lat="45.842422" lon="14.255228">
        <ele>448.332388</ele>
        <time>2026-08-11T15:41:31.472Z</time>
      </trkpt>
      <trkpt lat="45.842223" lon="14.255240">
        <ele>448.443271</ele>
        <time>2026-08-11T15:41:34.619Z</time>
      </trkpt>
      <trkpt lat="45.840245" lon="14.255490">
        <ele>448.911126</ele>
        <time>2026-08-11T15:42:04.782Z</time>
      </trkpt>
      <trkpt lat="45.839132" lon="14.256074">
        <ele>450.771908</ele>
        <time>2026-08-11T15:42:24.983Z</time>
      </trkpt>
      <trkpt lat="45.838811" lon="14.256215">
        <ele>451.360212</ele>
        <time>2026-08-11T15:42:32.886Z</time>
      </trkpt>
      <trkpt lat="45.838395" lon="14.256346">
        <ele>452.131641</ele>
        <time>2026-08-11T15:42:45.472Z</time>
      </trkpt>
      <trkpt lat="45.838265" lon="14.256234">
        <ele>452.735712</ele>
        <time>2026-08-11T15:42:50.671Z</time>
      </trkpt>
      <trkpt lat="45.838141" lon="14.256019">
        <ele>453.510441</ele>
        <time>2026-08-11T15:42:57.628Z</time>
      </trkpt>
      <trkpt lat="45.838169" lon="14.255824">
        <ele>454.063076</ele>
        <time>2026-08-11T15:43:02.465Z</time>
      </trkpt>
      <trkpt lat="45.838166" lon="14.255600">
        <ele>454.684945</ele>
        <time>2026-08-11T15:43:07.822Z</time>
      </trkpt>
      <trkpt lat="45.838108" lon="14.255268">
        <ele>455.635005</ele>
        <time>2026-08-11T15:43:15.997Z</time>
      </trkpt>
      <trkpt lat="45.838116" lon="14.254936">
        <ele>456.557085</ele>
        <time>2026-08-11T15:43:23.933Z</time>
      </trkpt>
      <trkpt lat="45.838149" lon="14.254860">
        <ele>456.805655</ele>
        <time>2026-08-11T15:43:26.055Z</time>
      </trkpt>
      <trkpt lat="45.838121" lon="14.254725">
        <ele>457.196625</ele>
        <time>2026-08-11T15:43:29.315Z</time>
      </trkpt>
      <trkpt lat="45.838077" lon="14.254689">
        <ele>457.398406</ele>
        <time>2026-08-11T15:43:30.952Z</time>
      </trkpt>
      <trkpt lat="45.837981" lon="14.254727">
        <ele>457.795159</ele>
        <time>2026-08-11T15:43:34.098Z</time>
      </trkpt>
      <trkpt lat="45.837758" lon="14.254820">
        <ele>458.720360</ele>
        <time>2026-08-11T15:43:40.994Z</time>
      </trkpt>
      <trkpt lat="45.837420" lon="14.254880">
        <ele>459.294826</ele>
        <time>2026-08-11T15:43:49.857Z</time>
      </trkpt>
      <trkpt lat="45.836428" lon="14.255106">
        <ele>459.498188</ele>
        <time>2026-08-11T15:44:04.475Z</time>
      </trkpt>
      <trkpt lat="45.836135" lon="14.255249">
        <ele>459.560846</ele>
        <time>2026-08-11T15:44:08.387Z</time>
      </trkpt>
      <trkpt lat="45.835566" lon="14.255732">
        <ele>458.855841</ele>
        <time>2026-08-11T15:44:16.262Z</time>
      </trkpt>
      <trkpt lat="45.834771" lon="14.256410">
        <ele>457.018802</ele>
        <time>2026-08-11T15:44:26.011Z</time>
      </trkpt>
      <trkpt lat="45.834494" lon="14.256629">
        <ele>456.390574</ele>
        <time>2026-08-11T15:44:29.366Z</time>
      </trkpt>
      <trkpt lat="45.834353" lon="14.256665">
        <ele>456.106078</ele>
        <time>2026-08-11T15:44:30.921Z</time>
      </trkpt>
      <trkpt lat="45.834204" lon="14.256650">
        <ele>455.978758</ele>
        <time>2026-08-11T15:44:32.586Z</time>
      </trkpt>
      <trkpt lat="45.833944" lon="14.256500">
        <ele>455.823877</ele>
        <time>2026-08-11T15:44:35.796Z</time>
      </trkpt>
      <trkpt lat="45.833782" lon="14.256296">
        <ele>455.704758</ele>
        <time>2026-08-11T15:44:38.366Z</time>
      </trkpt>
      <trkpt lat="45.833278" lon="14.255339">
        <ele>455.242778</ele>
        <time>2026-08-11T15:44:50.010Z</time>
      </trkpt>
      <trkpt lat="45.833174" lon="14.255180">
        <ele>455.158793</ele>
        <time>2026-08-11T15:44:52.560Z</time>
      </trkpt>
      <trkpt lat="45.832984" lon="14.254990">
        <ele>455.072974</ele>
        <time>2026-08-11T15:44:56.594Z</time>
      </trkpt>
      <trkpt lat="45.832200" lon="14.254384">
        <ele>455.666456</ele>
        <time>2026-08-11T15:45:13.058Z</time>
      </trkpt>
      <trkpt lat="45.831736" lon="14.253958">
        <ele>456.033565</ele>
        <time>2026-08-11T15:45:22.083Z</time>
      </trkpt>
      <trkpt lat="45.831486" lon="14.253659">
        <ele>456.252217</ele>
        <time>2026-08-11T15:45:27.452Z</time>
      </trkpt>
      <trkpt lat="45.831030" lon="14.253029">
        <ele>457.092254</ele>
        <time>2026-08-11T15:45:39.296Z</time>
      </trkpt>
      <trkpt lat="45.830640" lon="14.252290">
        <ele>457.949533</ele>
        <time>2026-08-11T15:45:52.615Z</time>
      </trkpt>
      <trkpt lat="45.830510" lon="14.251911">
        <ele>458.340179</ele>
        <time>2026-08-11T15:45:58.629Z</time>
      </trkpt>
      <trkpt lat="45.830338" lon="14.251411">
        <ele>458.811517</ele>
        <time>2026-08-11T15:46:07.472Z</time>
      </trkpt>
      <trkpt lat="45.830269" lon="14.251208">
        <ele>458.978318</ele>
        <time>2026-08-11T15:46:11.273Z</time>
      </trkpt>
      <trkpt lat="45.830144" lon="14.250866">
        <ele>459.263524</ele>
        <time>2026-08-11T15:46:17.784Z</time>
      </trkpt>
      <trkpt lat="45.830063" lon="14.250671">
        <ele>459.431179</ele>
        <time>2026-08-11T15:46:21.575Z</time>
      </trkpt>
      <trkpt lat="45.829985" lon="14.250571">
        <ele>459.542031</ele>
        <time>2026-08-11T15:46:23.910Z</time>
      </trkpt>
      <trkpt lat="45.829839" lon="14.250449">
        <ele>459.721090</ele>
        <time>2026-08-11T15:46:27.543Z</time>
      </trkpt>
      <trkpt lat="45.829631" lon="14.250349">
        <ele>459.953583</ele>
        <time>2026-08-11T15:46:32.063Z</time>
      </trkpt>
      <trkpt lat="45.829489" lon="14.250312">
        <ele>460.106545</ele>
        <time>2026-08-11T15:46:34.575Z</time>
      </trkpt>
      <trkpt lat="45.828978" lon="14.250240">
        <ele>460.364870</ele>
        <time>2026-08-11T15:46:41.205Z</time>
      </trkpt>
      <trkpt lat="45.828919" lon="14.250229">
        <ele>460.261978</ele>
        <time>2026-08-11T15:46:41.919Z</time>
      </trkpt>
      <trkpt lat="45.828811" lon="14.250210">
        <ele>460.073807</ele>
        <time>2026-08-11T15:46:43.177Z</time>
      </trkpt>
      <trkpt lat="45.828595" lon="14.250183">
        <ele>459.698845</ele>
        <time>2026-08-11T15:46:45.630Z</time>
      </trkpt>
      <trkpt lat="45.828070" lon="14.250091">
        <ele>458.784174</ele>
        <time>2026-08-11T15:46:51.312Z</time>
      </trkpt>
      <trkpt lat="45.828001" lon="14.250080">
        <ele>458.664113</ele>
        <time>2026-08-11T15:46:52.056Z</time>
      </trkpt>
      <trkpt lat="45.827661" lon="14.250024">
        <ele>458.072262</ele>
        <time>2026-08-11T15:46:55.713Z</time>
      </trkpt>
      <trkpt lat="45.827575" lon="14.250004">
        <ele>457.921595</ele>
        <time>2026-08-11T15:46:56.653Z</time>
      </trkpt>
      <trkpt lat="45.827361" lon="14.249940">
        <ele>457.543556</ele>
        <time>2026-08-11T15:46:58.988Z</time>
      </trkpt>
      <trkpt lat="45.827193" lon="14.249825">
        <ele>457.522486</ele>
        <time>2026-08-11T15:47:01.043Z</time>
      </trkpt>
      <trkpt lat="45.826831" lon="14.249479">
        <ele>457.848280</ele>
        <time>2026-08-11T15:47:06.328Z</time>
      </trkpt>
      <trkpt lat="45.826508" lon="14.249102">
        <ele>458.160145</ele>
        <time>2026-08-11T15:47:12.771Z</time>
      </trkpt>
      <trkpt lat="45.826330" lon="14.248794">
        <ele>458.369005</ele>
        <time>2026-08-11T15:47:17.876Z</time>
      </trkpt>
      <trkpt lat="45.825876" lon="14.247750">
        <ele>460.279803</ele>
        <time>2026-08-11T15:47:41.532Z</time>
      </trkpt>
      <trkpt lat="45.825826" lon="14.247507">
        <ele>461.133592</ele>
        <time>2026-08-11T15:47:47.546Z</time>
      </trkpt>
      <trkpt lat="45.825826" lon="14.247158">
        <ele>462.309619</ele>
        <time>2026-08-11T15:47:56.054Z</time>
      </trkpt>
      <trkpt lat="45.825874" lon="14.246785">
        <ele>463.587771</ele>
        <time>2026-08-11T15:48:05.558Z</time>
      </trkpt>
      <trkpt lat="45.825901" lon="14.246529">
        <ele>464.460239</ele>
        <time>2026-08-11T15:48:12.280Z</time>
      </trkpt>
      <trkpt lat="45.825889" lon="14.246290">
        <ele>465.267685</ele>
        <time>2026-08-11T15:48:18.621Z</time>
      </trkpt>
      <trkpt lat="45.825855" lon="14.246205">
        <ele>465.597944</ele>
        <time>2026-08-11T15:48:21.237Z</time>
      </trkpt>
      <trkpt lat="45.825812" lon="14.246096">
        <ele>466.020016</ele>
        <time>2026-08-11T15:48:24.722Z</time>
      </trkpt>
      <trkpt lat="45.825685" lon="14.245990">
        <ele>466.730467</ele>
        <time>2026-08-11T15:48:30.582Z</time>
      </trkpt>
      <trkpt lat="45.825195" lon="14.245760">
        <ele>469.009894</ele>
        <time>2026-08-11T15:48:50.134Z</time>
      </trkpt>
      <trkpt lat="45.825154" lon="14.245714">
        <ele>469.230790</ele>
        <time>2026-08-11T15:48:51.801Z</time>
      </trkpt>
      <trkpt lat="45.824943" lon="14.245439">
        <ele>470.440605</ele>
        <time>2026-08-11T15:48:59.703Z</time>
      </trkpt>
      <trkpt lat="45.824813" lon="14.245358">
        <ele>471.042152</ele>
        <time>2026-08-11T15:49:03.431Z</time>
      </trkpt>
      <trkpt lat="45.824254" lon="14.245511">
        <ele>473.457572</ele>
        <time>2026-08-11T15:49:19.970Z</time>
      </trkpt>
      <trkpt lat="45.824146" lon="14.245525">
        <ele>473.917839</ele>
        <time>2026-08-11T15:49:23.150Z</time>
      </trkpt>
      <trkpt lat="45.824029" lon="14.245512">
        <ele>474.415927</ele>
        <time>2026-08-11T15:49:26.633Z</time>
      </trkpt>
      <trkpt lat="45.823858" lon="14.245442">
        <ele>475.180949</ele>
        <time>2026-08-11T15:49:32.257Z</time>
      </trkpt>
      <trkpt lat="45.823570" lon="14.245291">
        <ele>476.705386</ele>
        <time>2026-08-11T15:49:42.771Z</time>
      </trkpt>
      <trkpt lat="45.823396" lon="14.245199">
        <ele>477.627320</ele>
        <time>2026-08-11T15:49:49.197Z</time>
      </trkpt>
      <trkpt lat="45.822974" lon="14.244985">
        <ele>479.852543</ele>
        <time>2026-08-11T15:50:05.043Z</time>
      </trkpt>
      <trkpt lat="45.822975" lon="14.244448">
        <ele>481.713084</ele>
        <time>2026-08-11T15:50:20.957Z</time>
      </trkpt>
      <trkpt lat="45.822972" lon="14.244155">
        <ele>482.728346</ele>
        <time>2026-08-11T15:50:29.295Z</time>
      </trkpt>
      <trkpt lat="45.822972" lon="14.244128">
        <ele>482.821892</ele>
        <time>2026-08-11T15:50:30.047Z</time>
      </trkpt>
      <trkpt lat="45.822990" lon="14.243732">
        <ele>484.197386</ele>
        <time>2026-08-11T15:50:41.400Z</time>
      </trkpt>
      <trkpt lat="45.822997" lon="14.243697">
        <ele>484.324041</ele>
        <time>2026-08-11T15:50:42.417Z</time>
      </trkpt>
      <trkpt lat="45.823079" lon="14.243297">
        <ele>485.774305</ele>
        <time>2026-08-11T15:50:54.279Z</time>
      </trkpt>
      <trkpt lat="45.823112" lon="14.243152">
        <ele>486.304870</ele>
        <time>2026-08-11T15:50:58.528Z</time>
      </trkpt>
      <trkpt lat="45.823178" lon="14.242900">
        <ele>487.241255</ele>
        <time>2026-08-11T15:51:05.519Z</time>
      </trkpt>
      <trkpt lat="45.823265" lon="14.242756">
        <ele>487.904154</ele>
        <time>2026-08-11T15:51:10.397Z</time>
      </trkpt>
      <trkpt lat="45.823385" lon="14.242586">
        <ele>488.745808</ele>
        <time>2026-08-11T15:51:16.868Z</time>
      </trkpt>
      <trkpt lat="45.823438" lon="14.242526">
        <ele>489.082755</ele>
        <time>2026-08-11T15:51:19.557Z</time>
      </trkpt>
      <trkpt lat="45.823623" lon="14.242340">
        <ele>490.210223</ele>
        <time>2026-08-11T15:51:28.238Z</time>
      </trkpt>
      <trkpt lat="45.823649" lon="14.242284">
        <ele>490.444276</ele>
        <time>2026-08-11T15:51:30.114Z</time>
      </trkpt>
      <trkpt lat="45.823672" lon="14.242243">
        <ele>490.627349</ele>
        <time>2026-08-11T15:51:31.605Z</time>
      </trkpt>
      <trkpt lat="45.823735" lon="14.242129">
        <ele>491.133418</ele>
        <time>2026-08-11T15:51:35.586Z</time>
      </trkpt>
      <trkpt lat="45.823863" lon="14.241795">
        <ele>492.459233</ele>
        <time>2026-08-11T15:51:46.570Z</time>
      </trkpt>
      <trkpt lat="45.823930" lon="14.241549">
        <ele>493.407481</ele>
        <time>2026-08-11T15:51:54.567Z</time>
      </trkpt>
      <trkpt lat="45.823958" lon="14.241441">
        <ele>493.842414</ele>
        <time>2026-08-11T15:51:58.166Z</time>
      </trkpt>
      <trkpt lat="45.823987" lon="14.240951">
        <ele>495.698532</ele>
        <time>2026-08-11T15:52:13.061Z</time>
      </trkpt>
      <trkpt lat="45.823995" lon="14.240657">
        <ele>496.809053</ele>
        <time>2026-08-11T15:52:21.978Z</time>
      </trkpt>
      <trkpt lat="45.824000" lon="14.240599">
        <ele>497.029637</ele>
        <time>2026-08-11T15:52:23.776Z</time>
      </trkpt>
      <trkpt lat="45.824034" lon="14.240404">
        <ele>497.788335</ele>
        <time>2026-08-11T15:52:29.754Z</time>
      </trkpt>
      <trkpt lat="45.824138" lon="14.240087">
        <ele>499.110785</ele>
        <time>2026-08-11T15:52:40.058Z</time>
      </trkpt>
      <trkpt lat="45.824180" lon="14.239972">
        <ele>499.600839</ele>
        <time>2026-08-11T15:52:43.859Z</time>
      </trkpt>
      <trkpt lat="45.824400" lon="14.239406">
        <ele>502.046989</ele>
        <time>2026-08-11T15:53:02.374Z</time>
      </trkpt>
      <trkpt lat="45.824768" lon="14.238910">
        <ele>504.454946</ele>
        <time>2026-08-11T15:53:22.745Z</time>
      </trkpt>
      <trkpt lat="45.824915" lon="14.238603">
        <ele>505.632329</ele>
        <time>2026-08-11T15:53:32.908Z</time>
      </trkpt>
      <trkpt lat="45.825193" lon="14.237942">
        <ele>508.072677</ele>
        <time>2026-08-11T15:53:53.389Z</time>
      </trkpt>
      <trkpt lat="45.825324" lon="14.237557">
        <ele>509.426917</ele>
        <time>2026-08-11T15:54:04.566Z</time>
      </trkpt>
      <trkpt lat="45.825406" lon="14.237223">
        <ele>510.546236</ele>
        <time>2026-08-11T15:54:13.716Z</time>
      </trkpt>
      <trkpt lat="45.825547" lon="14.236758">
        <ele>512.054927</ele>
        <time>2026-08-11T15:54:26.648Z</time>
      </trkpt>
      <trkpt lat="45.825912" lon="14.236009">
        <ele>514.720415</ele>
        <time>2026-08-11T15:54:49.597Z</time>
      </trkpt>
      <trkpt lat="45.825627" lon="14.234066">
        <ele>521.273647</ele>
        <time>2026-08-11T15:55:33.819Z</time>
      </trkpt>
      <trkpt lat="45.825659" lon="14.233099">
        <ele>525.145866</ele>
        <time>2026-08-11T15:55:58.246Z</time>
      </trkpt>
      <trkpt lat="45.825649" lon="14.232720">
        <ele>526.662896</ele>
        <time>2026-08-11T15:56:08.850Z</time>
      </trkpt>
      <trkpt lat="45.825556" lon="14.232424">
        <ele>527.961633</ele>
        <time>2026-08-11T15:56:18.388Z</time>
      </trkpt>
      <trkpt lat="45.824710" lon="14.230183">
        <ele>541.476979</ele>
        <time>2026-08-11T15:57:43.828Z</time>
      </trkpt>
      <trkpt lat="45.824499" lon="14.229563">
        <ele>544.431624</ele>
        <time>2026-08-11T15:58:03.662Z</time>
      </trkpt>
      <trkpt lat="45.824459" lon="14.229303">
        <ele>545.413078</ele>
        <time>2026-08-11T15:58:10.783Z</time>
      </trkpt>
      <trkpt lat="45.824470" lon="14.228821">
        <ele>547.190713</ele>
        <time>2026-08-11T15:58:22.846Z</time>
      </trkpt>
      <trkpt lat="45.824484" lon="14.228434">
        <ele>548.619140</ele>
        <time>2026-08-11T15:58:31.923Z</time>
      </trkpt>
      <trkpt lat="45.824502" lon="14.227646">
        <ele>551.525317</ele>
        <time>2026-08-11T15:58:48.827Z</time>
      </trkpt>
      <trkpt lat="45.824518" lon="14.227357">
        <ele>552.593696</ele>
        <time>2026-08-11T15:58:55.030Z</time>
      </trkpt>
      <trkpt lat="45.824451" lon="14.226127">
        <ele>557.137790</ele>
        <time>2026-08-11T15:59:25.499Z</time>
      </trkpt>
      <trkpt lat="45.824476" lon="14.225023">
        <ele>561.206135</ele>
        <time>2026-08-11T15:59:54.153Z</time>
      </trkpt>
      <trkpt lat="45.824462" lon="14.224809">
        <ele>562.040113</ele>
        <time>2026-08-11T15:59:59.922Z</time>
      </trkpt>
      <trkpt lat="45.824385" lon="14.224387">
        <ele>563.965861</ele>
        <time>2026-08-11T16:00:11.881Z</time>
      </trkpt>
      <trkpt lat="45.824293" lon="14.224051">
        <ele>565.559548</ele>
        <time>2026-08-11T16:00:21.902Z</time>
      </trkpt>
      <trkpt lat="45.823953" lon="14.222992">
        <ele>570.706903</ele>
        <time>2026-08-11T16:00:54.379Z</time>
      </trkpt>
      <trkpt lat="45.823914" lon="14.222798">
        <ele>571.598260</ele>
        <time>2026-08-11T16:01:00.132Z</time>
      </trkpt>
      <trkpt lat="45.823900" lon="14.222577">
        <ele>572.577910</ele>
        <time>2026-08-11T16:01:06.566Z</time>
      </trkpt>
      <trkpt lat="45.823929" lon="14.222293">
        <ele>573.967225</ele>
        <time>2026-08-11T16:01:15.090Z</time>
      </trkpt>
      <trkpt lat="45.824247" lon="14.221287">
        <ele>579.738399</ele>
        <time>2026-08-11T16:01:48.816Z</time>
      </trkpt>
      <trkpt lat="45.824275" lon="14.221078">
        <ele>580.850288</ele>
        <time>2026-08-11T16:01:55.357Z</time>
      </trkpt>
      <trkpt lat="45.824265" lon="14.220792">
        <ele>582.346339</ele>
        <time>2026-08-11T16:02:04.230Z</time>
      </trkpt>
      <trkpt lat="45.824183" lon="14.220089">
        <ele>586.070171</ele>
        <time>2026-08-11T16:02:26.686Z</time>
      </trkpt>
      <trkpt lat="45.824230" lon="14.219885">
        <ele>587.460620</ele>
        <time>2026-08-11T16:02:33.740Z</time>
      </trkpt>
      <trkpt lat="45.824349" lon="14.219767">
        <ele>589.094036</ele>
        <time>2026-08-11T16:02:40.850Z</time>
      </trkpt>
      <trkpt lat="45.824449" lon="14.219727">
        <ele>590.266329</ele>
        <time>2026-08-11T16:02:46.240Z</time>
      </trkpt>
      <trkpt lat="45.824838" lon="14.219847">
        <ele>594.759440</ele>
        <time>2026-08-11T16:03:08.163Z</time>
      </trkpt>
      <trkpt lat="45.824998" lon="14.219839">
        <ele>596.567327</ele>
        <time>2026-08-11T16:03:17.653Z</time>
      </trkpt>
      <trkpt lat="45.825088" lon="14.219790">
        <ele>597.654334</ele>
        <time>2026-08-11T16:03:23.667Z</time>
      </trkpt>
      <trkpt lat="45.825114" lon="14.219698">
        <ele>598.435566</ele>
        <time>2026-08-11T16:03:28.094Z</time>
      </trkpt>
      <trkpt lat="45.825139" lon="14.219542">
        <ele>599.695196</ele>
        <time>2026-08-11T16:03:35.549Z</time>
      </trkpt>
      <trkpt lat="45.825129" lon="14.219370">
        <ele>601.053392</ele>
        <time>2026-08-11T16:03:43.655Z</time>
      </trkpt>
      <trkpt lat="45.824969" lon="14.218388">
        <ele>609.126296</ele>
        <time>2026-08-11T16:04:32.763Z</time>
      </trkpt>
      <trkpt lat="45.824942" lon="14.217984">
        <ele>612.537155</ele>
        <time>2026-08-11T16:04:52.800Z</time>
      </trkpt>
      <trkpt lat="45.824989" lon="14.217590">
        <ele>615.896559</ele>
        <time>2026-08-11T16:05:12.006Z</time>
      </trkpt>
      <trkpt lat="45.825127" lon="14.216978">
        <ele>621.302465</ele>
        <time>2026-08-11T16:05:40.635Z</time>
      </trkpt>
      <trkpt lat="45.825396" lon="14.216020">
        <ele>629.717370</ele>
        <time>2026-08-11T16:06:21.200Z</time>
      </trkpt>
      <trkpt lat="45.825453" lon="14.215605">
        <ele>632.555706</ele>
        <time>2026-08-11T16:06:37.296Z</time>
      </trkpt>
      <trkpt lat="45.825443" lon="14.215375">
        <ele>634.102067</ele>
        <time>2026-08-11T16:06:46.138Z</time>
      </trkpt>
      <trkpt lat="45.825466" lon="14.215151">
        <ele>635.621394</ele>
        <time>2026-08-11T16:06:54.751Z</time>
      </trkpt>
      <trkpt lat="45.825527" lon="14.214873">
        <ele>637.577140</ele>
        <time>2026-08-11T16:07:05.795Z</time>
      </trkpt>
      <trkpt lat="45.825635" lon="14.214595">
        <ele>639.712897</ele>
        <time>2026-08-11T16:07:17.644Z</time>
      </trkpt>
      <trkpt lat="45.825735" lon="14.214216">
        <ele>642.432276</ele>
        <time>2026-08-11T16:07:32.651Z</time>
      </trkpt>
      <trkpt lat="45.825779" lon="14.213857">
        <ele>644.878222</ele>
        <time>2026-08-11T16:07:45.976Z</time>
      </trkpt>
      <trkpt lat="45.825808" lon="14.212727">
        <ele>650.748880</ele>
        <time>2026-08-11T16:08:24.729Z</time>
      </trkpt>
      <trkpt lat="45.825906" lon="14.211357">
        <ele>657.541287</ele>
        <time>2026-08-11T16:09:05.450Z</time>
      </trkpt>
      <trkpt lat="45.826043" lon="14.211180">
        <ele>658.715839</ele>
        <time>2026-08-11T16:09:12.160Z</time>
      </trkpt>
      <trkpt lat="45.826208" lon="14.210835">
        <ele>658.702272</ele>
        <time>2026-08-11T16:09:21.331Z</time>
      </trkpt>
      <trkpt lat="45.826305" lon="14.210509">
        <ele>658.690779</ele>
        <time>2026-08-11T16:09:27.542Z</time>
      </trkpt>
      <trkpt lat="45.826321" lon="14.210082">
        <ele>658.676915</ele>
        <time>2026-08-11T16:09:33.143Z</time>
      </trkpt>
      <trkpt lat="45.826389" lon="14.209612">
        <ele>658.661352</ele>
        <time>2026-08-11T16:09:37.194Z</time>
      </trkpt>
      <trkpt lat="45.826427" lon="14.209298">
        <ele>658.651019</ele>
        <time>2026-08-11T16:09:39.509Z</time>
      </trkpt>
      <trkpt lat="45.826640" lon="14.208588">
        <ele>657.750556</ele>
        <time>2026-08-11T16:09:44.688Z</time>
      </trkpt>
      <trkpt lat="45.826720" lon="14.208316">
        <ele>656.551722</ele>
        <time>2026-08-11T16:09:46.596Z</time>
      </trkpt>
      <trkpt lat="45.826754" lon="14.208201">
        <ele>656.044462</ele>
        <time>2026-08-11T16:09:47.399Z</time>
      </trkpt>
      <trkpt lat="45.826773" lon="14.208134">
        <ele>655.750736</ele>
        <time>2026-08-11T16:09:47.860Z</time>
      </trkpt>
      <trkpt lat="45.826896" lon="14.207702">
        <ele>653.855783</ele>
        <time>2026-08-11T16:09:50.849Z</time>
      </trkpt>
      <trkpt lat="45.826937" lon="14.207576">
        <ele>653.291115</ele>
        <time>2026-08-11T16:09:51.740Z</time>
      </trkpt>
      <trkpt lat="45.827037" lon="14.207316">
        <ele>652.085225</ele>
        <time>2026-08-11T16:09:53.644Z</time>
      </trkpt>
      <trkpt lat="45.827096" lon="14.207242">
        <ele>651.628615</ele>
        <time>2026-08-11T16:09:54.356Z</time>
      </trkpt>
      <trkpt lat="45.827187" lon="14.207137">
        <ele>650.948192</ele>
        <time>2026-08-11T16:09:55.403Z</time>
      </trkpt>
      <trkpt lat="45.827292" lon="14.207066">
        <ele>650.271813</ele>
        <time>2026-08-11T16:09:56.444Z</time>
      </trkpt>
      <trkpt lat="45.827983" lon="14.206741">
        <ele>645.938433</ele>
        <time>2026-08-11T16:10:03.039Z</time>
      </trkpt>
      <trkpt lat="45.828086" lon="14.206605">
        <ele>645.085847</ele>
        <time>2026-08-11T16:10:04.308Z</time>
      </trkpt>
      <trkpt lat="45.828114" lon="14.206456">
        <ele>644.430801</ele>
        <time>2026-08-11T16:10:05.274Z</time>
      </trkpt>
      <trkpt lat="45.828109" lon="14.206317">
        <ele>643.840011</ele>
        <time>2026-08-11T16:10:06.156Z</time>
      </trkpt>
      <trkpt lat="45.828043" lon="14.206142">
        <ele>642.995378</ele>
        <time>2026-08-11T16:10:07.410Z</time>
      </trkpt>
      <trkpt lat="45.827852" lon="14.205831">
        <ele>641.235746</ele>
        <time>2026-08-11T16:10:10.031Z</time>
      </trkpt>
      <trkpt lat="45.827781" lon="14.205604">
        <ele>640.179594</ele>
        <time>2026-08-11T16:10:11.610Z</time>
      </trkpt>
      <trkpt lat="45.827786" lon="14.205077">
        <ele>637.942451</ele>
        <time>2026-08-11T16:10:14.979Z</time>
      </trkpt>
      <trkpt lat="45.827836" lon="14.204727">
        <ele>636.744170</ele>
        <time>2026-08-11T16:10:17.328Z</time>
      </trkpt>
      <trkpt lat="45.827982" lon="14.202734">
        <ele>631.755745</ele>
        <time>2026-08-11T16:10:31.104Z</time>
      </trkpt>
      <trkpt lat="45.828031" lon="14.201515">
        <ele>630.453224</ele>
        <time>2026-08-11T16:10:40.830Z</time>
      </trkpt>
      <trkpt lat="45.828038" lon="14.199432">
        <ele>629.993755</ele>
        <time>2026-08-11T16:11:02.934Z</time>
      </trkpt>
      <trkpt lat="45.828071" lon="14.199188">
        <ele>630.157280</ele>
        <time>2026-08-11T16:11:05.981Z</time>
      </trkpt>
      <trkpt lat="45.828251" lon="14.198697">
        <ele>630.522289</ele>
        <time>2026-08-11T16:11:13.012Z</time>
      </trkpt>
      <trkpt lat="45.828333" lon="14.198345">
        <ele>630.766470</ele>
        <time>2026-08-11T16:11:17.902Z</time>
      </trkpt>
      <trkpt lat="45.828357" lon="14.198085">
        <ele>630.939019</ele>
        <time>2026-08-11T16:11:21.466Z</time>
      </trkpt>
      <trkpt lat="45.828291" lon="14.196717">
        <ele>632.164286</ele>
        <time>2026-08-11T16:11:41.123Z</time>
      </trkpt>
      <trkpt lat="45.828157" lon="14.194258">
        <ele>634.976104</ele>
        <time>2026-08-11T16:12:19.513Z</time>
      </trkpt>
      <trkpt lat="45.828090" lon="14.193485">
        <ele>635.499007</ele>
        <time>2026-08-11T16:12:32.803Z</time>
      </trkpt>
      <trkpt lat="45.828071" lon="14.191853">
        <ele>635.342818</ele>
        <time>2026-08-11T16:12:52.398Z</time>
      </trkpt>
      <trkpt lat="45.828069" lon="14.191346">
        <ele>633.322543</ele>
        <time>2026-08-11T16:12:56.013Z</time>
      </trkpt>
      <trkpt lat="45.828020" lon="14.188441">
        <ele>619.357177</ele>
        <time>2026-08-11T16:13:13.896Z</time>
      </trkpt>
      <trkpt lat="45.828015" lon="14.186979">
        <ele>610.361089</ele>
        <time>2026-08-11T16:13:22.724Z</time>
      </trkpt>
      <trkpt lat="45.827969" lon="14.186153">
        <ele>605.952281</ele>
        <time>2026-08-11T16:13:27.698Z</time>
      </trkpt>
      <trkpt lat="45.827879" lon="14.185574">
        <ele>602.807366</ele>
        <time>2026-08-11T16:13:31.298Z</time>
      </trkpt>
      <trkpt lat="45.827698" lon="14.185051">
        <ele>599.711634</ele>
        <time>2026-08-11T16:13:34.946Z</time>
      </trkpt>
      <trkpt lat="45.827594" lon="14.184629">
        <ele>597.338664</ele>
        <time>2026-08-11T16:13:37.851Z</time>
      </trkpt>
      <trkpt lat="45.827580" lon="14.184126">
        <ele>596.143922</ele>
        <time>2026-08-11T16:13:41.262Z</time>
      </trkpt>
      <trkpt lat="45.827606" lon="14.183833">
        <ele>595.797984</ele>
        <time>2026-08-11T16:13:43.369Z</time>
      </trkpt>
      <trkpt lat="45.827715" lon="14.183331">
        <ele>595.182152</ele>
        <time>2026-08-11T16:13:47.566Z</time>
      </trkpt>
      <trkpt lat="45.827727" lon="14.183084">
        <ele>594.892160</ele>
        <time>2026-08-11T16:13:49.866Z</time>
      </trkpt>
      <trkpt lat="45.827641" lon="14.182568">
        <ele>594.270767</ele>
        <time>2026-08-11T16:13:55.559Z</time>
      </trkpt>
      <trkpt lat="45.827532" lon="14.182141">
        <ele>593.738156</ele>
        <time>2026-08-11T16:14:00.686Z</time>
      </trkpt>
      <trkpt lat="45.827479" lon="14.181930">
        <ele>593.473690</ele>
        <time>2026-08-11T16:14:02.882Z</time>
      </trkpt>
      <trkpt lat="45.827158" lon="14.181220">
        <ele>592.454646</ele>
        <time>2026-08-11T16:14:09.853Z</time>
      </trkpt>
      <trkpt lat="45.827008" lon="14.180830">
        <ele>591.918286</ele>
        <time>2026-08-11T16:14:13.270Z</time>
      </trkpt>
      <trkpt lat="45.826926" lon="14.180502">
        <ele>591.498710</ele>
        <time>2026-08-11T16:14:15.913Z</time>
      </trkpt>
      <trkpt lat="45.826890" lon="14.180339">
        <ele>591.292827</ele>
        <time>2026-08-11T16:14:17.213Z</time>
      </trkpt>
      <trkpt lat="45.826828" lon="14.179973">
        <ele>590.839308</ele>
        <time>2026-08-11T16:14:20.053Z</time>
      </trkpt>
      <trkpt lat="45.826818" lon="14.179915">
        <ele>590.767367</ele>
        <time>2026-08-11T16:14:20.496Z</time>
      </trkpt>
      <trkpt lat="45.826786" lon="14.179728">
        <ele>590.535519</ele>
        <time>2026-08-11T16:14:21.925Z</time>
      </trkpt>
      <trkpt lat="45.826716" lon="14.179412">
        <ele>589.989028</ele>
        <time>2026-08-11T16:14:24.325Z</time>
      </trkpt>
      <trkpt lat="45.826494" lon="14.178972">
        <ele>589.008013</ele>
        <time>2026-08-11T16:14:28.167Z</time>
      </trkpt>
      <trkpt lat="45.826321" lon="14.178599">
        <ele>588.198844</ele>
        <time>2026-08-11T16:14:31.482Z</time>
      </trkpt>
      <trkpt lat="45.826218" lon="14.178377">
        <ele>587.717197</ele>
        <time>2026-08-11T16:14:33.606Z</time>
      </trkpt>
      <trkpt lat="45.826192" lon="14.178320">
        <ele>587.594167</ele>
        <time>2026-08-11T16:14:34.151Z</time>
      </trkpt>
      <trkpt lat="45.826153" lon="14.178235">
        <ele>587.410378</ele>
        <time>2026-08-11T16:14:35.006Z</time>
      </trkpt>
      <trkpt lat="45.826094" lon="14.178125">
        <ele>587.159695</ele>
        <time>2026-08-11T16:14:36.092Z</time>
      </trkpt>
      <trkpt lat="45.825996" lon="14.177943">
        <ele>586.744325</ele>
        <time>2026-08-11T16:14:37.877Z</time>
      </trkpt>
      <trkpt lat="45.825812" lon="14.177599">
        <ele>585.961175</ele>
        <time>2026-08-11T16:14:41.064Z</time>
      </trkpt>
      <trkpt lat="45.825803" lon="14.177583">
        <ele>585.924041</ele>
        <time>2026-08-11T16:14:41.209Z</time>
      </trkpt>
      <trkpt lat="45.825633" lon="14.177290">
        <ele>584.803327</ele>
        <time>2026-08-11T16:14:43.833Z</time>
      </trkpt>
      <trkpt lat="45.825449" lon="14.177104">
        <ele>583.748000</ele>
        <time>2026-08-11T16:14:45.984Z</time>
      </trkpt>
      <trkpt lat="45.825187" lon="14.176986">
        <ele>582.460418</ele>
        <time>2026-08-11T16:14:48.591Z</time>
      </trkpt>
      <trkpt lat="45.825070" lon="14.176918">
        <ele>581.868527</ele>
        <time>2026-08-11T16:14:49.806Z</time>
      </trkpt>
      <trkpt lat="45.824774" lon="14.176603">
        <ele>580.140608</ele>
        <time>2026-08-11T16:14:53.311Z</time>
      </trkpt>
      <trkpt lat="45.824452" lon="14.176314">
        <ele>578.359788</ele>
        <time>2026-08-11T16:14:56.807Z</time>
      </trkpt>
      <trkpt lat="45.824241" lon="14.176134">
        <ele>577.219911</ele>
        <time>2026-08-11T16:14:59.057Z</time>
      </trkpt>
      <trkpt lat="45.824028" lon="14.176022">
        <ele>576.249258</ele>
        <time>2026-08-11T16:15:01.146Z</time>
      </trkpt>
      <trkpt lat="45.823768" lon="14.176005">
        <ele>575.135603</ele>
        <time>2026-08-11T16:15:03.587Z</time>
      </trkpt>
      <trkpt lat="45.823580" lon="14.175965">
        <ele>574.322386</ele>
        <time>2026-08-11T16:15:05.391Z</time>
      </trkpt>
      <trkpt lat="45.823398" lon="14.175860">
        <ele>573.483054</ele>
        <time>2026-08-11T16:15:07.309Z</time>
      </trkpt>
      <trkpt lat="45.823087" lon="14.175652">
        <ele>572.014896</ele>
        <time>2026-08-11T16:15:10.713Z</time>
      </trkpt>
      <trkpt lat="45.822943" lon="14.175473">
        <ele>571.199707</ele>
        <time>2026-08-11T16:15:12.614Z</time>
      </trkpt>
      <trkpt lat="45.822673" lon="14.175029">
        <ele>569.594168</ele>
        <time>2026-08-11T16:15:16.712Z</time>
      </trkpt>
      <trkpt lat="45.822472" lon="14.174767">
        <ele>569.325810</ele>
        <time>2026-08-11T16:15:19.452Z</time>
      </trkpt>
      <trkpt lat="45.822262" lon="14.174613">
        <ele>569.092746</ele>
        <time>2026-08-11T16:15:21.909Z</time>
      </trkpt>
      <trkpt lat="45.822023" lon="14.174530">
        <ele>568.849734</ele>
        <time>2026-08-11T16:15:24.620Z</time>
      </trkpt>
      <trkpt lat="45.821766" lon="14.174454">
        <ele>568.590416</ele>
        <time>2026-08-11T16:15:27.883Z</time>
      </trkpt>
      <trkpt lat="45.821651" lon="14.174407">
        <ele>568.472247</ele>
        <time>2026-08-11T16:15:29.642Z</time>
      </trkpt>
      <trkpt lat="45.821337" lon="14.174328">
        <ele>568.157201</ele>
        <time>2026-08-11T16:15:34.915Z</time>
      </trkpt>
      <trkpt lat="45.821187" lon="14.174311">
        <ele>568.008501</ele>
        <time>2026-08-11T16:15:37.643Z</time>
      </trkpt>
      <trkpt lat="45.820149" lon="14.174188">
        <ele>568.546455</ele>
        <time>2026-08-11T16:16:00.952Z</time>
      </trkpt>
      <trkpt lat="45.819888" lon="14.174168">
        <ele>568.746631</ele>
        <time>2026-08-11T16:16:06.521Z</time>
      </trkpt>
      <trkpt lat="45.819568" lon="14.174147">
        <ele>568.991964</ele>
        <time>2026-08-11T16:16:12.252Z</time>
      </trkpt>
      <trkpt lat="45.819198" lon="14.174122">
        <ele>569.073520</ele>
        <time>2026-08-11T16:16:17.044Z</time>
      </trkpt>
      <trkpt lat="45.818911" lon="14.174055">
        <ele>568.044185</ele>
        <time>2026-08-11T16:16:20.220Z</time>
      </trkpt>
      <trkpt lat="45.818707" lon="14.173961">
        <ele>567.285704</ele>
        <time>2026-08-11T16:16:22.408Z</time>
      </trkpt>
      <trkpt lat="45.818600" lon="14.173854">
        <ele>566.824011</ele>
        <time>2026-08-11T16:16:23.693Z</time>
      </trkpt>
      <trkpt lat="45.818477" lon="14.173656">
        <ele>566.169630</ele>
        <time>2026-08-11T16:16:25.488Z</time>
      </trkpt>
      <trkpt lat="45.818381" lon="14.173405">
        <ele>565.463257</ele>
        <time>2026-08-11T16:16:27.393Z</time>
      </trkpt>
      <trkpt lat="45.818181" lon="14.172855">
        <ele>563.932727</ele>
        <time>2026-08-11T16:16:31.512Z</time>
      </trkpt>
      <trkpt lat="45.817990" lon="14.172256">
        <ele>562.308822</ele>
        <time>2026-08-11T16:16:35.871Z</time>
      </trkpt>
      <trkpt lat="45.817887" lon="14.172035">
        <ele>561.654350</ele>
        <time>2026-08-11T16:16:37.622Z</time>
      </trkpt>
      <trkpt lat="45.817683" lon="14.171778">
        <ele>560.695464</ele>
        <time>2026-08-11T16:16:40.226Z</time>
      </trkpt>
      <trkpt lat="45.817439" lon="14.171628">
        <ele>559.757845</ele>
        <time>2026-08-11T16:16:42.792Z</time>
      </trkpt>
      <trkpt lat="45.817148" lon="14.171377">
        <ele>558.558561</ele>
        <time>2026-08-11T16:16:46.157Z</time>
      </trkpt>
      <trkpt lat="45.816805" lon="14.170887">
        <ele>556.848927</ele>
        <time>2026-08-11T16:16:51.275Z</time>
      </trkpt>
      <trkpt lat="45.816635" lon="14.170536">
        <ele>556.222448</ele>
        <time>2026-08-11T16:16:54.613Z</time>
      </trkpt>
      <trkpt lat="45.816485" lon="14.170058">
        <ele>555.692153</ele>
        <time>2026-08-11T16:16:59.115Z</time>
      </trkpt>
      <trkpt lat="45.816328" lon="14.169696">
        <ele>555.260842</ele>
        <time>2026-08-11T16:17:02.989Z</time>
      </trkpt>
      <trkpt lat="45.816077" lon="14.169245">
        <ele>554.677001</ele>
        <time>2026-08-11T16:17:08.076Z</time>
      </trkpt>
      <trkpt lat="45.815961" lon="14.169123">
        <ele>554.468245</ele>
        <time>2026-08-11T16:17:09.804Z</time>
      </trkpt>
      <trkpt lat="45.815832" lon="14.169069">
        <ele>554.273203</ele>
        <time>2026-08-11T16:17:11.347Z</time>
      </trkpt>
      <trkpt lat="45.815693" lon="14.169057">
        <ele>554.071088</ele>
        <time>2026-08-11T16:17:12.888Z</time>
      </trkpt>
      <trkpt lat="45.815455" lon="14.169205">
        <ele>553.512505</ele>
        <time>2026-08-11T16:17:15.662Z</time>
      </trkpt>
      <trkpt lat="45.815058" lon="14.169566">
        <ele>552.250418</ele>
        <time>2026-08-11T16:17:20.531Z</time>
      </trkpt>
      <trkpt lat="45.814908" lon="14.169604">
        <ele>551.841407</ele>
        <time>2026-08-11T16:17:22.101Z</time>
      </trkpt>
      <trkpt lat="45.814735" lon="14.169568">
        <ele>551.372007</ele>
        <time>2026-08-11T16:17:23.880Z</time>
      </trkpt>
      <trkpt lat="45.814274" lon="14.169342">
        <ele>550.063863</ele>
        <time>2026-08-11T16:17:28.907Z</time>
      </trkpt>
      <trkpt lat="45.813954" lon="14.169112">
        <ele>549.102808</ele>
        <time>2026-08-11T16:17:32.668Z</time>
      </trkpt>
      <trkpt lat="45.813845" lon="14.169004">
        <ele>548.512941</ele>
        <time>2026-08-11T16:17:34.043Z</time>
      </trkpt>
      <trkpt lat="45.813744" lon="14.168853">
        <ele>547.844979</ele>
        <time>2026-08-11T16:17:35.562Z</time>
      </trkpt>
      <trkpt lat="45.813503" lon="14.168427">
        <ele>546.093815</ele>
        <time>2026-08-11T16:17:39.442Z</time>
      </trkpt>
      <trkpt lat="45.813333" lon="14.168024">
        <ele>544.590335</ele>
        <time>2026-08-11T16:17:42.658Z</time>
      </trkpt>
      <trkpt lat="45.813016" lon="14.167098">
        <ele>541.297575</ele>
        <time>2026-08-11T16:17:49.304Z</time>
      </trkpt>
      <trkpt lat="45.812922" lon="14.166729">
        <ele>539.973070</ele>
        <time>2026-08-11T16:17:51.764Z</time>
      </trkpt>
      <trkpt lat="45.812819" lon="14.166224">
        <ele>538.145355</ele>
        <time>2026-08-11T16:17:55.049Z</time>
      </trkpt>
      <trkpt lat="45.812727" lon="14.165528">
        <ele>535.684654</ele>
        <time>2026-08-11T16:17:59.477Z</time>
      </trkpt>
      <trkpt lat="45.812635" lon="14.164652">
        <ele>532.607447</ele>
        <time>2026-08-11T16:18:05.450Z</time>
      </trkpt>
      <trkpt lat="45.812670" lon="14.163981">
        <ele>532.755919</ele>
        <time>2026-08-11T16:18:11.728Z</time>
      </trkpt>
      <trkpt lat="45.812659" lon="14.163494">
        <ele>533.678336</ele>
        <time>2026-08-11T16:18:18.474Z</time>
      </trkpt>
      <trkpt lat="45.812615" lon="14.163041">
        <ele>534.544192</ele>
        <time>2026-08-11T16:18:27.940Z</time>
      </trkpt>
      <trkpt lat="45.812520" lon="14.162619">
        <ele>535.383711</ele>
        <time>2026-08-11T16:18:39.310Z</time>
      </trkpt>
      <trkpt lat="45.812337" lon="14.162252">
        <ele>536.237960</ele>
        <time>2026-08-11T16:18:51.767Z</time>
      </trkpt>
      <trkpt lat="45.811838" lon="14.161894">
        <ele>537.475652</ele>
        <time>2026-08-11T16:19:10.453Z</time>
      </trkpt>
      <trkpt lat="45.811782" lon="14.161823">
        <ele>537.621655</ele>
        <time>2026-08-11T16:19:12.394Z</time>
      </trkpt>
      <trkpt lat="45.811592" lon="14.161416">
        <ele>538.288704</ele>
        <time>2026-08-11T16:19:21.305Z</time>
      </trkpt>
      <trkpt lat="45.811402" lon="14.161161">
        <ele>538.797001</ele>
        <time>2026-08-11T16:19:28.104Z</time>
      </trkpt>
      <trkpt lat="45.810976" lon="14.160788">
        <ele>539.772015</ele>
        <time>2026-08-11T16:19:36.619Z</time>
      </trkpt>
      <trkpt lat="45.810478" lon="14.160307">
        <ele>540.165341</ele>
        <time>2026-08-11T16:19:43.438Z</time>
      </trkpt>
      <trkpt lat="45.810353" lon="14.160010">
        <ele>540.085387</ele>
        <time>2026-08-11T16:19:46.085Z</time>
      </trkpt>
      <trkpt lat="45.810187" lon="14.159613">
        <ele>539.978699</ele>
        <time>2026-08-11T16:19:49.776Z</time>
      </trkpt>
      <trkpt lat="45.810155" lon="14.159364">
        <ele>539.920349</ele>
        <time>2026-08-11T16:19:51.892Z</time>
      </trkpt>
      <trkpt lat="45.810095" lon="14.159228">
        <ele>539.883258</ele>
        <time>2026-08-11T16:19:53.267Z</time>
      </trkpt>
      <trkpt lat="45.810038" lon="14.159137">
        <ele>539.855063</ele>
        <time>2026-08-11T16:19:54.380Z</time>
      </trkpt>
      <trkpt lat="45.809677" lon="14.158811">
        <ele>539.714034</ele>
        <time>2026-08-11T16:20:00.834Z</time>
      </trkpt>
      <trkpt lat="45.809557" lon="14.158577">
        <ele>540.450128</ele>
        <time>2026-08-11T16:20:05.597Z</time>
      </trkpt>
      <trkpt lat="45.809535" lon="14.158431">
        <ele>541.174708</ele>
        <time>2026-08-11T16:20:08.388Z</time>
      </trkpt>
      <trkpt lat="45.809542" lon="14.158280">
        <ele>541.908801</ele>
        <time>2026-08-11T16:20:11.609Z</time>
      </trkpt>
      <trkpt lat="45.809675" lon="14.157856">
        <ele>544.164212</ele>
        <time>2026-08-11T16:20:22.934Z</time>
      </trkpt>
      <trkpt lat="45.809712" lon="14.157610">
        <ele>545.384975</ele>
        <time>2026-08-11T16:20:30.092Z</time>
      </trkpt>
      <trkpt lat="45.809741" lon="14.156868">
        <ele>548.989929</ele>
        <time>2026-08-11T16:20:55.406Z</time>
      </trkpt>
      <trkpt lat="45.809723" lon="14.156663">
        <ele>549.992204</ele>
        <time>2026-08-11T16:21:03.211Z</time>
      </trkpt>
      <trkpt lat="45.809606" lon="14.156147">
        <ele>552.903714</ele>
        <time>2026-08-11T16:21:24.964Z</time>
      </trkpt>
      <trkpt lat="45.809589" lon="14.154962">
        <ele>562.443085</ele>
        <time>2026-08-11T16:22:17.561Z</time>
      </trkpt>
      <trkpt lat="45.809710" lon="14.154313">
        <ele>567.850109</ele>
        <time>2026-08-11T16:22:48.567Z</time>
      </trkpt>
      <trkpt lat="45.809678" lon="14.153686">
        <ele>572.909954</ele>
        <time>2026-08-11T16:23:15.925Z</time>
      </trkpt>
      <trkpt lat="45.809640" lon="14.153515">
        <ele>573.685234</ele>
        <time>2026-08-11T16:23:23.181Z</time>
      </trkpt>
      <trkpt lat="45.809555" lon="14.153350">
        <ele>574.539214</ele>
        <time>2026-08-11T16:23:30.916Z</time>
      </trkpt>
      <trkpt lat="45.809457" lon="14.153224">
        <ele>575.325022</ele>
        <time>2026-08-11T16:23:37.648Z</time>
      </trkpt>
      <trkpt lat="45.809354" lon="14.153137">
        <ele>576.038753</ele>
        <time>2026-08-11T16:23:43.429Z</time>
      </trkpt>
      <trkpt lat="45.808930" lon="14.152913">
        <ele>578.736811</ele>
        <time>2026-08-11T16:24:02.222Z</time>
      </trkpt>
      <trkpt lat="45.808786" lon="14.152757">
        <ele>579.814308</ele>
        <time>2026-08-11T16:24:08.442Z</time>
      </trkpt>
      <trkpt lat="45.808623" lon="14.152498">
        <ele>581.266737</ele>
        <time>2026-08-11T16:24:15.600Z</time>
      </trkpt>
      <trkpt lat="45.808338" lon="14.152152">
        <ele>583.496161</ele>
        <time>2026-08-11T16:24:24.554Z</time>
      </trkpt>
      <trkpt lat="45.808169" lon="14.151760">
        <ele>583.978025</ele>
        <time>2026-08-11T16:24:30.692Z</time>
      </trkpt>
      <trkpt lat="45.808135" lon="14.151551">
        <ele>584.119048</ele>
        <time>2026-08-11T16:24:32.972Z</time>
      </trkpt>
      <trkpt lat="45.808137" lon="14.151313">
        <ele>584.275448</ele>
        <time>2026-08-11T16:24:35.406Z</time>
      </trkpt>
      <trkpt lat="45.808218" lon="14.150932">
        <ele>584.537187</ele>
        <time>2026-08-11T16:24:39.903Z</time>
      </trkpt>
      <trkpt lat="45.808374" lon="14.150409">
        <ele>584.910988</ele>
        <time>2026-08-11T16:24:46.732Z</time>
      </trkpt>
      <trkpt lat="45.808195" lon="14.150122">
        <ele>585.164043</ele>
        <time>2026-08-11T16:24:51.721Z</time>
      </trkpt>
      <trkpt lat="45.808062" lon="14.149778">
        <ele>585.399781</ele>
        <time>2026-08-11T16:24:57.029Z</time>
      </trkpt>
      <trkpt lat="45.807987" lon="14.149360">
        <ele>585.330843</ele>
        <time>2026-08-11T16:25:03.015Z</time>
      </trkpt>
      <trkpt lat="45.807878" lon="14.149073">
        <ele>585.278643</ele>
        <time>2026-08-11T16:25:07.423Z</time>
      </trkpt>
      <trkpt lat="45.807719" lon="14.148768">
        <ele>585.217813</ele>
        <time>2026-08-11T16:25:12.225Z</time>
      </trkpt>
      <trkpt lat="45.807504" lon="14.148446">
        <ele>585.146597</ele>
        <time>2026-08-11T16:25:17.670Z</time>
      </trkpt>
      <trkpt lat="45.807381" lon="14.148238">
        <ele>585.103032</ele>
        <time>2026-08-11T16:25:20.381Z</time>
      </trkpt>
      <trkpt lat="45.807144" lon="14.148032">
        <ele>585.039539</ele>
        <time>2026-08-11T16:25:23.608Z</time>
      </trkpt>
      <trkpt lat="45.807040" lon="14.147888">
        <ele>585.006421</ele>
        <time>2026-08-11T16:25:25.111Z</time>
      </trkpt>
      <trkpt lat="45.806979" lon="14.147712">
        <ele>584.802561</ele>
        <time>2026-08-11T16:25:26.512Z</time>
      </trkpt>
      <trkpt lat="45.806940" lon="14.147490">
        <ele>584.396842</ele>
        <time>2026-08-11T16:25:28.109Z</time>
      </trkpt>
      <trkpt lat="45.806888" lon="14.146881">
        <ele>583.309536</ele>
        <time>2026-08-11T16:25:32.310Z</time>
      </trkpt>
      <trkpt lat="45.806714" lon="14.146504">
        <ele>582.508264</ele>
        <time>2026-08-11T16:25:35.406Z</time>
      </trkpt>
      <trkpt lat="45.806403" lon="14.145664">
        <ele>580.822710</ele>
        <time>2026-08-11T16:25:42.289Z</time>
      </trkpt>
      <trkpt lat="45.806183" lon="14.145340">
        <ele>580.541914</ele>
        <time>2026-08-11T16:25:46.094Z</time>
      </trkpt>
      <trkpt lat="45.804711" lon="14.144242">
        <ele>581.791673</ele>
        <time>2026-08-11T16:26:20.639Z</time>
      </trkpt>
      <trkpt lat="45.804034" lon="14.143772">
        <ele>580.346202</ele>
        <time>2026-08-11T16:26:32.872Z</time>
      </trkpt>
      <trkpt lat="45.803912" lon="14.143586">
        <ele>580.004040</ele>
        <time>2026-08-11T16:26:34.890Z</time>
      </trkpt>
      <trkpt lat="45.803734" lon="14.143180">
        <ele>579.361462</ele>
        <time>2026-08-11T16:26:38.310Z</time>
      </trkpt>
      <trkpt lat="45.803551" lon="14.142597">
        <ele>578.504844</ele>
        <time>2026-08-11T16:26:42.572Z</time>
      </trkpt>
      <trkpt lat="45.803493" lon="14.142086">
        <ele>577.042995</ele>
        <time>2026-08-11T16:26:45.929Z</time>
      </trkpt>
      <trkpt lat="45.803352" lon="14.141758">
        <ele>575.814257</ele>
        <time>2026-08-11T16:26:48.422Z</time>
      </trkpt>
      <trkpt lat="45.803242" lon="14.141655">
        <ele>575.213409</ele>
        <time>2026-08-11T16:26:49.636Z</time>
      </trkpt>
      <trkpt lat="45.803130" lon="14.141636">
        <ele>574.697550</ele>
        <time>2026-08-11T16:26:50.678Z</time>
      </trkpt>
      <trkpt lat="45.803014" lon="14.141656">
        <ele>574.163145</ele>
        <time>2026-08-11T16:26:51.757Z</time>
      </trkpt>
      <trkpt lat="45.802696" lon="14.141872">
        <ele>572.553780</ele>
        <time>2026-08-11T16:26:55.057Z</time>
      </trkpt>
      <trkpt lat="45.802602" lon="14.141896">
        <ele>572.117065</ele>
        <time>2026-08-11T16:26:55.972Z</time>
      </trkpt>
      <trkpt lat="45.802360" lon="14.141836">
        <ele>570.993741</ele>
        <time>2026-08-11T16:26:58.399Z</time>
      </trkpt>
      <trkpt lat="45.802185" lon="14.141643">
        <ele>570.037297</ele>
        <time>2026-08-11T16:27:00.667Z</time>
      </trkpt>
      <trkpt lat="45.802107" lon="14.141431">
        <ele>569.532446</ele>
        <time>2026-08-11T16:27:02.445Z</time>
      </trkpt>
      <trkpt lat="45.802051" lon="14.141334">
        <ele>569.267201</ele>
        <time>2026-08-11T16:27:03.406Z</time>
      </trkpt>
      <trkpt lat="45.801975" lon="14.141267">
        <ele>568.997710</ele>
        <time>2026-08-11T16:27:04.386Z</time>
      </trkpt>
      <trkpt lat="45.801886" lon="14.141216">
        <ele>568.708179</ele>
        <time>2026-08-11T16:27:05.466Z</time>
      </trkpt>
      <trkpt lat="45.801495" lon="14.141152">
        <ele>567.519298</ele>
        <time>2026-08-11T16:27:09.797Z</time>
      </trkpt>
      <trkpt lat="45.800939" lon="14.140844">
        <ele>565.718710</ele>
        <time>2026-08-11T16:27:15.924Z</time>
      </trkpt>
      <trkpt lat="45.800856" lon="14.140754">
        <ele>565.404383</ele>
        <time>2026-08-11T16:27:16.973Z</time>
      </trkpt>
      <trkpt lat="45.800774" lon="14.140578">
        <ele>564.958549</ele>
        <time>2026-08-11T16:27:18.451Z</time>
      </trkpt>
      <trkpt lat="45.800683" lon="14.140223">
        <ele>563.641388</ele>
        <time>2026-08-11T16:27:21.030Z</time>
      </trkpt>
      <trkpt lat="45.800619" lon="14.139264">
        <ele>559.675145</ele>
        <time>2026-08-11T16:27:27.328Z</time>
      </trkpt>
      <trkpt lat="45.800568" lon="14.139049">
        <ele>558.740156</ele>
        <time>2026-08-11T16:27:28.767Z</time>
      </trkpt>
      <trkpt lat="45.800289" lon="14.138477">
        <ele>555.866083</ele>
        <time>2026-08-11T16:27:33.146Z</time>
      </trkpt>
      <trkpt lat="45.800183" lon="14.138167">
        <ele>554.444562</ele>
        <time>2026-08-11T16:27:35.302Z</time>
      </trkpt>
      <trkpt lat="45.800059" lon="14.137939">
        <ele>553.140773</ele>
        <time>2026-08-11T16:27:37.092Z</time>
      </trkpt>
      <trkpt lat="45.799966" lon="14.137858">
        <ele>552.410718</ele>
        <time>2026-08-11T16:27:38.059Z</time>
      </trkpt>
      <trkpt lat="45.799816" lon="14.137798">
        <ele>551.365826</ele>
        <time>2026-08-11T16:27:39.421Z</time>
      </trkpt>
      <trkpt lat="45.799468" lon="14.137866">
        <ele>549.009202</ele>
        <time>2026-08-11T16:27:42.527Z</time>
      </trkpt>
      <trkpt lat="45.799322" lon="14.137809">
        <ele>547.993913</ele>
        <time>2026-08-11T16:27:43.874Z</time>
      </trkpt>
      <trkpt lat="45.799246" lon="14.137724">
        <ele>547.347258</ele>
        <time>2026-08-11T16:27:44.739Z</time>
      </trkpt>
      <trkpt lat="45.799108" lon="14.137252">
        <ele>544.952941</ele>
        <time>2026-08-11T16:27:47.971Z</time>
      </trkpt>
      <trkpt lat="45.799060" lon="14.137170">
        <ele>544.452063</ele>
        <time>2026-08-11T16:27:48.657Z</time>
      </trkpt>
      <trkpt lat="45.799003" lon="14.137132">
        <ele>544.030304</ele>
        <time>2026-08-11T16:27:49.232Z</time>
      </trkpt>
      <trkpt lat="45.798507" lon="14.137044">
        <ele>541.434452</ele>
        <time>2026-08-11T16:27:53.905Z</time>
      </trkpt>
      <trkpt lat="45.798343" lon="14.136922">
        <ele>540.895790</ele>
        <time>2026-08-11T16:27:55.672Z</time>
      </trkpt>
      <trkpt lat="45.798001" lon="14.136555">
        <ele>539.650428</ele>
        <time>2026-08-11T16:28:00.045Z</time>
      </trkpt>
      <trkpt lat="45.797867" lon="14.136473">
        <ele>539.225651</ele>
        <time>2026-08-11T16:28:01.668Z</time>
      </trkpt>
      <trkpt lat="45.797412" lon="14.136193">
        <ele>537.782054</ele>
        <time>2026-08-11T16:28:07.246Z</time>
      </trkpt>
      <trkpt lat="45.797128" lon="14.136100">
        <ele>536.932685</ele>
        <time>2026-08-11T16:28:10.525Z</time>
      </trkpt>
      <trkpt lat="45.797069" lon="14.136080">
        <ele>536.762455</ele>
        <time>2026-08-11T16:28:11.212Z</time>
      </trkpt>
      <trkpt lat="45.796973" lon="14.136048">
        <ele>536.589447</ele>
        <time>2026-08-11T16:28:12.306Z</time>
      </trkpt>
      <trkpt lat="45.796677" lon="14.135910">
        <ele>536.043092</ele>
        <time>2026-08-11T16:28:15.780Z</time>
      </trkpt>
      <trkpt lat="45.796338" lon="14.135635">
        <ele>535.359431</ele>
        <time>2026-08-11T16:28:20.253Z</time>
      </trkpt>
      <trkpt lat="45.795911" lon="14.135550">
        <ele>534.602695</ele>
        <time>2026-08-11T16:28:25.060Z</time>
      </trkpt>
      <trkpt lat="45.795821" lon="14.135319">
        <ele>534.278830</ele>
        <time>2026-08-11T16:28:27.052Z</time>
      </trkpt>
      <trkpt lat="45.795695" lon="14.134870">
        <ele>533.686463</ele>
        <time>2026-08-11T16:28:30.726Z</time>
      </trkpt>
      <trkpt lat="45.795556" lon="14.134523">
        <ele>533.861735</ele>
        <time>2026-08-11T16:28:33.833Z</time>
      </trkpt>
      <trkpt lat="45.795516" lon="14.134434">
        <ele>533.938160</ele>
        <time>2026-08-11T16:28:34.699Z</time>
      </trkpt>
      <trkpt lat="45.795405" lon="14.134191">
        <ele>534.147832</ele>
        <time>2026-08-11T16:28:37.170Z</time>
      </trkpt>
      <trkpt lat="45.795231" lon="14.133946">
        <ele>534.400243</ele>
        <time>2026-08-11T16:28:40.841Z</time>
      </trkpt>
      <trkpt lat="45.795125" lon="14.133815">
        <ele>534.545087</ele>
        <time>2026-08-11T16:28:43.379Z</time>
      </trkpt>
      <trkpt lat="45.795009" lon="14.133712">
        <ele>534.686316</ele>
        <time>2026-08-11T16:28:46.080Z</time>
      </trkpt>
      <trkpt lat="45.794840" lon="14.133629">
        <ele>534.871233</ele>
        <time>2026-08-11T16:28:49.913Z</time>
      </trkpt>
      <trkpt lat="45.794513" lon="14.133467">
        <ele>535.229359</ele>
        <time>2026-08-11T16:28:59.012Z</time>
      </trkpt>
      <trkpt lat="45.793848" lon="14.133148">
        <ele>536.575770</ele>
        <time>2026-08-11T16:29:20.935Z</time>
      </trkpt>
      <trkpt lat="45.793805" lon="14.133128">
        <ele>536.683275</ele>
        <time>2026-08-11T16:29:22.358Z</time>
      </trkpt>
      <trkpt lat="45.793602" lon="14.133043">
        <ele>537.186200</ele>
        <time>2026-08-11T16:29:29.040Z</time>
      </trkpt>
      <trkpt lat="45.793228" lon="14.132922">
        <ele>538.097991</ele>
        <time>2026-08-11T16:29:40.457Z</time>
      </trkpt>
      <trkpt lat="45.793029" lon="14.132843">
        <ele>538.589045</ele>
        <time>2026-08-11T16:29:45.504Z</time>
      </trkpt>
      <trkpt lat="45.792933" lon="14.132778">
        <ele>538.841514</ele>
        <time>2026-08-11T16:29:47.802Z</time>
      </trkpt>
      <trkpt lat="45.792831" lon="14.132710">
        <ele>539.109015</ele>
        <time>2026-08-11T16:29:49.977Z</time>
      </trkpt>
      <trkpt lat="45.792753" lon="14.132657">
        <ele>539.314279</ele>
        <time>2026-08-11T16:29:51.469Z</time>
      </trkpt>
      <trkpt lat="45.792703" lon="14.132552">
        <ele>539.525121</ele>
        <time>2026-08-11T16:29:52.832Z</time>
      </trkpt>
      <trkpt lat="45.792670" lon="14.132395">
        <ele>539.701806</ele>
        <time>2026-08-11T16:29:54.288Z</time>
      </trkpt>
      <trkpt lat="45.792654" lon="14.132325">
        <ele>539.550866</ele>
        <time>2026-08-11T16:29:54.900Z</time>
      </trkpt>
      <trkpt lat="45.792583" lon="14.131975">
        <ele>538.803984</ele>
        <time>2026-08-11T16:29:57.682Z</time>
      </trkpt>
      <trkpt lat="45.792488" lon="14.131443">
        <ele>537.678737</ele>
        <time>2026-08-11T16:30:01.566Z</time>
      </trkpt>
      <trkpt lat="45.792464" lon="14.131306">
        <ele>537.389300</ele>
        <time>2026-08-11T16:30:02.540Z</time>
      </trkpt>
      <trkpt lat="45.792378" lon="14.130809">
        <ele>536.340056</ele>
        <time>2026-08-11T16:30:06.023Z</time>
      </trkpt>
      <trkpt lat="45.792325" lon="14.130684">
        <ele>536.040293</ele>
        <time>2026-08-11T16:30:07.011Z</time>
      </trkpt>
      <trkpt lat="45.792203" lon="14.130552">
        <ele>535.591198</ele>
        <time>2026-08-11T16:30:08.488Z</time>
      </trkpt>
      <trkpt lat="45.791963" lon="14.130410">
        <ele>534.828263</ele>
        <time>2026-08-11T16:30:11.020Z</time>
      </trkpt>
      <trkpt lat="45.791935" lon="14.130401">
        <ele>534.743940</ele>
        <time>2026-08-11T16:30:11.299Z</time>
      </trkpt>
      <trkpt lat="45.791901" lon="14.130390">
        <ele>534.641515</ele>
        <time>2026-08-11T16:30:11.644Z</time>
      </trkpt>
      <trkpt lat="45.791530" lon="14.130306">
        <ele>533.720681</ele>
        <time>2026-08-11T16:30:15.394Z</time>
      </trkpt>
      <trkpt lat="45.791048" lon="14.130201">
        <ele>532.569446</ele>
        <time>2026-08-11T16:30:20.441Z</time>
      </trkpt>
      <trkpt lat="45.790793" lon="14.130118">
        <ele>531.951984</ele>
        <time>2026-08-11T16:30:23.230Z</time>
      </trkpt>
      <trkpt lat="45.789862" lon="14.130054">
        <ele>530.008277</ele>
        <time>2026-08-11T16:30:34.118Z</time>
      </trkpt>
      <trkpt lat="45.789350" lon="14.129884">
        <ele>529.445692</ele>
        <time>2026-08-11T16:30:40.423Z</time>
      </trkpt>
      <trkpt lat="45.789024" lon="14.129732">
        <ele>529.078734</ele>
        <time>2026-08-11T16:30:44.651Z</time>
      </trkpt>
      <trkpt lat="45.788888" lon="14.129707">
        <ele>528.931957</ele>
        <time>2026-08-11T16:30:46.357Z</time>
      </trkpt>
      <trkpt lat="45.788609" lon="14.129729">
        <ele>528.632842</ele>
        <time>2026-08-11T16:30:49.891Z</time>
      </trkpt>
      <trkpt lat="45.787668" lon="14.129978">
        <ele>527.594562</ele>
        <time>2026-08-11T16:31:01.456Z</time>
      </trkpt>
      <trkpt lat="45.786814" lon="14.130016">
        <ele>526.661374</ele>
        <time>2026-08-11T16:31:11.466Z</time>
      </trkpt>
      <trkpt lat="45.786564" lon="14.130104">
        <ele>526.380218</ele>
        <time>2026-08-11T16:31:14.551Z</time>
      </trkpt>
      <trkpt lat="45.786194" lon="14.130386">
        <ele>526.486583</ele>
        <time>2026-08-11T16:31:19.677Z</time>
      </trkpt>
      <trkpt lat="45.784917" lon="14.131906">
        <ele>527.763373</ele>
        <time>2026-08-11T16:31:48.654Z</time>
      </trkpt>
      <trkpt lat="45.784215" lon="14.132650">
        <ele>530.313156</ele>
        <time>2026-08-11T16:32:15.489Z</time>
      </trkpt>
      <trkpt lat="45.784016" lon="14.132828">
        <ele>530.998244</ele>
        <time>2026-08-11T16:32:22.954Z</time>
      </trkpt>
      <trkpt lat="45.783856" lon="14.132953">
        <ele>531.530461</ele>
        <time>2026-08-11T16:32:29.739Z</time>
      </trkpt>
      <trkpt lat="45.783710" lon="14.133241">
        <ele>532.255742</ele>
        <time>2026-08-11T16:32:36.620Z</time>
      </trkpt>
      <trkpt lat="45.783334" lon="14.134220">
        <ele>532.351517</ele>
        <time>2026-08-11T16:32:51.606Z</time>
      </trkpt>
      <trkpt lat="45.783101" lon="14.134718">
        <ele>532.363931</ele>
        <time>2026-08-11T16:32:56.495Z</time>
      </trkpt>
      <trkpt lat="45.782988" lon="14.134890">
        <ele>532.368822</ele>
        <time>2026-08-11T16:32:58.330Z</time>
      </trkpt>
      <trkpt lat="45.782808" lon="14.135045">
        <ele>532.375055</ele>
        <time>2026-08-11T16:33:00.658Z</time>
      </trkpt>
      <trkpt lat="45.782466" lon="14.135206">
        <ele>532.536594</ele>
        <time>2026-08-11T16:33:04.601Z</time>
      </trkpt>
      <trkpt lat="45.781221" lon="14.135571">
        <ele>534.339868</ele>
        <time>2026-08-11T16:33:26.607Z</time>
      </trkpt>
      <trkpt lat="45.781018" lon="14.135595">
        <ele>534.628915</ele>
        <time>2026-08-11T16:33:32.948Z</time>
      </trkpt>
      <trkpt lat="45.780631" lon="14.135464">
        <ele>535.961879</ele>
        <time>2026-08-11T16:33:46.696Z</time>
      </trkpt>
      <trkpt lat="45.780354" lon="14.135262">
        <ele>537.715305</ele>
        <time>2026-08-11T16:33:58.686Z</time>
      </trkpt>
      <trkpt lat="45.779525" lon="14.134600">
        <ele>543.069224</ele>
        <time>2026-08-11T16:34:37.952Z</time>
      </trkpt>
      <trkpt lat="45.779322" lon="14.134514">
        <ele>544.263555</ele>
        <time>2026-08-11T16:34:45.874Z</time>
      </trkpt>
      <trkpt lat="45.779199" lon="14.134514">
        <ele>544.957555</ele>
        <time>2026-08-11T16:34:50.249Z</time>
      </trkpt>
      <trkpt lat="45.778913" lon="14.134612">
        <ele>545.902200</ele>
        <time>2026-08-11T16:35:00.396Z</time>
      </trkpt>
      <trkpt lat="45.778416" lon="14.134942">
        <ele>547.552525</ele>
        <time>2026-08-11T16:35:17.173Z</time>
      </trkpt>
      <trkpt lat="45.778126" lon="14.135235">
        <ele>548.621494</ele>
        <time>2026-08-11T16:35:26.268Z</time>
      </trkpt>
      <trkpt lat="45.777902" lon="14.135509">
        <ele>549.508691</ele>
        <time>2026-08-11T16:35:32.826Z</time>
      </trkpt>
      <trkpt lat="45.777760" lon="14.135777">
        <ele>550.215992</ele>
        <time>2026-08-11T16:35:37.502Z</time>
      </trkpt>
      <trkpt lat="45.777627" lon="14.136115">
        <ele>550.533794</ele>
        <time>2026-08-11T16:35:42.352Z</time>
      </trkpt>
      <trkpt lat="45.777274" lon="14.137311">
        <ele>550.692987</ele>
        <time>2026-08-11T16:35:55.982Z</time>
      </trkpt>
      <trkpt lat="45.777172" lon="14.137583">
        <ele>550.730843</ele>
        <time>2026-08-11T16:35:59.077Z</time>
      </trkpt>
      <trkpt lat="45.777069" lon="14.137772">
        <ele>550.760245</ele>
        <time>2026-08-11T16:36:01.533Z</time>
      </trkpt>
      <trkpt lat="45.776730" lon="14.138175">
        <ele>550.663748</ele>
        <time>2026-08-11T16:36:08.106Z</time>
      </trkpt>
      <trkpt lat="45.776354" lon="14.138541">
        <ele>549.995205</ele>
        <time>2026-08-11T16:36:14.161Z</time>
      </trkpt>
      <trkpt lat="45.775999" lon="14.138765">
        <ele>549.424645</ele>
        <time>2026-08-11T16:36:18.780Z</time>
      </trkpt>
      <trkpt lat="45.775883" lon="14.138818">
        <ele>549.245548</ele>
        <time>2026-08-11T16:36:20.156Z</time>
      </trkpt>
      <trkpt lat="45.775521" lon="14.138867">
        <ele>548.710659</ele>
        <time>2026-08-11T16:36:24.124Z</time>
      </trkpt>
      <trkpt lat="45.775278" lon="14.138860">
        <ele>548.353120</ele>
        <time>2026-08-11T16:36:26.688Z</time>
      </trkpt>
      <trkpt lat="45.774816" lon="14.138765">
        <ele>547.220232</ele>
        <time>2026-08-11T16:36:31.467Z</time>
      </trkpt>
      <trkpt lat="45.774589" lon="14.138675">
        <ele>546.568567</ele>
        <time>2026-08-11T16:36:33.833Z</time>
      </trkpt>
      <trkpt lat="45.774398" lon="14.138553">
        <ele>545.990009</ele>
        <time>2026-08-11T16:36:35.941Z</time>
      </trkpt>
      <trkpt lat="45.773606" lon="14.137957">
        <ele>543.515082</ele>
        <time>2026-08-11T16:36:45.165Z</time>
      </trkpt>
      <trkpt lat="45.773332" lon="14.137863">
        <ele>543.022289</ele>
        <time>2026-08-11T16:36:48.257Z</time>
      </trkpt>
      <trkpt lat="45.772846" lon="14.137869">
        <ele>542.514109</ele>
        <time>2026-08-11T16:36:53.806Z</time>
      </trkpt>
      <trkpt lat="45.772570" lon="14.137878">
        <ele>542.225448</ele>
        <time>2026-08-11T16:36:57.148Z</time>
      </trkpt>
      <trkpt lat="45.771324" lon="14.137944">
        <ele>541.090517</ele>
        <time>2026-08-11T16:37:14.284Z</time>
      </trkpt>
      <trkpt lat="45.771087" lon="14.138007">
        <ele>540.946428</ele>
        <time>2026-08-11T16:37:17.635Z</time>
      </trkpt>
      <trkpt lat="45.771022" lon="14.137886">
        <ele>540.882747</ele>
        <time>2026-08-11T16:37:19.067Z</time>
      </trkpt>
      <trkpt lat="45.770910" lon="14.137944">
        <ele>540.811561</ele>
        <time>2026-08-11T16:37:20.598Z</time>
      </trkpt>
      <trkpt lat="45.770707" lon="14.137950">
        <ele>540.690186</ele>
        <time>2026-08-11T16:37:23.186Z</time>
      </trkpt>
      <trkpt lat="45.770487" lon="14.137889">
        <ele>540.556237</ele>
        <time>2026-08-11T16:37:26.008Z</time>
      </trkpt>
      <trkpt lat="45.770213" lon="14.137762">
        <ele>540.384097</ele>
        <time>2026-08-11T16:37:29.627Z</time>
      </trkpt>
      <trkpt lat="45.770092" lon="14.137768">
        <ele>540.311723</ele>
        <time>2026-08-11T16:37:31.159Z</time>
      </trkpt>
      <trkpt lat="45.769942" lon="14.137845">
        <ele>540.212671</ele>
        <time>2026-08-11T16:37:33.217Z</time>
      </trkpt>
      <trkpt lat="45.769818" lon="14.137738">
        <ele>540.112500</ele>
        <time>2026-08-11T16:37:35.011Z</time>
      </trkpt>
      <trkpt lat="45.769638" lon="14.137599">
        <ele>539.970992</ele>
        <time>2026-08-11T16:37:37.585Z</time>
      </trkpt>
      <trkpt lat="45.769542" lon="14.137557">
        <ele>539.901522</ele>
        <time>2026-08-11T16:37:38.846Z</time>
      </trkpt>
      <trkpt lat="45.769418" lon="14.137526">
        <ele>539.814403</ele>
        <time>2026-08-11T16:37:40.449Z</time>
      </trkpt>
      <trkpt lat="45.769215" lon="14.137483">
        <ele>539.672375</ele>
        <time>2026-08-11T16:37:42.993Z</time>
      </trkpt>
      <trkpt lat="45.769071" lon="14.137458">
        <ele>539.571981</ele>
        <time>2026-08-11T16:37:44.756Z</time>
      </trkpt>
      <trkpt lat="45.768875" lon="14.137378">
        <ele>539.430932</ele>
        <time>2026-08-11T16:37:47.352Z</time>
      </trkpt>
      <trkpt lat="45.768725" lon="14.137242">
        <ele>539.308092</ele>
        <time>2026-08-11T16:37:49.738Z</time>
      </trkpt>
      <trkpt lat="45.768640" lon="14.137154">
        <ele>539.235523</ele>
        <time>2026-08-11T16:37:51.160Z</time>
      </trkpt>
      <trkpt lat="45.768476" lon="14.136905">
        <ele>539.070186</ele>
        <time>2026-08-11T16:37:54.507Z</time>
      </trkpt>
      <trkpt lat="45.768330" lon="14.136654">
        <ele>538.831159</ele>
        <time>2026-08-11T16:37:57.639Z</time>
      </trkpt>
      <trkpt lat="45.767972" lon="14.136026">
        <ele>538.057807</ele>
        <time>2026-08-11T16:38:04.830Z</time>
      </trkpt>
      <trkpt lat="45.767844" lon="14.135808">
        <ele>537.786098</ele>
        <time>2026-08-11T16:38:07.236Z</time>
      </trkpt>
      <trkpt lat="45.767634" lon="14.135405">
        <ele>537.306437</ele>
        <time>2026-08-11T16:38:11.322Z</time>
      </trkpt>
      <trkpt lat="45.767572" lon="14.135214">
        <ele>537.105555</ele>
        <time>2026-08-11T16:38:12.993Z</time>
      </trkpt>
      <trkpt lat="45.767534" lon="14.135098">
        <ele>536.983354</ele>
        <time>2026-08-11T16:38:13.982Z</time>
      </trkpt>
      <trkpt lat="45.767462" lon="14.134591">
        <ele>536.443757</ele>
        <time>2026-08-11T16:38:17.905Z</time>
      </trkpt>
      <trkpt lat="45.767430" lon="14.134321">
        <ele>535.926095</ele>
        <time>2026-08-11T16:38:19.903Z</time>
      </trkpt>
      <trkpt lat="45.767427" lon="14.134279">
        <ele>535.846292</ele>
        <time>2026-08-11T16:38:20.202Z</time>
      </trkpt>
      <trkpt lat="45.767416" lon="14.134161">
        <ele>535.621268</ele>
        <time>2026-08-11T16:38:21.054Z</time>
      </trkpt>
      <trkpt lat="45.767405" lon="14.134049">
        <ele>535.407480</ele>
        <time>2026-08-11T16:38:21.847Z</time>
      </trkpt>
      <trkpt lat="45.767399" lon="14.133932">
        <ele>535.185732</ele>
        <time>2026-08-11T16:38:22.663Z</time>
      </trkpt>
      <trkpt lat="45.767389" lon="14.133099">
        <ele>533.610977</ele>
        <time>2026-08-11T16:38:28.389Z</time>
      </trkpt>
      <trkpt lat="45.767366" lon="14.132967">
        <ele>533.353807</ele>
        <time>2026-08-11T16:38:29.339Z</time>
      </trkpt>
      <trkpt lat="45.767259" lon="14.132804">
        <ele>532.930739</ele>
        <time>2026-08-11T16:38:30.911Z</time>
      </trkpt>
      <trkpt lat="45.767162" lon="14.132728">
        <ele>532.631207</ele>
        <time>2026-08-11T16:38:32.028Z</time>
      </trkpt>
      <trkpt lat="45.767047" lon="14.132695">
        <ele>532.313415</ele>
        <time>2026-08-11T16:38:33.245Z</time>
      </trkpt>
      <trkpt lat="45.766874" lon="14.132601">
        <ele>531.812101</ele>
        <time>2026-08-11T16:38:35.206Z</time>
      </trkpt>
      <trkpt lat="45.766663" lon="14.132414">
        <ele>532.135751</ele>
        <time>2026-08-11T16:38:38.175Z</time>
      </trkpt>
      <trkpt lat="45.766512" lon="14.132232">
        <ele>532.618204</ele>
        <time>2026-08-11T16:38:41.032Z</time>
      </trkpt>
      <trkpt lat="45.766421" lon="14.132137">
        <ele>532.893503</ele>
        <time>2026-08-11T16:38:43.049Z</time>
      </trkpt>
      <trkpt lat="45.766363" lon="14.132082">
        <ele>533.063568</ele>
        <time>2026-08-11T16:38:44.390Z</time>
      </trkpt>
      <trkpt lat="45.765967" lon="14.131829">
        <ele>534.123815</ele>
        <time>2026-08-11T16:38:54.786Z</time>
      </trkpt>
      <trkpt lat="45.765775" lon="14.131755">
        <ele>534.610028</ele>
        <time>2026-08-11T16:39:00.530Z</time>
      </trkpt>
      <trkpt lat="45.765121" lon="14.131633">
        <ele>536.401532</ele>
        <time>2026-08-11T16:39:24.079Z</time>
      </trkpt>
      <trkpt lat="45.764832" lon="14.131608">
        <ele>537.895603</ele>
        <time>2026-08-11T16:39:35.871Z</time>
      </trkpt>
      <trkpt lat="45.764711" lon="14.131588">
        <ele>538.524150</ele>
        <time>2026-08-11T16:39:40.920Z</time>
      </trkpt>
      <trkpt lat="45.764562" lon="14.131538">
        <ele>539.313838</ele>
        <time>2026-08-11T16:39:47.071Z</time>
      </trkpt>
      <trkpt lat="45.764464" lon="14.131441">
        <ele>539.928402</ele>
        <time>2026-08-11T16:39:51.734Z</time>
      </trkpt>
      <trkpt lat="45.764401" lon="14.131313">
        <ele>540.492339</ele>
        <time>2026-08-11T16:39:55.942Z</time>
      </trkpt>
      <trkpt lat="45.764375" lon="14.131188">
        <ele>540.961910</ele>
        <time>2026-08-11T16:39:59.311Z</time>
      </trkpt>
      <trkpt lat="45.764363" lon="14.131039">
        <ele>541.501866</ele>
        <time>2026-08-11T16:40:03.098Z</time>
      </trkpt>
      <trkpt lat="45.764440" lon="14.130105">
        <ele>544.887621</ele>
        <time>2026-08-11T16:40:25.140Z</time>
      </trkpt>
      <trkpt lat="45.764435" lon="14.129680">
        <ele>545.983366</ele>
        <time>2026-08-11T16:40:34.272Z</time>
      </trkpt>
      <trkpt lat="45.764385" lon="14.129465">
        <ele>546.469240</ele>
        <time>2026-08-11T16:40:38.580Z</time>
      </trkpt>
      <trkpt lat="45.764298" lon="14.129251">
        <ele>547.000256</ele>
        <time>2026-08-11T16:40:43.043Z</time>
      </trkpt>
      <trkpt lat="45.764193" lon="14.129071">
        <ele>547.503292</ele>
        <time>2026-08-11T16:40:47.154Z</time>
      </trkpt>
      <trkpt lat="45.764126" lon="14.128850">
        <ele>548.019902</ele>
        <time>2026-08-11T16:40:51.393Z</time>
      </trkpt>
      <trkpt lat="45.764106" lon="14.128645">
        <ele>548.463679</ele>
        <time>2026-08-11T16:40:54.985Z</time>
      </trkpt>
      <trkpt lat="45.764138" lon="14.127918">
        <ele>550.025396</ele>
        <time>2026-08-11T16:41:07.677Z</time>
      </trkpt>
      <trkpt lat="45.764186" lon="14.127858">
        <ele>550.221118</ele>
        <time>2026-08-11T16:41:09.306Z</time>
      </trkpt>
      <trkpt lat="45.764187" lon="14.127797">
        <ele>550.351932</ele>
        <time>2026-08-11T16:41:10.449Z</time>
      </trkpt>
      <trkpt lat="45.764163" lon="14.127746">
        <ele>550.483822</ele>
        <time>2026-08-11T16:41:11.608Z</time>
      </trkpt>
      <trkpt lat="45.764122" lon="14.127727">
        <ele>550.616244</ele>
        <time>2026-08-11T16:41:12.742Z</time>
      </trkpt>
      <trkpt lat="45.764071" lon="14.127358">
        <ele>551.528292</ele>
        <time>2026-08-11T16:41:20.010Z</time>
      </trkpt>
      <trkpt lat="45.764016" lon="14.127152">
        <ele>552.091705</ele>
        <time>2026-08-11T16:41:24.317Z</time>
      </trkpt>
      <trkpt lat="45.763651" lon="14.126157">
        <ele>554.963238</ele>
        <time>2026-08-11T16:41:47.415Z</time>
      </trkpt>
      <trkpt lat="45.763452" lon="14.125464">
        <ele>556.877504</ele>
        <time>2026-08-11T16:42:03.990Z</time>
      </trkpt>
      <trkpt lat="45.763280" lon="14.124757">
        <ele>558.414998</ele>
        <time>2026-08-11T16:42:20.123Z</time>
      </trkpt>
      <trkpt lat="45.763199" lon="14.124288">
        <ele>559.301888</ele>
        <time>2026-08-11T16:42:29.735Z</time>
      </trkpt>
      <trkpt lat="45.763222" lon="14.124092">
        <ele>559.666722</ele>
        <time>2026-08-11T16:42:33.541Z</time>
      </trkpt>
      <trkpt lat="45.763391" lon="14.123634">
        <ele>560.617789</ele>
        <time>2026-08-11T16:42:43.006Z</time>
      </trkpt>
      <trkpt lat="45.763441" lon="14.123406">
        <ele>561.056497</ele>
        <time>2026-08-11T16:42:47.088Z</time>
      </trkpt>
      <trkpt lat="45.763418" lon="14.123075">
        <ele>561.667089</ele>
        <time>2026-08-11T16:42:52.394Z</time>
      </trkpt>
      <trkpt lat="45.763298" lon="14.122537">
        <ele>562.183096</ele>
        <time>2026-08-11T16:42:59.226Z</time>
      </trkpt>
      <trkpt lat="45.763064" lon="14.121761">
        <ele>562.163243</ele>
        <time>2026-08-11T16:43:06.734Z</time>
      </trkpt>
      <trkpt lat="45.762997" lon="14.121340">
        <ele>562.153102</ele>
        <time>2026-08-11T16:43:10.871Z</time>
      </trkpt>
      <trkpt lat="45.762968" lon="14.120832">
        <ele>562.141132</ele>
        <time>2026-08-11T16:43:16.242Z</time>
      </trkpt>
      <trkpt lat="45.762967" lon="14.120630">
        <ele>562.136387</ele>
        <time>2026-08-11T16:43:18.381Z</time>
      </trkpt>
      <trkpt lat="45.762998" lon="14.120410">
        <ele>562.131117</ele>
        <time>2026-08-11T16:43:20.638Z</time>
      </trkpt>
      <trkpt lat="45.762962" lon="14.120316">
        <ele>562.128476</ele>
        <time>2026-08-11T16:43:22.097Z</time>
      </trkpt>
      <trkpt lat="45.762921" lon="14.120009">
        <ele>562.119441</ele>
        <time>2026-08-11T16:43:26.213Z</time>
      </trkpt>
      <trkpt lat="45.762911" lon="14.119706">
        <ele>562.110672</ele>
        <time>2026-08-11T16:43:30.171Z</time>
      </trkpt>
      <trkpt lat="45.762928" lon="14.119089">
        <ele>562.092823</ele>
        <time>2026-08-11T16:43:38.666Z</time>
      </trkpt>
      <trkpt lat="45.762652" lon="14.117793">
        <ele>561.950971</ele>
        <time>2026-08-11T16:44:00.391Z</time>
      </trkpt>
      <trkpt lat="45.762533" lon="14.117182">
        <ele>559.940850</ele>
        <time>2026-08-11T16:44:07.678Z</time>
      </trkpt>
      <trkpt lat="45.762435" lon="14.116916">
        <ele>558.987653</ele>
        <time>2026-08-11T16:44:10.770Z</time>
      </trkpt>
      <trkpt lat="45.762367" lon="14.116817">
        <ele>558.547419</ele>
        <time>2026-08-11T16:44:12.139Z</time>
      </trkpt>
      <trkpt lat="45.762335" lon="14.116691">
        <ele>558.122525</ele>
        <time>2026-08-11T16:44:13.445Z</time>
      </trkpt>
      <trkpt lat="45.762404" lon="14.116298">
        <ele>556.838382</ele>
        <time>2026-08-11T16:44:17.289Z</time>
      </trkpt>
      <trkpt lat="45.762391" lon="14.116178">
        <ele>556.453577</ele>
        <time>2026-08-11T16:44:18.402Z</time>
      </trkpt>
      <trkpt lat="45.762312" lon="14.115932">
        <ele>555.595446</ele>
        <time>2026-08-11T16:44:20.835Z</time>
      </trkpt>
      <trkpt lat="45.762113" lon="14.115434">
        <ele>553.723383</ele>
        <time>2026-08-11T16:44:25.844Z</time>
      </trkpt>
      <trkpt lat="45.762013" lon="14.115141">
        <ele>552.178284</ele>
        <time>2026-08-11T16:44:28.629Z</time>
      </trkpt>
      <trkpt lat="45.761832" lon="14.114763">
        <ele>550.006542</ele>
        <time>2026-08-11T16:44:32.541Z</time>
      </trkpt>
      <trkpt lat="45.761828" lon="14.114689">
        <ele>549.654959</ele>
        <time>2026-08-11T16:44:33.178Z</time>
      </trkpt>
      <trkpt lat="45.761922" lon="14.114354">
        <ele>547.944545</ele>
        <time>2026-08-11T16:44:36.326Z</time>
      </trkpt>
      <trkpt lat="45.761951" lon="14.114271">
        <ele>547.504829</ele>
        <time>2026-08-11T16:44:37.133Z</time>
      </trkpt>
      <trkpt lat="45.761818" lon="14.113941">
        <ele>545.699543</ele>
        <time>2026-08-11T16:44:39.531Z</time>
      </trkpt>
      <trkpt lat="45.761781" lon="14.113575">
        <ele>543.947720</ele>
        <time>2026-08-11T16:44:41.907Z</time>
      </trkpt>
      <trkpt lat="45.761791" lon="14.113375">
        <ele>542.997904</ele>
        <time>2026-08-11T16:44:43.252Z</time>
      </trkpt>
      <trkpt lat="45.761807" lon="14.113103">
        <ele>541.704888</ele>
        <time>2026-08-11T16:44:45.164Z</time>
      </trkpt>
      <trkpt lat="45.761879" lon="14.112320">
        <ele>540.856741</ele>
        <time>2026-08-11T16:44:51.129Z</time>
      </trkpt>
      <trkpt lat="45.761916" lon="14.112070">
        <ele>540.590497</ele>
        <time>2026-08-11T16:44:53.257Z</time>
      </trkpt>
      <trkpt lat="45.761994" lon="14.111714">
        <ele>540.201760</ele>
        <time>2026-08-11T16:44:56.644Z</time>
      </trkpt>
      <trkpt lat="45.762090" lon="14.111300">
        <ele>539.747259</ele>
        <time>2026-08-11T16:45:00.767Z</time>
      </trkpt>
      <trkpt lat="45.762219" lon="14.110735">
        <ele>539.127929</ele>
        <time>2026-08-11T16:45:06.253Z</time>
      </trkpt>
      <trkpt lat="45.762243" lon="14.110625">
        <ele>539.007859</ele>
        <time>2026-08-11T16:45:07.272Z</time>
      </trkpt>
      <trkpt lat="45.762282" lon="14.110457">
        <ele>538.899169</ele>
        <time>2026-08-11T16:45:08.875Z</time>
      </trkpt>
      <trkpt lat="45.762338" lon="14.110142">
        <ele>538.717888</ele>
        <time>2026-08-11T16:45:11.682Z</time>
      </trkpt>
      <trkpt lat="45.762338" lon="14.109884">
        <ele>538.574009</ele>
        <time>2026-08-11T16:45:13.802Z</time>
      </trkpt>
      <trkpt lat="45.762275" lon="14.109621">
        <ele>538.418936</ele>
        <time>2026-08-11T16:45:15.999Z</time>
      </trkpt>
      <trkpt lat="45.762135" lon="14.109208">
        <ele>538.162867</ele>
        <time>2026-08-11T16:45:19.594Z</time>
      </trkpt>
      <trkpt lat="45.761974" lon="14.108074">
        <ele>537.589902</ele>
        <time>2026-08-11T16:45:29.836Z</time>
      </trkpt>
      <trkpt lat="45.761899" lon="14.107772">
        <ele>537.826541</ele>
        <time>2026-08-11T16:45:33.603Z</time>
      </trkpt>
      <trkpt lat="45.761352" lon="14.105790">
        <ele>539.399974</ele>
        <time>2026-08-11T16:46:06.933Z</time>
      </trkpt>
      <trkpt lat="45.761302" lon="14.105333">
        <ele>538.978214</ele>
        <time>2026-08-11T16:46:11.618Z</time>
      </trkpt>
      <trkpt lat="45.761213" lon="14.104313">
        <ele>537.737149</ele>
        <time>2026-08-11T16:46:19.529Z</time>
      </trkpt>
      <trkpt lat="45.761134" lon="14.103643">
        <ele>536.916769</ele>
        <time>2026-08-11T16:46:24.317Z</time>
      </trkpt>
      <trkpt lat="45.761073" lon="14.103365">
        <ele>536.564922</ele>
        <time>2026-08-11T16:46:26.365Z</time>
      </trkpt>
      <trkpt lat="45.760986" lon="14.102987">
        <ele>536.276218</ele>
        <time>2026-08-11T16:46:29.237Z</time>
      </trkpt>
      <trkpt lat="45.760940" lon="14.102786">
        <ele>536.213103</ele>
        <time>2026-08-11T16:46:30.810Z</time>
      </trkpt>
      <trkpt lat="45.760898" lon="14.102603">
        <ele>536.155623</ele>
        <time>2026-08-11T16:46:32.279Z</time>
      </trkpt>
      <trkpt lat="45.760491" lon="14.100879">
        <ele>535.612586</ele>
        <time>2026-08-11T16:46:51.159Z</time>
      </trkpt>
      <trkpt lat="45.760459" lon="14.100607">
        <ele>535.819169</ele>
        <time>2026-08-11T16:46:55.186Z</time>
      </trkpt>
      <trkpt lat="45.760471" lon="14.100313">
        <ele>536.370934</ele>
        <time>2026-08-11T16:46:59.987Z</time>
      </trkpt>
      <trkpt lat="45.760574" lon="14.099848">
        <ele>537.284989</ele>
        <time>2026-08-11T16:47:08.491Z</time>
      </trkpt>
      <trkpt lat="45.760635" lon="14.099684">
        <ele>537.633190</ele>
        <time>2026-08-11T16:47:11.807Z</time>
      </trkpt>
      <trkpt lat="45.760880" lon="14.099246">
        <ele>538.684992</ele>
        <time>2026-08-11T16:47:22.259Z</time>
      </trkpt>
      <trkpt lat="45.761067" lon="14.098958">
        <ele>539.422102</ele>
        <time>2026-08-11T16:47:29.859Z</time>
      </trkpt>
      <trkpt lat="45.761246" lon="14.098634">
        <ele>540.196407</ele>
        <time>2026-08-11T16:47:38.083Z</time>
      </trkpt>
      <trkpt lat="45.761352" lon="14.098320">
        <ele>541.089645</ele>
        <time>2026-08-11T16:47:45.433Z</time>
      </trkpt>
      <trkpt lat="45.761375" lon="14.098174">
        <ele>541.519515</ele>
        <time>2026-08-11T16:47:48.672Z</time>
      </trkpt>
      <trkpt lat="45.761377" lon="14.097866">
        <ele>542.404130</ele>
        <time>2026-08-11T16:47:55.377Z</time>
      </trkpt>
      <trkpt lat="45.761277" lon="14.097368">
        <ele>543.892456</ele>
        <time>2026-08-11T16:48:06.582Z</time>
      </trkpt>
      <trkpt lat="45.760875" lon="14.096197">
        <ele>547.640710</ele>
        <time>2026-08-11T16:48:35.996Z</time>
      </trkpt>
      <trkpt lat="45.760750" lon="14.095629">
        <ele>549.007581</ele>
        <time>2026-08-11T16:48:49.840Z</time>
      </trkpt>
      <trkpt lat="45.760735" lon="14.095370">
        <ele>549.588132</ele>
        <time>2026-08-11T16:48:55.472Z</time>
      </trkpt>
      <trkpt lat="45.760747" lon="14.095108">
        <ele>550.174655</ele>
        <time>2026-08-11T16:49:00.800Z</time>
      </trkpt>
      <trkpt lat="45.760927" lon="14.094126">
        <ele>552.442721</ele>
        <time>2026-08-11T16:49:18.783Z</time>
      </trkpt>
      <trkpt lat="45.760964" lon="14.093424">
        <ele>553.969670</ele>
        <time>2026-08-11T16:49:30.169Z</time>
      </trkpt>
      <trkpt lat="45.760978" lon="14.092147">
        <ele>556.534149</ele>
        <time>2026-08-11T16:49:52.960Z</time>
      </trkpt>
      <trkpt lat="45.760962" lon="14.091698">
        <ele>557.436897</ele>
        <time>2026-08-11T16:50:01.856Z</time>
      </trkpt>
      <trkpt lat="45.760817" lon="14.090919">
        <ele>558.957977</ele>
        <time>2026-08-11T16:50:18.540Z</time>
      </trkpt>
      <trkpt lat="45.760359" lon="14.088865">
        <ele>561.944330</ele>
        <time>2026-08-11T16:50:53.989Z</time>
      </trkpt>
      <trkpt lat="45.760206" lon="14.088157">
        <ele>561.855437</ele>
        <time>2026-08-11T16:51:01.663Z</time>
      </trkpt>
      <trkpt lat="45.760192" lon="14.087789">
        <ele>561.503085</ele>
        <time>2026-08-11T16:51:05.042Z</time>
      </trkpt>
      <trkpt lat="45.760224" lon="14.087582">
        <ele>561.300381</ele>
        <time>2026-08-11T16:51:06.852Z</time>
      </trkpt>
      <trkpt lat="45.760665" lon="14.086269">
        <ele>559.907187</ele>
        <time>2026-08-11T16:51:17.925Z</time>
      </trkpt>
      <trkpt lat="45.760860" lon="14.085093">
        <ele>557.448539</ele>
        <time>2026-08-11T16:51:26.473Z</time>
      </trkpt>
      <trkpt lat="45.760879" lon="14.084753">
        <ele>556.734254</ele>
        <time>2026-08-11T16:51:28.847Z</time>
      </trkpt>
      <trkpt lat="45.760856" lon="14.084279">
        <ele>555.739237</ele>
        <time>2026-08-11T16:51:32.150Z</time>
      </trkpt>
      <trkpt lat="45.760800" lon="14.082884">
        <ele>553.672968</ele>
        <time>2026-08-11T16:51:42.306Z</time>
      </trkpt>
      <trkpt lat="45.760838" lon="14.082248">
        <ele>553.039625</ele>
        <time>2026-08-11T16:51:47.428Z</time>
      </trkpt>
      <trkpt lat="45.760885" lon="14.081909">
        <ele>552.696696</ele>
        <time>2026-08-11T16:51:50.339Z</time>
      </trkpt>
      <trkpt lat="45.761163" lon="14.080577">
        <ele>552.368777</ele>
        <time>2026-08-11T16:52:03.768Z</time>
      </trkpt>
      <trkpt lat="45.761236" lon="14.080089">
        <ele>552.783957</ele>
        <time>2026-08-11T16:52:10.112Z</time>
      </trkpt>
      <trkpt lat="45.761256" lon="14.079785">
        <ele>553.037968</ele>
        <time>2026-08-11T16:52:14.214Z</time>
      </trkpt>
      <trkpt lat="45.761241" lon="14.079338">
        <ele>553.410245</ele>
        <time>2026-08-11T16:52:20.573Z</time>
      </trkpt>
      <trkpt lat="45.761017" lon="14.077678">
        <ele>555.767198</ele>
        <time>2026-08-11T16:52:50.150Z</time>
      </trkpt>
      <trkpt lat="45.760866" lon="14.076646">
        <ele>557.709341</ele>
        <time>2026-08-11T16:53:10.021Z</time>
      </trkpt>
      <trkpt lat="45.760765" lon="14.076220">
        <ele>558.538041</ele>
        <time>2026-08-11T16:53:18.196Z</time>
      </trkpt>
      <trkpt lat="45.760607" lon="14.075776">
        <ele>558.880276</ele>
        <time>2026-08-11T16:53:26.608Z</time>
      </trkpt>
      <trkpt lat="45.760556" lon="14.075648">
        <ele>558.919711</ele>
        <time>2026-08-11T16:53:28.918Z</time>
      </trkpt>
      <trkpt lat="45.760339" lon="14.075227">
        <ele>559.059747</ele>
        <time>2026-08-11T16:53:36.159Z</time>
      </trkpt>
      <trkpt lat="45.760186" lon="14.074986">
        <ele>559.146922</ele>
        <time>2026-08-11T16:53:39.563Z</time>
      </trkpt>
      <trkpt lat="45.759591" lon="14.074267">
        <ele>559.445352</ele>
        <time>2026-08-11T16:53:49.302Z</time>
      </trkpt>
      <trkpt lat="45.759330" lon="14.073990">
        <ele>559.512809</ele>
        <time>2026-08-11T16:53:53.170Z</time>
      </trkpt>
      <trkpt lat="45.759178" lon="14.073806">
        <ele>559.544544</ele>
        <time>2026-08-11T16:53:55.590Z</time>
      </trkpt>
      <trkpt lat="45.758958" lon="14.073440">
        <ele>559.598307</ele>
        <time>2026-08-11T16:53:59.924Z</time>
      </trkpt>
      <trkpt lat="45.758918" lon="14.073345">
        <ele>559.610655</ele>
        <time>2026-08-11T16:54:00.984Z</time>
      </trkpt>
      <trkpt lat="45.758779" lon="14.072911">
        <ele>559.663800</ele>
        <time>2026-08-11T16:54:05.722Z</time>
      </trkpt>
      <trkpt lat="45.758724" lon="14.072513">
        <ele>559.708952</ele>
        <time>2026-08-11T16:54:11.080Z</time>
      </trkpt>
      <trkpt lat="45.758655" lon="14.071606">
        <ele>560.364802</ele>
        <time>2026-08-11T16:54:25.564Z</time>
      </trkpt>
      <trkpt lat="45.758605" lon="14.071240">
        <ele>560.853637</ele>
        <time>2026-08-11T16:54:31.900Z</time>
      </trkpt>
      <trkpt lat="45.758520" lon="14.070872">
        <ele>561.361730</ele>
        <time>2026-08-11T16:54:38.612Z</time>
      </trkpt>
      <trkpt lat="45.758416" lon="14.070546">
        <ele>561.831579</ele>
        <time>2026-08-11T16:54:44.734Z</time>
      </trkpt>
      <trkpt lat="45.758234" lon="14.070122">
        <ele>562.484088</ele>
        <time>2026-08-11T16:54:52.714Z</time>
      </trkpt>
      <trkpt lat="45.757840" lon="14.069371">
        <ele>563.416335</ele>
        <time>2026-08-11T16:55:05.861Z</time>
      </trkpt>
      <trkpt lat="45.757677" lon="14.068611">
        <ele>563.918323</ele>
        <time>2026-08-11T16:55:15.256Z</time>
      </trkpt>
      <trkpt lat="45.757610" lon="14.067456">
        <ele>564.650053</ele>
        <time>2026-08-11T16:55:28.391Z</time>
      </trkpt>
      <trkpt lat="45.757542" lon="14.066023">
        <ele>567.043839</ele>
        <time>2026-08-11T16:55:50.479Z</time>
      </trkpt>
      <trkpt lat="45.757416" lon="14.064953">
        <ele>569.016648</ele>
        <time>2026-08-11T16:56:12.630Z</time>
      </trkpt>
      <trkpt lat="45.757334" lon="14.064497">
        <ele>569.859726</ele>
        <time>2026-08-11T16:56:22.590Z</time>
      </trkpt>
      <trkpt lat="45.757251" lon="14.064041">
        <ele>570.689907</ele>
        <time>2026-08-11T16:56:32.328Z</time>
      </trkpt>
      <trkpt lat="45.757213" lon="14.063553">
        <ele>571.554913</ele>
        <time>2026-08-11T16:56:41.872Z</time>
      </trkpt>
      <trkpt lat="45.757166" lon="14.063032">
        <ele>572.480355</ele>
        <time>2026-08-11T16:56:51.147Z</time>
      </trkpt>
      <trkpt lat="45.757081" lon="14.062432">
        <ele>573.558894</ele>
        <time>2026-08-11T16:57:00.204Z</time>
      </trkpt>
      <trkpt lat="45.757040" lon="14.062007">
        <ele>574.102975</ele>
        <time>2026-08-11T16:57:05.645Z</time>
      </trkpt>
      <trkpt lat="45.756995" lon="14.061454">
        <ele>574.436303</ele>
        <time>2026-08-11T16:57:11.920Z</time>
      </trkpt>
      <trkpt lat="45.756956" lon="14.061037">
        <ele>574.688197</ele>
        <time>2026-08-11T16:57:16.749Z</time>
      </trkpt>
      <trkpt lat="45.756892" lon="14.060714">
        <ele>574.889226</ele>
        <time>2026-08-11T16:57:20.778Z</time>
      </trkpt>
      <trkpt lat="45.756767" lon="14.060395">
        <ele>575.108273</ele>
        <time>2026-08-11T16:57:25.256Z</time>
      </trkpt>
      <trkpt lat="45.756628" lon="14.060112">
        <ele>575.315481</ele>
        <time>2026-08-11T16:57:29.624Z</time>
      </trkpt>
      <trkpt lat="45.756589" lon="14.059954">
        <ele>575.415823</ele>
        <time>2026-08-11T16:57:31.835Z</time>
      </trkpt>
      <trkpt lat="45.756597" lon="14.059809">
        <ele>575.502906</ele>
        <time>2026-08-11T16:57:33.855Z</time>
      </trkpt>
      <trkpt lat="45.756668" lon="14.059506">
        <ele>575.847140</ele>
        <time>2026-08-11T16:57:38.410Z</time>
      </trkpt>
      <trkpt lat="45.756863" lon="14.057130">
        <ele>578.698314</ele>
        <time>2026-08-11T16:58:15.703Z</time>
      </trkpt>
      <trkpt lat="45.756910" lon="14.056478">
        <ele>579.670792</ele>
        <time>2026-08-11T16:58:25.041Z</time>
      </trkpt>
      <trkpt lat="45.756887" lon="14.056199">
        <ele>580.087605</ele>
        <time>2026-08-11T16:58:29.113Z</time>
      </trkpt>
      <trkpt lat="45.756845" lon="14.055997">
        <ele>580.400323</ele>
        <time>2026-08-11T16:58:32.244Z</time>
      </trkpt>
      <trkpt lat="45.756773" lon="14.055747">
        <ele>580.801589</ele>
        <time>2026-08-11T16:58:36.307Z</time>
      </trkpt>
      <trkpt lat="45.756647" lon="14.055487">
        <ele>581.271257</ele>
        <time>2026-08-11T16:58:41.212Z</time>
      </trkpt>
      <trkpt lat="45.756463" lon="14.055229">
        <ele>581.818623</ele>
        <time>2026-08-11T16:58:47.340Z</time>
      </trkpt>
      <trkpt lat="45.755967" lon="14.054787">
        <ele>584.250173</ele>
        <time>2026-08-11T16:59:03.552Z</time>
      </trkpt>
      <trkpt lat="45.755745" lon="14.054559">
        <ele>585.892193</ele>
        <time>2026-08-11T16:59:12.721Z</time>
      </trkpt>
      <trkpt lat="45.755602" lon="14.054360">
        <ele>587.090538</ele>
        <time>2026-08-11T16:59:20.152Z</time>
      </trkpt>
      <trkpt lat="45.755441" lon="14.053981">
        <ele>588.951888</ele>
        <time>2026-08-11T16:59:32.772Z</time>
      </trkpt>
      <trkpt lat="45.755385" lon="14.053781">
        <ele>589.855902</ele>
        <time>2026-08-11T16:59:39.245Z</time>
      </trkpt>
      <trkpt lat="45.755340" lon="14.053403">
        <ele>591.464486</ele>
        <time>2026-08-11T16:59:51.407Z</time>
      </trkpt>
      <trkpt lat="45.755338" lon="14.053206">
        <ele>592.290968</ele>
        <time>2026-08-11T16:59:58.095Z</time>
      </trkpt>
      <trkpt lat="45.755420" lon="14.052677">
        <ele>594.045570</ele>
        <time>2026-08-11T17:00:17.716Z</time>
      </trkpt>
      <trkpt lat="45.755484" lon="14.052504">
        <ele>594.549244</ele>
        <time>2026-08-11T17:00:24.487Z</time>
      </trkpt>
      <trkpt lat="45.755660" lon="14.052136">
        <ele>595.696846</ele>
        <time>2026-08-11T17:00:38.467Z</time>
      </trkpt>
      <trkpt lat="45.756059" lon="14.051529">
        <ele>597.841935</ele>
        <time>2026-08-11T17:00:56.562Z</time>
      </trkpt>
      <trkpt lat="45.756302" lon="14.051084">
        <ele>599.295442</ele>
        <time>2026-08-11T17:01:02.546Z</time>
      </trkpt>
      <trkpt lat="45.756358" lon="14.050914">
        <ele>599.778997</ele>
        <time>2026-08-11T17:01:04.030Z</time>
      </trkpt>
      <trkpt lat="45.756390" lon="14.050814">
        <ele>599.573729</ele>
        <time>2026-08-11T17:01:04.865Z</time>
      </trkpt>
      <trkpt lat="45.756430" lon="14.050664">
        <ele>599.015459</ele>
        <time>2026-08-11T17:01:05.991Z</time>
      </trkpt>
      <trkpt lat="45.756498" lon="14.050183">
        <ele>597.309270</ele>
        <time>2026-08-11T17:01:09.218Z</time>
      </trkpt>
      <trkpt lat="45.756494" lon="14.048646">
        <ele>591.965822</ele>
        <time>2026-08-11T17:01:18.986Z</time>
      </trkpt>
      <trkpt lat="45.756563" lon="14.048170">
        <ele>590.116626</ele>
        <time>2026-08-11T17:01:22.191Z</time>
      </trkpt>
      <trkpt lat="45.756670" lon="14.047856">
        <ele>588.588358</ele>
        <time>2026-08-11T17:01:24.471Z</time>
      </trkpt>
      <trkpt lat="45.756912" lon="14.047333">
        <ele>585.843810</ele>
        <time>2026-08-11T17:01:28.467Z</time>
      </trkpt>
      <trkpt lat="45.757124" lon="14.046782">
        <ele>583.091989</ele>
        <time>2026-08-11T17:01:32.442Z</time>
      </trkpt>
      <trkpt lat="45.757221" lon="14.046103">
        <ele>580.060900</ele>
        <time>2026-08-11T17:01:36.867Z</time>
      </trkpt>
      <trkpt lat="45.757273" lon="14.045910">
        <ele>578.867301</ele>
        <time>2026-08-11T17:01:38.186Z</time>
      </trkpt>
      <trkpt lat="45.757337" lon="14.045785">
        <ele>577.765198</ele>
        <time>2026-08-11T17:01:39.179Z</time>
      </trkpt>
      <trkpt lat="45.757458" lon="14.045633">
        <ele>576.125974</ele>
        <time>2026-08-11T17:01:40.619Z</time>
      </trkpt>
      <trkpt lat="45.757991" lon="14.045309">
        <ele>570.227537</ele>
        <time>2026-08-11T17:01:45.618Z</time>
      </trkpt>
      <trkpt lat="45.758122" lon="14.045178">
        <ele>568.600171</ele>
        <time>2026-08-11T17:01:46.985Z</time>
      </trkpt>
      <trkpt lat="45.758215" lon="14.045006">
        <ele>567.053408</ele>
        <time>2026-08-11T17:01:48.280Z</time>
      </trkpt>
      <trkpt lat="45.758326" lon="14.044690">
        <ele>564.538633</ele>
        <time>2026-08-11T17:01:50.368Z</time>
      </trkpt>
      <trkpt lat="45.758333" lon="14.044268">
        <ele>561.538175</ele>
        <time>2026-08-11T17:01:52.850Z</time>
      </trkpt>
      <trkpt lat="45.758369" lon="14.044023">
        <ele>559.195377</ele>
        <time>2026-08-11T17:01:54.308Z</time>
      </trkpt>
      <trkpt lat="45.758539" lon="14.043297">
        <ele>551.754764</ele>
        <time>2026-08-11T17:01:58.748Z</time>
      </trkpt>
      <trkpt lat="45.758827" lon="14.042248">
        <ele>540.801814</ele>
        <time>2026-08-11T17:02:05.292Z</time>
      </trkpt>
      <trkpt lat="45.759268" lon="14.041706">
        <ele>533.269848</ele>
        <time>2026-08-11T17:02:10.159Z</time>
      </trkpt>
      <trkpt lat="45.759673" lon="14.040971">
        <ele>525.607458</ele>
        <time>2026-08-11T17:02:15.675Z</time>
      </trkpt>
      <trkpt lat="45.759810" lon="14.040485">
        <ele>521.319160</ele>
        <time>2026-08-11T17:02:18.806Z</time>
      </trkpt>
      <trkpt lat="45.759908" lon="14.040074">
        <ele>517.765784</ele>
        <time>2026-08-11T17:02:21.398Z</time>
      </trkpt>
      <trkpt lat="45.760001" lon="14.039948">
        <ele>516.265161</ele>
        <time>2026-08-11T17:02:22.496Z</time>
      </trkpt>
      <trkpt lat="45.760091" lon="14.039936">
        <ele>515.205236</ele>
        <time>2026-08-11T17:02:23.266Z</time>
      </trkpt>
      <trkpt lat="45.760193" lon="14.039990">
        <ele>513.823519</ele>
        <time>2026-08-11T17:02:24.199Z</time>
      </trkpt>
      <trkpt lat="45.760441" lon="14.040259">
        <ele>509.858575</ele>
        <time>2026-08-11T17:02:26.855Z</time>
      </trkpt>
      <trkpt lat="45.760501" lon="14.040236">
        <ele>509.066765</ele>
        <time>2026-08-11T17:02:27.388Z</time>
      </trkpt>
      <trkpt lat="45.760520" lon="14.040171">
        <ele>508.439941</ele>
        <time>2026-08-11T17:02:27.805Z</time>
      </trkpt>
      <trkpt lat="45.760627" lon="14.039056">
        <ele>498.429415</ele>
        <time>2026-08-11T17:02:34.417Z</time>
      </trkpt>
      <trkpt lat="45.760620" lon="14.037796">
        <ele>485.899748</ele>
        <time>2026-08-11T17:02:41.719Z</time>
      </trkpt>
      <trkpt lat="45.760679" lon="14.037556">
        <ele>483.037904</ele>
        <time>2026-08-11T17:02:43.190Z</time>
      </trkpt>
      <trkpt lat="45.760981" lon="14.036637">
        <ele>471.613153</ele>
        <time>2026-08-11T17:02:49.037Z</time>
      </trkpt>
      <trkpt lat="45.760984" lon="14.036484">
        <ele>469.891759</ele>
        <time>2026-08-11T17:02:49.918Z</time>
      </trkpt>
      <trkpt lat="45.760888" lon="14.036038">
        <ele>464.642508</ele>
        <time>2026-08-11T17:02:52.598Z</time>
      </trkpt>
      <trkpt lat="45.760875" lon="14.035732">
        <ele>461.198730</ele>
        <time>2026-08-11T17:02:54.356Z</time>
      </trkpt>
      <trkpt lat="45.760913" lon="14.035509">
        <ele>458.622147</ele>
        <time>2026-08-11T17:02:55.674Z</time>
      </trkpt>
      <trkpt lat="45.761044" lon="14.035118">
        <ele>453.753645</ele>
        <time>2026-08-11T17:02:58.167Z</time>
      </trkpt>
      <trkpt lat="45.761225" lon="14.034801">
        <ele>449.155856</ele>
        <time>2026-08-11T17:03:00.526Z</time>
      </trkpt>
      <trkpt lat="45.761225" lon="14.034736">
        <ele>448.426286</ele>
        <time>2026-08-11T17:03:00.901Z</time>
      </trkpt>
      <trkpt lat="45.761156" lon="14.034666">
        <ele>447.066268</ele>
        <time>2026-08-11T17:03:01.605Z</time>
      </trkpt>
      <trkpt lat="45.761058" lon="14.034624">
        <ele>445.420627</ele>
        <time>2026-08-11T17:03:02.449Z</time>
      </trkpt>
      <trkpt lat="45.760857" lon="14.034617">
        <ele>442.185882</ele>
        <time>2026-08-11T17:03:04.122Z</time>
      </trkpt>
      <trkpt lat="45.760603" lon="14.034668">
        <ele>438.059501</ele>
        <time>2026-08-11T17:03:06.258Z</time>
      </trkpt>
      <trkpt lat="45.760455" lon="14.034794">
        <ele>435.290066</ele>
        <time>2026-08-11T17:03:07.685Z</time>
      </trkpt>
      <trkpt lat="45.760143" lon="14.034918">
        <ele>430.595182</ele>
        <time>2026-08-11T17:03:10.368Z</time>
      </trkpt>
      <trkpt lat="45.759996" lon="14.035019">
        <ele>428.292830</ele>
        <time>2026-08-11T17:03:11.715Z</time>
      </trkpt>
      <trkpt lat="45.759732" lon="14.035340">
        <ele>423.403370</ele>
        <time>2026-08-11T17:03:14.577Z</time>
      </trkpt>
      <trkpt lat="45.759611" lon="14.035349">
        <ele>421.692130</ele>
        <time>2026-08-11T17:03:15.583Z</time>
      </trkpt>
      <trkpt lat="45.759593" lon="14.035298">
        <ele>421.128955</ele>
        <time>2026-08-11T17:03:15.915Z</time>
      </trkpt>
      <trkpt lat="45.759624" lon="14.034977">
        <ele>417.935813</ele>
        <time>2026-08-11T17:03:17.803Z</time>
      </trkpt>
      <trkpt lat="45.759596" lon="14.034619">
        <ele>414.386151</ele>
        <time>2026-08-11T17:03:19.904Z</time>
      </trkpt>
      <trkpt lat="45.759627" lon="14.034033">
        <ele>408.678598</ele>
        <time>2026-08-11T17:03:23.355Z</time>
      </trkpt>
      <trkpt lat="45.759669" lon="14.033744">
        <ele>406.598977</ele>
        <time>2026-08-11T17:03:25.091Z</time>
      </trkpt>
      <trkpt lat="45.759728" lon="14.033613">
        <ele>405.500532</ele>
        <time>2026-08-11T17:03:26.024Z</time>
      </trkpt>
      <trkpt lat="45.760128" lon="14.033264">
        <ele>400.772097</ele>
        <time>2026-08-11T17:03:30.082Z</time>
      </trkpt>
      <trkpt lat="45.760219" lon="14.033143">
        <ele>399.518737</ele>
        <time>2026-08-11T17:03:31.165Z</time>
      </trkpt>
      <trkpt lat="45.760214" lon="14.033011">
        <ele>398.587476</ele>
        <time>2026-08-11T17:03:31.963Z</time>
      </trkpt>
      <trkpt lat="45.760093" lon="14.032512">
        <ele>394.865925</ele>
        <time>2026-08-11T17:03:35.143Z</time>
      </trkpt>
      <trkpt lat="45.760094" lon="14.032369">
        <ele>393.858490</ele>
        <time>2026-08-11T17:03:36.002Z</time>
      </trkpt>
      <trkpt lat="45.760201" lon="14.031873">
        <ele>390.478099</ele>
        <time>2026-08-11T17:03:39.120Z</time>
      </trkpt>
      <trkpt lat="45.760288" lon="14.031215">
        <ele>388.252260</ele>
        <time>2026-08-11T17:03:43.199Z</time>
      </trkpt>
      <trkpt lat="45.760384" lon="14.030924">
        <ele>387.182424</ele>
        <time>2026-08-11T17:03:45.229Z</time>
      </trkpt>
      <trkpt lat="45.760407" lon="14.030788">
        <ele>386.717329</ele>
        <time>2026-08-11T17:03:46.131Z</time>
      </trkpt>
      <trkpt lat="45.760360" lon="14.030748">
        <ele>386.456933</ele>
        <time>2026-08-11T17:03:46.654Z</time>
      </trkpt>
      <trkpt lat="45.760248" lon="14.030780">
        <ele>385.912882</ele>
        <time>2026-08-11T17:03:47.770Z</time>
      </trkpt>
      <trkpt lat="45.760051" lon="14.031417">
        <ele>383.597078</ele>
        <time>2026-08-11T17:03:53.677Z</time>
      </trkpt>
      <trkpt lat="45.759851" lon="14.031909">
        <ele>381.670499</ele>
        <time>2026-08-11T17:03:59.065Z</time>
      </trkpt>
      <trkpt lat="45.759509" lon="14.032142">
        <ele>379.730834</ele>
        <time>2026-08-11T17:04:03.474Z</time>
      </trkpt>
      <trkpt lat="45.759453" lon="14.032149">
        <ele>379.442894</ele>
        <time>2026-08-11T17:04:04.078Z</time>
      </trkpt>
      <trkpt lat="45.759401" lon="14.032067">
        <ele>379.046884</ele>
        <time>2026-08-11T17:04:04.868Z</time>
      </trkpt>
      <trkpt lat="45.759398" lon="14.031991">
        <ele>378.774846</ele>
        <time>2026-08-11T17:04:05.399Z</time>
      </trkpt>
      <trkpt lat="45.759424" lon="14.031912">
        <ele>378.462686</ele>
        <time>2026-08-11T17:04:06.005Z</time>
      </trkpt>
      <trkpt lat="45.759752" lon="14.031713">
        <ele>376.638242</ele>
        <time>2026-08-11T17:04:09.328Z</time>
      </trkpt>
      <trkpt lat="45.759805" lon="14.031511">
        <ele>375.866993</ele>
        <time>2026-08-11T17:04:10.678Z</time>
      </trkpt>
      <trkpt lat="45.759868" lon="14.031035">
        <ele>374.135575</ele>
        <time>2026-08-11T17:04:13.638Z</time>
      </trkpt>
      <trkpt lat="45.759816" lon="14.030779">
        <ele>373.182722</ele>
        <time>2026-08-11T17:04:15.243Z</time>
      </trkpt>
      <trkpt lat="45.759833" lon="14.030621">
        <ele>372.527961</ele>
        <time>2026-08-11T17:04:16.195Z</time>
      </trkpt>
      <trkpt lat="45.759944" lon="14.030269">
        <ele>370.800858</ele>
        <time>2026-08-11T17:04:18.527Z</time>
      </trkpt>
      <trkpt lat="45.760004" lon="14.029966">
        <ele>369.392623</ele>
        <time>2026-08-11T17:04:20.501Z</time>
      </trkpt>
      <trkpt lat="45.759981" lon="14.029642">
        <ele>367.936529</ele>
        <time>2026-08-11T17:04:22.589Z</time>
      </trkpt>
      <trkpt lat="45.759999" lon="14.029473">
        <ele>367.172170</ele>
        <time>2026-08-11T17:04:23.683Z</time>
      </trkpt>
      <trkpt lat="45.760128" lon="14.029065">
        <ele>365.169404</ele>
        <time>2026-08-11T17:04:26.583Z</time>
      </trkpt>
      <trkpt lat="45.760231" lon="14.028607">
        <ele>363.017919</ele>
        <time>2026-08-11T17:04:29.765Z</time>
      </trkpt>
      <trkpt lat="45.760239" lon="14.028539">
        <ele>362.709598</ele>
        <time>2026-08-11T17:04:30.244Z</time>
      </trkpt>
      <trkpt lat="45.760335" lon="14.028406">
        <ele>361.853969</ele>
        <time>2026-08-11T17:04:31.516Z</time>
      </trkpt>
      <trkpt lat="45.760578" lon="14.028360">
        <ele>360.293773</ele>
        <time>2026-08-11T17:04:33.829Z</time>
      </trkpt>
      <trkpt lat="45.760659" lon="14.028200">
        <ele>359.418190</ele>
        <time>2026-08-11T17:04:35.128Z</time>
      </trkpt>
      <trkpt lat="45.760726" lon="14.028042">
        <ele>358.599253</ele>
        <time>2026-08-11T17:04:36.340Z</time>
      </trkpt>
      <trkpt lat="45.760756" lon="14.027611">
        <ele>356.680813</ele>
        <time>2026-08-11T17:04:39.123Z</time>
      </trkpt>
      <trkpt lat="45.760800" lon="14.027319">
        <ele>355.357679</ele>
        <time>2026-08-11T17:04:40.996Z</time>
      </trkpt>
      <trkpt lat="45.760883" lon="14.027136">
        <ele>354.390920</ele>
        <time>2026-08-11T17:04:42.332Z</time>
      </trkpt>
      <trkpt lat="45.761321" lon="14.026491">
        <ele>350.404261</ele>
        <time>2026-08-11T17:04:47.931Z</time>
      </trkpt>
      <trkpt lat="45.761446" lon="14.026027">
        <ele>348.168969</ele>
        <time>2026-08-11T17:04:51.091Z</time>
      </trkpt>
      <trkpt lat="45.761577" lon="14.025773">
        <ele>346.744801</ele>
        <time>2026-08-11T17:04:53.118Z</time>
      </trkpt>
      <trkpt lat="45.761828" lon="14.025489">
        <ele>344.678180</ele>
        <time>2026-08-11T17:04:56.088Z</time>
      </trkpt>
      <trkpt lat="45.761967" lon="14.025366">
        <ele>343.622474</ele>
        <time>2026-08-11T17:04:57.592Z</time>
      </trkpt>
      <trkpt lat="45.762146" lon="14.025262">
        <ele>342.374231</ele>
        <time>2026-08-11T17:04:59.357Z</time>
      </trkpt>
      <trkpt lat="45.762335" lon="14.025211">
        <ele>341.131324</ele>
        <time>2026-08-11T17:05:01.109Z</time>
      </trkpt>
      <trkpt lat="45.762731" lon="14.025231">
        <ele>338.570503</ele>
        <time>2026-08-11T17:05:04.686Z</time>
      </trkpt>
      <trkpt lat="45.762839" lon="14.025193">
        <ele>337.717723</ele>
        <time>2026-08-11T17:05:05.679Z</time>
      </trkpt>
      <trkpt lat="45.763072" lon="14.024978">
        <ele>335.467033</ele>
        <time>2026-08-11T17:05:08.145Z</time>
      </trkpt>
      <trkpt lat="45.763242" lon="14.024747">
        <ele>333.564459</ele>
        <time>2026-08-11T17:05:10.218Z</time>
      </trkpt>
      <trkpt lat="45.763580" lon="14.024318">
        <ele>329.897634</ele>
        <time>2026-08-11T17:05:14.178Z</time>
      </trkpt>
      <trkpt lat="45.764065" lon="14.024077">
        <ele>325.728386</ele>
        <time>2026-08-11T17:05:18.644Z</time>
      </trkpt>
      <trkpt lat="45.764199" lon="14.023960">
        <ele>324.454001</ele>
        <time>2026-08-11T17:05:20.018Z</time>
      </trkpt>
      <trkpt lat="45.764261" lon="14.023804">
        <ele>323.471854</ele>
        <time>2026-08-11T17:05:21.116Z</time>
      </trkpt>
      <trkpt lat="45.764283" lon="14.023510">
        <ele>321.975848</ele>
        <time>2026-08-11T17:05:22.938Z</time>
      </trkpt>
      <trkpt lat="45.764324" lon="14.023331">
        <ele>321.022644</ele>
        <time>2026-08-11T17:05:24.105Z</time>
      </trkpt>
      <trkpt lat="45.764671" lon="14.022768">
        <ele>317.221719</ele>
        <time>2026-08-11T17:05:28.779Z</time>
      </trkpt>
      <trkpt lat="45.764942" lon="14.022464">
        <ele>314.726020</ele>
        <time>2026-08-11T17:05:31.874Z</time>
      </trkpt>
      <trkpt lat="45.765612" lon="14.021966">
        <ele>309.640422</ele>
        <time>2026-08-11T17:05:38.699Z</time>
      </trkpt>
      <trkpt lat="45.765760" lon="14.021741">
        <ele>308.489338</ele>
        <time>2026-08-11T17:05:40.674Z</time>
      </trkpt>
      <trkpt lat="45.765891" lon="14.021442">
        <ele>307.175115</ele>
        <time>2026-08-11T17:05:42.926Z</time>
      </trkpt>
      <trkpt lat="45.765997" lon="14.021337">
        <ele>306.487631</ele>
        <time>2026-08-11T17:05:44.099Z</time>
      </trkpt>
      <trkpt lat="45.766907" lon="14.020597">
        <ele>300.998926</ele>
        <time>2026-08-11T17:05:53.926Z</time>
      </trkpt>
      <trkpt lat="45.767011" lon="14.020394">
        <ele>300.464126</ele>
        <time>2026-08-11T17:05:55.769Z</time>
      </trkpt>
      <trkpt lat="45.767092" lon="14.020115">
        <ele>299.822451</ele>
        <time>2026-08-11T17:05:58.104Z</time>
      </trkpt>
      <trkpt lat="45.767300" lon="14.019694">
        <ele>298.727022</ele>
        <time>2026-08-11T17:06:02.155Z</time>
      </trkpt>
      <trkpt lat="45.767404" lon="14.019557">
        <ele>298.297097</ele>
        <time>2026-08-11T17:06:03.748Z</time>
      </trkpt>
      <trkpt lat="45.767654" lon="14.018840">
        <ele>296.595074</ele>
        <time>2026-08-11T17:06:09.674Z</time>
      </trkpt>
      <trkpt lat="45.768003" lon="14.018484">
        <ele>295.006487</ele>
        <time>2026-08-11T17:06:13.930Z</time>
      </trkpt>
      <trkpt lat="45.768438" lon="14.018181">
        <ele>292.360497</ele>
        <time>2026-08-11T17:06:18.459Z</time>
      </trkpt>
      <trkpt lat="45.768714" lon="14.017871">
        <ele>290.442201</ele>
        <time>2026-08-11T17:06:21.655Z</time>
      </trkpt>
      <trkpt lat="45.769169" lon="14.017102">
        <ele>286.593840</ele>
        <time>2026-08-11T17:06:28.022Z</time>
      </trkpt>
      <trkpt lat="45.769255" lon="14.016794">
        <ele>285.514885</ele>
        <time>2026-08-11T17:06:30.175Z</time>
      </trkpt>
      <trkpt lat="45.769469" lon="14.016564">
        <ele>284.621985</ele>
        <time>2026-08-11T17:06:32.719Z</time>
      </trkpt>
      <trkpt lat="45.769642" lon="14.016417">
        <ele>283.950611</ele>
        <time>2026-08-11T17:06:34.655Z</time>
      </trkpt>
      <trkpt lat="45.770425" lon="14.015914">
        <ele>281.086188</ele>
        <time>2026-08-11T17:06:43.101Z</time>
      </trkpt>
      <trkpt lat="45.770582" lon="14.015834">
        <ele>280.529933</ele>
        <time>2026-08-11T17:06:44.850Z</time>
      </trkpt>
      <trkpt lat="45.770670" lon="14.015727">
        <ele>280.144718</ele>
        <time>2026-08-11T17:06:46.219Z</time>
      </trkpt>
      <trkpt lat="45.771081" lon="14.014923">
        <ele>279.452595</ele>
        <time>2026-08-11T17:06:59.790Z</time>
      </trkpt>
      <trkpt lat="45.771251" lon="14.014643">
        <ele>279.299493</ele>
        <time>2026-08-11T17:07:04.872Z</time>
      </trkpt>
      <trkpt lat="45.771305" lon="14.014245">
        <ele>279.132267</ele>
        <time>2026-08-11T17:07:09.759Z</time>
      </trkpt>
      <trkpt lat="45.771309" lon="14.013984">
        <ele>279.024596</ele>
        <time>2026-08-11T17:07:12.329Z</time>
      </trkpt>
      <trkpt lat="45.771379" lon="14.013673">
        <ele>278.889816</ele>
        <time>2026-08-11T17:07:15.102Z</time>
      </trkpt>
      <trkpt lat="45.771474" lon="14.013457">
        <ele>278.784499</ele>
        <time>2026-08-11T17:07:17.062Z</time>
      </trkpt>
      <trkpt lat="45.771586" lon="14.013293">
        <ele>278.254447</ele>
        <time>2026-08-11T17:07:18.750Z</time>
      </trkpt>
      <trkpt lat="45.771911" lon="14.012999">
        <ele>276.043801</ele>
        <time>2026-08-11T17:07:22.491Z</time>
      </trkpt>
      <trkpt lat="45.772364" lon="14.012714">
        <ele>273.198025</ele>
        <time>2026-08-11T17:07:26.889Z</time>
      </trkpt>
      <trkpt lat="45.773057" lon="14.011869">
        <ele>267.967554</ele>
        <time>2026-08-11T17:07:35.080Z</time>
      </trkpt>
      <trkpt lat="45.773486" lon="14.011238">
        <ele>264.455643</ele>
        <time>2026-08-11T17:07:40.736Z</time>
      </trkpt>
      <trkpt lat="45.773831" lon="14.010751">
        <ele>261.689160</ele>
        <time>2026-08-11T17:07:45.237Z</time>
      </trkpt>
      <trkpt lat="45.774182" lon="14.010354">
        <ele>259.134559</ele>
        <time>2026-08-11T17:07:49.396Z</time>
      </trkpt>
      <trkpt lat="45.774744" lon="14.010064">
        <ele>256.540950</ele>
        <time>2026-08-11T17:07:54.956Z</time>
      </trkpt>
      <trkpt lat="45.775339" lon="14.009955">
        <ele>254.286581</ele>
        <time>2026-08-11T17:08:00.867Z</time>
      </trkpt>
      <trkpt lat="45.775512" lon="14.009813">
        <ele>253.537386</ele>
        <time>2026-08-11T17:08:02.893Z</time>
      </trkpt>
      <trkpt lat="45.775576" lon="14.009707">
        <ele>253.169880</ele>
        <time>2026-08-11T17:08:03.897Z</time>
      </trkpt>
      <trkpt lat="45.775708" lon="14.009163">
        <ele>251.660061</ele>
        <time>2026-08-11T17:08:08.103Z</time>
      </trkpt>
      <trkpt lat="45.775916" lon="14.008569">
        <ele>250.257605</ele>
        <time>2026-08-11T17:08:13.053Z</time>
      </trkpt>
      <trkpt lat="45.776176" lon="14.007948">
        <ele>248.807728</ele>
        <time>2026-08-11T17:08:18.398Z</time>
      </trkpt>
      <trkpt lat="45.776238" lon="14.007603">
        <ele>248.094562</ele>
        <time>2026-08-11T17:08:20.950Z</time>
      </trkpt>
      <trkpt lat="45.776277" lon="14.007568">
        <ele>247.962510</ele>
        <time>2026-08-11T17:08:21.422Z</time>
      </trkpt>
      <trkpt lat="45.776335" lon="14.007553">
        <ele>247.793360</ele>
        <time>2026-08-11T17:08:22.016Z</time>
      </trkpt>
      <trkpt lat="45.776437" lon="14.007583">
        <ele>247.494517</ele>
        <time>2026-08-11T17:08:23.071Z</time>
      </trkpt>
      <trkpt lat="45.776582" lon="14.007552">
        <ele>247.073755</ele>
        <time>2026-08-11T17:08:24.562Z</time>
      </trkpt>
      <trkpt lat="45.776622" lon="14.007250">
        <ele>246.458422</ele>
        <time>2026-08-11T17:08:26.716Z</time>
      </trkpt>
      <trkpt lat="45.776677" lon="14.006365">
        <ele>244.613387</ele>
        <time>2026-08-11T17:08:32.919Z</time>
      </trkpt>
      <trkpt lat="45.776719" lon="14.006134">
        <ele>244.114545</ele>
        <time>2026-08-11T17:08:34.593Z</time>
      </trkpt>
      <trkpt lat="45.777035" lon="14.005165">
        <ele>241.879266</ele>
        <time>2026-08-11T17:08:42.190Z</time>
      </trkpt>
      <trkpt lat="45.777458" lon="14.004605">
        <ele>240.333375</ele>
        <time>2026-08-11T17:08:48.327Z</time>
      </trkpt>
      <trkpt lat="45.778175" lon="14.003580">
        <ele>238.135419</ele>
        <time>2026-08-11T17:08:59.503Z</time>
      </trkpt>
      <trkpt lat="45.778450" lon="14.003085">
        <ele>237.177272</ele>
        <time>2026-08-11T17:09:04.298Z</time>
      </trkpt>
      <trkpt lat="45.778931" lon="14.002372">
        <ele>235.331587</ele>
        <time>2026-08-11T17:09:11.654Z</time>
      </trkpt>
      <trkpt lat="45.779098" lon="14.002126">
        <ele>234.665893</ele>
        <time>2026-08-11T17:09:14.119Z</time>
      </trkpt>
      <trkpt lat="45.779364" lon="14.001720">
        <ele>233.585712</ele>
        <time>2026-08-11T17:09:18.114Z</time>
      </trkpt>
      <trkpt lat="45.779617" lon="14.001320">
        <ele>232.538600</ele>
        <time>2026-08-11T17:09:21.952Z</time>
      </trkpt>
      <trkpt lat="45.780027" lon="14.000473">
        <ele>230.568227</ele>
        <time>2026-08-11T17:09:29.334Z</time>
      </trkpt>
      <trkpt lat="45.780546" lon="13.999800">
        <ele>228.663964</ele>
        <time>2026-08-11T17:09:36.614Z</time>
      </trkpt>
      <trkpt lat="45.780706" lon="13.999577">
        <ele>228.056754</ele>
        <time>2026-08-11T17:09:38.998Z</time>
      </trkpt>
      <trkpt lat="45.780937" lon="13.999276">
        <ele>227.207338</ele>
        <time>2026-08-11T17:09:42.320Z</time>
      </trkpt>
      <trkpt lat="45.780991" lon="13.999201">
        <ele>227.002577</ele>
        <time>2026-08-11T17:09:43.116Z</time>
      </trkpt>
      <trkpt lat="45.781149" lon="13.998958">
        <ele>226.298966</ele>
        <time>2026-08-11T17:09:45.565Z</time>
      </trkpt>
      <trkpt lat="45.781277" lon="13.998814">
        <ele>225.804903</ele>
        <time>2026-08-11T17:09:47.267Z</time>
      </trkpt>
      <trkpt lat="45.781886" lon="13.998324">
        <ele>223.684257</ele>
        <time>2026-08-11T17:09:54.442Z</time>
      </trkpt>
      <trkpt lat="45.782240" lon="13.997964">
        <ele>222.366331</ele>
        <time>2026-08-11T17:09:58.810Z</time>
      </trkpt>
      <trkpt lat="45.782561" lon="13.997412">
        <ele>220.742109</ele>
        <time>2026-08-11T17:10:03.798Z</time>
      </trkpt>
      <trkpt lat="45.782765" lon="13.997053">
        <ele>219.617933</ele>
        <time>2026-08-11T17:10:06.996Z</time>
      </trkpt>
      <trkpt lat="45.782977" lon="13.996693">
        <ele>218.474111</ele>
        <time>2026-08-11T17:10:10.252Z</time>
      </trkpt>
      <trkpt lat="45.783378" lon="13.996017">
        <ele>216.319722</ele>
        <time>2026-08-11T17:10:16.416Z</time>
      </trkpt>
      <trkpt lat="45.783725" lon="13.995210">
        <ele>214.478063</ele>
        <time>2026-08-11T17:10:23.101Z</time>
      </trkpt>
      <trkpt lat="45.783775" lon="13.995006">
        <ele>214.144262</ele>
        <time>2026-08-11T17:10:24.637Z</time>
      </trkpt>
      <trkpt lat="45.783810" lon="13.994482">
        <ele>213.331657</ele>
        <time>2026-08-11T17:10:28.518Z</time>
      </trkpt>
      <trkpt lat="45.783889" lon="13.993832">
        <ele>212.313123</ele>
        <time>2026-08-11T17:10:33.658Z</time>
      </trkpt>
      <trkpt lat="45.784022" lon="13.993335">
        <ele>211.491352</ele>
        <time>2026-08-11T17:10:37.983Z</time>
      </trkpt>
      <trkpt lat="45.784037" lon="13.993162">
        <ele>211.248446</ele>
        <time>2026-08-11T17:10:40.055Z</time>
      </trkpt>
      <trkpt lat="45.784043" lon="13.993108">
        <ele>211.192606</ele>
        <time>2026-08-11T17:10:40.526Z</time>
      </trkpt>
      <trkpt lat="45.784134" lon="13.992930">
        <ele>210.967219</ele>
        <time>2026-08-11T17:10:42.406Z</time>
      </trkpt>
      <trkpt lat="45.784615" lon="13.992397">
        <ele>210.077058</ele>
        <time>2026-08-11T17:10:49.940Z</time>
      </trkpt>
      <trkpt lat="45.784887" lon="13.991982">
        <ele>209.495465</ele>
        <time>2026-08-11T17:10:54.629Z</time>
      </trkpt>
      <trkpt lat="45.784985" lon="13.991678">
        <ele>209.153459</ele>
        <time>2026-08-11T17:10:57.221Z</time>
      </trkpt>
      <trkpt lat="45.785081" lon="13.991206">
        <ele>208.641516</ele>
        <time>2026-08-11T17:11:00.963Z</time>
      </trkpt>
      <trkpt lat="45.785120" lon="13.991010">
        <ele>208.290957</ele>
        <time>2026-08-11T17:11:02.489Z</time>
      </trkpt>
      <trkpt lat="45.785224" lon="13.990771">
        <ele>207.806431</ele>
        <time>2026-08-11T17:11:04.591Z</time>
      </trkpt>
      <trkpt lat="45.786361" lon="13.988986">
        <ele>203.657226</ele>
        <time>2026-08-11T17:11:22.320Z</time>
      </trkpt>
      <trkpt lat="45.786667" lon="13.988382">
        <ele>202.392627</ele>
        <time>2026-08-11T17:11:27.841Z</time>
      </trkpt>
      <trkpt lat="45.786911" lon="13.987741">
        <ele>201.155628</ele>
        <time>2026-08-11T17:11:33.284Z</time>
      </trkpt>
      <trkpt lat="45.787167" lon="13.987268">
        <ele>200.141431</ele>
        <time>2026-08-11T17:11:37.758Z</time>
      </trkpt>
      <trkpt lat="45.787499" lon="13.986786">
        <ele>198.945584</ele>
        <time>2026-08-11T17:11:42.779Z</time>
      </trkpt>
      <trkpt lat="45.787850" lon="13.986449">
        <ele>197.862395</ele>
        <time>2026-08-11T17:11:47.238Z</time>
      </trkpt>
      <trkpt lat="45.788226" lon="13.985972">
        <ele>196.575074</ele>
        <time>2026-08-11T17:11:52.490Z</time>
      </trkpt>
      <trkpt lat="45.789022" lon="13.984510">
        <ele>193.422196</ele>
        <time>2026-08-11T17:12:06.013Z</time>
      </trkpt>
      <trkpt lat="45.789183" lon="13.984112">
        <ele>192.667195</ele>
        <time>2026-08-11T17:12:09.532Z</time>
      </trkpt>
      <trkpt lat="45.789326" lon="13.983596">
        <ele>191.756094</ele>
        <time>2026-08-11T17:12:13.812Z</time>
      </trkpt>
      <trkpt lat="45.789488" lon="13.983117">
        <ele>190.873877</ele>
        <time>2026-08-11T17:12:17.777Z</time>
      </trkpt>
      <trkpt lat="45.789693" lon="13.982638">
        <ele>189.891615</ele>
        <time>2026-08-11T17:12:21.995Z</time>
      </trkpt>
      <trkpt lat="45.789792" lon="13.982488">
        <ele>189.530647</ele>
        <time>2026-08-11T17:12:23.524Z</time>
      </trkpt>
      <trkpt lat="45.789830" lon="13.982419">
        <ele>189.376979</ele>
        <time>2026-08-11T17:12:24.185Z</time>
      </trkpt>
      <trkpt lat="45.789992" lon="13.982265">
        <ele>188.889836</ele>
        <time>2026-08-11T17:12:26.233Z</time>
      </trkpt>
      <trkpt lat="45.790106" lon="13.982088">
        <ele>188.468723</ele>
        <time>2026-08-11T17:12:27.997Z</time>
      </trkpt>
      <trkpt lat="45.790154" lon="13.981957">
        <ele>188.210088</ele>
        <time>2026-08-11T17:12:29.085Z</time>
      </trkpt>
      <trkpt lat="45.790379" lon="13.981206">
        <ele>186.781543</ele>
        <time>2026-08-11T17:12:34.948Z</time>
      </trkpt>
      <trkpt lat="45.790715" lon="13.980507">
        <ele>185.401185</ele>
        <time>2026-08-11T17:12:41.187Z</time>
      </trkpt>
      <trkpt lat="45.791130" lon="13.979487">
        <ele>183.513710</ele>
        <time>2026-08-11T17:12:50.093Z</time>
      </trkpt>
      <trkpt lat="45.791316" lon="13.979164">
        <ele>182.844179</ele>
        <time>2026-08-11T17:12:53.292Z</time>
      </trkpt>
      <trkpt lat="45.791608" lon="13.978926">
        <ele>182.099983</ele>
        <time>2026-08-11T17:12:56.976Z</time>
      </trkpt>
      <trkpt lat="45.792400" lon="13.978029">
        <ele>179.977881</ele>
        <time>2026-08-11T17:13:07.940Z</time>
      </trkpt>
      <trkpt lat="45.793119" lon="13.977301">
        <ele>178.144005</ele>
        <time>2026-08-11T17:13:17.489Z</time>
      </trkpt>
      <trkpt lat="45.793430" lon="13.976852">
        <ele>177.248950</ele>
        <time>2026-08-11T17:13:22.328Z</time>
      </trkpt>
      <trkpt lat="45.794086" lon="13.975757">
        <ele>175.207267</ele>
        <time>2026-08-11T17:13:33.395Z</time>
      </trkpt>
      <trkpt lat="45.794241" lon="13.975520">
        <ele>174.763378</ele>
        <time>2026-08-11T17:13:35.885Z</time>
      </trkpt>
      <trkpt lat="45.794406" lon="13.975327">
        <ele>174.364204</ele>
        <time>2026-08-11T17:13:38.229Z</time>
      </trkpt>
      <trkpt lat="45.794517" lon="13.975244">
        <ele>174.129518</ele>
        <time>2026-08-11T17:13:39.614Z</time>
      </trkpt>
      <trkpt lat="45.794895" lon="13.974984">
        <ele>173.343564</ele>
        <time>2026-08-11T17:13:44.254Z</time>
      </trkpt>
      <trkpt lat="45.794976" lon="13.974968">
        <ele>173.190272</ele>
        <time>2026-08-11T17:13:45.156Z</time>
      </trkpt>
      <trkpt lat="45.795048" lon="13.975008">
        <ele>173.045514</ele>
        <time>2026-08-11T17:13:46.008Z</time>
      </trkpt>
      <trkpt lat="45.795173" lon="13.974749">
        <ele>172.633764</ele>
        <time>2026-08-11T17:13:48.405Z</time>
      </trkpt>
      <trkpt lat="45.795575" lon="13.974306">
        <ele>171.683325</ele>
        <time>2026-08-11T17:13:53.993Z</time>
      </trkpt>
      <trkpt lat="45.795892" lon="13.974119">
        <ele>171.437242</ele>
        <time>2026-08-11T17:13:57.948Z</time>
      </trkpt>
      <trkpt lat="45.796174" lon="13.973989">
        <ele>171.288413</ele>
        <time>2026-08-11T17:14:01.569Z</time>
      </trkpt>
      <trkpt lat="45.796408" lon="13.973868">
        <ele>171.163433</ele>
        <time>2026-08-11T17:14:04.744Z</time>
      </trkpt>
      <trkpt lat="45.796650" lon="13.973658">
        <ele>171.021319</ele>
        <time>2026-08-11T17:14:08.484Z</time>
      </trkpt>
      <trkpt lat="45.796800" lon="13.973379">
        <ele>170.897899</ele>
        <time>2026-08-11T17:14:11.731Z</time>
      </trkpt>
      <trkpt lat="45.797021" lon="13.972438">
        <ele>170.680116</ele>
        <time>2026-08-11T17:14:23.823Z</time>
      </trkpt>
      <trkpt lat="45.797205" lon="13.972063">
        <ele>170.681885</ele>
        <time>2026-08-11T17:14:30.027Z</time>
      </trkpt>
      <trkpt lat="45.797351" lon="13.971873">
        <ele>170.682976</ele>
        <time>2026-08-11T17:14:33.681Z</time>
      </trkpt>
      <trkpt lat="45.797488" lon="13.971722">
        <ele>170.683933</ele>
        <time>2026-08-11T17:14:36.773Z</time>
      </trkpt>
      <trkpt lat="45.797605" lon="13.971594">
        <ele>170.684747</ele>
        <time>2026-08-11T17:14:39.191Z</time>
      </trkpt>
      <trkpt lat="45.797725" lon="13.971466">
        <ele>170.685575</ele>
        <time>2026-08-11T17:14:41.454Z</time>
      </trkpt>
      <trkpt lat="45.797959" lon="13.971238">
        <ele>170.687141</ele>
        <time>2026-08-11T17:14:45.152Z</time>
      </trkpt>
      <trkpt lat="45.798074" lon="13.971180">
        <ele>170.687816</ele>
        <time>2026-08-11T17:14:46.656Z</time>
      </trkpt>
      <trkpt lat="45.798693" lon="13.971135">
        <ele>169.492311</ele>
        <time>2026-08-11T17:14:53.618Z</time>
      </trkpt>
      <trkpt lat="45.799121" lon="13.971044">
        <ele>168.386932</ele>
        <time>2026-08-11T17:14:58.120Z</time>
      </trkpt>
      <trkpt lat="45.799377" lon="13.970973">
        <ele>167.720803</ele>
        <time>2026-08-11T17:15:00.751Z</time>
      </trkpt>
      <trkpt lat="45.799777" lon="13.970864">
        <ele>166.680627</ele>
        <time>2026-08-11T17:15:04.839Z</time>
      </trkpt>
      <trkpt lat="45.800200" lon="13.970734">
        <ele>165.527477</ele>
        <time>2026-08-11T17:15:09.252Z</time>
      </trkpt>
      <trkpt lat="45.801000" lon="13.970354">
        <ele>163.175226</ele>
        <time>2026-08-11T17:15:18.064Z</time>
      </trkpt>
      <trkpt lat="45.801082" lon="13.970294">
        <ele>162.918284</ele>
        <time>2026-08-11T17:15:19.030Z</time>
      </trkpt>
      <trkpt lat="45.801107" lon="13.970261">
        <ele>162.823452</ele>
        <time>2026-08-11T17:15:19.380Z</time>
      </trkpt>
      <trkpt lat="45.801241" lon="13.970082">
        <ele>162.312352</ele>
        <time>2026-08-11T17:15:21.297Z</time>
      </trkpt>
      <trkpt lat="45.801512" lon="13.969541">
        <ele>161.020947</ele>
        <time>2026-08-11T17:15:26.134Z</time>
      </trkpt>
      <trkpt lat="45.801679" lon="13.969265">
        <ele>160.371034</ele>
        <time>2026-08-11T17:15:28.783Z</time>
      </trkpt>
      <trkpt lat="45.801879" lon="13.969014">
        <ele>159.693149</ele>
        <time>2026-08-11T17:15:31.547Z</time>
      </trkpt>
      <trkpt lat="45.802321" lon="13.968577">
        <ele>158.323770</ele>
        <time>2026-08-11T17:15:37.154Z</time>
      </trkpt>
      <trkpt lat="45.802554" lon="13.968413">
        <ele>157.661711</ele>
        <time>2026-08-11T17:15:39.883Z</time>
      </trkpt>
      <trkpt lat="45.803186" lon="13.968066">
        <ele>156.052598</ele>
        <time>2026-08-11T17:15:47.106Z</time>
      </trkpt>
      <trkpt lat="45.804382" lon="13.967522">
        <ele>153.534246</ele>
        <time>2026-08-11T17:16:00.967Z</time>
      </trkpt>
      <trkpt lat="45.804727" lon="13.967280">
        <ele>152.770574</ele>
        <time>2026-08-11T17:16:05.252Z</time>
      </trkpt>
      <trkpt lat="45.804936" lon="13.967125">
        <ele>152.328669</ele>
        <time>2026-08-11T17:16:07.880Z</time>
      </trkpt>
      <trkpt lat="45.805936" lon="13.966251">
        <ele>150.129302</ele>
        <time>2026-08-11T17:16:20.878Z</time>
      </trkpt>
      <trkpt lat="45.806475" lon="13.965830">
        <ele>148.979485</ele>
        <time>2026-08-11T17:16:27.694Z</time>
      </trkpt>
      <trkpt lat="45.806976" lon="13.965549">
        <ele>147.974726</ele>
        <time>2026-08-11T17:16:33.677Z</time>
      </trkpt>
      <trkpt lat="45.811948" lon="13.963526">
        <ele>138.521966</ele>
        <time>2026-08-11T17:17:31.069Z</time>
      </trkpt>
      <trkpt lat="45.812078" lon="13.963473">
        <ele>138.317614</ele>
        <time>2026-08-11T17:17:32.568Z</time>
      </trkpt>
      <trkpt lat="45.812343" lon="13.963364">
        <ele>137.900773</ele>
        <time>2026-08-11T17:17:35.671Z</time>
      </trkpt>
      <trkpt lat="45.812418" lon="13.963334">
        <ele>137.783043</ele>
        <time>2026-08-11T17:17:36.549Z</time>
      </trkpt>
      <trkpt lat="45.812660" lon="13.963256">
        <ele>137.408001</ele>
        <time>2026-08-11T17:17:39.372Z</time>
      </trkpt>
      <trkpt lat="45.814030" lon="13.962884">
        <ele>136.235034</ele>
        <time>2026-08-11T17:17:56.630Z</time>
      </trkpt>
      <trkpt lat="45.816065" lon="13.962354">
        <ele>134.948202</ele>
        <time>2026-08-11T17:18:27.233Z</time>
      </trkpt>
      <trkpt lat="45.816682" lon="13.962245">
        <ele>134.482749</ele>
        <time>2026-08-11T17:18:34.222Z</time>
      </trkpt>
      <trkpt lat="45.817329" lon="13.962002">
        <ele>132.881477</ele>
        <time>2026-08-11T17:18:41.261Z</time>
      </trkpt>
      <trkpt lat="45.820298" lon="13.960828">
        <ele>125.468632</ele>
        <time>2026-08-11T17:19:13.798Z</time>
      </trkpt>
      <trkpt lat="45.822466" lon="13.959962">
        <ele>121.231647</ele>
        <time>2026-08-11T17:19:38.685Z</time>
      </trkpt>
      <trkpt lat="45.822851" lon="13.959749">
        <ele>120.595446</ele>
        <time>2026-08-11T17:19:43.421Z</time>
      </trkpt>
      <trkpt lat="45.823200" lon="13.959414">
        <ele>119.948053</ele>
        <time>2026-08-11T17:19:48.337Z</time>
      </trkpt>
      <trkpt lat="45.824259" lon="13.958291">
        <ele>118.534023</ele>
        <time>2026-08-11T17:20:04.260Z</time>
      </trkpt>
      <trkpt lat="45.824574" lon="13.958058">
        <ele>118.213795</ele>
        <time>2026-08-11T17:20:08.796Z</time>
      </trkpt>
      <trkpt lat="45.824866" lon="13.957916">
        <ele>117.935199</ele>
        <time>2026-08-11T17:20:12.759Z</time>
      </trkpt>
      <trkpt lat="45.824839" lon="13.957109">
        <ele>117.565737</ele>
        <time>2026-08-11T17:20:20.082Z</time>
      </trkpt>
      <trkpt lat="45.824826" lon="13.952822">
        <ele>116.129685</ele>
        <time>2026-08-11T17:20:59.507Z</time>
      </trkpt>
      <trkpt lat="45.824831" lon="13.952166">
        <ele>115.993732</ele>
        <time>2026-08-11T17:21:06.205Z</time>
      </trkpt>
      <trkpt lat="45.824864" lon="13.951640">
        <ele>115.925171</ele>
        <time>2026-08-11T17:21:11.552Z</time>
      </trkpt>
      <trkpt lat="45.824970" lon="13.951301">
        <ele>115.876936</ele>
        <time>2026-08-11T17:21:15.273Z</time>
      </trkpt>
      <trkpt lat="45.825629" lon="13.949687">
        <ele>115.712752</ele>
        <time>2026-08-11T17:21:33.549Z</time>
      </trkpt>
      <trkpt lat="45.825659" lon="13.949461">
        <ele>115.716803</ele>
        <time>2026-08-11T17:21:35.813Z</time>
      </trkpt>
      <trkpt lat="45.825568" lon="13.949163">
        <ele>115.722532</ele>
        <time>2026-08-11T17:21:39.116Z</time>
      </trkpt>
      <trkpt lat="45.825065" lon="13.948260">
        <ele>115.742888</ele>
        <time>2026-08-11T17:21:51.296Z</time>
      </trkpt>
      <trkpt lat="45.824850" lon="13.947763">
        <ele>115.888430</ele>
        <time>2026-08-11T17:21:57.990Z</time>
      </trkpt>
      <trkpt lat="45.824755" lon="13.947475">
        <ele>116.067188</ele>
        <time>2026-08-11T17:22:02.700Z</time>
      </trkpt>
      <trkpt lat="45.824469" lon="13.946439">
        <ele>116.692339</ele>
        <time>2026-08-11T17:22:16.155Z</time>
      </trkpt>
      <trkpt lat="45.824370" lon="13.946136">
        <ele>116.880082</ele>
        <time>2026-08-11T17:22:20.570Z</time>
      </trkpt>
      <trkpt lat="45.824194" lon="13.945769">
        <ele>117.130017</ele>
        <time>2026-08-11T17:22:26.858Z</time>
      </trkpt>
      <trkpt lat="45.823970" lon="13.945523">
        <ele>117.539227</ele>
        <time>2026-08-11T17:22:32.719Z</time>
      </trkpt>
      <trkpt lat="45.823102" lon="13.945052">
        <ele>119.135204</ele>
        <time>2026-08-11T17:22:52.719Z</time>
      </trkpt>
      <trkpt lat="45.822506" lon="13.944477">
        <ele>120.399251</ele>
        <time>2026-08-11T17:23:08.834Z</time>
      </trkpt>
      <trkpt lat="45.822266" lon="13.944338">
        <ele>121.004821</ele>
        <time>2026-08-11T17:23:14.801Z</time>
      </trkpt>
      <trkpt lat="45.822003" lon="13.944264">
        <ele>121.631910</ele>
        <time>2026-08-11T17:23:21.078Z</time>
      </trkpt>
      <trkpt lat="45.821750" lon="13.944287">
        <ele>122.225070</ele>
        <time>2026-08-11T17:23:27.132Z</time>
      </trkpt>
      <trkpt lat="45.821605" lon="13.944192">
        <ele>122.598034</ele>
        <time>2026-08-11T17:23:30.962Z</time>
      </trkpt>
      <trkpt lat="45.821501" lon="13.944046">
        <ele>122.938462</ele>
        <time>2026-08-11T17:23:34.521Z</time>
      </trkpt>
      <trkpt lat="45.821192" lon="13.941791">
        <ele>127.548396</ele>
        <time>2026-08-11T17:24:15.540Z</time>
      </trkpt>
      <trkpt lat="45.821146" lon="13.941339">
        <ele>128.586974</ele>
        <time>2026-08-11T17:24:24.423Z</time>
      </trkpt>
      <trkpt lat="45.821087" lon="13.941057">
        <ele>129.256407</ele>
        <time>2026-08-11T17:24:30.438Z</time>
      </trkpt>
      <trkpt lat="45.821033" lon="13.940923">
        <ele>129.608343</ele>
        <time>2026-08-11T17:24:33.701Z</time>
      </trkpt>
      <trkpt lat="45.820805" lon="13.940322">
        <ele>131.459951</ele>
        <time>2026-08-11T17:24:48.977Z</time>
      </trkpt>
      <trkpt lat="45.820502" lon="13.939044">
        <ele>135.667773</ele>
        <time>2026-08-11T17:25:20.489Z</time>
      </trkpt>
      <trkpt lat="45.820320" lon="13.938720">
        <ele>136.964930</ele>
        <time>2026-08-11T17:25:30.658Z</time>
      </trkpt>
      <trkpt lat="45.820136" lon="13.938354">
        <ele>138.371642</ele>
        <time>2026-08-11T17:25:40.708Z</time>
      </trkpt>
      <trkpt lat="45.819842" lon="13.937612">
        <ele>140.409069</ele>
        <time>2026-08-11T17:25:59.298Z</time>
      </trkpt>
      <trkpt lat="45.819651" lon="13.937278">
        <ele>141.435591</ele>
        <time>2026-08-11T17:26:08.644Z</time>
      </trkpt>
      <trkpt lat="45.819280" lon="13.937073">
        <ele>142.790948</ele>
        <time>2026-08-11T17:26:20.432Z</time>
      </trkpt>
      <trkpt lat="45.819176" lon="13.937073">
        <ele>143.145505</ele>
        <time>2026-08-11T17:26:23.079Z</time>
      </trkpt>
      <trkpt lat="45.819158" lon="13.937100">
        <ele>143.234280</ele>
        <time>2026-08-11T17:26:23.689Z</time>
      </trkpt>
      <trkpt lat="45.819118" lon="13.937203">
        <ele>143.514434</ele>
        <time>2026-08-11T17:26:26.069Z</time>
      </trkpt>
      <trkpt lat="45.818948" lon="13.937667">
        <ele>144.732405</ele>
        <time>2026-08-11T17:26:34.202Z</time>
      </trkpt>
      <trkpt lat="45.818716" lon="13.938204">
        <ele>146.042627</ele>
        <time>2026-08-11T17:26:43.727Z</time>
      </trkpt>
      <trkpt lat="45.818705" lon="13.938220">
        <ele>146.089235</ele>
        <time>2026-08-11T17:26:44.035Z</time>
      </trkpt>
      <trkpt lat="45.818621" lon="13.938365">
        <ele>146.480249</ele>
        <time>2026-08-11T17:26:46.743Z</time>
      </trkpt>
      <trkpt lat="45.818342" lon="13.938774">
        <ele>147.667094</ele>
        <time>2026-08-11T17:26:55.191Z</time>
      </trkpt>
      <trkpt lat="45.817959" lon="13.939174">
        <ele>149.076660</ele>
        <time>2026-08-11T17:27:07.821Z</time>
      </trkpt>
      <trkpt lat="45.817814" lon="13.939208">
        <ele>149.513840</ele>
        <time>2026-08-11T17:27:12.622Z</time>
      </trkpt>
      <trkpt lat="45.817731" lon="13.939129">
        <ele>149.810211</ele>
        <time>2026-08-11T17:27:16.365Z</time>
      </trkpt>
      <trkpt lat="45.817730" lon="13.938969">
        <ele>150.497835</ele>
        <time>2026-08-11T17:27:20.874Z</time>
      </trkpt>
      <trkpt lat="45.817810" lon="13.938740">
        <ele>151.795541</ele>
        <time>2026-08-11T17:27:28.396Z</time>
      </trkpt>
      <trkpt lat="45.817911" lon="13.938475">
        <ele>153.325668</ele>
        <time>2026-08-11T17:27:37.548Z</time>
      </trkpt>
      <trkpt lat="45.817986" lon="13.938134">
        <ele>155.137161</ele>
        <time>2026-08-11T17:27:49.100Z</time>
      </trkpt>
      <trkpt lat="45.818035" lon="13.937446">
        <ele>158.640727</ele>
        <time>2026-08-11T17:28:13.073Z</time>
      </trkpt>
      <trkpt lat="45.818109" lon="13.936814">
        <ele>161.887312</ele>
        <time>2026-08-11T17:28:35.073Z</time>
      </trkpt>
      <trkpt lat="45.818110" lon="13.936519">
        <ele>163.210079</ele>
        <time>2026-08-11T17:28:44.412Z</time>
      </trkpt>
      <trkpt lat="45.818056" lon="13.936264">
        <ele>163.997675</ele>
        <time>2026-08-11T17:28:52.118Z</time>
      </trkpt>
      <trkpt lat="45.817777" lon="13.935310">
        <ele>167.055104</ele>
        <time>2026-08-11T17:29:16.388Z</time>
      </trkpt>
      <trkpt lat="45.817715" lon="13.935196">
        <ele>167.482437</ele>
        <time>2026-08-11T17:29:19.121Z</time>
      </trkpt>
      <trkpt lat="45.817649" lon="13.935205">
        <ele>167.763555</ele>
        <time>2026-08-11T17:29:20.771Z</time>
      </trkpt>
      <trkpt lat="45.817624" lon="13.935253">
        <ele>167.940640</ele>
        <time>2026-08-11T17:29:21.763Z</time>
      </trkpt>
      <trkpt lat="45.817626" lon="13.935320">
        <ele>168.138822</ele>
        <time>2026-08-11T17:29:22.879Z</time>
      </trkpt>
      <trkpt lat="45.817775" lon="13.935944">
        <ele>170.088111</ele>
        <time>2026-08-11T17:29:33.928Z</time>
      </trkpt>
      <trkpt lat="45.817837" lon="13.936370">
        <ele>171.346136</ele>
        <time>2026-08-11T17:29:40.974Z</time>
      </trkpt>
      <trkpt lat="45.817827" lon="13.936759">
        <ele>172.455003</ele>
        <time>2026-08-11T17:29:47.236Z</time>
      </trkpt>
      <trkpt lat="45.817814" lon="13.936845">
        <ele>172.705681</ele>
        <time>2026-08-11T17:29:48.779Z</time>
      </trkpt>
      <trkpt lat="45.817762" lon="13.936937">
        <ele>173.043106</ele>
        <time>2026-08-11T17:29:50.723Z</time>
      </trkpt>
      <trkpt lat="45.817704" lon="13.936911">
        <ele>173.291471</ele>
        <time>2026-08-11T17:29:52.343Z</time>
      </trkpt>
      <trkpt lat="45.817674" lon="13.936845">
        <ele>173.515933</ele>
        <time>2026-08-11T17:29:53.770Z</time>
      </trkpt>
      <trkpt lat="45.817696" lon="13.936473">
        <ele>174.579431</ele>
        <time>2026-08-11T17:30:01.080Z</time>
      </trkpt>
      <trkpt lat="45.817670" lon="13.936308">
        <ele>175.061319</ele>
        <time>2026-08-11T17:30:04.644Z</time>
      </trkpt>
      <trkpt lat="45.817605" lon="13.936139">
        <ele>175.611180</ele>
        <time>2026-08-11T17:30:09.007Z</time>
      </trkpt>
      <trkpt lat="45.817284" lon="13.935544">
        <ele>177.754599</ele>
        <time>2026-08-11T17:30:29.569Z</time>
      </trkpt>
      <trkpt lat="45.817065" lon="13.935012">
        <ele>180.630440</ele>
        <time>2026-08-11T17:30:48.387Z</time>
      </trkpt>
      <trkpt lat="45.816776" lon="13.933991">
        <ele>186.005290</ele>
        <time>2026-08-11T17:31:22.909Z</time>
      </trkpt>
      <trkpt lat="45.816525" lon="13.933260">
        <ele>189.979893</ele>
        <time>2026-08-11T17:31:47.266Z</time>
      </trkpt>
      <trkpt lat="45.816227" lon="13.932140">
        <ele>195.374388</ele>
        <time>2026-08-11T17:32:20.818Z</time>
      </trkpt>
      <trkpt lat="45.816000" lon="13.931077">
        <ele>200.333082</ele>
        <time>2026-08-11T17:32:53.322Z</time>
      </trkpt>
      <trkpt lat="45.815905" lon="13.930646">
        <ele>202.281361</ele>
        <time>2026-08-11T17:33:05.643Z</time>
      </trkpt>
      <trkpt lat="45.815830" lon="13.930162">
        <ele>203.998579</ele>
        <time>2026-08-11T17:33:18.611Z</time>
      </trkpt>
      <trkpt lat="45.815619" lon="13.927662">
        <ele>213.258447</ele>
        <time>2026-08-11T17:34:16.089Z</time>
      </trkpt>
      <trkpt lat="45.815541" lon="13.927449">
        <ele>214.349933</ele>
        <time>2026-08-11T17:34:22.635Z</time>
      </trkpt>
      <trkpt lat="45.815276" lon="13.927114">
        <ele>216.648689</ele>
        <time>2026-08-11T17:34:37.319Z</time>
      </trkpt>
      <trkpt lat="45.815063" lon="13.926774">
        <ele>218.722526</ele>
        <time>2026-08-11T17:34:51.411Z</time>
      </trkpt>
      <trkpt lat="45.814969" lon="13.926578">
        <ele>219.801812</ele>
        <time>2026-08-11T17:34:59.001Z</time>
      </trkpt>
      <trkpt lat="45.814901" lon="13.926397">
        <ele>220.734581</ele>
        <time>2026-08-11T17:35:05.751Z</time>
      </trkpt>
      <trkpt lat="45.814796" lon="13.925871">
        <ele>223.097656</ele>
        <time>2026-08-11T17:35:23.846Z</time>
      </trkpt>
      <trkpt lat="45.814609" lon="13.924575">
        <ele>227.744777</ele>
        <time>2026-08-11T17:36:01.398Z</time>
      </trkpt>
      <trkpt lat="45.814548" lon="13.923926">
        <ele>230.044235</ele>
        <time>2026-08-11T17:36:14.945Z</time>
      </trkpt>
      <trkpt lat="45.814523" lon="13.923413">
        <ele>231.744839</ele>
        <time>2026-08-11T17:36:24.189Z</time>
      </trkpt>
      <trkpt lat="45.814536" lon="13.922558">
        <ele>231.546267</ele>
        <time>2026-08-11T17:36:36.096Z</time>
      </trkpt>
      <trkpt lat="45.814536" lon="13.922523">
        <ele>231.538140</ele>
        <time>2026-08-11T17:36:36.514Z</time>
      </trkpt>
      <trkpt lat="45.814533" lon="13.922433">
        <ele>231.517219</ele>
        <time>2026-08-11T17:36:37.462Z</time>
      </trkpt>
      <trkpt lat="45.814509" lon="13.922014">
        <ele>231.419602</ele>
        <time>2026-08-11T17:36:41.375Z</time>
      </trkpt>
      <trkpt lat="45.814433" lon="13.921587">
        <ele>231.317274</ele>
        <time>2026-08-11T17:36:45.077Z</time>
      </trkpt>
      <trkpt lat="45.814177" lon="13.919431">
        <ele>227.436014</ele>
        <time>2026-08-11T17:37:00.925Z</time>
      </trkpt>
      <trkpt lat="45.814004" lon="13.918473">
        <ele>224.944307</ele>
        <time>2026-08-11T17:37:07.567Z</time>
      </trkpt>
      <trkpt lat="45.813889" lon="13.917988">
        <ele>223.238870</ele>
        <time>2026-08-11T17:37:10.884Z</time>
      </trkpt>
      <trkpt lat="45.813737" lon="13.917524">
        <ele>221.411706</ele>
        <time>2026-08-11T17:37:14.173Z</time>
      </trkpt>
      <trkpt lat="45.813597" lon="13.916981">
        <ele>219.348373</ele>
        <time>2026-08-11T17:37:17.909Z</time>
      </trkpt>
      <trkpt lat="45.813500" lon="13.916712">
        <ele>218.268992</ele>
        <time>2026-08-11T17:37:19.879Z</time>
      </trkpt>
      <trkpt lat="45.813007" lon="13.915725">
        <ele>214.627942</ele>
        <time>2026-08-11T17:37:27.910Z</time>
      </trkpt>
      <trkpt lat="45.812612" lon="13.914752">
        <ele>212.431597</ele>
        <time>2026-08-11T17:37:36.037Z</time>
      </trkpt>
      <trkpt lat="45.812564" lon="13.914362">
        <ele>211.659106</ele>
        <time>2026-08-11T17:37:39.024Z</time>
      </trkpt>
      <trkpt lat="45.812301" lon="13.913098">
        <ele>209.680396</ele>
        <time>2026-08-11T17:37:49.675Z</time>
      </trkpt>
      <trkpt lat="45.812238" lon="13.912892">
        <ele>209.436456</ele>
        <time>2026-08-11T17:37:51.499Z</time>
      </trkpt>
      <trkpt lat="45.812081" lon="13.912542">
        <ele>208.985115</ele>
        <time>2026-08-11T17:37:54.868Z</time>
      </trkpt>
      <trkpt lat="45.812071" lon="13.912399">
        <ele>208.829269</ele>
        <time>2026-08-11T17:37:56.057Z</time>
      </trkpt>
      <trkpt lat="45.812119" lon="13.911950">
        <ele>208.336685</ele>
        <time>2026-08-11T17:37:59.812Z</time>
      </trkpt>
      <trkpt lat="45.812085" lon="13.910942">
        <ele>206.646411</ele>
        <time>2026-08-11T17:38:07.889Z</time>
      </trkpt>
      <trkpt lat="45.812118" lon="13.910612">
        <ele>205.723612</ele>
        <time>2026-08-11T17:38:10.347Z</time>
      </trkpt>
      <trkpt lat="45.812440" lon="13.909610">
        <ele>202.669477</ele>
        <time>2026-08-11T17:38:17.817Z</time>
      </trkpt>
      <trkpt lat="45.812588" lon="13.908936">
        <ele>200.713455</ele>
        <time>2026-08-11T17:38:22.342Z</time>
      </trkpt>
      <trkpt lat="45.812711" lon="13.908621">
        <ele>199.714002</ele>
        <time>2026-08-11T17:38:24.647Z</time>
      </trkpt>
      <trkpt lat="45.813037" lon="13.907958">
        <ele>197.468035</ele>
        <time>2026-08-11T17:38:29.966Z</time>
      </trkpt>
      <trkpt lat="45.813337" lon="13.907641">
        <ele>195.988345</ele>
        <time>2026-08-11T17:38:33.727Z</time>
      </trkpt>
      <trkpt lat="45.813460" lon="13.907462">
        <ele>195.292554</ele>
        <time>2026-08-11T17:38:35.545Z</time>
      </trkpt>
      <trkpt lat="45.813485" lon="13.907372">
        <ele>195.024372</ele>
        <time>2026-08-11T17:38:36.235Z</time>
      </trkpt>
      <trkpt lat="45.813525" lon="13.906902">
        <ele>193.713715</ele>
        <time>2026-08-11T17:38:39.721Z</time>
      </trkpt>
      <trkpt lat="45.813545" lon="13.906744">
        <ele>193.267088</ele>
        <time>2026-08-11T17:38:40.897Z</time>
      </trkpt>
      <trkpt lat="45.813576" lon="13.906599">
        <ele>192.834721</ele>
        <time>2026-08-11T17:38:42.009Z</time>
      </trkpt>
      <trkpt lat="45.813766" lon="13.906110">
        <ele>191.238734</ele>
        <time>2026-08-11T17:38:46.042Z</time>
      </trkpt>
      <trkpt lat="45.814070" lon="13.905544">
        <ele>189.201723</ele>
        <time>2026-08-11T17:38:50.990Z</time>
      </trkpt>
      <trkpt lat="45.814292" lon="13.905186">
        <ele>187.835712</ele>
        <time>2026-08-11T17:38:54.129Z</time>
      </trkpt>
      <trkpt lat="45.814412" lon="13.904988">
        <ele>187.087725</ele>
        <time>2026-08-11T17:38:55.823Z</time>
      </trkpt>
      <trkpt lat="45.814508" lon="13.904840">
        <ele>186.511381</ele>
        <time>2026-08-11T17:38:57.123Z</time>
      </trkpt>
      <trkpt lat="45.814560" lon="13.904637">
        <ele>185.898298</ele>
        <time>2026-08-11T17:38:58.517Z</time>
      </trkpt>
      <trkpt lat="45.814584" lon="13.904419">
        <ele>185.293642</ele>
        <time>2026-08-11T17:38:59.943Z</time>
      </trkpt>
      <trkpt lat="45.814580" lon="13.904119">
        <ele>184.471586</ele>
        <time>2026-08-11T17:39:01.893Z</time>
      </trkpt>
      <trkpt lat="45.814461" lon="13.903016">
        <ele>181.413720</ele>
        <time>2026-08-11T17:39:09.393Z</time>
      </trkpt>
      <trkpt lat="45.814462" lon="13.902760">
        <ele>180.712348</ele>
        <time>2026-08-11T17:39:11.203Z</time>
      </trkpt>
      <trkpt lat="45.814582" lon="13.901721">
        <ele>178.722825</ele>
        <time>2026-08-11T17:39:19.021Z</time>
      </trkpt>
      <trkpt lat="45.814574" lon="13.901320">
        <ele>178.529957</ele>
        <time>2026-08-11T17:39:22.230Z</time>
      </trkpt>
      <trkpt lat="45.814530" lon="13.901117">
        <ele>178.427750</ele>
        <time>2026-08-11T17:39:23.968Z</time>
      </trkpt>
      <trkpt lat="45.814042" lon="13.899960">
        <ele>177.777571</ele>
        <time>2026-08-11T17:39:36.951Z</time>
      </trkpt>
      <trkpt lat="45.813829" lon="13.899546">
        <ele>177.588753</ele>
        <time>2026-08-11T17:39:44.190Z</time>
      </trkpt>
      <trkpt lat="45.813655" lon="13.899366">
        <ele>177.501557</ele>
        <time>2026-08-11T17:39:48.894Z</time>
      </trkpt>
      <trkpt lat="45.813313" lon="13.899202">
        <ele>177.354979</ele>
        <time>2026-08-11T17:39:56.385Z</time>
      </trkpt>
      <trkpt lat="45.812982" lon="13.898970">
        <ele>177.205235</ele>
        <time>2026-08-11T17:40:02.191Z</time>
      </trkpt>
      <trkpt lat="45.812826" lon="13.898808">
        <ele>177.126956</ele>
        <time>2026-08-11T17:40:04.581Z</time>
      </trkpt>
      <trkpt lat="45.812737" lon="13.898656">
        <ele>177.070712</ele>
        <time>2026-08-11T17:40:06.143Z</time>
      </trkpt>
      <trkpt lat="45.812639" lon="13.898360">
        <ele>176.977868</ele>
        <time>2026-08-11T17:40:08.621Z</time>
      </trkpt>
      <trkpt lat="45.812487" lon="13.897593">
        <ele>175.121615</ele>
        <time>2026-08-11T17:40:14.137Z</time>
      </trkpt>
      <trkpt lat="45.812472" lon="13.897279">
        <ele>174.266205</ele>
        <time>2026-08-11T17:40:16.192Z</time>
      </trkpt>
      <trkpt lat="45.812509" lon="13.897102">
        <ele>173.763974</ele>
        <time>2026-08-11T17:40:17.389Z</time>
      </trkpt>
      <trkpt lat="45.812592" lon="13.896852">
        <ele>173.011367</ele>
        <time>2026-08-11T17:40:19.183Z</time>
      </trkpt>
      <trkpt lat="45.812801" lon="13.896377">
        <ele>171.484676</ele>
        <time>2026-08-11T17:40:22.867Z</time>
      </trkpt>
      <trkpt lat="45.813005" lon="13.895753">
        <ele>169.789885</ele>
        <time>2026-08-11T17:40:27.692Z</time>
      </trkpt>
      <trkpt lat="45.813037" lon="13.895512">
        <ele>169.498729</ele>
        <time>2026-08-11T17:40:29.569Z</time>
      </trkpt>
      <trkpt lat="45.813054" lon="13.894706">
        <ele>168.541751</ele>
        <time>2026-08-11T17:40:36.087Z</time>
      </trkpt>
      <trkpt lat="45.813084" lon="13.894482">
        <ele>168.271051</ele>
        <time>2026-08-11T17:40:38.022Z</time>
      </trkpt>
      <trkpt lat="45.813126" lon="13.894365">
        <ele>168.114865</ele>
        <time>2026-08-11T17:40:39.138Z</time>
      </trkpt>
      <trkpt lat="45.813334" lon="13.894065">
        <ele>167.612684</ele>
        <time>2026-08-11T17:40:42.765Z</time>
      </trkpt>
      <trkpt lat="45.813455" lon="13.893799">
        <ele>167.235722</ele>
        <time>2026-08-11T17:40:45.456Z</time>
      </trkpt>
      <trkpt lat="45.813636" lon="13.893016">
        <ele>166.295224</ele>
        <time>2026-08-11T17:40:51.989Z</time>
      </trkpt>
      <trkpt lat="45.813691" lon="13.892608">
        <ele>165.833241</ele>
        <time>2026-08-11T17:40:55.261Z</time>
      </trkpt>
      <trkpt lat="45.813693" lon="13.892393">
        <ele>165.594202</ele>
        <time>2026-08-11T17:40:56.966Z</time>
      </trkpt>
      <trkpt lat="45.813672" lon="13.892073">
        <ele>165.236882</ele>
        <time>2026-08-11T17:40:59.510Z</time>
      </trkpt>
      <trkpt lat="45.813634" lon="13.891846">
        <ele>164.977347</ele>
        <time>2026-08-11T17:41:01.347Z</time>
      </trkpt>
      <trkpt lat="45.813767" lon="13.891668">
        <ele>164.687244</ele>
        <time>2026-08-11T17:41:03.413Z</time>
      </trkpt>
      <trkpt lat="45.814051" lon="13.891022">
        <ele>163.900103</ele>
        <time>2026-08-11T17:41:09.386Z</time>
      </trkpt>
      <trkpt lat="45.814433" lon="13.890447">
        <ele>163.361788</ele>
        <time>2026-08-11T17:41:15.767Z</time>
      </trkpt>
      <trkpt lat="45.814447" lon="13.890350">
        <ele>163.294660</ele>
        <time>2026-08-11T17:41:16.614Z</time>
      </trkpt>
      <trkpt lat="45.814417" lon="13.889981">
        <ele>163.042905</ele>
        <time>2026-08-11T17:41:19.842Z</time>
      </trkpt>
      <trkpt lat="45.814467" lon="13.889825">
        <ele>162.926547</ele>
        <time>2026-08-11T17:41:21.333Z</time>
      </trkpt>
      <trkpt lat="45.814570" lon="13.889591">
        <ele>162.738998</ele>
        <time>2026-08-11T17:41:23.729Z</time>
      </trkpt>
      <trkpt lat="45.814824" lon="13.889250">
        <ele>162.400783</ele>
        <time>2026-08-11T17:41:28.233Z</time>
      </trkpt>
      <trkpt lat="45.815158" lon="13.888904">
        <ele>161.996902</ele>
        <time>2026-08-11T17:41:34.083Z</time>
      </trkpt>
      <trkpt lat="45.815439" lon="13.888659">
        <ele>161.672893</ele>
        <time>2026-08-11T17:41:39.378Z</time>
      </trkpt>
      <trkpt lat="45.816396" lon="13.888047">
        <ele>160.640453</ele>
        <time>2026-08-11T17:41:52.682Z</time>
      </trkpt>
      <trkpt lat="45.816818" lon="13.887746">
        <ele>159.386233</ele>
        <time>2026-08-11T17:41:57.520Z</time>
      </trkpt>
      <trkpt lat="45.817023" lon="13.887672">
        <ele>158.628796</ele>
        <time>2026-08-11T17:41:59.605Z</time>
      </trkpt>
      <trkpt lat="45.817073" lon="13.887637">
        <ele>158.429454</ele>
        <time>2026-08-11T17:42:00.149Z</time>
      </trkpt>
      <trkpt lat="45.817168" lon="13.887510">
        <ele>157.964202</ele>
        <time>2026-08-11T17:42:01.409Z</time>
      </trkpt>
      <trkpt lat="45.817258" lon="13.887309">
        <ele>157.367584</ele>
        <time>2026-08-11T17:42:03.005Z</time>
      </trkpt>
      <trkpt lat="45.817353" lon="13.887183">
        <ele>156.904032</ele>
        <time>2026-08-11T17:42:04.240Z</time>
      </trkpt>
      <trkpt lat="45.817586" lon="13.886978">
        <ele>155.924695</ele>
        <time>2026-08-11T17:42:06.850Z</time>
      </trkpt>
      <trkpt lat="45.818018" lon="13.886685">
        <ele>154.212548</ele>
        <time>2026-08-11T17:42:11.455Z</time>
      </trkpt>
      <trkpt lat="45.818981" lon="13.885871">
        <ele>151.517759</ele>
        <time>2026-08-11T17:42:23.245Z</time>
      </trkpt>
      <trkpt lat="45.819163" lon="13.885670">
        <ele>150.976811</ele>
        <time>2026-08-11T17:42:25.838Z</time>
      </trkpt>
      <trkpt lat="45.819352" lon="13.885410">
        <ele>150.360110</ele>
        <time>2026-08-11T17:42:28.791Z</time>
      </trkpt>
      <trkpt lat="45.819643" lon="13.884943">
        <ele>149.539222</ele>
        <time>2026-08-11T17:42:33.792Z</time>
      </trkpt>
      <trkpt lat="45.819763" lon="13.884676">
        <ele>149.251548</ele>
        <time>2026-08-11T17:42:36.350Z</time>
      </trkpt>
      <trkpt lat="45.819922" lon="13.884401">
        <ele>148.928006</ele>
        <time>2026-08-11T17:42:39.264Z</time>
      </trkpt>
      <trkpt lat="45.821185" lon="13.882831">
        <ele>147.033093</ele>
        <time>2026-08-11T17:42:59.153Z</time>
      </trkpt>
      <trkpt lat="45.821552" lon="13.882184">
        <ele>146.575501</ele>
        <time>2026-08-11T17:43:06.520Z</time>
      </trkpt>
      <trkpt lat="45.822782" lon="13.880310">
        <ele>145.610875</ele>
        <time>2026-08-11T17:43:30.833Z</time>
      </trkpt>
      <trkpt lat="45.823547" lon="13.879588">
        <ele>145.069274</ele>
        <time>2026-08-11T17:43:43.604Z</time>
      </trkpt>
      <trkpt lat="45.823866" lon="13.878774">
        <ele>144.292680</ele>
        <time>2026-08-11T17:43:51.542Z</time>
      </trkpt>
      <trkpt lat="45.824128" lon="13.878270">
        <ele>143.769803</ele>
        <time>2026-08-11T17:43:56.429Z</time>
      </trkpt>
      <trkpt lat="45.824385" lon="13.877582">
        <ele>143.166336</ele>
        <time>2026-08-11T17:44:02.532Z</time>
      </trkpt>
      <trkpt lat="45.824580" lon="13.877298">
        <ele>143.023436</ele>
        <time>2026-08-11T17:44:05.748Z</time>
      </trkpt>
      <trkpt lat="45.824739" lon="13.877138">
        <ele>142.923553</ele>
        <time>2026-08-11T17:44:08.113Z</time>
      </trkpt>
      <trkpt lat="45.824856" lon="13.876897">
        <ele>142.818280</ele>
        <time>2026-08-11T17:44:10.701Z</time>
      </trkpt>
      <trkpt lat="45.824923" lon="13.876649">
        <ele>142.722946</ele>
        <time>2026-08-11T17:44:13.102Z</time>
      </trkpt>
      <trkpt lat="45.825013" lon="13.875983">
        <ele>142.479794</ele>
        <time>2026-08-11T17:44:20.196Z</time>
      </trkpt>
      <trkpt lat="45.825112" lon="13.875531">
        <ele>142.309977</ele>
        <time>2026-08-11T17:44:25.922Z</time>
      </trkpt>
      <trkpt lat="45.825150" lon="13.875384">
        <ele>142.254521</ele>
        <time>2026-08-11T17:44:27.663Z</time>
      </trkpt>
      <trkpt lat="45.825204" lon="13.875090">
        <ele>142.149205</ele>
        <time>2026-08-11T17:44:31.006Z</time>
      </trkpt>
      <trkpt lat="45.825306" lon="13.874246">
        <ele>141.852491</ele>
        <time>2026-08-11T17:44:39.790Z</time>
      </trkpt>
      <trkpt lat="45.825314" lon="13.872554">
        <ele>141.355717</ele>
        <time>2026-08-11T17:44:54.080Z</time>
      </trkpt>
      <trkpt lat="45.825326" lon="13.872380">
        <ele>141.342045</ele>
        <time>2026-08-11T17:44:55.508Z</time>
      </trkpt>
      <trkpt lat="45.825403" lon="13.871973">
        <ele>141.309069</ele>
        <time>2026-08-11T17:44:59.101Z</time>
      </trkpt>
      <trkpt lat="45.825461" lon="13.871750">
        <ele>141.290458</ele>
        <time>2026-08-11T17:45:01.231Z</time>
      </trkpt>
      <trkpt lat="45.825557" lon="13.871502">
        <ele>141.268276</ele>
        <time>2026-08-11T17:45:03.803Z</time>
      </trkpt>
      <trkpt lat="45.826183" lon="13.870625">
        <ele>141.268823</ele>
        <time>2026-08-11T17:45:17.948Z</time>
      </trkpt>
      <trkpt lat="45.826557" lon="13.870004">
        <ele>141.849270</ele>
        <time>2026-08-11T17:45:33.114Z</time>
      </trkpt>
      <trkpt lat="45.826713" lon="13.869854">
        <ele>142.039837</ele>
        <time>2026-08-11T17:45:37.889Z</time>
      </trkpt>
      <trkpt lat="45.826792" lon="13.869816">
        <ele>142.124394</ele>
        <time>2026-08-11T17:45:39.757Z</time>
      </trkpt>
      <trkpt lat="45.826972" lon="13.869811">
        <ele>142.307099</ele>
        <time>2026-08-11T17:45:43.565Z</time>
      </trkpt>
      <trkpt lat="45.827204" lon="13.869894">
        <ele>142.549749</ele>
        <time>2026-08-11T17:45:48.012Z</time>
      </trkpt>
      <trkpt lat="45.827431" lon="13.870026">
        <ele>142.798312</ele>
        <time>2026-08-11T17:45:51.967Z</time>
      </trkpt>
      <trkpt lat="45.827554" lon="13.870020">
        <ele>142.923210</ele>
        <time>2026-08-11T17:45:53.727Z</time>
      </trkpt>
      <trkpt lat="45.827627" lon="13.869972">
        <ele>143.004699</ele>
        <time>2026-08-11T17:45:54.837Z</time>
      </trkpt>
      <trkpt lat="45.827730" lon="13.869867">
        <ele>142.640293</ele>
        <time>2026-08-11T17:45:56.439Z</time>
      </trkpt>
      <trkpt lat="45.827641" lon="13.869695">
        <ele>142.207067</ele>
        <time>2026-08-11T17:45:58.173Z</time>
      </trkpt>
      <trkpt lat="45.826869" lon="13.868568">
        <ele>139.011262</ele>
        <time>2026-08-11T17:46:08.979Z</time>
      </trkpt>
      <trkpt lat="45.826795" lon="13.868368">
        <ele>138.553341</ele>
        <time>2026-08-11T17:46:10.530Z</time>
      </trkpt>
      <trkpt lat="45.826703" lon="13.867938">
        <ele>137.709973</ele>
        <time>2026-08-11T17:46:13.674Z</time>
      </trkpt>
      <trkpt lat="45.826712" lon="13.867413">
        <ele>137.143990</ele>
        <time>2026-08-11T17:46:17.500Z</time>
      </trkpt>
      <trkpt lat="45.826710" lon="13.867060">
        <ele>136.763537</ele>
        <time>2026-08-11T17:46:20.215Z</time>
      </trkpt>
      <trkpt lat="45.826643" lon="13.866472">
        <ele>136.121411</ele>
        <time>2026-08-11T17:46:25.231Z</time>
      </trkpt>
      <trkpt lat="45.826595" lon="13.866170">
        <ele>135.787575</ele>
        <time>2026-08-11T17:46:28.076Z</time>
      </trkpt>
      <trkpt lat="45.826469" lon="13.865665">
        <ele>135.209480</ele>
        <time>2026-08-11T17:46:32.937Z</time>
      </trkpt>
      <trkpt lat="45.826448" lon="13.865584">
        <ele>135.116337</ele>
        <time>2026-08-11T17:46:33.721Z</time>
      </trkpt>
      <trkpt lat="45.826224" lon="13.864538">
        <ele>134.367661</ele>
        <time>2026-08-11T17:46:43.271Z</time>
      </trkpt>
      <trkpt lat="45.826217" lon="13.864504">
        <ele>134.344877</ele>
        <time>2026-08-11T17:46:43.573Z</time>
      </trkpt>
      <trkpt lat="45.826069" lon="13.863777">
        <ele>133.858153</ele>
        <time>2026-08-11T17:46:50.030Z</time>
      </trkpt>
      <trkpt lat="45.826058" lon="13.863728">
        <ele>133.825070</ele>
        <time>2026-08-11T17:46:50.455Z</time>
      </trkpt>
      <trkpt lat="45.825965" lon="13.863265">
        <ele>133.515415</ele>
        <time>2026-08-11T17:46:54.564Z</time>
      </trkpt>
      <trkpt lat="45.825951" lon="13.862906">
        <ele>133.325717</ele>
        <time>2026-08-11T17:46:57.580Z</time>
      </trkpt>
      <trkpt lat="45.826003" lon="13.862251">
        <ele>133.190997</ele>
        <time>2026-08-11T17:47:03.281Z</time>
      </trkpt>
      <trkpt lat="45.826067" lon="13.861987">
        <ele>133.133875</ele>
        <time>2026-08-11T17:47:05.836Z</time>
      </trkpt>
      <trkpt lat="45.826301" lon="13.861472">
        <ele>133.008235</ele>
        <time>2026-08-11T17:47:12.344Z</time>
      </trkpt>
      <trkpt lat="45.826669" lon="13.860858">
        <ele>132.842733</ele>
        <time>2026-08-11T17:47:21.370Z</time>
      </trkpt>
      <trkpt lat="45.826909" lon="13.860518">
        <ele>132.592080</ele>
        <time>2026-08-11T17:47:26.215Z</time>
      </trkpt>
      <trkpt lat="45.827020" lon="13.860237">
        <ele>132.390152</ele>
        <time>2026-08-11T17:47:29.406Z</time>
      </trkpt>
      <trkpt lat="45.827076" lon="13.859794">
        <ele>132.108693</ele>
        <time>2026-08-11T17:47:33.531Z</time>
      </trkpt>
      <trkpt lat="45.827099" lon="13.859577">
        <ele>131.971476</ele>
        <time>2026-08-11T17:47:35.420Z</time>
      </trkpt>
      <trkpt lat="45.827327" lon="13.858894">
        <ele>131.498038</ele>
        <time>2026-08-11T17:47:41.503Z</time>
      </trkpt>
      <trkpt lat="45.827360" lon="13.858460">
        <ele>131.225116</ele>
        <time>2026-08-11T17:47:44.884Z</time>
      </trkpt>
      <trkpt lat="45.827430" lon="13.857791">
        <ele>130.815840</ele>
        <time>2026-08-11T17:47:50.224Z</time>
      </trkpt>
      <trkpt lat="45.827479" lon="13.857568">
        <ele>130.674627</ele>
        <time>2026-08-11T17:47:52.129Z</time>
      </trkpt>
      <trkpt lat="45.828071" lon="13.855638">
        <ele>129.466494</ele>
        <time>2026-08-11T17:48:11.746Z</time>
      </trkpt>
      <trkpt lat="45.828169" lon="13.855403">
        <ele>129.345422</ele>
        <time>2026-08-11T17:48:14.430Z</time>
      </trkpt>
      <trkpt lat="45.828412" lon="13.854977">
        <ele>129.102042</ele>
        <time>2026-08-11T17:48:19.443Z</time>
      </trkpt>
      <trkpt lat="45.828642" lon="13.854394">
        <ele>128.805871</ele>
        <time>2026-08-11T17:48:25.301Z</time>
      </trkpt>
      <trkpt lat="45.828684" lon="13.854102">
        <ele>128.674064</ele>
        <time>2026-08-11T17:48:27.960Z</time>
      </trkpt>
      <trkpt lat="45.828651" lon="13.853760">
        <ele>128.521432</ele>
        <time>2026-08-11T17:48:31.012Z</time>
      </trkpt>
      <trkpt lat="45.828662" lon="13.853525">
        <ele>128.456911</ele>
        <time>2026-08-11T17:48:33.075Z</time>
      </trkpt>
      <trkpt lat="45.828769" lon="13.853261">
        <ele>128.383616</ele>
        <time>2026-08-11T17:48:35.742Z</time>
      </trkpt>
      <trkpt lat="45.828972" lon="13.852832">
        <ele>128.259166</ele>
        <time>2026-08-11T17:48:40.341Z</time>
      </trkpt>
      <trkpt lat="45.829085" lon="13.852401">
        <ele>128.148652</ele>
        <time>2026-08-11T17:48:44.380Z</time>
      </trkpt>
      <trkpt lat="45.829179" lon="13.851931">
        <ele>128.031304</ele>
        <time>2026-08-11T17:48:49.130Z</time>
      </trkpt>
      <trkpt lat="45.829324" lon="13.851478">
        <ele>127.911669</ele>
        <time>2026-08-11T17:48:54.850Z</time>
      </trkpt>
      <trkpt lat="45.829493" lon="13.850953">
        <ele>127.904292</ele>
        <time>2026-08-11T17:49:01.764Z</time>
      </trkpt>
      <trkpt lat="45.829495" lon="13.850557">
        <ele>127.921179</ele>
        <time>2026-08-11T17:49:06.509Z</time>
      </trkpt>
      <trkpt lat="45.829322" lon="13.849705">
        <ele>127.959021</ele>
        <time>2026-08-11T17:49:15.923Z</time>
      </trkpt>
      <trkpt lat="45.829171" lon="13.849238">
        <ele>127.980974</ele>
        <time>2026-08-11T17:49:21.216Z</time>
      </trkpt>
      <trkpt lat="45.828971" lon="13.848743">
        <ele>127.961289</ele>
        <time>2026-08-11T17:49:26.590Z</time>
      </trkpt>
      <trkpt lat="45.828957" lon="13.848482">
        <ele>127.927042</ele>
        <time>2026-08-11T17:49:28.849Z</time>
      </trkpt>
      <trkpt lat="45.829021" lon="13.848248">
        <ele>127.894155</ele>
        <time>2026-08-11T17:49:30.970Z</time>
      </trkpt>
      <trkpt lat="45.829490" lon="13.847186">
        <ele>127.729666</ele>
        <time>2026-08-11T17:49:41.834Z</time>
      </trkpt>
      <trkpt lat="45.829726" lon="13.846836">
        <ele>127.665948</ele>
        <time>2026-08-11T17:49:47.652Z</time>
      </trkpt>
      <trkpt lat="45.830056" lon="13.846411">
        <ele>128.169173</ele>
        <time>2026-08-11T17:49:57.365Z</time>
      </trkpt>
      <trkpt lat="45.830246" lon="13.846216">
        <ele>128.472239</ele>
        <time>2026-08-11T17:50:04.349Z</time>
      </trkpt>
      <trkpt lat="45.830772" lon="13.845866">
        <ele>129.224484</ele>
        <time>2026-08-11T17:50:18.707Z</time>
      </trkpt>
      <trkpt lat="45.831043" lon="13.845784">
        <ele>129.583824</ele>
        <time>2026-08-11T17:50:23.295Z</time>
      </trkpt>
      <trkpt lat="45.831312" lon="13.845777">
        <ele>129.932897</ele>
        <time>2026-08-11T17:50:27.566Z</time>
      </trkpt>
      <trkpt lat="45.831422" lon="13.845658">
        <ele>129.818309</ele>
        <time>2026-08-11T17:50:29.468Z</time>
      </trkpt>
      <trkpt lat="45.831606" lon="13.845417">
        <ele>129.358837</ele>
        <time>2026-08-11T17:50:32.503Z</time>
      </trkpt>
      <trkpt lat="45.831718" lon="13.845187">
        <ele>128.998211</ele>
        <time>2026-08-11T17:50:34.823Z</time>
      </trkpt>
      <trkpt lat="45.832184" lon="13.843712">
        <ele>126.916814</ele>
        <time>2026-08-11T17:50:46.292Z</time>
      </trkpt>
      <trkpt lat="45.832344" lon="13.843388">
        <ele>126.393462</ele>
        <time>2026-08-11T17:50:49.968Z</time>
      </trkpt>
      <trkpt lat="45.832593" lon="13.843038">
        <ele>125.719294</ele>
        <time>2026-08-11T17:50:54.569Z</time>
      </trkpt>
      <trkpt lat="45.832645" lon="13.842973">
        <ele>125.585907</ele>
        <time>2026-08-11T17:50:55.546Z</time>
      </trkpt>
      <trkpt lat="45.832698" lon="13.842899">
        <ele>125.442879</ele>
        <time>2026-08-11T17:50:56.487Z</time>
      </trkpt>
      <trkpt lat="45.832910" lon="13.842552">
        <ele>124.820881</ele>
        <time>2026-08-11T17:51:00.380Z</time>
      </trkpt>
      <trkpt lat="45.832966" lon="13.842417">
        <ele>124.609131</ele>
        <time>2026-08-11T17:51:01.653Z</time>
      </trkpt>
      <trkpt lat="45.833239" lon="13.841655">
        <ele>123.454333</ele>
        <time>2026-08-11T17:51:07.803Z</time>
      </trkpt>
      <trkpt lat="45.833419" lon="13.840961">
        <ele>123.014101</ele>
        <time>2026-08-11T17:51:13.009Z</time>
      </trkpt>
      <trkpt lat="45.833560" lon="13.840637">
        <ele>122.888681</ele>
        <time>2026-08-11T17:51:15.711Z</time>
      </trkpt>
      <trkpt lat="45.833642" lon="13.840569">
        <ele>122.844055</ele>
        <time>2026-08-11T17:51:16.712Z</time>
      </trkpt>
      <trkpt lat="45.833762" lon="13.840553">
        <ele>122.787266</ele>
        <time>2026-08-11T17:51:18.058Z</time>
      </trkpt>
      <trkpt lat="45.833895" lon="13.840605">
        <ele>122.722310</ele>
        <time>2026-08-11T17:51:19.699Z</time>
      </trkpt>
      <trkpt lat="45.834254" lon="13.840734">
        <ele>122.547922</ele>
        <time>2026-08-11T17:51:25.660Z</time>
      </trkpt>
      <trkpt lat="45.834268" lon="13.840738">
        <ele>122.541196</ele>
        <time>2026-08-11T17:51:26.000Z</time>
      </trkpt>
      <trkpt lat="45.834403" lon="13.840772">
        <ele>122.476609</ele>
        <time>2026-08-11T17:51:29.058Z</time>
      </trkpt>
      <trkpt lat="45.834555" lon="13.840759">
        <ele>122.404857</ele>
        <time>2026-08-11T17:51:32.997Z</time>
      </trkpt>
      <trkpt lat="45.834711" lon="13.840678">
        <ele>122.456161</ele>
        <time>2026-08-11T17:51:37.998Z</time>
      </trkpt>
      <trkpt lat="45.834992" lon="13.840486">
        <ele>123.282565</ele>
        <time>2026-08-11T17:51:48.278Z</time>
      </trkpt>
      <trkpt lat="45.835260" lon="13.840202">
        <ele>124.167160</ele>
        <time>2026-08-11T17:51:59.308Z</time>
      </trkpt>
      <trkpt lat="45.835669" lon="13.839896">
        <ele>125.391909</ele>
        <time>2026-08-11T17:52:13.626Z</time>
      </trkpt>
      <trkpt lat="45.836091" lon="13.839632">
        <ele>126.614301</ele>
        <time>2026-08-11T17:52:26.026Z</time>
      </trkpt>
      <trkpt lat="45.836187" lon="13.839539">
        <ele>126.921849</ele>
        <time>2026-08-11T17:52:28.349Z</time>
      </trkpt>
      <trkpt lat="45.836271" lon="13.839366">
        <ele>126.848192</ele>
        <time>2026-08-11T17:52:30.289Z</time>
      </trkpt>
      <trkpt lat="45.836297" lon="13.839161">
        <ele>126.291039</ele>
        <time>2026-08-11T17:52:31.854Z</time>
      </trkpt>
      <trkpt lat="45.836152" lon="13.838741">
        <ele>125.037695</ele>
        <time>2026-08-11T17:52:35.075Z</time>
      </trkpt>
      <trkpt lat="45.836121" lon="13.838548">
        <ele>124.508099</ele>
        <time>2026-08-11T17:52:36.378Z</time>
      </trkpt>
      <trkpt lat="45.836171" lon="13.838356">
        <ele>123.960023</ele>
        <time>2026-08-11T17:52:37.716Z</time>
      </trkpt>
      <trkpt lat="45.836294" lon="13.838163">
        <ele>123.260628</ele>
        <time>2026-08-11T17:52:42.648Z</time>
      </trkpt>
      <trkpt lat="45.836459" lon="13.837848">
        <ele>122.206865</ele>
        <time>2026-08-11T17:52:45.183Z</time>
      </trkpt>
      <trkpt lat="45.836574" lon="13.837781">
        <ele>121.730538</ele>
        <time>2026-08-11T17:52:46.322Z</time>
      </trkpt>
      <trkpt lat="45.836725" lon="13.837780">
        <ele>121.151016</ele>
        <time>2026-08-11T17:52:47.707Z</time>
      </trkpt>
      <trkpt lat="45.836927" lon="13.837892">
        <ele>120.319939</ele>
        <time>2026-08-11T17:52:49.704Z</time>
      </trkpt>
      <trkpt lat="45.837095" lon="13.838163">
        <ele>120.256165</ele>
        <time>2026-08-11T17:52:52.093Z</time>
      </trkpt>
      <trkpt lat="45.837182" lon="13.838161">
        <ele>120.270296</ele>
        <time>2026-08-11T17:52:52.962Z</time>
      </trkpt>
      <trkpt lat="45.837391" lon="13.838099">
        <ele>120.304956</ele>
        <time>2026-08-11T17:52:55.201Z</time>
      </trkpt>
      <trkpt lat="45.837545" lon="13.838123">
        <ele>120.330113</ele>
        <time>2026-08-11T17:52:57.274Z</time>
      </trkpt>
      <trkpt lat="45.837612" lon="13.838094">
        <ele>120.341478</ele>
        <time>2026-08-11T17:52:58.479Z</time>
      </trkpt>
      <trkpt lat="45.837664" lon="13.838042">
        <ele>120.351771</ele>
        <time>2026-08-11T17:52:59.591Z</time>
      </trkpt>
      <trkpt lat="45.837701" lon="13.837938">
        <ele>120.364983</ele>
        <time>2026-08-11T17:53:01.260Z</time>
      </trkpt>
      <trkpt lat="45.837712" lon="13.837848">
        <ele>120.375322</ele>
        <time>2026-08-11T17:53:02.630Z</time>
      </trkpt>
      <trkpt lat="45.837660" lon="13.837470">
        <ele>120.418917</ele>
        <time>2026-08-11T17:53:09.661Z</time>
      </trkpt>
      <trkpt lat="45.837677" lon="13.837274">
        <ele>120.441265</ele>
        <time>2026-08-11T17:53:13.703Z</time>
      </trkpt>
      <trkpt lat="45.837996" lon="13.835860">
        <ele>121.355974</ele>
        <time>2026-08-11T17:53:42.241Z</time>
      </trkpt>
      <trkpt lat="45.838055" lon="13.835663">
        <ele>121.565155</ele>
        <time>2026-08-11T17:53:44.940Z</time>
      </trkpt>
      <trkpt lat="45.838549" lon="13.834451">
        <ele>122.934953</ele>
        <time>2026-08-11T17:54:02.696Z</time>
      </trkpt>
      <trkpt lat="45.838674" lon="13.834013">
        <ele>122.169231</ele>
        <time>2026-08-11T17:54:07.322Z</time>
      </trkpt>
      <trkpt lat="45.838735" lon="13.833659">
        <ele>121.334231</ele>
        <time>2026-08-11T17:54:10.478Z</time>
      </trkpt>
      <trkpt lat="45.838864" lon="13.832570">
        <ele>118.804903</ele>
        <time>2026-08-11T17:54:18.503Z</time>
      </trkpt>
      <trkpt lat="45.838943" lon="13.832190">
        <ele>117.896885</ele>
        <time>2026-08-11T17:54:21.034Z</time>
      </trkpt>
      <trkpt lat="45.839409" lon="13.830915">
        <ele>112.211092</ele>
        <time>2026-08-11T17:54:29.901Z</time>
      </trkpt>
      <trkpt lat="45.839596" lon="13.830475">
        <ele>109.911393</ele>
        <time>2026-08-11T17:54:33.081Z</time>
      </trkpt>
      <trkpt lat="45.839778" lon="13.830096">
        <ele>107.857539</ele>
        <time>2026-08-11T17:54:36.006Z</time>
      </trkpt>
      <trkpt lat="45.839833" lon="13.830030">
        <ele>107.398409</ele>
        <time>2026-08-11T17:54:36.677Z</time>
      </trkpt>
      <trkpt lat="45.840008" lon="13.829941">
        <ele>106.209343</ele>
        <time>2026-08-11T17:54:38.454Z</time>
      </trkpt>
      <trkpt lat="45.840280" lon="13.829949">
        <ele>105.330861</ele>
        <time>2026-08-11T17:54:41.177Z</time>
      </trkpt>
      <trkpt lat="45.840308" lon="13.829952">
        <ele>105.288276</ele>
        <time>2026-08-11T17:54:41.469Z</time>
      </trkpt>
      <trkpt lat="45.840466" lon="13.829987">
        <ele>105.045808</ele>
        <time>2026-08-11T17:54:43.145Z</time>
      </trkpt>
      <trkpt lat="45.840866" lon="13.830075">
        <ele>104.432061</ele>
        <time>2026-08-11T17:54:47.644Z</time>
      </trkpt>
      <trkpt lat="45.840967" lon="13.830055">
        <ele>104.277428</ele>
        <time>2026-08-11T17:54:48.876Z</time>
      </trkpt>
      <trkpt lat="45.842353" lon="13.828779">
        <ele>102.219620</ele>
        <time>2026-08-11T17:55:12.000Z</time>
      </trkpt>
      <trkpt lat="45.842481" lon="13.828652">
        <ele>102.078701</ele>
        <time>2026-08-11T17:55:13.961Z</time>
      </trkpt>
      <trkpt lat="45.843114" lon="13.828024">
        <ele>101.381834</ele>
        <time>2026-08-11T17:55:23.015Z</time>
      </trkpt>
      <trkpt lat="45.843650" lon="13.827353">
        <ele>100.327579</ele>
        <time>2026-08-11T17:55:30.961Z</time>
      </trkpt>
      <trkpt lat="45.843698" lon="13.827293">
        <ele>100.223056</ele>
        <time>2026-08-11T17:55:31.685Z</time>
      </trkpt>
      <trkpt lat="45.843862" lon="13.826941">
        <ele>99.738603</ele>
        <time>2026-08-11T17:55:35.014Z</time>
      </trkpt>
      <trkpt lat="45.843983" lon="13.826626">
        <ele>99.327088</ele>
        <time>2026-08-11T17:55:37.832Z</time>
      </trkpt>
      <trkpt lat="45.844004" lon="13.826358">
        <ele>99.018563</ele>
        <time>2026-08-11T17:55:39.940Z</time>
      </trkpt>
      <trkpt lat="45.843983" lon="13.826170">
        <ele>98.800744</ele>
        <time>2026-08-11T17:55:41.439Z</time>
      </trkpt>
      <trkpt lat="45.843958" lon="13.825947">
        <ele>98.542350</ele>
        <time>2026-08-11T17:55:43.219Z</time>
      </trkpt>
      <trkpt lat="45.843996" lon="13.825444">
        <ele>98.091979</ele>
        <time>2026-08-11T17:55:47.256Z</time>
      </trkpt>
      <trkpt lat="45.844203" lon="13.824155">
        <ele>97.177195</ele>
        <time>2026-08-11T17:55:58.393Z</time>
      </trkpt>
      <trkpt lat="45.844253" lon="13.823846">
        <ele>96.957818</ele>
        <time>2026-08-11T17:56:01.120Z</time>
      </trkpt>
      <trkpt lat="45.844403" lon="13.823351">
        <ele>96.584518</ele>
        <time>2026-08-11T17:56:05.912Z</time>
      </trkpt>
      <trkpt lat="45.845635" lon="13.821083">
        <ele>95.919477</ele>
        <time>2026-08-11T17:56:34.215Z</time>
      </trkpt>
      <trkpt lat="45.846367" lon="13.819733">
        <ele>95.394064</ele>
        <time>2026-08-11T17:56:49.816Z</time>
      </trkpt>
      <trkpt lat="45.847018" lon="13.818566">
        <ele>95.041017</ele>
        <time>2026-08-11T17:57:03.720Z</time>
      </trkpt>
      <trkpt lat="45.847674" lon="13.817717">
        <ele>94.819901</ele>
        <time>2026-08-11T17:57:16.555Z</time>
      </trkpt>
      <trkpt lat="45.847902" lon="13.817326">
        <ele>94.730977</ele>
        <time>2026-08-11T17:57:21.860Z</time>
      </trkpt>
      <trkpt lat="45.847960" lon="13.817148">
        <ele>94.625224</ele>
        <time>2026-08-11T17:57:23.832Z</time>
      </trkpt>
      <trkpt lat="45.848002" lon="13.816777">
        <ele>94.419594</ele>
        <time>2026-08-11T17:57:27.463Z</time>
      </trkpt>
      <trkpt lat="45.847820" lon="13.816132">
        <ele>94.038872</ele>
        <time>2026-08-11T17:57:33.712Z</time>
      </trkpt>
      <trkpt lat="45.847930" lon="13.814844">
        <ele>93.328952</ele>
        <time>2026-08-11T17:57:44.388Z</time>
      </trkpt>
      <trkpt lat="45.847930" lon="13.814807">
        <ele>93.304956</ele>
        <time>2026-08-11T17:57:44.698Z</time>
      </trkpt>
      <trkpt lat="45.848011" lon="13.813835">
        <ele>92.540682</ele>
        <time>2026-08-11T17:57:53.018Z</time>
      </trkpt>
      <trkpt lat="45.848328" lon="13.812523">
        <ele>91.456505</ele>
        <time>2026-08-11T17:58:04.581Z</time>
      </trkpt>
      <trkpt lat="45.848356" lon="13.812410">
        <ele>91.362868</ele>
        <time>2026-08-11T17:58:05.598Z</time>
      </trkpt>
      <trkpt lat="45.848657" lon="13.811135">
        <ele>90.813449</ele>
        <time>2026-08-11T17:58:17.001Z</time>
      </trkpt>
      <trkpt lat="45.848844" lon="13.810692">
        <ele>90.614007</ele>
        <time>2026-08-11T17:58:21.564Z</time>
      </trkpt>
      <trkpt lat="45.849165" lon="13.810078">
        <ele>90.318423</ele>
        <time>2026-08-11T17:58:29.460Z</time>
      </trkpt>
      <trkpt lat="45.849427" lon="13.809799">
        <ele>90.282185</ele>
        <time>2026-08-11T17:58:35.228Z</time>
      </trkpt>
      <trkpt lat="45.849531" lon="13.809753">
        <ele>90.273246</ele>
        <time>2026-08-11T17:58:37.372Z</time>
      </trkpt>
      <trkpt lat="45.849796" lon="13.809632">
        <ele>90.250403</ele>
        <time>2026-08-11T17:58:42.742Z</time>
      </trkpt>
      <trkpt lat="45.849919" lon="13.809534">
        <ele>90.238848</ele>
        <time>2026-08-11T17:58:45.220Z</time>
      </trkpt>
      <trkpt lat="45.850020" lon="13.809340">
        <ele>90.224991</ele>
        <time>2026-08-11T17:58:48.007Z</time>
      </trkpt>
      <trkpt lat="45.850260" lon="13.808917">
        <ele>90.193775</ele>
        <time>2026-08-11T17:58:53.424Z</time>
      </trkpt>
      <trkpt lat="45.850374" lon="13.808640">
        <ele>90.175367</ele>
        <time>2026-08-11T17:58:56.308Z</time>
      </trkpt>
      <trkpt lat="45.850480" lon="13.808335">
        <ele>90.063018</ele>
        <time>2026-08-11T17:58:59.096Z</time>
      </trkpt>
      <trkpt lat="45.850675" lon="13.807567">
        <ele>88.849623</ele>
        <time>2026-08-11T17:59:05.338Z</time>
      </trkpt>
      <trkpt lat="45.851172" lon="13.806313">
        <ele>86.707964</ele>
        <time>2026-08-11T17:59:15.752Z</time>
      </trkpt>
      <trkpt lat="45.851348" lon="13.805766">
        <ele>86.051394</ele>
        <time>2026-08-11T17:59:20.460Z</time>
      </trkpt>
      <trkpt lat="45.851616" lon="13.804699">
        <ele>85.148440</ele>
        <time>2026-08-11T17:59:30.053Z</time>
      </trkpt>
      <trkpt lat="45.851636" lon="13.804618">
        <ele>85.080027</ele>
        <time>2026-08-11T17:59:30.773Z</time>
      </trkpt>
      <trkpt lat="45.851766" lon="13.804627">
        <ele>84.931273</ele>
        <time>2026-08-11T17:59:32.394Z</time>
      </trkpt>
      <trkpt lat="45.851988" lon="13.804510">
        <ele>84.660987</ele>
        <time>2026-08-11T17:59:35.408Z</time>
      </trkpt>
      <trkpt lat="45.852286" lon="13.804101">
        <ele>84.242468</ele>
        <time>2026-08-11T17:59:40.680Z</time>
      </trkpt>
      <trkpt lat="45.852501" lon="13.803666">
        <ele>84.094148</ele>
        <time>2026-08-11T17:59:45.516Z</time>
      </trkpt>
      <trkpt lat="45.852834" lon="13.802869">
        <ele>83.835712</ele>
        <time>2026-08-11T17:59:53.571Z</time>
      </trkpt>
      <trkpt lat="45.853422" lon="13.801918">
        <ele>83.722023</ele>
        <time>2026-08-11T18:00:06.564Z</time>
      </trkpt>
      <trkpt lat="45.853512" lon="13.801785">
        <ele>83.845792</ele>
        <time>2026-08-11T18:00:08.841Z</time>
      </trkpt>
      <trkpt lat="45.854005" lon="13.801005">
        <ele>84.548812</ele>
        <time>2026-08-11T18:00:23.158Z</time>
      </trkpt>
      <trkpt lat="45.854443" lon="13.800326">
        <ele>85.166520</ele>
        <time>2026-08-11T18:00:36.370Z</time>
      </trkpt>
      <trkpt lat="45.855187" lon="13.799176">
        <ele>85.774827</ele>
        <time>2026-08-11T18:00:57.205Z</time>
      </trkpt>
      <trkpt lat="45.855373" lon="13.798808">
        <ele>85.936147</ele>
        <time>2026-08-11T18:01:02.106Z</time>
      </trkpt>
      <trkpt lat="45.855471" lon="13.798460">
        <ele>86.069324</ele>
        <time>2026-08-11T18:01:05.857Z</time>
      </trkpt>
      <trkpt lat="45.855666" lon="13.797582">
        <ele>85.806617</ele>
        <time>2026-08-11T18:01:14.291Z</time>
      </trkpt>
      <trkpt lat="45.855894" lon="13.796828">
        <ele>85.254162</ele>
        <time>2026-08-11T18:01:21.093Z</time>
      </trkpt>
      <trkpt lat="45.856289" lon="13.795371">
        <ele>84.278067</ele>
        <time>2026-08-11T18:01:34.104Z</time>
      </trkpt>
      <trkpt lat="45.856515" lon="13.794779">
        <ele>83.958043</ele>
        <time>2026-08-11T18:01:40.050Z</time>
      </trkpt>
      <trkpt lat="45.857147" lon="13.793384">
        <ele>83.107129</ele>
        <time>2026-08-11T18:01:56.067Z</time>
      </trkpt>
      <trkpt lat="45.857595" lon="13.792374">
        <ele>81.984786</ele>
        <time>2026-08-11T18:02:05.864Z</time>
      </trkpt>
      <trkpt lat="45.857802" lon="13.791911">
        <ele>81.469108</ele>
        <time>2026-08-11T18:02:10.342Z</time>
      </trkpt>
      <trkpt lat="45.857903" lon="13.791624">
        <ele>81.167720</ele>
        <time>2026-08-11T18:02:12.907Z</time>
      </trkpt>
      <trkpt lat="45.858080" lon="13.791002">
        <ele>80.513601</ele>
        <time>2026-08-11T18:02:18.005Z</time>
      </trkpt>
      <trkpt lat="45.858095" lon="13.790941">
        <ele>80.447582</ele>
        <time>2026-08-11T18:02:18.476Z</time>
      </trkpt>
      <trkpt lat="45.858307" lon="13.790031">
        <ele>79.468314</ele>
        <time>2026-08-11T18:02:25.951Z</time>
      </trkpt>
      <trkpt lat="45.858418" lon="13.789578">
        <ele>78.978233</ele>
        <time>2026-08-11T18:02:29.896Z</time>
      </trkpt>
      <trkpt lat="45.858549" lon="13.789076">
        <ele>78.431144</ele>
        <time>2026-08-11T18:02:34.239Z</time>
      </trkpt>
      <trkpt lat="45.858678" lon="13.788539">
        <ele>78.135181</ele>
        <time>2026-08-11T18:02:39.040Z</time>
      </trkpt>
      <trkpt lat="45.858890" lon="13.787678">
        <ele>78.017048</ele>
        <time>2026-08-11T18:02:48.252Z</time>
      </trkpt>
      <trkpt lat="45.859013" lon="13.787442">
        <ele>77.978918</ele>
        <time>2026-08-11T18:02:51.383Z</time>
      </trkpt>
      <trkpt lat="45.859211" lon="13.787273">
        <ele>77.936134</ele>
        <time>2026-08-11T18:02:54.709Z</time>
      </trkpt>
      <trkpt lat="45.859520" lon="13.787110">
        <ele>77.874989</ele>
        <time>2026-08-11T18:03:00.143Z</time>
      </trkpt>
      <trkpt lat="45.859577" lon="13.787077">
        <ele>77.863573</ele>
        <time>2026-08-11T18:03:01.145Z</time>
      </trkpt>
      <trkpt lat="45.859750" lon="13.786931">
        <ele>77.822522</ele>
        <time>2026-08-11T18:03:04.580Z</time>
      </trkpt>
      <trkpt lat="45.859900" lon="13.786804">
        <ele>77.782531</ele>
        <time>2026-08-11T18:03:07.337Z</time>
      </trkpt>
      <trkpt lat="45.859929" lon="13.786780">
        <ele>77.774844</ele>
        <time>2026-08-11T18:03:07.851Z</time>
      </trkpt>
      <trkpt lat="45.860017" lon="13.786708">
        <ele>77.751584</ele>
        <time>2026-08-11T18:03:09.281Z</time>
      </trkpt>
      <trkpt lat="45.860052" lon="13.786679">
        <ele>77.742303</ele>
        <time>2026-08-11T18:03:09.851Z</time>
      </trkpt>
      <trkpt lat="45.860103" lon="13.786638">
        <ele>77.728880</ele>
        <time>2026-08-11T18:03:10.604Z</time>
      </trkpt>
      <trkpt lat="45.860319" lon="13.786460">
        <ele>77.671686</ele>
        <time>2026-08-11T18:03:13.928Z</time>
      </trkpt>
      <trkpt lat="45.860580" lon="13.786198">
        <ele>77.598550</ele>
        <time>2026-08-11T18:03:17.872Z</time>
      </trkpt>
      <trkpt lat="45.860929" lon="13.785619">
        <ele>77.476079</ele>
        <time>2026-08-11T18:03:24.526Z</time>
      </trkpt>
      <trkpt lat="45.861047" lon="13.785414">
        <ele>77.433542</ele>
        <time>2026-08-11T18:03:27.135Z</time>
      </trkpt>
      <trkpt lat="45.861220" lon="13.785129">
        <ele>78.079836</ele>
        <time>2026-08-11T18:03:31.213Z</time>
      </trkpt>
      <trkpt lat="45.861353" lon="13.784997">
        <ele>78.510202</ele>
        <time>2026-08-11T18:03:34.214Z</time>
      </trkpt>
      <trkpt lat="45.861549" lon="13.784893">
        <ele>79.066415</ele>
        <time>2026-08-11T18:03:38.874Z</time>
      </trkpt>
      <trkpt lat="45.861766" lon="13.784776">
        <ele>79.683424</ele>
        <time>2026-08-11T18:03:45.163Z</time>
      </trkpt>
      <trkpt lat="45.861839" lon="13.784732">
        <ele>79.894167</ele>
        <time>2026-08-11T18:03:47.300Z</time>
      </trkpt>
      <trkpt lat="45.861873" lon="13.784801">
        <ele>80.050856</ele>
        <time>2026-08-11T18:03:49.133Z</time>
      </trkpt>
      <trkpt lat="45.861922" lon="13.784926">
        <ele>80.316760</ele>
        <time>2026-08-11T18:03:52.254Z</time>
      </trkpt>
      <trkpt lat="45.861996" lon="13.785058">
        <ele>80.630886</ele>
        <time>2026-08-11T18:03:55.848Z</time>
      </trkpt>
      <trkpt lat="45.862039" lon="13.785096">
        <ele>80.765287</ele>
        <time>2026-08-11T18:03:57.226Z</time>
      </trkpt>
      <trkpt lat="45.862112" lon="13.785142">
        <ele>80.977492</ele>
        <time>2026-08-11T18:03:59.633Z</time>
      </trkpt>
      <trkpt lat="45.862527" lon="13.785338">
        <ele>82.140397</ele>
        <time>2026-08-11T18:04:12.305Z</time>
      </trkpt>
      <trkpt lat="45.862630" lon="13.785401">
        <ele>82.834231</ele>
        <time>2026-08-11T18:04:17.058Z</time>
      </trkpt>
      <trkpt lat="45.862673" lon="13.785281">
        <ele>83.531684</ele>
        <time>2026-08-11T18:04:21.116Z</time>
      </trkpt>
      <trkpt lat="45.862687" lon="13.785208">
        <ele>83.922996</ele>
        <time>2026-08-11T18:04:23.308Z</time>
      </trkpt>
      <trkpt lat="45.862766" lon="13.784746">
        <ele>86.381557</ele>
        <time>2026-08-11T18:04:39.055Z</time>
      </trkpt>
      <trkpt lat="45.862862" lon="13.784557">
        <ele>87.590536</ele>
        <time>2026-08-11T18:04:46.813Z</time>
      </trkpt>
      <trkpt lat="45.862967" lon="13.784488">
        <ele>88.447489</ele>
        <time>2026-08-11T18:04:52.209Z</time>
      </trkpt>
      <trkpt lat="45.863027" lon="13.784489">
        <ele>88.892796</ele>
        <time>2026-08-11T18:04:55.101Z</time>
      </trkpt>
      <trkpt lat="45.863087" lon="13.784491">
        <ele>89.338194</ele>
        <time>2026-08-11T18:04:57.874Z</time>
      </trkpt>
      <trkpt lat="45.863147" lon="13.784529">
        <ele>89.824855</ele>
        <time>2026-08-11T18:05:00.702Z</time>
      </trkpt>
      <trkpt lat="45.863350" lon="13.784784">
        <ele>91.826430</ele>
        <time>2026-08-11T18:05:14.136Z</time>
      </trkpt>
      <trkpt lat="45.863411" lon="13.784826">
        <ele>92.328475</ele>
        <time>2026-08-11T18:05:17.652Z</time>
      </trkpt>
      <trkpt lat="45.863610" lon="13.784970">
        <ele>93.982217</ele>
        <time>2026-08-11T18:05:29.816Z</time>
      </trkpt>
      <trkpt lat="45.863868" lon="13.785063">
        <ele>95.928754</ele>
        <time>2026-08-11T18:05:45.577Z</time>
      </trkpt>
      <trkpt lat="45.864066" lon="13.785390">
        <ele>98.010354</ele>
        <time>2026-08-11T18:06:01.978Z</time>
      </trkpt>
      <trkpt lat="45.864141" lon="13.785577">
        <ele>99.046988</ele>
        <time>2026-08-11T18:06:09.717Z</time>
      </trkpt>
      <trkpt lat="45.864186" lon="13.785851">
        <ele>100.399316</ele>
        <time>2026-08-11T18:06:19.332Z</time>
      </trkpt>
      <trkpt lat="45.864211" lon="13.786317">
        <ele>102.644479</ele>
        <time>2026-08-11T18:06:34.497Z</time>
      </trkpt>
      <trkpt lat="45.864199" lon="13.786629">
        <ele>104.145521</ele>
        <time>2026-08-11T18:06:44.185Z</time>
      </trkpt>
      <trkpt lat="45.864154" lon="13.786787">
        <ele>104.965535</ele>
        <time>2026-08-11T18:06:49.238Z</time>
      </trkpt>
      <trkpt lat="45.864196" lon="13.786817">
        <ele>105.289125</ele>
        <time>2026-08-11T18:06:51.147Z</time>
      </trkpt>
      <trkpt lat="45.864578" lon="13.787225">
        <ele>108.479044</ele>
        <time>2026-08-11T18:07:09.838Z</time>
      </trkpt>
      <trkpt lat="45.864693" lon="13.787279">
        <ele>109.182758</ele>
        <time>2026-08-11T18:07:14.031Z</time>
      </trkpt>
      <trkpt lat="45.864787" lon="13.787251">
        <ele>109.741120</ele>
        <time>2026-08-11T18:07:17.370Z</time>
      </trkpt>
      <trkpt lat="45.864861" lon="13.787186">
        <ele>110.245648</ele>
        <time>2026-08-11T18:07:20.250Z</time>
      </trkpt>
      <trkpt lat="45.865040" lon="13.786972">
        <ele>111.600311</ele>
        <time>2026-08-11T18:07:28.344Z</time>
      </trkpt>
      <trkpt lat="45.865101" lon="13.786967">
        <ele>111.955678</ele>
        <time>2026-08-11T18:07:30.831Z</time>
      </trkpt>
      <trkpt lat="45.865126" lon="13.787022">
        <ele>112.221691</ele>
        <time>2026-08-11T18:07:32.764Z</time>
      </trkpt>
      <trkpt lat="45.865081" lon="13.787152">
        <ele>112.809671</ele>
        <time>2026-08-11T18:07:36.906Z</time>
      </trkpt>
      <trkpt lat="45.864908" lon="13.787438">
        <ele>114.344009</ele>
        <time>2026-08-11T18:07:47.344Z</time>
      </trkpt>
      <trkpt lat="45.864636" lon="13.787693">
        <ele>116.233295</ele>
        <time>2026-08-11T18:07:58.680Z</time>
      </trkpt>
      <trkpt lat="45.864621" lon="13.787773">
        <ele>116.568848</ele>
        <time>2026-08-11T18:08:00.637Z</time>
      </trkpt>
      <trkpt lat="45.864636" lon="13.787832">
        <ele>116.823235</ele>
        <time>2026-08-11T18:08:02.205Z</time>
      </trkpt>
      <trkpt lat="45.864685" lon="13.787875">
        <ele>117.157229</ele>
        <time>2026-08-11T18:08:04.256Z</time>
      </trkpt>
      <trkpt lat="45.864739" lon="13.787867">
        <ele>117.472972</ele>
        <time>2026-08-11T18:08:06.290Z</time>
      </trkpt>
      <trkpt lat="45.865020" lon="13.787622">
        <ele>119.414831</ele>
        <time>2026-08-11T18:08:19.864Z</time>
      </trkpt>
      <trkpt lat="45.865146" lon="13.787549">
        <ele>120.229883</ele>
        <time>2026-08-11T18:08:25.401Z</time>
      </trkpt>
      <trkpt lat="45.865302" lon="13.787528">
        <ele>121.169808</ele>
        <time>2026-08-11T18:08:32.275Z</time>
      </trkpt>
      <trkpt lat="45.865387" lon="13.787568">
        <ele>121.706390</ele>
        <time>2026-08-11T18:08:36.411Z</time>
      </trkpt>
      <trkpt lat="45.865425" lon="13.787619">
        <ele>122.018401</ele>
        <time>2026-08-11T18:08:38.776Z</time>
      </trkpt>
      <trkpt lat="45.865547" lon="13.787955">
        <ele>123.601315</ele>
        <time>2026-08-11T18:08:51.966Z</time>
      </trkpt>
      <trkpt lat="45.865693" lon="13.788214">
        <ele>124.993299</ele>
        <time>2026-08-11T18:09:03.153Z</time>
      </trkpt>
      <trkpt lat="45.866297" lon="13.788937">
        <ele>129.457372</ele>
        <time>2026-08-11T18:09:29.778Z</time>
      </trkpt>
      <trkpt lat="45.866434" lon="13.789007">
        <ele>129.876056</ele>
        <time>2026-08-11T18:09:33.263Z</time>
      </trkpt>
      <trkpt lat="45.866644" lon="13.788987">
        <ele>130.482032</ele>
        <time>2026-08-11T18:09:37.375Z</time>
      </trkpt>
      <trkpt lat="45.866757" lon="13.788895">
        <ele>130.856038</ele>
        <time>2026-08-11T18:09:39.608Z</time>
      </trkpt>
      <trkpt lat="45.866879" lon="13.788657">
        <ele>131.448562</ele>
        <time>2026-08-11T18:09:43.209Z</time>
      </trkpt>
      <trkpt lat="45.867018" lon="13.788263">
        <ele>132.334100</ele>
        <time>2026-08-11T18:09:49.564Z</time>
      </trkpt>
      <trkpt lat="45.867123" lon="13.788149">
        <ele>132.713098</ele>
        <time>2026-08-11T18:09:52.424Z</time>
      </trkpt>
      <trkpt lat="45.867307" lon="13.788084">
        <ele>133.258677</ele>
        <time>2026-08-11T18:09:56.858Z</time>
      </trkpt>
      <trkpt lat="45.867538" lon="13.787928">
        <ele>133.993658</ele>
        <time>2026-08-11T18:10:04.106Z</time>
      </trkpt>
      <trkpt lat="45.867650" lon="13.787891">
        <ele>134.324559</ele>
        <time>2026-08-11T18:10:08.093Z</time>
      </trkpt>
      <trkpt lat="45.867949" lon="13.788072">
        <ele>136.145529</ele>
        <time>2026-08-11T18:10:20.993Z</time>
      </trkpt>
      <trkpt lat="45.868071" lon="13.788108">
        <ele>136.875589</ele>
        <time>2026-08-11T18:10:26.413Z</time>
      </trkpt>
      <trkpt lat="45.868484" lon="13.788116">
        <ele>139.296670</ele>
        <time>2026-08-11T18:10:43.191Z</time>
      </trkpt>
      <trkpt lat="45.868561" lon="13.788213">
        <ele>139.897049</ele>
        <time>2026-08-11T18:10:47.334Z</time>
      </trkpt>
      <trkpt lat="45.868670" lon="13.788501">
        <ele>141.234941</ele>
        <time>2026-08-11T18:10:56.855Z</time>
      </trkpt>
      <trkpt lat="45.868686" lon="13.788563">
        <ele>141.504814</ele>
        <time>2026-08-11T18:10:58.717Z</time>
      </trkpt>
      <trkpt lat="45.868943" lon="13.788381">
        <ele>143.184448</ele>
        <time>2026-08-11T18:11:09.821Z</time>
      </trkpt>
      <trkpt lat="45.868984" lon="13.788307">
        <ele>143.570425</ele>
        <time>2026-08-11T18:11:12.366Z</time>
      </trkpt>
      <trkpt lat="45.869101" lon="13.788000">
        <ele>144.996703</ele>
        <time>2026-08-11T18:11:21.371Z</time>
      </trkpt>
      <trkpt lat="45.869175" lon="13.787877">
        <ele>145.633409</ele>
        <time>2026-08-11T18:11:25.650Z</time>
      </trkpt>
      <trkpt lat="45.869732" lon="13.787547">
        <ele>149.022848</ele>
        <time>2026-08-11T18:11:47.900Z</time>
      </trkpt>
      <trkpt lat="45.869895" lon="13.787496">
        <ele>149.961281</ele>
        <time>2026-08-11T18:11:54.407Z</time>
      </trkpt>
      <trkpt lat="45.870063" lon="13.787401">
        <ele>150.976950</ele>
        <time>2026-08-11T18:12:02.183Z</time>
      </trkpt>
      <trkpt lat="45.870210" lon="13.787256">
        <ele>151.980122</ele>
        <time>2026-08-11T18:12:10.650Z</time>
      </trkpt>
      <trkpt lat="45.870299" lon="13.787190">
        <ele>152.543576</ele>
        <time>2026-08-11T18:12:15.325Z</time>
      </trkpt>
      <trkpt lat="45.870430" lon="13.787073">
        <ele>153.411363</ele>
        <time>2026-08-11T18:12:22.059Z</time>
      </trkpt>
      <trkpt lat="45.870456" lon="13.787017">
        <ele>153.674996</ele>
        <time>2026-08-11T18:12:24.026Z</time>
      </trkpt>
      <trkpt lat="45.870790" lon="13.786336">
        <ele>154.732837</ele>
        <time>2026-08-11T18:12:41.148Z</time>
      </trkpt>
      <trkpt lat="45.870840" lon="13.786231">
        <ele>154.644866</ele>
        <time>2026-08-11T18:12:42.609Z</time>
      </trkpt>
      <trkpt lat="45.870994" lon="13.786084">
        <ele>154.461210</ele>
        <time>2026-08-11T18:12:45.032Z</time>
      </trkpt>
      <trkpt lat="45.871153" lon="13.785961">
        <ele>154.281838</ele>
        <time>2026-08-11T18:12:47.054Z</time>
      </trkpt>
      <trkpt lat="45.871282" lon="13.785973">
        <ele>154.153445</ele>
        <time>2026-08-11T18:12:48.390Z</time>
      </trkpt>
      <trkpt lat="45.871375" lon="13.785927">
        <ele>154.055751</ele>
        <time>2026-08-11T18:12:49.366Z</time>
      </trkpt>
      <trkpt lat="45.871610" lon="13.785739">
        <ele>153.788579</ele>
        <time>2026-08-11T18:12:52.002Z</time>
      </trkpt>
      <trkpt lat="45.871797" lon="13.785658">
        <ele>153.594585</ele>
        <time>2026-08-11T18:12:53.913Z</time>
      </trkpt>
      <trkpt lat="45.871948" lon="13.785627">
        <ele>153.443085</ele>
        <time>2026-08-11T18:12:55.423Z</time>
      </trkpt>
      <trkpt lat="45.872389" lon="13.785680">
        <ele>152.545461</ele>
        <time>2026-08-11T18:12:59.843Z</time>
      </trkpt>
      <trkpt lat="45.872484" lon="13.785693">
        <ele>152.292051</ele>
        <time>2026-08-11T18:13:00.858Z</time>
      </trkpt>
      <trkpt lat="45.872540" lon="13.785704">
        <ele>152.141962</ele>
        <time>2026-08-11T18:13:01.456Z</time>
      </trkpt>
      <trkpt lat="45.872656" lon="13.785755">
        <ele>151.819821</ele>
        <time>2026-08-11T18:13:02.902Z</time>
      </trkpt>
      <trkpt lat="45.872993" lon="13.785988">
        <ele>150.826648</ele>
        <time>2026-08-11T18:13:07.345Z</time>
      </trkpt>
      <trkpt lat="45.873417" lon="13.786079">
        <ele>149.688239</ele>
        <time>2026-08-11T18:13:12.117Z</time>
      </trkpt>
      <trkpt lat="45.873650" lon="13.786201">
        <ele>149.029688</ele>
        <time>2026-08-11T18:13:14.782Z</time>
      </trkpt>
      <trkpt lat="45.873777" lon="13.786418">
        <ele>148.505579</ele>
        <time>2026-08-11T18:13:16.791Z</time>
      </trkpt>
      <trkpt lat="45.873857" lon="13.786758">
        <ele>146.808370</ele>
        <time>2026-08-11T18:13:19.208Z</time>
      </trkpt>
      <trkpt lat="45.874023" lon="13.786895">
        <ele>145.502551</ele>
        <time>2026-08-11T18:13:20.992Z</time>
      </trkpt>
      <trkpt lat="45.874169" lon="13.786884">
        <ele>144.505379</ele>
        <time>2026-08-11T18:13:22.323Z</time>
      </trkpt>
      <trkpt lat="45.874340" lon="13.786787">
        <ele>143.251397</ele>
        <time>2026-08-11T18:13:23.967Z</time>
      </trkpt>
      <trkpt lat="45.874414" lon="13.786782">
        <ele>142.746117</ele>
        <time>2026-08-11T18:13:24.618Z</time>
      </trkpt>
      <trkpt lat="45.874550" lon="13.786930">
        <ele>141.582341</ele>
        <time>2026-08-11T18:13:26.105Z</time>
      </trkpt>
      <trkpt lat="45.874653" lon="13.786978">
        <ele>140.843769</ele>
        <time>2026-08-11T18:13:27.042Z</time>
      </trkpt>
      <trkpt lat="45.874707" lon="13.786954">
        <ele>140.458229</ele>
        <time>2026-08-11T18:13:27.532Z</time>
      </trkpt>
      <trkpt lat="45.874957" lon="13.786637">
        <ele>138.183690</ele>
        <time>2026-08-11T18:13:30.444Z</time>
      </trkpt>
      <trkpt lat="45.875024" lon="13.786606">
        <ele>137.703587</ele>
        <time>2026-08-11T18:13:31.065Z</time>
      </trkpt>
      <trkpt lat="45.875084" lon="13.786624">
        <ele>137.285522</ele>
        <time>2026-08-11T18:13:31.604Z</time>
      </trkpt>
      <trkpt lat="45.875119" lon="13.786731">
        <ele>136.724132</ele>
        <time>2026-08-11T18:13:32.337Z</time>
      </trkpt>
      <trkpt lat="45.875097" lon="13.786809">
        <ele>136.324497</ele>
        <time>2026-08-11T18:13:32.858Z</time>
      </trkpt>
      <trkpt lat="45.874869" lon="13.787187">
        <ele>134.143178</ele>
        <time>2026-08-11T18:13:35.987Z</time>
      </trkpt>
      <trkpt lat="45.874761" lon="13.787324">
        <ele>133.243721</ele>
        <time>2026-08-11T18:13:37.284Z</time>
      </trkpt>
      <trkpt lat="45.874761" lon="13.787467">
        <ele>132.622230</ele>
        <time>2026-08-11T18:13:38.177Z</time>
      </trkpt>
      <trkpt lat="45.874813" lon="13.787536">
        <ele>132.180309</ele>
        <time>2026-08-11T18:13:38.818Z</time>
      </trkpt>
      <trkpt lat="45.874947" lon="13.787515">
        <ele>131.338873</ele>
        <time>2026-08-11T18:13:40.037Z</time>
      </trkpt>
      <trkpt lat="45.875432" lon="13.787028">
        <ele>127.644875</ele>
        <time>2026-08-11T18:13:45.458Z</time>
      </trkpt>
      <trkpt lat="45.875762" lon="13.786646">
        <ele>124.998727</ele>
        <time>2026-08-11T18:13:49.505Z</time>
      </trkpt>
      <trkpt lat="45.876241" lon="13.785947">
        <ele>120.429943</ele>
        <time>2026-08-11T18:13:55.985Z</time>
      </trkpt>
      <trkpt lat="45.876374" lon="13.785796">
        <ele>119.295636</ele>
        <time>2026-08-11T18:13:57.538Z</time>
      </trkpt>
      <trkpt lat="45.876662" lon="13.785543">
        <ele>117.036850</ele>
        <time>2026-08-11T18:14:00.578Z</time>
      </trkpt>
      <trkpt lat="45.877381" lon="13.784827">
        <ele>110.711792</ele>
        <time>2026-08-11T18:14:08.233Z</time>
      </trkpt>
      <trkpt lat="45.878005" lon="13.784336">
        <ele>104.696623</ele>
        <time>2026-08-11T18:14:14.402Z</time>
      </trkpt>
      <trkpt lat="45.878197" lon="13.784124">
        <ele>102.649233</ele>
        <time>2026-08-11T18:14:16.520Z</time>
      </trkpt>
      <trkpt lat="45.878904" lon="13.783201">
        <ele>95.387556</ele>
        <time>2026-08-11T18:14:25.006Z</time>
      </trkpt>
      <trkpt lat="45.879403" lon="13.782462">
        <ele>90.875692</ele>
        <time>2026-08-11T18:14:31.514Z</time>
      </trkpt>
      <trkpt lat="45.879782" lon="13.782105">
        <ele>88.022583</ele>
        <time>2026-08-11T18:14:35.653Z</time>
      </trkpt>
      <trkpt lat="45.880238" lon="13.781580">
        <ele>85.555286</ele>
        <time>2026-08-11T18:14:41.212Z</time>
      </trkpt>
      <trkpt lat="45.880542" lon="13.781007">
        <ele>84.220952</ele>
        <time>2026-08-11T18:14:46.369Z</time>
      </trkpt>
      <trkpt lat="45.880933" lon="13.780346">
        <ele>82.614424</ele>
        <time>2026-08-11T18:14:53.073Z</time>
      </trkpt>
      <trkpt lat="45.881060" lon="13.780073">
        <ele>82.006292</ele>
        <time>2026-08-11T18:14:55.816Z</time>
      </trkpt>
      <trkpt lat="45.881192" lon="13.779620">
        <ele>81.560934</ele>
        <time>2026-08-11T18:15:00.046Z</time>
      </trkpt>
      <trkpt lat="45.881765" lon="13.778834">
        <ele>81.200036</ele>
        <time>2026-08-11T18:15:09.786Z</time>
      </trkpt>
      <trkpt lat="45.882523" lon="13.777366">
        <ele>81.419331</ele>
        <time>2026-08-11T18:15:29.435Z</time>
      </trkpt>
      <trkpt lat="45.883172" lon="13.776004">
        <ele>82.822173</ele>
        <time>2026-08-11T18:15:57.282Z</time>
      </trkpt>
      <trkpt lat="45.883836" lon="13.773955">
        <ele>80.123308</ele>
        <time>2026-08-11T18:16:18.754Z</time>
      </trkpt>
      <trkpt lat="45.883879" lon="13.773753">
        <ele>79.817681</ele>
        <time>2026-08-11T18:16:20.079Z</time>
      </trkpt>
      <trkpt lat="45.883947" lon="13.773731">
        <ele>79.672804</ele>
        <time>2026-08-11T18:16:20.702Z</time>
      </trkpt>
      <trkpt lat="45.883968" lon="13.773755">
        <ele>79.617027</ele>
        <time>2026-08-11T18:16:20.944Z</time>
      </trkpt>
      <trkpt lat="45.884248" lon="13.774046">
        <ele>78.246557</ele>
        <time>2026-08-11T18:16:24.002Z</time>
      </trkpt>
      <trkpt lat="45.884444" lon="13.774250">
        <ele>76.915823</ele>
        <time>2026-08-11T18:16:26.136Z</time>
      </trkpt>
      <trkpt lat="45.884920" lon="13.774746">
        <ele>73.682764</ele>
        <time>2026-08-11T18:16:31.253Z</time>
      </trkpt>
      <trkpt lat="45.884965" lon="13.774754">
        <ele>73.433464</ele>
        <time>2026-08-11T18:16:31.645Z</time>
      </trkpt>
      <trkpt lat="45.885030" lon="13.774706">
        <ele>73.031638</ele>
        <time>2026-08-11T18:16:32.305Z</time>
      </trkpt>
      <trkpt lat="45.885369" lon="13.774230">
        <ele>70.425363</ele>
        <time>2026-08-11T18:16:37.072Z</time>
      </trkpt>
      <trkpt lat="45.886078" lon="13.773127">
        <ele>69.578182</ele>
        <time>2026-08-11T18:16:54.455Z</time>
      </trkpt>
      <trkpt lat="45.886135" lon="13.773098">
        <ele>69.590289</ele>
        <time>2026-08-11T18:16:55.568Z</time>
      </trkpt>
      <trkpt lat="45.886261" lon="13.773097">
        <ele>69.615517</ele>
        <time>2026-08-11T18:16:57.786Z</time>
      </trkpt>
      <trkpt lat="45.886322" lon="13.773058">
        <ele>69.628886</ele>
        <time>2026-08-11T18:16:58.967Z</time>
      </trkpt>
      <trkpt lat="45.886388" lon="13.772944">
        <ele>69.649551</ele>
        <time>2026-08-11T18:17:00.745Z</time>
      </trkpt>
      <trkpt lat="45.886791" lon="13.772017">
        <ele>69.799884</ele>
        <time>2026-08-11T18:17:14.147Z</time>
      </trkpt>
      <trkpt lat="45.886834" lon="13.771924">
        <ele>69.814577</ele>
        <time>2026-08-11T18:17:15.578Z</time>
      </trkpt>
      <trkpt lat="45.886957" lon="13.771681">
        <ele>69.854116</ele>
        <time>2026-08-11T18:17:18.930Z</time>
      </trkpt>
      <trkpt lat="45.887283" lon="13.770898">
        <ele>69.974181</ele>
        <time>2026-08-11T18:17:27.707Z</time>
      </trkpt>
      <trkpt lat="45.887566" lon="13.770297">
        <ele>70.069667</ele>
        <time>2026-08-11T18:17:35.075Z</time>
      </trkpt>
      <trkpt lat="45.887689" lon="13.770146">
        <ele>70.100255</ele>
        <time>2026-08-11T18:17:37.691Z</time>
      </trkpt>
      <trkpt lat="45.887950" lon="13.769994">
        <ele>70.422375</ele>
        <time>2026-08-11T18:17:42.504Z</time>
      </trkpt>
      <trkpt lat="45.888248" lon="13.769913">
        <ele>70.805835</ele>
        <time>2026-08-11T18:17:48.070Z</time>
      </trkpt>
      <trkpt lat="45.888392" lon="13.769913">
        <ele>70.987901</ele>
        <time>2026-08-11T18:17:50.810Z</time>
      </trkpt>
      <trkpt lat="45.889068" lon="13.770048">
        <ele>71.850819</ele>
        <time>2026-08-11T18:18:04.731Z</time>
      </trkpt>
      <trkpt lat="45.889187" lon="13.770110">
        <ele>72.010865</ele>
        <time>2026-08-11T18:18:07.542Z</time>
      </trkpt>
      <trkpt lat="45.890116" lon="13.770793">
        <ele>74.685076</ele>
        <time>2026-08-11T18:18:31.997Z</time>
      </trkpt>
      <trkpt lat="45.890379" lon="13.770894">
        <ele>75.520144</ele>
        <time>2026-08-11T18:18:38.725Z</time>
      </trkpt>
      <trkpt lat="45.891080" lon="13.770929">
        <ele>77.671738</ele>
        <time>2026-08-11T18:19:00.022Z</time>
      </trkpt>
      <trkpt lat="45.891445" lon="13.770857">
        <ele>79.286134</ele>
        <time>2026-08-11T18:19:13.024Z</time>
      </trkpt>
      <trkpt lat="45.891661" lon="13.771793">
        <ele>82.518998</ele>
        <time>2026-08-11T18:19:36.169Z</time>
      </trkpt>
      <trkpt lat="45.891725" lon="13.771990">
        <ele>83.231734</ele>
        <time>2026-08-11T18:19:40.672Z</time>
      </trkpt>
      <trkpt lat="45.891785" lon="13.772090">
        <ele>83.664574</ele>
        <time>2026-08-11T18:19:43.539Z</time>
      </trkpt>
      <trkpt lat="45.891873" lon="13.772167">
        <ele>84.149894</ele>
        <time>2026-08-11T18:19:46.956Z</time>
      </trkpt>
      <trkpt lat="45.892035" lon="13.772206">
        <ele>84.923590</ele>
        <time>2026-08-11T18:19:52.613Z</time>
      </trkpt>
      <trkpt lat="45.892130" lon="13.772176">
        <ele>85.381744</ele>
        <time>2026-08-11T18:19:56.015Z</time>
      </trkpt>
      <trkpt lat="45.892220" lon="13.772104">
        <ele>85.866951</ele>
        <time>2026-08-11T18:19:59.563Z</time>
      </trkpt>
      <trkpt lat="45.892507" lon="13.771565">
        <ele>88.354490</ele>
        <time>2026-08-11T18:20:16.517Z</time>
      </trkpt>
      <trkpt lat="45.892584" lon="13.771591">
        <ele>88.783893</ele>
        <time>2026-08-11T18:20:19.447Z</time>
      </trkpt>
      <trkpt lat="45.892621" lon="13.771698">
        <ele>89.235336</ele>
        <time>2026-08-11T18:20:22.451Z</time>
      </trkpt>
      <trkpt lat="45.892586" lon="13.771857">
        <ele>89.865440</ele>
        <time>2026-08-11T18:20:26.791Z</time>
      </trkpt>
      <trkpt lat="45.892442" lon="13.772218">
        <ele>91.437597</ele>
        <time>2026-08-11T18:20:37.845Z</time>
      </trkpt>
      <trkpt lat="45.892408" lon="13.772479">
        <ele>92.440900</ele>
        <time>2026-08-11T18:20:44.708Z</time>
      </trkpt>
      <trkpt lat="45.892418" lon="13.772616">
        <ele>92.961388</ele>
        <time>2026-08-11T18:20:48.399Z</time>
      </trkpt>
      <trkpt lat="45.892547" lon="13.773067">
        <ele>94.803762</ele>
        <time>2026-08-11T18:21:01.635Z</time>
      </trkpt>
      <trkpt lat="45.892527" lon="13.773279">
        <ele>95.612119</ele>
        <time>2026-08-11T18:21:07.224Z</time>
      </trkpt>
      <trkpt lat="45.892487" lon="13.773362">
        <ele>95.993572</ele>
        <time>2026-08-11T18:21:09.750Z</time>
      </trkpt>
      <trkpt lat="45.892384" lon="13.773512">
        <ele>96.758859</ele>
        <time>2026-08-11T18:21:14.845Z</time>
      </trkpt>
      <trkpt lat="45.892320" lon="13.773559">
        <ele>97.130674</ele>
        <time>2026-08-11T18:21:17.296Z</time>
      </trkpt>
      <trkpt lat="45.891447" lon="13.773539">
        <ele>101.647310</ele>
        <time>2026-08-11T18:21:46.335Z</time>
      </trkpt>
      <trkpt lat="45.891326" lon="13.773600">
        <ele>102.310662</ele>
        <time>2026-08-11T18:21:50.789Z</time>
      </trkpt>
      <trkpt lat="45.891297" lon="13.773681">
        <ele>102.638628</ele>
        <time>2026-08-11T18:21:53.011Z</time>
      </trkpt>
      <trkpt lat="45.891298" lon="13.773764">
        <ele>102.937518</ele>
        <time>2026-08-11T18:21:55.083Z</time>
      </trkpt>
      <trkpt lat="45.891376" lon="13.773866">
        <ele>103.483125</ele>
        <time>2026-08-11T18:21:58.837Z</time>
      </trkpt>
      <trkpt lat="45.892160" lon="13.774209">
        <ele>108.281941</ele>
        <time>2026-08-11T18:22:29.813Z</time>
      </trkpt>
      <trkpt lat="45.892324" lon="13.774269">
        <ele>109.371755</ele>
        <time>2026-08-11T18:22:37.307Z</time>
      </trkpt>
      <trkpt lat="45.892560" lon="13.774283">
        <ele>110.892822</ele>
        <time>2026-08-11T18:22:48.124Z</time>
      </trkpt>
      <trkpt lat="45.892601" lon="13.774276">
        <ele>111.158707</ele>
        <time>2026-08-11T18:22:49.996Z</time>
      </trkpt>
      <trkpt lat="45.892967" lon="13.774165">
        <ele>113.567577</ele>
        <time>2026-08-11T18:23:06.493Z</time>
      </trkpt>
      <trkpt lat="45.893074" lon="13.774209">
        <ele>114.284292</ele>
        <time>2026-08-11T18:23:10.989Z</time>
      </trkpt>
      <trkpt lat="45.893141" lon="13.774281">
        <ele>114.823085</ele>
        <time>2026-08-11T18:23:14.177Z</time>
      </trkpt>
      <trkpt lat="45.893165" lon="13.774317">
        <ele>115.046516</ele>
        <time>2026-08-11T18:23:15.640Z</time>
      </trkpt>
      <trkpt lat="45.893384" lon="13.774900">
        <ele>117.853700</ele>
        <time>2026-08-11T18:23:32.953Z</time>
      </trkpt>
      <trkpt lat="45.893481" lon="13.775097">
        <ele>118.758964</ele>
        <time>2026-08-11T18:23:39.102Z</time>
      </trkpt>
      <trkpt lat="45.893575" lon="13.775258">
        <ele>119.547307</ele>
        <time>2026-08-11T18:23:44.773Z</time>
      </trkpt>
      <trkpt lat="45.893668" lon="13.775407">
        <ele>120.298106</ele>
        <time>2026-08-11T18:23:50.279Z</time>
      </trkpt>
      <trkpt lat="45.893752" lon="13.775530">
        <ele>120.944555</ele>
        <time>2026-08-11T18:23:54.874Z</time>
      </trkpt>
      <trkpt lat="45.893961" lon="13.775896">
        <ele>122.720543</ele>
        <time>2026-08-11T18:24:06.793Z</time>
      </trkpt>
      <trkpt lat="45.894000" lon="13.775884">
        <ele>122.935518</ele>
        <time>2026-08-11T18:24:08.231Z</time>
      </trkpt>
      <trkpt lat="45.894129" lon="13.775898">
        <ele>123.632804</ele>
        <time>2026-08-11T18:24:12.968Z</time>
      </trkpt>
      <trkpt lat="45.894398" lon="13.776283">
        <ele>125.679291</ele>
        <time>2026-08-11T18:24:26.459Z</time>
      </trkpt>
      <trkpt lat="45.894520" lon="13.776503">
        <ele>126.722327</ele>
        <time>2026-08-11T18:24:33.274Z</time>
      </trkpt>
      <trkpt lat="45.894636" lon="13.776763">
        <ele>127.122688</ele>
        <time>2026-08-11T18:24:40.628Z</time>
      </trkpt>
      <trkpt lat="45.894715" lon="13.776842">
        <ele>127.301967</ele>
        <time>2026-08-11T18:24:43.754Z</time>
      </trkpt>
      <trkpt lat="45.894843" lon="13.777158">
        <ele>127.775944</ele>
        <time>2026-08-11T18:24:51.274Z</time>
      </trkpt>
      <trkpt lat="45.894936" lon="13.777286">
        <ele>128.015821</ele>
        <time>2026-08-11T18:24:54.876Z</time>
      </trkpt>
      <trkpt lat="45.895028" lon="13.777413">
        <ele>128.253455</ele>
        <time>2026-08-11T18:24:58.250Z</time>
      </trkpt>
      <trkpt lat="45.895110" lon="13.777468">
        <ele>128.422014</ele>
        <time>2026-08-11T18:25:00.575Z</time>
      </trkpt>
      <trkpt lat="45.895280" lon="13.777481">
        <ele>128.739110</ele>
        <time>2026-08-11T18:25:04.502Z</time>
      </trkpt>
      <trkpt lat="45.895299" lon="13.777483">
        <ele>128.774595</ele>
        <time>2026-08-11T18:25:04.927Z</time>
      </trkpt>
      <trkpt lat="45.895418" lon="13.777346">
        <ele>129.058622</ele>
        <time>2026-08-11T18:25:07.938Z</time>
      </trkpt>
      <trkpt lat="45.895513" lon="13.777402">
        <ele>129.249885</ele>
        <time>2026-08-11T18:25:09.654Z</time>
      </trkpt>
      <trkpt lat="45.895558" lon="13.777428">
        <ele>129.340227</ele>
        <time>2026-08-11T18:25:10.357Z</time>
      </trkpt>
      <trkpt lat="45.895656" lon="13.777462">
        <ele>129.528011</ele>
        <time>2026-08-11T18:25:11.678Z</time>
      </trkpt>
      <trkpt lat="45.895824" lon="13.777441">
        <ele>129.842116</ele>
        <time>2026-08-11T18:25:13.668Z</time>
      </trkpt>
      <trkpt lat="45.896180" lon="13.777464">
        <ele>129.771178</ele>
        <time>2026-08-11T18:25:17.525Z</time>
      </trkpt>
      <trkpt lat="45.896272" lon="13.777456">
        <ele>129.656048</ele>
        <time>2026-08-11T18:25:18.489Z</time>
      </trkpt>
      <trkpt lat="45.896717" lon="13.777269">
        <ele>129.076901</ele>
        <time>2026-08-11T18:25:23.347Z</time>
      </trkpt>
      <trkpt lat="45.897027" lon="13.777045">
        <ele>128.643464</ele>
        <time>2026-08-11T18:25:27.164Z</time>
      </trkpt>
      <trkpt lat="45.897202" lon="13.777119">
        <ele>128.415597</ele>
        <time>2026-08-11T18:25:29.344Z</time>
      </trkpt>
      <trkpt lat="45.897225" lon="13.777129">
        <ele>128.385581</ele>
        <time>2026-08-11T18:25:29.647Z</time>
      </trkpt>
      <trkpt lat="45.897599" lon="13.777324">
        <ele>127.888602</ele>
        <time>2026-08-11T18:25:35.479Z</time>
      </trkpt>
      <trkpt lat="45.897773" lon="13.777526">
        <ele>128.181779</ele>
        <time>2026-08-11T18:25:39.469Z</time>
      </trkpt>
      <trkpt lat="45.897858" lon="13.777646">
        <ele>128.438428</ele>
        <time>2026-08-11T18:25:41.556Z</time>
      </trkpt>
      <trkpt lat="45.898081" lon="13.778183">
        <ele>129.375751</ele>
        <time>2026-08-11T18:25:49.348Z</time>
      </trkpt>
      <trkpt lat="45.898136" lon="13.778285">
        <ele>129.569161</ele>
        <time>2026-08-11T18:25:51.318Z</time>
      </trkpt>
      <trkpt lat="45.898197" lon="13.778338">
        <ele>129.722693</ele>
        <time>2026-08-11T18:25:53.015Z</time>
      </trkpt>
      <trkpt lat="45.898334" lon="13.778443">
        <ele>130.057113</ele>
        <time>2026-08-11T18:25:57.121Z</time>
      </trkpt>
      <trkpt lat="45.898820" lon="13.778754">
        <ele>131.202965</ele>
        <time>2026-08-11T18:26:15.370Z</time>
      </trkpt>
      <trkpt lat="45.898896" lon="13.778800">
        <ele>131.380583</ele>
        <time>2026-08-11T18:26:17.743Z</time>
      </trkpt>
      <trkpt lat="45.899196" lon="13.779053">
        <ele>132.579105</ele>
        <time>2026-08-11T18:26:27.620Z</time>
      </trkpt>
      <trkpt lat="45.899327" lon="13.779232">
        <ele>133.369233</ele>
        <time>2026-08-11T18:26:32.828Z</time>
      </trkpt>
      <trkpt lat="45.899772" lon="13.779977">
        <ele>136.355597</ele>
        <time>2026-08-11T18:26:57.630Z</time>
      </trkpt>
      <trkpt lat="45.900205" lon="13.780445">
        <ele>138.723778</ele>
        <time>2026-08-11T18:27:17.270Z</time>
      </trkpt>
      <trkpt lat="45.900742" lon="13.781037">
        <ele>139.961772</ele>
        <time>2026-08-11T18:27:35.625Z</time>
      </trkpt>
      <trkpt lat="45.900774" lon="13.781124">
        <ele>140.019026</ele>
        <time>2026-08-11T18:27:37.343Z</time>
      </trkpt>
      <trkpt lat="45.902439" lon="13.780123">
        <ele>141.138779</ele>
        <time>2026-08-11T18:28:01.284Z</time>
      </trkpt>
      <trkpt lat="45.902623" lon="13.779949">
        <ele>141.170216</ele>
        <time>2026-08-11T18:28:03.894Z</time>
      </trkpt>
      <trkpt lat="45.903255" lon="13.779144">
        <ele>141.290750</ele>
        <time>2026-08-11T18:28:17.263Z</time>
      </trkpt>
      <trkpt lat="45.903406" lon="13.779028">
        <ele>141.315187</ele>
        <time>2026-08-11T18:28:21.129Z</time>
      </trkpt>
      <trkpt lat="45.903497" lon="13.778999">
        <ele>141.408897</ele>
        <time>2026-08-11T18:28:23.313Z</time>
      </trkpt>
      <trkpt lat="45.903746" lon="13.779008">
        <ele>141.662270</ele>
        <time>2026-08-11T18:28:29.171Z</time>
      </trkpt>
      <trkpt lat="45.903874" lon="13.779082">
        <ele>141.802618</ele>
        <time>2026-08-11T18:28:32.392Z</time>
      </trkpt>
      <trkpt lat="45.904044" lon="13.779253">
        <ele>142.013703</ele>
        <time>2026-08-11T18:28:36.826Z</time>
      </trkpt>
      <trkpt lat="45.904228" lon="13.779637">
        <ele>142.343731</ele>
        <time>2026-08-11T18:28:42.620Z</time>
      </trkpt>
      <trkpt lat="45.904469" lon="13.780251">
        <ele>142.842728</ele>
        <time>2026-08-11T18:28:51.135Z</time>
      </trkpt>
      <trkpt lat="45.904642" lon="13.780472">
        <ele>143.078189</ele>
        <time>2026-08-11T18:28:55.106Z</time>
      </trkpt>
      <trkpt lat="45.904767" lon="13.780544">
        <ele>143.298339</ele>
        <time>2026-08-11T18:28:57.458Z</time>
      </trkpt>
      <trkpt lat="45.904948" lon="13.780556">
        <ele>143.701139</ele>
        <time>2026-08-11T18:29:00.474Z</time>
      </trkpt>
      <trkpt lat="45.904999" lon="13.780546">
        <ele>143.815565</ele>
        <time>2026-08-11T18:29:01.384Z</time>
      </trkpt>
      <trkpt lat="45.905270" lon="13.780456">
        <ele>144.433889</ele>
        <time>2026-08-11T18:29:05.935Z</time>
      </trkpt>
      <trkpt lat="45.905621" lon="13.780314">
        <ele>145.244507</ele>
        <time>2026-08-11T18:29:12.790Z</time>
      </trkpt>
      <trkpt lat="45.905772" lon="13.780250">
        <ele>145.594482</ele>
        <time>2026-08-11T18:29:16.372Z</time>
      </trkpt>
      <trkpt lat="45.906232" lon="13.780147">
        <ele>146.629422</ele>
        <time>2026-08-11T18:29:30.090Z</time>
      </trkpt>
      <trkpt lat="45.906684" lon="13.780045">
        <ele>148.296059</ele>
        <time>2026-08-11T18:29:46.085Z</time>
      </trkpt>
      <trkpt lat="45.906906" lon="13.780030">
        <ele>149.428010</ele>
        <time>2026-08-11T18:29:53.840Z</time>
      </trkpt>
      <trkpt lat="45.907137" lon="13.780008">
        <ele>150.607132</ele>
        <time>2026-08-11T18:30:01.741Z</time>
      </trkpt>
      <trkpt lat="45.907171" lon="13.779997">
        <ele>150.784637</ele>
        <time>2026-08-11T18:30:02.970Z</time>
      </trkpt>
      <trkpt lat="45.907341" lon="13.779905">
        <ele>151.709844</ele>
        <time>2026-08-11T18:30:09.419Z</time>
      </trkpt>
      <trkpt lat="45.907447" lon="13.779769">
        <ele>152.433572</ele>
        <time>2026-08-11T18:30:14.742Z</time>
      </trkpt>
      <trkpt lat="45.907468" lon="13.779731">
        <ele>152.605550</ele>
        <time>2026-08-11T18:30:15.978Z</time>
      </trkpt>
      <trkpt lat="45.907619" lon="13.779362">
        <ele>154.122665</ele>
        <time>2026-08-11T18:30:26.759Z</time>
      </trkpt>
      <trkpt lat="45.907744" lon="13.778976">
        <ele>155.631532</ele>
        <time>2026-08-11T18:30:37.079Z</time>
      </trkpt>
      <trkpt lat="45.907839" lon="13.778679">
        <ele>156.707223</ele>
        <time>2026-08-11T18:30:45.310Z</time>
      </trkpt>
      <trkpt lat="45.907937" lon="13.778372">
        <ele>157.700234</ele>
        <time>2026-08-11T18:30:54.371Z</time>
      </trkpt>
      <trkpt lat="45.908006" lon="13.778155">
        <ele>158.401657</ele>
        <time>2026-08-11T18:31:00.594Z</time>
      </trkpt>
      <trkpt lat="45.908021" lon="13.778108">
        <ele>158.553675</ele>
        <time>2026-08-11T18:31:01.953Z</time>
      </trkpt>
      <trkpt lat="45.908105" lon="13.777852">
        <ele>159.385784</ele>
        <time>2026-08-11T18:31:09.256Z</time>
      </trkpt>
      <trkpt lat="45.908153" lon="13.777705">
        <ele>159.863175</ele>
        <time>2026-08-11T18:31:13.304Z</time>
      </trkpt>
      <trkpt lat="45.908198" lon="13.777567">
        <ele>160.311227</ele>
        <time>2026-08-11T18:31:17.012Z</time>
      </trkpt>
      <trkpt lat="45.908330" lon="13.777299">
        <ele>161.276546</ele>
        <time>2026-08-11T18:31:24.675Z</time>
      </trkpt>
      <trkpt lat="45.908346" lon="13.777266">
        <ele>161.394793</ele>
        <time>2026-08-11T18:31:25.534Z</time>
      </trkpt>
      <trkpt lat="45.908378" lon="13.777202">
        <ele>161.626488</ele>
        <time>2026-08-11T18:31:27.156Z</time>
      </trkpt>
      <trkpt lat="45.908443" lon="13.777234">
        <ele>161.916792</ele>
        <time>2026-08-11T18:31:29.130Z</time>
      </trkpt>
      <trkpt lat="45.908529" lon="13.777049">
        <ele>162.570889</ele>
        <time>2026-08-11T18:31:32.915Z</time>
      </trkpt>
      <trkpt lat="45.908769" lon="13.776812">
        <ele>163.801236</ele>
        <time>2026-08-11T18:31:39.043Z</time>
      </trkpt>
      <trkpt lat="45.908947" lon="13.776733">
        <ele>164.256279</ele>
        <time>2026-08-11T18:31:43.124Z</time>
      </trkpt>
      <trkpt lat="45.909093" lon="13.776436">
        <ele>164.806568</ele>
        <time>2026-08-11T18:31:49.286Z</time>
      </trkpt>
      <trkpt lat="45.909178" lon="13.775744">
        <ele>165.869933</ele>
        <time>2026-08-11T18:32:00.824Z</time>
      </trkpt>
      <trkpt lat="45.909312" lon="13.775420">
        <ele>166.440300</ele>
        <time>2026-08-11T18:32:06.193Z</time>
      </trkpt>
      <trkpt lat="45.909761" lon="13.774695">
        <ele>167.909961</ele>
        <time>2026-08-11T18:32:21.022Z</time>
      </trkpt>
      <trkpt lat="45.910200" lon="13.773865">
        <ele>169.503215</ele>
        <time>2026-08-11T18:32:42.483Z</time>
      </trkpt>
      <trkpt lat="45.910383" lon="13.773339">
        <ele>170.401917</ele>
        <time>2026-08-11T18:32:51.578Z</time>
      </trkpt>
      <trkpt lat="45.910460" lon="13.773124">
        <ele>170.771442</ele>
        <time>2026-08-11T18:32:54.992Z</time>
      </trkpt>
      <trkpt lat="45.910609" lon="13.772820">
        <ele>171.339694</ele>
        <time>2026-08-11T18:33:00.577Z</time>
      </trkpt>
      <trkpt lat="45.910684" lon="13.772756">
        <ele>171.531265</ele>
        <time>2026-08-11T18:33:02.633Z</time>
      </trkpt>
      <trkpt lat="45.910673" lon="13.772711">
        <ele>171.604153</ele>
        <time>2026-08-11T18:33:03.350Z</time>
      </trkpt>
      <trkpt lat="45.910568" lon="13.772143">
        <ele>171.557518</ele>
        <time>2026-08-11T18:33:11.510Z</time>
      </trkpt>
      <trkpt lat="45.910516" lon="13.771877">
        <ele>171.437806</ele>
        <time>2026-08-11T18:33:14.783Z</time>
      </trkpt>
      <trkpt lat="45.910487" lon="13.771160">
        <ele>171.126626</ele>
        <time>2026-08-11T18:33:21.874Z</time>
      </trkpt>
      <trkpt lat="45.910667" lon="13.770816">
        <ele>170.940137</ele>
        <time>2026-08-11T18:33:25.582Z</time>
      </trkpt>
      <trkpt lat="45.910778" lon="13.770651">
        <ele>170.840697</ele>
        <time>2026-08-11T18:33:27.510Z</time>
      </trkpt>
      <trkpt lat="45.910908" lon="13.770519">
        <ele>170.741580</ele>
        <time>2026-08-11T18:33:29.313Z</time>
      </trkpt>
      <trkpt lat="45.911497" lon="13.770144">
        <ele>167.448084</ele>
        <time>2026-08-11T18:33:35.693Z</time>
      </trkpt>
      <trkpt lat="45.911825" lon="13.769987">
        <ele>165.196270</ele>
        <time>2026-08-11T18:33:38.912Z</time>
      </trkpt>
      <trkpt lat="45.912281" lon="13.769756">
        <ele>162.046995</ele>
        <time>2026-08-11T18:33:43.218Z</time>
      </trkpt>
      <trkpt lat="45.912456" lon="13.769612">
        <ele>160.733532</ele>
        <time>2026-08-11T18:33:44.971Z</time>
      </trkpt>
      <trkpt lat="45.912575" lon="13.769408">
        <ele>159.527092</ele>
        <time>2026-08-11T18:33:46.557Z</time>
      </trkpt>
      <trkpt lat="45.912648" lon="13.769114">
        <ele>157.888630</ele>
        <time>2026-08-11T18:33:48.418Z</time>
      </trkpt>
      <trkpt lat="45.912676" lon="13.768826">
        <ele>156.210304</ele>
        <time>2026-08-11T18:33:50.159Z</time>
      </trkpt>
      <trkpt lat="45.912774" lon="13.768586">
        <ele>154.604224</ele>
        <time>2026-08-11T18:33:51.818Z</time>
      </trkpt>
      <trkpt lat="45.912923" lon="13.768320">
        <ele>152.633307</ele>
        <time>2026-08-11T18:33:53.863Z</time>
      </trkpt>
      <trkpt lat="45.913003" lon="13.767985">
        <ele>150.589164</ele>
        <time>2026-08-11T18:33:55.993Z</time>
      </trkpt>
      <trkpt lat="45.913312" lon="13.767922">
        <ele>148.000275</ele>
        <time>2026-08-11T18:33:58.719Z</time>
      </trkpt>
      <trkpt lat="45.913613" lon="13.767740">
        <ele>145.291462</ele>
        <time>2026-08-11T18:34:01.663Z</time>
      </trkpt>
      <trkpt lat="45.914041" lon="13.767359">
        <ele>143.131976</ele>
        <time>2026-08-11T18:34:06.484Z</time>
      </trkpt>
      <trkpt lat="45.914392" lon="13.767039">
        <ele>142.085794</ele>
        <time>2026-08-11T18:34:10.877Z</time>
      </trkpt>
      <trkpt lat="45.914560" lon="13.766840">
        <ele>141.537855</ele>
        <time>2026-08-11T18:34:13.373Z</time>
      </trkpt>
      <trkpt lat="45.914971" lon="13.766210">
        <ele>140.025508</ele>
        <time>2026-08-11T18:34:21.200Z</time>
      </trkpt>
      <trkpt lat="45.915006" lon="13.766152">
        <ele>139.891061</ele>
        <time>2026-08-11T18:34:21.875Z</time>
      </trkpt>
      <trkpt lat="45.915475" lon="13.765341">
        <ele>137.126847</ele>
        <time>2026-08-11T18:34:30.071Z</time>
      </trkpt>
      <trkpt lat="45.915767" lon="13.764775">
        <ele>135.106188</ele>
        <time>2026-08-11T18:34:34.845Z</time>
      </trkpt>
      <trkpt lat="45.916137" lon="13.764103">
        <ele>132.648658</ele>
        <time>2026-08-11T18:34:40.304Z</time>
      </trkpt>
      <trkpt lat="45.916523" lon="13.763507">
        <ele>129.873469</ele>
        <time>2026-08-11T18:34:45.411Z</time>
      </trkpt>
      <trkpt lat="45.917152" lon="13.762635">
        <ele>125.368543</ele>
        <time>2026-08-11T18:34:53.534Z</time>
      </trkpt>
      <trkpt lat="45.917380" lon="13.762248">
        <ele>123.549806</ele>
        <time>2026-08-11T18:34:57.006Z</time>
      </trkpt>
      <trkpt lat="45.917758" lon="13.761434">
        <ele>121.399845</ele>
        <time>2026-08-11T18:35:03.898Z</time>
      </trkpt>
      <trkpt lat="45.917807" lon="13.761324">
        <ele>121.162434</ele>
        <time>2026-08-11T18:35:04.832Z</time>
      </trkpt>
      <trkpt lat="45.918480" lon="13.759854">
        <ele>118.087707</ele>
        <time>2026-08-11T18:35:17.898Z</time>
      </trkpt>
      <trkpt lat="45.918675" lon="13.759497">
        <ele>118.023787</ele>
        <time>2026-08-11T18:35:21.638Z</time>
      </trkpt>
      <trkpt lat="45.919007" lon="13.758881">
        <ele>117.914051</ele>
        <time>2026-08-11T18:35:28.772Z</time>
      </trkpt>
      <trkpt lat="45.919148" lon="13.758687">
        <ele>117.874540</ele>
        <time>2026-08-11T18:35:31.680Z</time>
      </trkpt>
      <trkpt lat="45.919466" lon="13.758342">
        <ele>117.793891</ele>
        <time>2026-08-11T18:35:38.414Z</time>
      </trkpt>
      <trkpt lat="45.919824" lon="13.757829">
        <ele>118.202696</ele>
        <time>2026-08-11T18:35:48.138Z</time>
      </trkpt>
      <trkpt lat="45.920079" lon="13.757377">
        <ele>119.107713</ele>
        <time>2026-08-11T18:35:57.003Z</time>
      </trkpt>
      <trkpt lat="45.920371" lon="13.756880">
        <ele>120.119381</ele>
        <time>2026-08-11T18:36:07.652Z</time>
      </trkpt>
      <trkpt lat="45.921129" lon="13.755844">
        <ele>122.602411</ele>
        <time>2026-08-11T18:36:36.000Z</time>
      </trkpt>
      <trkpt lat="45.921345" lon="13.755617">
        <ele>123.323872</ele>
        <time>2026-08-11T18:36:43.386Z</time>
      </trkpt>
      <trkpt lat="45.921583" lon="13.755466">
        <ele>124.025333</ele>
        <time>2026-08-11T18:36:50.254Z</time>
      </trkpt>
      <trkpt lat="45.921928" lon="13.755320">
        <ele>124.995053</ele>
        <time>2026-08-11T18:36:59.264Z</time>
      </trkpt>
      <trkpt lat="45.922860" lon="13.755069">
        <ele>127.088883</ele>
        <time>2026-08-11T18:37:22.197Z</time>
      </trkpt>
      <trkpt lat="45.923215" lon="13.754971">
        <ele>127.587206</ele>
        <time>2026-08-11T18:37:30.661Z</time>
      </trkpt>
      <trkpt lat="45.923585" lon="13.754923">
        <ele>128.099337</ele>
        <time>2026-08-11T18:37:38.852Z</time>
      </trkpt>
      <trkpt lat="45.923755" lon="13.754947">
        <ele>128.334816</ele>
        <time>2026-08-11T18:37:42.341Z</time>
      </trkpt>
      <trkpt lat="45.924262" lon="13.755003">
        <ele>129.035794</ele>
        <time>2026-08-11T18:37:51.461Z</time>
      </trkpt>
      <trkpt lat="45.924295" lon="13.755005">
        <ele>129.081326</ele>
        <time>2026-08-11T18:37:51.978Z</time>
      </trkpt>
      <trkpt lat="45.924755" lon="13.755012">
        <ele>127.883892</ele>
        <time>2026-08-11T18:37:57.868Z</time>
      </trkpt>
      <trkpt lat="45.924919" lon="13.754982">
        <ele>127.450621</ele>
        <time>2026-08-11T18:37:59.654Z</time>
      </trkpt>
      <trkpt lat="45.925157" lon="13.754891">
        <ele>126.805195</ele>
        <time>2026-08-11T18:38:02.206Z</time>
      </trkpt>
      <trkpt lat="45.925305" lon="13.754793">
        <ele>126.378155</ele>
        <time>2026-08-11T18:38:03.834Z</time>
      </trkpt>
      <trkpt lat="45.925541" lon="13.754601">
        <ele>125.667484</ele>
        <time>2026-08-11T18:38:06.495Z</time>
      </trkpt>
      <trkpt lat="45.925787" lon="13.754298">
        <ele>124.818511</ele>
        <time>2026-08-11T18:38:09.640Z</time>
      </trkpt>
      <trkpt lat="45.926032" lon="13.753861">
        <ele>123.350617</ele>
        <time>2026-08-11T18:38:13.416Z</time>
      </trkpt>
      <trkpt lat="45.926618" lon="13.752642">
        <ele>118.560222</ele>
        <time>2026-08-11T18:38:23.189Z</time>
      </trkpt>
      <trkpt lat="45.926808" lon="13.752311">
        <ele>117.172838</ele>
        <time>2026-08-11T18:38:25.995Z</time>
      </trkpt>
      <trkpt lat="45.927095" lon="13.751863">
        <ele>115.383264</ele>
        <time>2026-08-11T18:38:30.024Z</time>
      </trkpt>
      <trkpt lat="45.927151" lon="13.751771">
        <ele>115.075907</ele>
        <time>2026-08-11T18:38:30.844Z</time>
      </trkpt>
      <trkpt lat="45.927429" lon="13.751341">
        <ele>113.599980</ele>
        <time>2026-08-11T18:38:34.802Z</time>
      </trkpt>
      <trkpt lat="45.927562" lon="13.751136">
        <ele>112.895196</ele>
        <time>2026-08-11T18:38:36.695Z</time>
      </trkpt>
      <trkpt lat="45.927575" lon="13.751115">
        <ele>112.824519</ele>
        <time>2026-08-11T18:38:36.887Z</time>
      </trkpt>
      <trkpt lat="45.927743" lon="13.750842">
        <ele>111.908115</ele>
        <time>2026-08-11T18:38:39.362Z</time>
      </trkpt>
      <trkpt lat="45.927773" lon="13.750793">
        <ele>111.744000</ele>
        <time>2026-08-11T18:38:39.811Z</time>
      </trkpt>
      <trkpt lat="45.927842" lon="13.750677">
        <ele>111.360270</ele>
        <time>2026-08-11T18:38:40.863Z</time>
      </trkpt>
      <trkpt lat="45.927968" lon="13.750355">
        <ele>110.431425</ele>
        <time>2026-08-11T18:38:43.471Z</time>
      </trkpt>
      <trkpt lat="45.927998" lon="13.750257">
        <ele>110.162240</ele>
        <time>2026-08-11T18:38:44.256Z</time>
      </trkpt>
      <trkpt lat="45.928024" lon="13.750173">
        <ele>109.931092</ele>
        <time>2026-08-11T18:38:44.950Z</time>
      </trkpt>
      <trkpt lat="45.928108" lon="13.749749">
        <ele>109.469020</ele>
        <time>2026-08-11T18:38:48.437Z</time>
      </trkpt>
      <trkpt lat="45.928122" lon="13.749406">
        <ele>109.417870</ele>
        <time>2026-08-11T18:38:51.286Z</time>
      </trkpt>
      <trkpt lat="45.928081" lon="13.748990">
        <ele>109.355322</ele>
        <time>2026-08-11T18:38:54.926Z</time>
      </trkpt>
      <trkpt lat="45.928558" lon="13.748844">
        <ele>109.250942</ele>
        <time>2026-08-11T18:39:03.348Z</time>
      </trkpt>
      <trkpt lat="45.928904" lon="13.748266">
        <ele>109.137418</ele>
        <time>2026-08-11T18:39:16.622Z</time>
      </trkpt>
      <trkpt lat="45.929048" lon="13.747901">
        <ele>109.356743</ele>
        <time>2026-08-11T18:39:26.528Z</time>
      </trkpt>
      <trkpt lat="45.929164" lon="13.747480">
        <ele>109.670862</ele>
        <time>2026-08-11T18:39:37.455Z</time>
      </trkpt>
      <trkpt lat="45.929669" lon="13.746531">
        <ele>110.499726</ele>
        <time>2026-08-11T18:39:59.952Z</time>
      </trkpt>
      <trkpt lat="45.929873" lon="13.746131">
        <ele>110.843792</ele>
        <time>2026-08-11T18:40:06.477Z</time>
      </trkpt>
      <trkpt lat="45.929961" lon="13.746016">
        <ele>110.731422</ele>
        <time>2026-08-11T18:40:08.335Z</time>
      </trkpt>
      <trkpt lat="45.930028" lon="13.745729">
        <ele>109.835051</ele>
        <time>2026-08-11T18:40:11.428Z</time>
      </trkpt>
      <trkpt lat="45.930022" lon="13.745636">
        <ele>109.558504</ele>
        <time>2026-08-11T18:40:12.350Z</time>
      </trkpt>
      <trkpt lat="45.930005" lon="13.745500">
        <ele>109.149368</ele>
        <time>2026-08-11T18:40:13.698Z</time>
      </trkpt>
      <trkpt lat="45.930210" lon="13.745408">
        <ele>108.235152</ele>
        <time>2026-08-11T18:40:16.627Z</time>
      </trkpt>
      <trkpt lat="45.930425" lon="13.745225">
        <ele>107.171528</ele>
        <time>2026-08-11T18:40:19.902Z</time>
      </trkpt>
      <trkpt lat="45.930625" lon="13.745106">
        <ele>106.250096</ele>
        <time>2026-08-11T18:40:22.707Z</time>
      </trkpt>
      <trkpt lat="45.930775" lon="13.745046">
        <ele>105.587291</ele>
        <time>2026-08-11T18:40:24.722Z</time>
      </trkpt>
      <trkpt lat="45.931049" lon="13.745069">
        <ele>104.418880</ele>
        <time>2026-08-11T18:40:28.377Z</time>
      </trkpt>
      <trkpt lat="45.931187" lon="13.745075">
        <ele>103.831143</ele>
        <time>2026-08-11T18:40:30.256Z</time>
      </trkpt>
      <trkpt lat="45.931318" lon="13.744983">
        <ele>103.255835</ele>
        <time>2026-08-11T18:40:32.255Z</time>
      </trkpt>
      <trkpt lat="45.931636" lon="13.744633">
        <ele>103.060892</ele>
        <time>2026-08-11T18:40:38.092Z</time>
      </trkpt>
      <trkpt lat="45.932047" lon="13.744150">
        <ele>102.802500</ele>
        <time>2026-08-11T18:40:47.866Z</time>
      </trkpt>
      <trkpt lat="45.932187" lon="13.744053">
        <ele>102.726851</ele>
        <time>2026-08-11T18:40:51.257Z</time>
      </trkpt>
      <trkpt lat="45.932314" lon="13.744011">
        <ele>102.663416</ele>
        <time>2026-08-11T18:40:54.399Z</time>
      </trkpt>
      <trkpt lat="45.932449" lon="13.744058">
        <ele>102.595802</ele>
        <time>2026-08-11T18:40:58.058Z</time>
      </trkpt>
      <trkpt lat="45.932977" lon="13.744489">
        <ele>102.474412</ele>
        <time>2026-08-11T18:41:15.796Z</time>
      </trkpt>
      <trkpt lat="45.933108" lon="13.744540">
        <ele>102.542294</ele>
        <time>2026-08-11T18:41:19.659Z</time>
      </trkpt>
      <trkpt lat="45.933217" lon="13.744518">
        <ele>102.597347</ele>
        <time>2026-08-11T18:41:22.793Z</time>
      </trkpt>
      <trkpt lat="45.933607" lon="13.744200">
        <ele>102.821596</ele>
        <time>2026-08-11T18:41:34.359Z</time>
      </trkpt>
      <trkpt lat="45.934127" lon="13.743759">
        <ele>103.123555</ele>
        <time>2026-08-11T18:41:46.619Z</time>
      </trkpt>
      <trkpt lat="45.934194" lon="13.743689">
        <ele>103.164978</ele>
        <time>2026-08-11T18:41:48.049Z</time>
      </trkpt>
      <trkpt lat="45.934249" lon="13.743631">
        <ele>103.199093</ele>
        <time>2026-08-11T18:41:49.210Z</time>
      </trkpt>
      <trkpt lat="45.934311" lon="13.743566">
        <ele>103.237472</ele>
        <time>2026-08-11T18:41:50.471Z</time>
      </trkpt>
      <trkpt lat="45.934526" lon="13.743087">
        <ele>102.891390</ele>
        <time>2026-08-11T18:41:56.788Z</time>
      </trkpt>
      <trkpt lat="45.934570" lon="13.743040">
        <ele>102.819311</ele>
        <time>2026-08-11T18:41:57.690Z</time>
      </trkpt>
      <trkpt lat="45.934753" lon="13.742971">
        <ele>102.570532</ele>
        <time>2026-08-11T18:42:00.870Z</time>
      </trkpt>
      <trkpt lat="45.935145" lon="13.742731">
        <ele>102.010273</ele>
        <time>2026-08-11T18:42:08.239Z</time>
      </trkpt>
      <trkpt lat="45.935333" lon="13.742673">
        <ele>101.757429</ele>
        <time>2026-08-11T18:42:11.443Z</time>
      </trkpt>
      <trkpt lat="45.935544" lon="13.742650">
        <ele>101.479171</ele>
        <time>2026-08-11T18:42:14.866Z</time>
      </trkpt>
      <trkpt lat="45.935730" lon="13.742651">
        <ele>101.234581</ele>
        <time>2026-08-11T18:42:17.933Z</time>
      </trkpt>
      <trkpt lat="45.935961" lon="13.742609">
        <ele>100.928400</ele>
        <time>2026-08-11T18:42:21.754Z</time>
      </trkpt>
      <trkpt lat="45.936031" lon="13.742363">
        <ele>100.582543</ele>
        <time>2026-08-11T18:42:24.789Z</time>
      </trkpt>
      <trkpt lat="45.936104" lon="13.741845">
        <ele>99.888020</ele>
        <time>2026-08-11T18:42:31.004Z</time>
      </trkpt>
      <trkpt lat="45.936384" lon="13.741253">
        <ele>98.947237</ele>
        <time>2026-08-11T18:42:38.990Z</time>
      </trkpt>
      <trkpt lat="45.936617" lon="13.740733">
        <ele>98.134381</ele>
        <time>2026-08-11T18:42:45.648Z</time>
      </trkpt>
      <trkpt lat="45.936721" lon="13.740264">
        <ele>97.460327</ele>
        <time>2026-08-11T18:42:51.157Z</time>
      </trkpt>
      <trkpt lat="45.936802" lon="13.739821">
        <ele>96.384517</ele>
        <time>2026-08-11T18:42:55.981Z</time>
      </trkpt>
      <trkpt lat="45.937121" lon="13.739119">
        <ele>94.415009</ele>
        <time>2026-08-11T18:43:04.288Z</time>
      </trkpt>
      <trkpt lat="45.937148" lon="13.738944">
        <ele>93.994005</ele>
        <time>2026-08-11T18:43:06.027Z</time>
      </trkpt>
      <trkpt lat="45.937182" lon="13.738310">
        <ele>92.500553</ele>
        <time>2026-08-11T18:43:12.218Z</time>
      </trkpt>
      <trkpt lat="45.937263" lon="13.737523">
        <ele>91.369883</ele>
        <time>2026-08-11T18:43:20.068Z</time>
      </trkpt>
      <trkpt lat="45.937283" lon="13.737287">
        <ele>91.316574</ele>
        <time>2026-08-11T18:43:22.490Z</time>
      </trkpt>
      <trkpt lat="45.937346" lon="13.736945">
        <ele>91.237244</ele>
        <time>2026-08-11T18:43:26.258Z</time>
      </trkpt>
      <trkpt lat="45.937534" lon="13.736541">
        <ele>91.128248</ele>
        <time>2026-08-11T18:43:31.882Z</time>
      </trkpt>
      <trkpt lat="45.937571" lon="13.736431">
        <ele>91.100850</ele>
        <time>2026-08-11T18:43:33.441Z</time>
      </trkpt>
      <trkpt lat="45.937718" lon="13.735925">
        <ele>90.977890</ele>
        <time>2026-08-11T18:43:42.625Z</time>
      </trkpt>
      <trkpt lat="45.937995" lon="13.735263">
        <ele>91.804270</ele>
        <time>2026-08-11T18:44:01.171Z</time>
      </trkpt>
      <trkpt lat="45.938175" lon="13.734969">
        <ele>93.105977</ele>
        <time>2026-08-11T18:44:11.169Z</time>
      </trkpt>
      <trkpt lat="45.938309" lon="13.734817">
        <ele>93.921564</ele>
        <time>2026-08-11T18:44:17.800Z</time>
      </trkpt>
      <trkpt lat="45.938619" lon="13.734761">
        <ele>95.414580</ele>
        <time>2026-08-11T18:44:30.309Z</time>
      </trkpt>
      <trkpt lat="45.938877" lon="13.734676">
        <ele>96.679408</ele>
        <time>2026-08-11T18:44:41.076Z</time>
      </trkpt>
      <trkpt lat="45.938962" lon="13.734698">
        <ele>97.092118</ele>
        <time>2026-08-11T18:44:44.582Z</time>
      </trkpt>
      <trkpt lat="45.939050" lon="13.734763">
        <ele>97.564869</ele>
        <time>2026-08-11T18:44:48.658Z</time>
      </trkpt>
      <trkpt lat="45.939184" lon="13.734769">
        <ele>98.205514</ele>
        <time>2026-08-11T18:44:53.768Z</time>
      </trkpt>
      <trkpt lat="45.939649" lon="13.734627">
        <ele>99.294961</ele>
        <time>2026-08-11T18:45:07.900Z</time>
      </trkpt>
      <trkpt lat="45.940052" lon="13.734429">
        <ele>98.958061</ele>
        <time>2026-08-11T18:45:15.268Z</time>
      </trkpt>
      <trkpt lat="45.940102" lon="13.734333">
        <ele>98.892079</ele>
        <time>2026-08-11T18:45:16.378Z</time>
      </trkpt>
      <trkpt lat="45.940277" lon="13.733998">
        <ele>98.661582</ele>
        <time>2026-08-11T18:45:19.761Z</time>
      </trkpt>
      <trkpt lat="45.940536" lon="13.733659">
        <ele>98.384528</ele>
        <time>2026-08-11T18:45:23.331Z</time>
      </trkpt>
      <trkpt lat="45.940790" lon="13.733381">
        <ele>98.132014</ele>
        <time>2026-08-11T18:45:26.438Z</time>
      </trkpt>
      <trkpt lat="45.940880" lon="13.733160">
        <ele>98.012073</ele>
        <time>2026-08-11T18:45:28.137Z</time>
      </trkpt>
      <trkpt lat="45.940917" lon="13.733056">
        <ele>97.975355</ele>
        <time>2026-08-11T18:45:28.914Z</time>
      </trkpt>
      <trkpt lat="45.940951" lon="13.732961">
        <ele>97.941773</ele>
        <time>2026-08-11T18:45:29.639Z</time>
      </trkpt>
      <trkpt lat="45.940952" lon="13.732636">
        <ele>97.839620</ele>
        <time>2026-08-11T18:45:31.926Z</time>
      </trkpt>
      <trkpt lat="45.941191" lon="13.731751">
        <ele>97.541215</ele>
        <time>2026-08-11T18:45:39.994Z</time>
      </trkpt>
      <trkpt lat="45.941317" lon="13.731404">
        <ele>97.418176</ele>
        <time>2026-08-11T18:45:44.670Z</time>
      </trkpt>
      <trkpt lat="45.941477" lon="13.731112">
        <ele>97.301330</ele>
        <time>2026-08-11T18:45:50.426Z</time>
      </trkpt>
      <trkpt lat="45.941757" lon="13.730641">
        <ele>98.064430</ele>
        <time>2026-08-11T18:46:02.773Z</time>
      </trkpt>
      <trkpt lat="45.942110" lon="13.730139">
        <ele>99.624292</ele>
        <time>2026-08-11T18:46:19.346Z</time>
      </trkpt>
      <trkpt lat="45.942351" lon="13.730646">
        <ele>100.966107</ele>
        <time>2026-08-11T18:46:33.160Z</time>
      </trkpt>
      <trkpt lat="45.943139" lon="13.729490">
        <ele>102.489270</ele>
        <time>2026-08-11T18:46:58.997Z</time>
      </trkpt>
      <trkpt lat="45.943397" lon="13.729067">
        <ele>102.194850</ele>
        <time>2026-08-11T18:47:03.937Z</time>
      </trkpt>
      <trkpt lat="45.943904" lon="13.728539">
        <ele>101.723803</ele>
        <time>2026-08-11T18:47:10.804Z</time>
      </trkpt>
      <trkpt lat="45.944084" lon="13.728440">
        <ele>101.578786</ele>
        <time>2026-08-11T18:47:12.772Z</time>
      </trkpt>
      <trkpt lat="45.944285" lon="13.728378">
        <ele>101.109706</ele>
        <time>2026-08-11T18:47:14.840Z</time>
      </trkpt>
      <trkpt lat="45.944626" lon="13.728335">
        <ele>100.048640</ele>
        <time>2026-08-11T18:47:18.267Z</time>
      </trkpt>
      <trkpt lat="45.944675" lon="13.728324">
        <ele>99.894913</ele>
        <time>2026-08-11T18:47:18.770Z</time>
      </trkpt>
      <trkpt lat="45.944761" lon="13.728217">
        <ele>99.542417</ele>
        <time>2026-08-11T18:47:19.912Z</time>
      </trkpt>
      <trkpt lat="45.944953" lon="13.727627">
        <ele>98.138354</ele>
        <time>2026-08-11T18:47:24.475Z</time>
      </trkpt>
      <trkpt lat="45.945200" lon="13.726767">
        <ele>96.132817</ele>
        <time>2026-08-11T18:47:31.014Z</time>
      </trkpt>
      <trkpt lat="45.945340" lon="13.726044">
        <ele>94.886358</ele>
        <time>2026-08-11T18:47:36.515Z</time>
      </trkpt>
      <trkpt lat="45.945389" lon="13.725763">
        <ele>94.423524</ele>
        <time>2026-08-11T18:47:38.787Z</time>
      </trkpt>
      <trkpt lat="45.945521" lon="13.724994">
        <ele>93.158072</ele>
        <time>2026-08-11T18:47:45.002Z</time>
      </trkpt>
      <trkpt lat="45.945567" lon="13.724710">
        <ele>92.692201</ele>
        <time>2026-08-11T18:47:47.161Z</time>
      </trkpt>
      <trkpt lat="45.945637" lon="13.724537">
        <ele>92.372424</ele>
        <time>2026-08-11T18:47:48.637Z</time>
      </trkpt>
      <trkpt lat="45.945826" lon="13.724374">
        <ele>91.866079</ele>
        <time>2026-08-11T18:47:50.979Z</time>
      </trkpt>
      <trkpt lat="45.945854" lon="13.724171">
        <ele>91.514313</ele>
        <time>2026-08-11T18:47:52.510Z</time>
      </trkpt>
      <trkpt lat="45.945821" lon="13.723636">
        <ele>90.591830</ele>
        <time>2026-08-11T18:47:56.375Z</time>
      </trkpt>
      <trkpt lat="45.945840" lon="13.723429">
        <ele>90.233219</ele>
        <time>2026-08-11T18:47:57.848Z</time>
      </trkpt>
      <trkpt lat="45.945958" lon="13.723000">
        <ele>89.440848</ele>
        <time>2026-08-11T18:48:01.153Z</time>
      </trkpt>
      <trkpt lat="45.946011" lon="13.722722">
        <ele>88.945756</ele>
        <time>2026-08-11T18:48:03.200Z</time>
      </trkpt>
      <trkpt lat="45.946114" lon="13.721923">
        <ele>87.550077</ele>
        <time>2026-08-11T18:48:09.299Z</time>
      </trkpt>
      <trkpt lat="45.946177" lon="13.721721">
        <ele>87.212000</ele>
        <time>2026-08-11T18:48:11.071Z</time>
      </trkpt>
      <trkpt lat="45.946289" lon="13.721504">
        <ele>86.843585</ele>
        <time>2026-08-11T18:48:13.226Z</time>
      </trkpt>
      <trkpt lat="45.946732" lon="13.720730">
        <ele>85.476952</ele>
        <time>2026-08-11T18:48:21.298Z</time>
      </trkpt>
      <trkpt lat="45.946779" lon="13.720539">
        <ele>85.200749</ele>
        <time>2026-08-11T18:48:22.901Z</time>
      </trkpt>
      <trkpt lat="45.946841" lon="13.720370">
        <ele>84.940262</ele>
        <time>2026-08-11T18:48:24.393Z</time>
      </trkpt>
      <trkpt lat="45.946936" lon="13.720203">
        <ele>84.646120</ele>
        <time>2026-08-11T18:48:26.064Z</time>
      </trkpt>
      <trkpt lat="45.946994" lon="13.720145">
        <ele>84.507620</ele>
        <time>2026-08-11T18:48:26.859Z</time>
      </trkpt>
      <trkpt lat="45.947160" lon="13.720085">
        <ele>84.172044</ele>
        <time>2026-08-11T18:48:28.767Z</time>
      </trkpt>
      <trkpt lat="45.947206" lon="13.720028">
        <ele>84.053000</ele>
        <time>2026-08-11T18:48:29.417Z</time>
      </trkpt>
      <trkpt lat="45.947239" lon="13.719879">
        <ele>83.832798</ele>
        <time>2026-08-11T18:48:30.577Z</time>
      </trkpt>
      <trkpt lat="45.947439" lon="13.719473">
        <ele>82.562762</ele>
        <time>2026-08-11T18:48:34.040Z</time>
      </trkpt>
      <trkpt lat="45.947592" lon="13.719228">
        <ele>81.722205</ele>
        <time>2026-08-11T18:48:36.298Z</time>
      </trkpt>
      <trkpt lat="45.947871" lon="13.718934">
        <ele>80.452507</ele>
        <time>2026-08-11T18:48:39.695Z</time>
      </trkpt>
      <trkpt lat="45.947841" lon="13.718820">
        <ele>80.141381</ele>
        <time>2026-08-11T18:48:40.520Z</time>
      </trkpt>
      <trkpt lat="45.947850" lon="13.718696">
        <ele>79.823155</ele>
        <time>2026-08-11T18:48:41.378Z</time>
      </trkpt>
      <trkpt lat="45.947889" lon="13.718578">
        <ele>79.489667</ele>
        <time>2026-08-11T18:48:42.263Z</time>
      </trkpt>
      <trkpt lat="45.948336" lon="13.717717">
        <ele>76.637937</ele>
        <time>2026-08-11T18:48:49.551Z</time>
      </trkpt>
      <trkpt lat="45.948365" lon="13.717660">
        <ele>76.418198</ele>
        <time>2026-08-11T18:48:50.019Z</time>
      </trkpt>
      <trkpt lat="45.949222" lon="13.716062">
        <ele>70.139613</ele>
        <time>2026-08-11T18:49:03.383Z</time>
      </trkpt>
      <trkpt lat="45.949273" lon="13.715933">
        <ele>69.677942</ele>
        <time>2026-08-11T18:49:04.376Z</time>
      </trkpt>
      <trkpt lat="45.949277" lon="13.715831">
        <ele>69.360108</ele>
        <time>2026-08-11T18:49:05.055Z</time>
      </trkpt>
      <trkpt lat="45.949078" lon="13.715052">
        <ele>67.272540</ele>
        <time>2026-08-11T18:49:10.685Z</time>
      </trkpt>
      <trkpt lat="45.949025" lon="13.714168">
        <ele>65.076279</ele>
        <time>2026-08-11T18:49:16.754Z</time>
      </trkpt>
      <trkpt lat="45.948985" lon="13.713827">
        <ele>64.220283</ele>
        <time>2026-08-11T18:49:19.198Z</time>
      </trkpt>
      <trkpt lat="45.948834" lon="13.713454">
        <ele>63.151911</ele>
        <time>2026-08-11T18:49:22.318Z</time>
      </trkpt>
      <trkpt lat="45.948528" lon="13.712764">
        <ele>62.157687</ele>
        <time>2026-08-11T18:49:28.348Z</time>
      </trkpt>
      <trkpt lat="45.948388" lon="13.712449">
        <ele>61.804664</ele>
        <time>2026-08-11T18:49:31.237Z</time>
      </trkpt>
      <trkpt lat="45.948166" lon="13.711793">
        <ele>61.115740</ele>
        <time>2026-08-11T18:49:37.173Z</time>
      </trkpt>
      <trkpt lat="45.948061" lon="13.711480">
        <ele>60.787577</ele>
        <time>2026-08-11T18:49:40.371Z</time>
      </trkpt>
      <trkpt lat="45.947835" lon="13.710827">
        <ele>60.388744</ele>
        <time>2026-08-11T18:49:47.628Z</time>
      </trkpt>
      <trkpt lat="45.947608" lon="13.710287">
        <ele>60.477326</ele>
        <time>2026-08-11T18:49:54.893Z</time>
      </trkpt>
      <trkpt lat="45.947433" lon="13.710025">
        <ele>60.528326</ele>
        <time>2026-08-11T18:49:59.236Z</time>
      </trkpt>
      <trkpt lat="45.947467" lon="13.709930">
        <ele>60.543325</ele>
        <time>2026-08-11T18:50:00.504Z</time>
      </trkpt>
      <trkpt lat="45.947707" lon="13.709073">
        <ele>60.673022</ele>
        <time>2026-08-11T18:50:10.577Z</time>
      </trkpt>
      <trkpt lat="45.947796" lon="13.708665">
        <ele>60.731857</ele>
        <time>2026-08-11T18:50:15.009Z</time>
      </trkpt>
      <trkpt lat="45.948099" lon="13.707338">
        <ele>60.915427</ele>
        <time>2026-08-11T18:50:30.450Z</time>
      </trkpt>
      <trkpt lat="45.948118" lon="13.707255">
        <ele>60.926912</ele>
        <time>2026-08-11T18:50:31.444Z</time>
      </trkpt>
      <trkpt lat="45.948195" lon="13.706936">
        <ele>60.971292</ele>
        <time>2026-08-11T18:50:35.125Z</time>
      </trkpt>
      <trkpt lat="45.948222" lon="13.706807">
        <ele>60.988998</ele>
        <time>2026-08-11T18:50:36.614Z</time>
      </trkpt>
      <trkpt lat="45.948954" lon="13.703700">
        <ele>61.401407</ele>
        <time>2026-08-11T18:51:11.591Z</time>
      </trkpt>
      <trkpt lat="45.949316" lon="13.702140">
        <ele>61.986783</ele>
        <time>2026-08-11T18:51:30.584Z</time>
      </trkpt>
      <trkpt lat="45.949461" lon="13.701347">
        <ele>62.304551</ele>
        <time>2026-08-11T18:51:40.844Z</time>
      </trkpt>
      <trkpt lat="45.949474" lon="13.701258">
        <ele>62.368673</ele>
        <time>2026-08-11T18:51:42.000Z</time>
      </trkpt>
      <trkpt lat="45.949481" lon="13.701206">
        <ele>62.406018</ele>
        <time>2026-08-11T18:51:42.596Z</time>
      </trkpt>
      <trkpt lat="45.949537" lon="13.700697">
        <ele>62.769371</ele>
        <time>2026-08-11T18:51:48.878Z</time>
      </trkpt>
      <trkpt lat="45.949573" lon="13.700178">
        <ele>63.137126</ele>
        <time>2026-08-11T18:51:55.623Z</time>
      </trkpt>
      <trkpt lat="45.949600" lon="13.699927">
        <ele>63.316208</ele>
        <time>2026-08-11T18:51:58.943Z</time>
      </trkpt>
      <trkpt lat="45.949607" lon="13.699858">
        <ele>63.365374</ele>
        <time>2026-08-11T18:51:59.860Z</time>
      </trkpt>
      <trkpt lat="45.949707" lon="13.699535">
        <ele>63.614672</ele>
        <time>2026-08-11T18:52:04.706Z</time>
      </trkpt>
      <trkpt lat="45.949736" lon="13.699428">
        <ele>63.695645</ele>
        <time>2026-08-11T18:52:06.258Z</time>
      </trkpt>
      <trkpt lat="45.949788" lon="13.699346">
        <ele>63.773898</ele>
        <time>2026-08-11T18:52:07.817Z</time>
      </trkpt>
      <trkpt lat="45.949822" lon="13.699308">
        <ele>63.817563</ele>
        <time>2026-08-11T18:52:08.894Z</time>
      </trkpt>
      <trkpt lat="45.949852" lon="13.699224">
        <ele>63.884146</ele>
        <time>2026-08-11T18:52:10.558Z</time>
      </trkpt>
      <trkpt lat="45.949847" lon="13.699131">
        <ele>63.949914</ele>
        <time>2026-08-11T18:52:12.232Z</time>
      </trkpt>
      <trkpt lat="45.949835" lon="13.699095">
        <ele>63.978064</ele>
        <time>2026-08-11T18:52:12.940Z</time>
      </trkpt>
      <trkpt lat="45.949849" lon="13.698877">
        <ele>64.170484</ele>
        <time>2026-08-11T18:52:15.974Z</time>
      </trkpt>
      <trkpt lat="45.949920" lon="13.698621">
        <ele>64.496357</ele>
        <time>2026-08-11T18:52:19.694Z</time>
      </trkpt>
      <trkpt lat="45.950207" lon="13.697850">
        <ele>65.530372</ele>
        <time>2026-08-11T18:52:32.590Z</time>
      </trkpt>
      <trkpt lat="45.952013" lon="13.693893">
        <ele>71.539454</ele>
        <time>2026-08-11T18:53:46.929Z</time>
      </trkpt>
      <trkpt lat="45.952489" lon="13.692843">
        <ele>72.997684</ele>
        <time>2026-08-11T18:54:05.394Z</time>
      </trkpt>
      <trkpt lat="45.953070" lon="13.692789">
        <ele>74.058021</ele>
        <time>2026-08-11T18:54:17.144Z</time>
      </trkpt>
      <trkpt lat="45.953192" lon="13.692781">
        <ele>74.313968</ele>
        <time>2026-08-11T18:54:20.386Z</time>
      </trkpt>
      <trkpt lat="45.953384" lon="13.692763">
        <ele>74.717205</ele>
        <time>2026-08-11T18:54:24.481Z</time>
      </trkpt>
      <trkpt lat="45.953594" lon="13.692724">
        <ele>75.160965</ele>
        <time>2026-08-11T18:54:29.118Z</time>
      </trkpt>
      <trkpt lat="45.954072" lon="13.692196">
        <ele>76.424051</ele>
        <time>2026-08-11T18:54:43.202Z</time>
      </trkpt>
      <trkpt lat="45.954775" lon="13.691720">
        <ele>78.492136</ele>
        <time>2026-08-11T18:55:03.296Z</time>
      </trkpt>
      <trkpt lat="45.955174" lon="13.691515">
        <ele>79.978653</ele>
        <time>2026-08-11T18:55:15.108Z</time>
      </trkpt>
      <trkpt lat="45.955548" lon="13.691178">
        <ele>81.527041</ele>
        <time>2026-08-11T18:55:27.990Z</time>
      </trkpt>
      <trkpt lat="45.955923" lon="13.690841">
        <ele>83.078400</ele>
        <time>2026-08-11T18:55:41.429Z</time>
      </trkpt>
      <trkpt lat="45.956763" lon="13.690308">
        <ele>87.442146</ele>
        <time>2026-08-11T18:56:10.883Z</time>
      </trkpt>
      <trkpt lat="45.957078" lon="13.690055">
        <ele>89.266600</ele>
        <time>2026-08-11T18:56:23.261Z</time>
      </trkpt>
      <trkpt lat="45.957428" lon="13.689701">
        <ele>91.430292</ele>
        <time>2026-08-11T18:56:39.061Z</time>
      </trkpt>
      <trkpt lat="45.957806" lon="13.689322">
        <ele>93.954469</ele>
        <time>2026-08-11T18:56:57.596Z</time>
      </trkpt>
      <trkpt lat="45.957918" lon="13.689255">
        <ele>94.692685</ele>
        <time>2026-08-11T18:57:02.745Z</time>
      </trkpt>
      <trkpt lat="45.958704" lon="13.689134">
        <ele>99.503531</ele>
        <time>2026-08-11T18:57:35.954Z</time>
      </trkpt>
      <trkpt lat="45.959008" lon="13.689179">
        <ele>101.363420</ele>
        <time>2026-08-11T18:57:48.189Z</time>
      </trkpt>
      <trkpt lat="45.959129" lon="13.689156">
        <ele>102.106217</ele>
        <time>2026-08-11T18:57:52.951Z</time>
      </trkpt>
      <trkpt lat="45.959228" lon="13.689091">
        <ele>102.768515</ele>
        <time>2026-08-11T18:57:57.052Z</time>
      </trkpt>
      <trkpt lat="45.959326" lon="13.688958">
        <ele>103.588475</ele>
        <time>2026-08-11T18:58:01.931Z</time>
      </trkpt>
      <trkpt lat="45.959369" lon="13.688899">
        <ele>103.848259</ele>
        <time>2026-08-11T18:58:04.013Z</time>
      </trkpt>
      <trkpt lat="45.959419" lon="13.688776">
        <ele>104.139803</ele>
        <time>2026-08-11T18:58:07.866Z</time>
      </trkpt>
      <trkpt lat="45.959466" lon="13.688514">
        <ele>104.693448</ele>
        <time>2026-08-11T18:58:14.844Z</time>
      </trkpt>
      <trkpt lat="45.959485" lon="13.688329">
        <ele>105.076089</ele>
        <time>2026-08-11T18:58:19.404Z</time>
      </trkpt>
      <trkpt lat="45.959493" lon="13.688237">
        <ele>105.265799</ele>
        <time>2026-08-11T18:58:21.623Z</time>
      </trkpt>
      <trkpt lat="45.959497" lon="13.688182">
        <ele>105.378950</ele>
        <time>2026-08-11T18:58:22.896Z</time>
      </trkpt>
      <trkpt lat="45.959503" lon="13.688069">
        <ele>105.610835</ele>
        <time>2026-08-11T18:58:25.006Z</time>
      </trkpt>
      <trkpt lat="45.959507" lon="13.687572">
        <ele>106.627825</ele>
        <time>2026-08-11T18:58:33.464Z</time>
      </trkpt>
      <trkpt lat="45.959489" lon="13.687187">
        <ele>107.417361</ele>
        <time>2026-08-11T18:58:39.658Z</time>
      </trkpt>
      <trkpt lat="45.959339" lon="13.686192">
        <ele>109.305956</ele>
        <time>2026-08-11T18:58:55.696Z</time>
      </trkpt>
      <trkpt lat="45.959071" lon="13.684577">
        <ele>111.245933</ele>
        <time>2026-08-11T18:59:20.407Z</time>
      </trkpt>
      <trkpt lat="45.958903" lon="13.683568">
        <ele>112.325805</ele>
        <time>2026-08-11T18:59:35.574Z</time>
      </trkpt>
      <trkpt lat="45.958859" lon="13.683341">
        <ele>112.507264</ele>
        <time>2026-08-11T18:59:39.241Z</time>
      </trkpt>
      <trkpt lat="45.958762" lon="13.683048">
        <ele>112.757155</ele>
        <time>2026-08-11T18:59:43.895Z</time>
      </trkpt>
      <trkpt lat="45.958621" lon="13.682854">
        <ele>112.973272</ele>
        <time>2026-08-11T18:59:47.713Z</time>
      </trkpt>
      <trkpt lat="45.958129" lon="13.682397">
        <ele>113.621976</ele>
        <time>2026-08-11T18:59:58.074Z</time>
      </trkpt>
      <trkpt lat="45.957829" lon="13.682027">
        <ele>114.059689</ele>
        <time>2026-08-11T19:00:04.693Z</time>
      </trkpt>
      <trkpt lat="45.957755" lon="13.681583">
        <ele>114.455351</ele>
        <time>2026-08-11T19:00:10.928Z</time>
      </trkpt>
      <trkpt lat="45.957670" lon="13.680701">
        <ele>115.227597</ele>
        <time>2026-08-11T19:00:23.364Z</time>
      </trkpt>
      <trkpt lat="45.957708" lon="13.679606">
        <ele>116.178439</ele>
        <time>2026-08-11T19:00:38.934Z</time>
      </trkpt>
      <trkpt lat="45.957670" lon="13.679348">
        <ele>116.438331</ele>
        <time>2026-08-11T19:00:42.565Z</time>
      </trkpt>
      <trkpt lat="45.957556" lon="13.678917">
        <ele>116.961562</ele>
        <time>2026-08-11T19:00:49.139Z</time>
      </trkpt>
      <trkpt lat="45.957504" lon="13.678726">
        <ele>117.194305</ele>
        <time>2026-08-11T19:00:51.998Z</time>
      </trkpt>
      <trkpt lat="45.957491" lon="13.678672">
        <ele>117.259146</ele>
        <time>2026-08-11T19:00:52.761Z</time>
      </trkpt>
      <trkpt lat="45.957343" lon="13.678174">
        <ele>117.873666</ele>
        <time>2026-08-11T19:00:59.879Z</time>
      </trkpt>
      <trkpt lat="45.956971" lon="13.676160">
        <ele>119.997288</ele>
        <time>2026-08-11T19:01:33.452Z</time>
      </trkpt>
      <trkpt lat="45.956925" lon="13.675407">
        <ele>120.647668</ele>
        <time>2026-08-11T19:01:46.118Z</time>
      </trkpt>
      <trkpt lat="45.956935" lon="13.675192">
        <ele>120.833069</ele>
        <time>2026-08-11T19:01:49.034Z</time>
      </trkpt>
      <trkpt lat="45.956988" lon="13.674401">
        <ele>121.384062</ele>
        <time>2026-08-11T19:01:57.427Z</time>
      </trkpt>
      <trkpt lat="45.956987" lon="13.673848">
        <ele>120.572390</ele>
        <time>2026-08-11T19:02:01.884Z</time>
      </trkpt>
      <trkpt lat="45.957004" lon="13.673389">
        <ele>119.897735</ele>
        <time>2026-08-11T19:02:05.209Z</time>
      </trkpt>
      <trkpt lat="45.956973" lon="13.673080">
        <ele>119.439500</ele>
        <time>2026-08-11T19:02:07.447Z</time>
      </trkpt>
      <trkpt lat="45.956854" lon="13.672728">
        <ele>118.865000</ele>
        <time>2026-08-11T19:02:10.214Z</time>
      </trkpt>
      <trkpt lat="45.956824" lon="13.672492">
        <ele>118.512865</ele>
        <time>2026-08-11T19:02:11.940Z</time>
      </trkpt>
      <trkpt lat="45.956826" lon="13.672127">
        <ele>117.977116</ele>
        <time>2026-08-11T19:02:14.600Z</time>
      </trkpt>
      <trkpt lat="45.956865" lon="13.671913">
        <ele>117.655488</ele>
        <time>2026-08-11T19:02:16.242Z</time>
      </trkpt>
      <trkpt lat="45.956916" lon="13.671747">
        <ele>117.434996</ele>
        <time>2026-08-11T19:02:17.607Z</time>
      </trkpt>
      <trkpt lat="45.957030" lon="13.671490">
        <ele>117.064619</ele>
        <time>2026-08-11T19:02:19.900Z</time>
      </trkpt>
      <trkpt lat="45.957335" lon="13.671055">
        <ele>116.314022</ele>
        <time>2026-08-11T19:02:24.545Z</time>
      </trkpt>
      <trkpt lat="45.957609" lon="13.670760">
        <ele>115.715915</ele>
        <time>2026-08-11T19:02:28.292Z</time>
      </trkpt>
      <trkpt lat="45.957746" lon="13.670485">
        <ele>115.304890</ele>
        <time>2026-08-11T19:02:30.924Z</time>
      </trkpt>
      <trkpt lat="45.957781" lon="13.670085">
        <ele>114.815098</ele>
        <time>2026-08-11T19:02:34.202Z</time>
      </trkpt>
      <trkpt lat="45.957686" lon="13.669478">
        <ele>114.787609</ele>
        <time>2026-08-11T19:02:39.765Z</time>
      </trkpt>
      <trkpt lat="45.957578" lon="13.669166">
        <ele>115.023438</ele>
        <time>2026-08-11T19:02:43.500Z</time>
      </trkpt>
      <trkpt lat="45.957335" lon="13.668648">
        <ele>115.446264</ele>
        <time>2026-08-11T19:02:51.947Z</time>
      </trkpt>
      <trkpt lat="45.957256" lon="13.668297">
        <ele>115.695898</ele>
        <time>2026-08-11T19:02:57.646Z</time>
      </trkpt>
      <trkpt lat="45.957238" lon="13.668079">
        <ele>115.844440</ele>
        <time>2026-08-11T19:03:01.182Z</time>
      </trkpt>
      <trkpt lat="45.957254" lon="13.667835">
        <ele>116.010270</ele>
        <time>2026-08-11T19:03:05.197Z</time>
      </trkpt>
      <trkpt lat="45.957297" lon="13.667601">
        <ele>116.174039</ele>
        <time>2026-08-11T19:03:09.119Z</time>
      </trkpt>
      <trkpt lat="45.957377" lon="13.667409">
        <ele>116.278495</ele>
        <time>2026-08-11T19:03:12.693Z</time>
      </trkpt>
      <trkpt lat="45.957425" lon="13.667298">
        <ele>116.280046</ele>
        <time>2026-08-11T19:03:14.793Z</time>
      </trkpt>
      <trkpt lat="45.957532" lon="13.667106">
        <ele>116.282967</ele>
        <time>2026-08-11T19:03:18.793Z</time>
      </trkpt>
      <trkpt lat="45.957847" lon="13.666745">
        <ele>116.289844</ele>
        <time>2026-08-11T19:03:27.173Z</time>
      </trkpt>
      <trkpt lat="45.957981" lon="13.666514">
        <ele>116.293415</ele>
        <time>2026-08-11T19:03:30.507Z</time>
      </trkpt>
      <trkpt lat="45.958072" lon="13.666251">
        <ele>116.296902</ele>
        <time>2026-08-11T19:03:33.177Z</time>
      </trkpt>
      <trkpt lat="45.958216" lon="13.665765">
        <ele>116.303172</ele>
        <time>2026-08-11T19:03:37.596Z</time>
      </trkpt>
      <trkpt lat="45.958234" lon="13.665294">
        <ele>116.255187</ele>
        <time>2026-08-11T19:03:41.254Z</time>
      </trkpt>
      <trkpt lat="45.958152" lon="13.664791">
        <ele>115.452093</ele>
        <time>2026-08-11T19:03:45.054Z</time>
      </trkpt>
      <trkpt lat="45.958056" lon="13.664277">
        <ele>114.624778</ele>
        <time>2026-08-11T19:03:48.901Z</time>
      </trkpt>
      <trkpt lat="45.958003" lon="13.663851">
        <ele>113.952064</ele>
        <time>2026-08-11T19:03:51.969Z</time>
      </trkpt>
      <trkpt lat="45.957993" lon="13.663283">
        <ele>113.068856</ele>
        <time>2026-08-11T19:03:56.189Z</time>
      </trkpt>
      <trkpt lat="45.957975" lon="13.662536">
        <ele>112.319911</ele>
        <time>2026-08-11T19:04:02.001Z</time>
      </trkpt>
      <trkpt lat="45.958312" lon="13.661745">
        <ele>112.446561</ele>
        <time>2026-08-11T19:04:09.740Z</time>
      </trkpt>
      <trkpt lat="45.958394" lon="13.661441">
        <ele>112.491077</ele>
        <time>2026-08-11T19:04:12.785Z</time>
      </trkpt>
      <trkpt lat="45.958471" lon="13.661088">
        <ele>112.541584</ele>
        <time>2026-08-11T19:04:16.938Z</time>
      </trkpt>
      <trkpt lat="45.958542" lon="13.660676">
        <ele>112.599531</ele>
        <time>2026-08-11T19:04:23.198Z</time>
      </trkpt>
      <trkpt lat="45.958575" lon="13.660397">
        <ele>112.638166</ele>
        <time>2026-08-11T19:04:28.269Z</time>
      </trkpt>
      <trkpt lat="45.958573" lon="13.660127">
        <ele>113.419655</ele>
        <time>2026-08-11T19:04:33.664Z</time>
      </trkpt>
      <trkpt lat="45.958754" lon="13.660055">
        <ele>114.235684</ele>
        <time>2026-08-11T19:04:39.368Z</time>
      </trkpt>
      <trkpt lat="45.959069" lon="13.659796">
        <ele>115.812296</ele>
        <time>2026-08-11T19:04:51.595Z</time>
      </trkpt>
      <trkpt lat="45.959218" lon="13.659601">
        <ele>116.687615</ele>
        <time>2026-08-11T19:04:58.947Z</time>
      </trkpt>
      <trkpt lat="45.959311" lon="13.659391">
        <ele>117.439762</ele>
        <time>2026-08-11T19:05:05.682Z</time>
      </trkpt>
      <trkpt lat="45.959386" lon="13.659113">
        <ele>118.340554</ele>
        <time>2026-08-11T19:05:13.729Z</time>
      </trkpt>
      <trkpt lat="45.959607" lon="13.659114">
        <ele>119.300884</ele>
        <time>2026-08-11T19:05:21.730Z</time>
      </trkpt>
      <trkpt lat="45.959810" lon="13.659170">
        <ele>120.199066</ele>
        <time>2026-08-11T19:05:28.593Z</time>
      </trkpt>
      <trkpt lat="45.959941" lon="13.659327">
        <ele>120.746265</ele>
        <time>2026-08-11T19:05:33.674Z</time>
      </trkpt>
      <trkpt lat="45.960004" lon="13.659477">
        <ele>121.063965</ele>
        <time>2026-08-11T19:05:36.984Z</time>
      </trkpt>
      <trkpt lat="45.960121" lon="13.659663">
        <ele>121.518700</ele>
        <time>2026-08-11T19:05:41.478Z</time>
      </trkpt>
      <trkpt lat="45.960364" lon="13.659108">
        <ele>122.707741</ele>
        <time>2026-08-11T19:05:52.610Z</time>
      </trkpt>
      <trkpt lat="45.960583" lon="13.658606">
        <ele>123.782128</ele>
        <time>2026-08-11T19:06:03.468Z</time>
      </trkpt>
      <trkpt lat="45.960791" lon="13.658260">
        <ele>124.611362</ele>
        <time>2026-08-11T19:06:11.203Z</time>
      </trkpt>
      <trkpt lat="45.960832" lon="13.658194">
        <ele>124.771819</ele>
        <time>2026-08-11T19:06:12.500Z</time>
      </trkpt>
      <trkpt lat="45.960840" lon="13.658167">
        <ele>124.825025</ele>
        <time>2026-08-11T19:06:12.939Z</time>
      </trkpt>
      <trkpt lat="45.960867" lon="13.658091">
        <ele>124.979746</ele>
        <time>2026-08-11T19:06:14.213Z</time>
      </trkpt>
      <trkpt lat="45.961037" lon="13.657735">
        <ele>124.381567</ele>
        <time>2026-08-11T19:06:20.183Z</time>
      </trkpt>
      <trkpt lat="45.961237" lon="13.657374">
        <ele>123.344316</ele>
        <time>2026-08-11T19:06:25.404Z</time>
      </trkpt>
      <trkpt lat="45.961418" lon="13.657022">
        <ele>122.360521</ele>
        <time>2026-08-11T19:06:28.789Z</time>
      </trkpt>
      <trkpt lat="45.961803" lon="13.656220">
        <ele>120.170537</ele>
        <time>2026-08-11T19:06:35.241Z</time>
      </trkpt>
      <trkpt lat="45.962097" lon="13.655830">
        <ele>118.154730</ele>
        <time>2026-08-11T19:06:38.745Z</time>
      </trkpt>
      <trkpt lat="45.962191" lon="13.655691">
        <ele>117.025369</ele>
        <time>2026-08-11T19:06:39.913Z</time>
      </trkpt>
      <trkpt lat="45.962357" lon="13.655408">
        <ele>114.868908</ele>
        <time>2026-08-11T19:06:42.125Z</time>
      </trkpt>
      <trkpt lat="45.962382" lon="13.655363">
        <ele>114.533431</ele>
        <time>2026-08-11T19:06:42.468Z</time>
      </trkpt>
      <trkpt lat="45.962680" lon="13.654780">
        <ele>110.319142</ele>
        <time>2026-08-11T19:06:46.792Z</time>
      </trkpt>
      <trkpt lat="45.962912" lon="13.653704">
        <ele>104.043495</ele>
        <time>2026-08-11T19:06:53.743Z</time>
      </trkpt>
      <trkpt lat="45.963007" lon="13.653185">
        <ele>102.682237</ele>
        <time>2026-08-11T19:06:57.158Z</time>
      </trkpt>
      <trkpt lat="45.963070" lon="13.652820">
        <ele>101.728346</ele>
        <time>2026-08-11T19:06:59.628Z</time>
      </trkpt>
      <trkpt lat="45.963315" lon="13.652789">
        <ele>100.830932</ele>
        <time>2026-08-11T19:07:02.058Z</time>
      </trkpt>
      <trkpt lat="45.963414" lon="13.652688">
        <ele>100.388084</ele>
        <time>2026-08-11T19:07:03.305Z</time>
      </trkpt>
      <trkpt lat="45.963640" lon="13.652356">
        <ele>99.209482</ele>
        <time>2026-08-11T19:07:06.871Z</time>
      </trkpt>
      <trkpt lat="45.963938" lon="13.651919">
        <ele>97.698428</ele>
        <time>2026-08-11T19:07:12.005Z</time>
      </trkpt>
      <trkpt lat="45.964372" lon="13.651447">
        <ele>97.602992</ele>
        <time>2026-08-11T19:07:19.336Z</time>
      </trkpt>
      <trkpt lat="45.965322" lon="13.650517">
        <ele>97.401425</ele>
        <time>2026-08-11T19:07:36.803Z</time>
      </trkpt>
      <trkpt lat="45.965565" lon="13.650290">
        <ele>97.333782</ele>
        <time>2026-08-11T19:07:41.517Z</time>
      </trkpt>
      <trkpt lat="45.965742" lon="13.650125">
        <ele>97.278707</ele>
        <time>2026-08-11T19:07:44.913Z</time>
      </trkpt>
      <trkpt lat="45.965912" lon="13.650074">
        <ele>97.233360</ele>
        <time>2026-08-11T19:07:47.725Z</time>
      </trkpt>
      <trkpt lat="45.966107" lon="13.650067">
        <ele>97.182424</ele>
        <time>2026-08-11T19:07:50.774Z</time>
      </trkpt>
      <trkpt lat="45.966866" lon="13.649182">
        <ele>96.927306</ele>
        <time>2026-08-11T19:08:03.732Z</time>
      </trkpt>
      <trkpt lat="45.966432" lon="13.648399">
        <ele>96.141224</ele>
        <time>2026-08-11T19:08:15.600Z</time>
      </trkpt>
      <trkpt lat="45.966226" lon="13.648078">
        <ele>95.779718</ele>
        <time>2026-08-11T19:08:20.567Z</time>
      </trkpt>
      <trkpt lat="45.966183" lon="13.648010">
        <ele>95.703651</ele>
        <time>2026-08-11T19:08:21.625Z</time>
      </trkpt>
      <trkpt lat="45.966134" lon="13.647881">
        <ele>95.582011</ele>
        <time>2026-08-11T19:08:23.253Z</time>
      </trkpt>
      <trkpt lat="45.966133" lon="13.647852">
        <ele>95.557986</ele>
        <time>2026-08-11T19:08:23.482Z</time>
      </trkpt>
      <trkpt lat="45.966187" lon="13.647722">
        <ele>95.432673</ele>
        <time>2026-08-11T19:08:24.672Z</time>
      </trkpt>
      <trkpt lat="45.967056" lon="13.646570">
        <ele>94.468996</ele>
        <time>2026-08-11T19:08:38.860Z</time>
      </trkpt>
      <trkpt lat="45.967387" lon="13.646131">
        <ele>94.250402</ele>
        <time>2026-08-11T19:08:44.790Z</time>
      </trkpt>
      <trkpt lat="45.967432" lon="13.646074">
        <ele>94.221290</ele>
        <time>2026-08-11T19:08:45.610Z</time>
      </trkpt>
      <trkpt lat="45.967781" lon="13.645632">
        <ele>93.995525</ele>
        <time>2026-08-11T19:08:52.362Z</time>
      </trkpt>
      <trkpt lat="45.967836" lon="13.645656">
        <ele>93.967618</ele>
        <time>2026-08-11T19:08:53.260Z</time>
      </trkpt>
      <trkpt lat="45.967862" lon="13.645636">
        <ele>93.953302</ele>
        <time>2026-08-11T19:08:53.720Z</time>
      </trkpt>
      <trkpt lat="45.967869" lon="13.645527">
        <ele>93.916358</ele>
        <time>2026-08-11T19:08:54.908Z</time>
      </trkpt>
      <trkpt lat="45.968331" lon="13.644961">
        <ele>94.004785</ele>
        <time>2026-08-11T19:09:05.199Z</time>
      </trkpt>
      <trkpt lat="45.968504" lon="13.644754">
        <ele>94.045482</ele>
        <time>2026-08-11T19:09:09.031Z</time>
      </trkpt>
      <trkpt lat="45.968529" lon="13.644728">
        <ele>94.051062</ele>
        <time>2026-08-11T19:09:09.526Z</time>
      </trkpt>
      <trkpt lat="45.969019" lon="13.644210">
        <ele>94.161039</ele>
        <time>2026-08-11T19:09:18.961Z</time>
      </trkpt>
      <trkpt lat="45.969093" lon="13.644127">
        <ele>94.178010</ele>
        <time>2026-08-11T19:09:20.241Z</time>
      </trkpt>
      <trkpt lat="45.969788" lon="13.643522">
        <ele>94.226139</ele>
        <time>2026-08-11T19:09:31.930Z</time>
      </trkpt>
      <trkpt lat="45.969945" lon="13.643472">
        <ele>94.226139</ele>
        <time>2026-08-11T19:09:34.151Z</time>
      </trkpt>
      <trkpt lat="45.969993" lon="13.643491">
        <ele>94.226139</ele>
        <time>2026-08-11T19:09:34.783Z</time>
      </trkpt>
      <trkpt lat="45.970132" lon="13.643651">
        <ele>94.226139</ele>
        <time>2026-08-11T19:09:37.155Z</time>
      </trkpt>
      <trkpt lat="45.970151" lon="13.643738">
        <ele>94.226139</ele>
        <time>2026-08-11T19:09:38.091Z</time>
      </trkpt>
      <trkpt lat="45.970184" lon="13.643940">
        <ele>94.226139</ele>
        <time>2026-08-11T19:09:40.061Z</time>
      </trkpt>
    </trkseg>
  </trk>
</gpx>