<?xml version='1.0' encoding='UTF-8'?>
<gpx version="1.1" creator="https://www.komoot.de" xmlns="http://www.topografix.com/GPX/1/1" xmlns:xsi="http://www.w3.org/2001/XMLSchema-instance" xsi:schemaLocation="http://www.topografix.com/GPX/1/1 http://www.topografix.com/GPX/1/1/gpx.xsd">
  <metadata>
    <name>Dag 2, Grand Escape Slovenie</name>
    <author>
      <link href="https://www.komoot.de">
        <text>komoot</text>
        <type>text/html</type>
      </link>
    </author>
  </metadata>
  <trk>
    <name>Dag 2, Grand Escape Slovenie</name>
    <type>racebike</type>
    <trkseg>
      <trkpt lat="45.970184" lon="13.643940">
        <ele>93.568291</ele>
        <time>2026-07-28T19:16:49.337Z</time>
      </trkpt>
      <trkpt lat="45.970151" lon="13.643738">
        <ele>93.568291</ele>
        <time>2026-07-28T19:16:51.262Z</time>
      </trkpt>
      <trkpt lat="45.970132" lon="13.643651">
        <ele>93.568291</ele>
        <time>2026-07-28T19:16:52.197Z</time>
      </trkpt>
      <trkpt lat="45.970085" lon="13.643467">
        <ele>93.568291</ele>
        <time>2026-07-28T19:16:54.281Z</time>
      </trkpt>
      <trkpt lat="45.970049" lon="13.643413">
        <ele>93.568291</ele>
        <time>2026-07-28T19:16:55.060Z</time>
      </trkpt>
      <trkpt lat="45.970015" lon="13.643317">
        <ele>93.568291</ele>
        <time>2026-07-28T19:16:56.148Z</time>
      </trkpt>
      <trkpt lat="45.970002" lon="13.643234">
        <ele>93.568291</ele>
        <time>2026-07-28T19:16:57.075Z</time>
      </trkpt>
      <trkpt lat="45.969927" lon="13.643102">
        <ele>93.568291</ele>
        <time>2026-07-28T19:16:59.186Z</time>
      </trkpt>
      <trkpt lat="45.969905" lon="13.643060">
        <ele>93.568291</ele>
        <time>2026-07-28T19:16:59.897Z</time>
      </trkpt>
      <trkpt lat="45.969538" lon="13.642433">
        <ele>93.287609</ele>
        <time>2026-07-28T19:17:08.115Z</time>
      </trkpt>
      <trkpt lat="45.969501" lon="13.642367">
        <ele>93.241058</ele>
        <time>2026-07-28T19:17:08.814Z</time>
      </trkpt>
      <trkpt lat="45.969266" lon="13.641949">
        <ele>92.945904</ele>
        <time>2026-07-28T19:17:13.318Z</time>
      </trkpt>
      <trkpt lat="45.969557" lon="13.641341">
        <ele>92.540630</ele>
        <time>2026-07-28T19:17:19.455Z</time>
      </trkpt>
      <trkpt lat="45.969637" lon="13.641172">
        <ele>92.428375</ele>
        <time>2026-07-28T19:17:21.180Z</time>
      </trkpt>
      <trkpt lat="45.969830" lon="13.640927">
        <ele>92.225076</ele>
        <time>2026-07-28T19:17:24.427Z</time>
      </trkpt>
      <trkpt lat="45.970023" lon="13.640760">
        <ele>91.701347</ele>
        <time>2026-07-28T19:17:27.479Z</time>
      </trkpt>
      <trkpt lat="45.970354" lon="13.640445">
        <ele>90.308192</ele>
        <time>2026-07-28T19:17:32.648Z</time>
      </trkpt>
      <trkpt lat="45.970462" lon="13.640343">
        <ele>89.854675</ele>
        <time>2026-07-28T19:17:34.038Z</time>
      </trkpt>
      <trkpt lat="45.970685" lon="13.640003">
        <ele>88.714057</ele>
        <time>2026-07-28T19:17:37.197Z</time>
      </trkpt>
      <trkpt lat="45.970811" lon="13.639968">
        <ele>88.263567</ele>
        <time>2026-07-28T19:17:38.397Z</time>
      </trkpt>
      <trkpt lat="45.970893" lon="13.640049">
        <ele>87.914395</ele>
        <time>2026-07-28T19:17:39.311Z</time>
      </trkpt>
      <trkpt lat="45.970925" lon="13.640133">
        <ele>87.680678</ele>
        <time>2026-07-28T19:17:39.918Z</time>
      </trkpt>
      <trkpt lat="45.970986" lon="13.640557">
        <ele>86.624241</ele>
        <time>2026-07-28T19:17:42.651Z</time>
      </trkpt>
      <trkpt lat="45.971115" lon="13.640854">
        <ele>85.710706</ele>
        <time>2026-07-28T19:17:44.912Z</time>
      </trkpt>
      <trkpt lat="45.971341" lon="13.641262">
        <ele>83.258807</ele>
        <time>2026-07-28T19:17:48.589Z</time>
      </trkpt>
      <trkpt lat="45.971607" lon="13.641601">
        <ele>80.856056</ele>
        <time>2026-07-28T19:17:51.926Z</time>
      </trkpt>
      <trkpt lat="45.971672" lon="13.641705">
        <ele>80.198748</ele>
        <time>2026-07-28T19:17:52.788Z</time>
      </trkpt>
      <trkpt lat="45.971689" lon="13.641734">
        <ele>80.020457</ele>
        <time>2026-07-28T19:17:53.023Z</time>
      </trkpt>
      <trkpt lat="45.971724" lon="13.641703">
        <ele>79.742548</ele>
        <time>2026-07-28T19:17:53.381Z</time>
      </trkpt>
      <trkpt lat="45.971874" lon="13.641722">
        <ele>78.724357</ele>
        <time>2026-07-28T19:17:54.682Z</time>
      </trkpt>
      <trkpt lat="45.972939" lon="13.641398">
        <ele>73.913081</ele>
        <time>2026-07-28T19:18:08.137Z</time>
      </trkpt>
      <trkpt lat="45.972965" lon="13.641394">
        <ele>73.931596</ele>
        <time>2026-07-28T19:18:08.432Z</time>
      </trkpt>
      <trkpt lat="45.973060" lon="13.641500">
        <ele>74.016723</ele>
        <time>2026-07-28T19:18:10.080Z</time>
      </trkpt>
      <trkpt lat="45.973136" lon="13.641521">
        <ele>74.071522</ele>
        <time>2026-07-28T19:18:11.622Z</time>
      </trkpt>
      <trkpt lat="45.973336" lon="13.641455">
        <ele>74.216819</ele>
        <time>2026-07-28T19:18:17.557Z</time>
      </trkpt>
      <trkpt lat="45.973448" lon="13.641469">
        <ele>74.296425</ele>
        <time>2026-07-28T19:18:21.792Z</time>
      </trkpt>
      <trkpt lat="45.973656" lon="13.641602">
        <ele>74.457599</ele>
        <time>2026-07-28T19:18:30.554Z</time>
      </trkpt>
      <trkpt lat="45.973763" lon="13.641730">
        <ele>74.556132</ele>
        <time>2026-07-28T19:18:35.130Z</time>
      </trkpt>
      <trkpt lat="45.973810" lon="13.641716">
        <ele>74.590118</ele>
        <time>2026-07-28T19:18:36.603Z</time>
      </trkpt>
      <trkpt lat="45.973814" lon="13.641660">
        <ele>74.617822</ele>
        <time>2026-07-28T19:18:37.792Z</time>
      </trkpt>
      <trkpt lat="45.973619" lon="13.641419">
        <ele>74.799845</ele>
        <time>2026-07-28T19:18:44.756Z</time>
      </trkpt>
      <trkpt lat="45.973182" lon="13.641153">
        <ele>76.844035</ele>
        <time>2026-07-28T19:18:56.709Z</time>
      </trkpt>
      <trkpt lat="45.973173" lon="13.641068">
        <ele>77.265205</ele>
        <time>2026-07-28T19:18:58.593Z</time>
      </trkpt>
      <trkpt lat="45.973232" lon="13.641006">
        <ele>77.780139</ele>
        <time>2026-07-28T19:19:01.070Z</time>
      </trkpt>
      <trkpt lat="45.973482" lon="13.641112">
        <ele>79.617084</ele>
        <time>2026-07-28T19:19:11.502Z</time>
      </trkpt>
      <trkpt lat="45.973871" lon="13.641175">
        <ele>82.376121</ele>
        <time>2026-07-28T19:19:30.302Z</time>
      </trkpt>
      <trkpt lat="45.974071" lon="13.641289">
        <ele>83.892325</ele>
        <time>2026-07-28T19:19:41.010Z</time>
      </trkpt>
      <trkpt lat="45.974205" lon="13.641473">
        <ele>85.197819</ele>
        <time>2026-07-28T19:19:50.706Z</time>
      </trkpt>
      <trkpt lat="45.974666" lon="13.641850">
        <ele>87.449698</ele>
        <time>2026-07-28T19:20:24.168Z</time>
      </trkpt>
      <trkpt lat="45.974854" lon="13.641932">
        <ele>87.267859</ele>
        <time>2026-07-28T19:20:32.571Z</time>
      </trkpt>
      <trkpt lat="45.974907" lon="13.641926">
        <ele>87.218648</ele>
        <time>2026-07-28T19:20:33.992Z</time>
      </trkpt>
      <trkpt lat="45.974928" lon="13.642070">
        <ele>87.123996</ele>
        <time>2026-07-28T19:20:35.922Z</time>
      </trkpt>
      <trkpt lat="45.974927" lon="13.642539">
        <ele>86.822290</ele>
        <time>2026-07-28T19:20:39.367Z</time>
      </trkpt>
      <trkpt lat="45.974951" lon="13.642675">
        <ele>86.732025</ele>
        <time>2026-07-28T19:20:40.240Z</time>
      </trkpt>
      <trkpt lat="45.975039" lon="13.642796">
        <ele>86.619358</ele>
        <time>2026-07-28T19:20:41.369Z</time>
      </trkpt>
      <trkpt lat="45.975321" lon="13.643152">
        <ele>86.272107</ele>
        <time>2026-07-28T19:20:45.101Z</time>
      </trkpt>
      <trkpt lat="45.975382" lon="13.643281">
        <ele>86.171734</ele>
        <time>2026-07-28T19:20:46.123Z</time>
      </trkpt>
      <trkpt lat="45.975460" lon="13.643724">
        <ele>85.771240</ele>
        <time>2026-07-28T19:20:48.933Z</time>
      </trkpt>
      <trkpt lat="45.975480" lon="13.643954">
        <ele>85.422317</ele>
        <time>2026-07-28T19:20:50.317Z</time>
      </trkpt>
      <trkpt lat="45.975410" lon="13.644753">
        <ele>84.210047</ele>
        <time>2026-07-28T19:20:55.273Z</time>
      </trkpt>
      <trkpt lat="45.975431" lon="13.644870">
        <ele>84.028146</ele>
        <time>2026-07-28T19:20:56.251Z</time>
      </trkpt>
      <trkpt lat="45.975660" lon="13.645364">
        <ele>83.134268</ele>
        <time>2026-07-28T19:21:04.584Z</time>
      </trkpt>
      <trkpt lat="45.975679" lon="13.645452">
        <ele>82.995555</ele>
        <time>2026-07-28T19:21:06.627Z</time>
      </trkpt>
      <trkpt lat="45.975910" lon="13.645999">
        <ele>82.098124</ele>
        <time>2026-07-28T19:21:18.774Z</time>
      </trkpt>
      <trkpt lat="45.976090" lon="13.646257">
        <ele>82.790009</ele>
        <time>2026-07-28T19:21:26.012Z</time>
      </trkpt>
      <trkpt lat="45.976228" lon="13.646363">
        <ele>83.216012</ele>
        <time>2026-07-28T19:21:30.693Z</time>
      </trkpt>
      <trkpt lat="45.976305" lon="13.646441">
        <ele>83.472453</ele>
        <time>2026-07-28T19:21:33.548Z</time>
      </trkpt>
      <trkpt lat="45.976696" lon="13.646998">
        <ele>84.970794</ele>
        <time>2026-07-28T19:21:49.313Z</time>
      </trkpt>
      <trkpt lat="45.977292" lon="13.647977">
        <ele>86.458889</ele>
        <time>2026-07-28T19:22:13.339Z</time>
      </trkpt>
      <trkpt lat="45.977651" lon="13.648421">
        <ele>85.098619</ele>
        <time>2026-07-28T19:22:18.385Z</time>
      </trkpt>
      <trkpt lat="45.978468" lon="13.649797">
        <ele>82.034075</ele>
        <time>2026-07-28T19:22:29.773Z</time>
      </trkpt>
      <trkpt lat="45.979010" lon="13.650664">
        <ele>83.880418</ele>
        <time>2026-07-28T19:23:00.905Z</time>
      </trkpt>
      <trkpt lat="45.979088" lon="13.650806">
        <ele>84.166987</ele>
        <time>2026-07-28T19:23:05.512Z</time>
      </trkpt>
      <trkpt lat="45.979279" lon="13.651308">
        <ele>85.073090</ele>
        <time>2026-07-28T19:23:16.337Z</time>
      </trkpt>
      <trkpt lat="45.979446" lon="13.651542">
        <ele>85.604134</ele>
        <time>2026-07-28T19:23:21.087Z</time>
      </trkpt>
      <trkpt lat="45.979714" lon="13.651796">
        <ele>86.342104</ele>
        <time>2026-07-28T19:23:27.156Z</time>
      </trkpt>
      <trkpt lat="45.980199" lon="13.652089">
        <ele>87.558911</ele>
        <time>2026-07-28T19:23:37.819Z</time>
      </trkpt>
      <trkpt lat="45.980443" lon="13.652277">
        <ele>88.199171</ele>
        <time>2026-07-28T19:23:44.580Z</time>
      </trkpt>
      <trkpt lat="45.980677" lon="13.652521">
        <ele>88.867651</ele>
        <time>2026-07-28T19:23:52.126Z</time>
      </trkpt>
      <trkpt lat="45.981132" lon="13.653148">
        <ele>90.716984</ele>
        <time>2026-07-28T19:24:08.381Z</time>
      </trkpt>
      <trkpt lat="45.981342" lon="13.653372">
        <ele>92.182705</ele>
        <time>2026-07-28T19:24:15.823Z</time>
      </trkpt>
      <trkpt lat="45.981756" lon="13.653708">
        <ele>94.847828</ele>
        <time>2026-07-28T19:24:32.228Z</time>
      </trkpt>
      <trkpt lat="45.982151" lon="13.653987">
        <ele>97.315088</ele>
        <time>2026-07-28T19:24:51.079Z</time>
      </trkpt>
      <trkpt lat="45.982277" lon="13.654032">
        <ele>98.043032</ele>
        <time>2026-07-28T19:24:57.249Z</time>
      </trkpt>
      <trkpt lat="45.982414" lon="13.654059">
        <ele>98.818394</ele>
        <time>2026-07-28T19:25:03.922Z</time>
      </trkpt>
      <trkpt lat="45.982770" lon="13.654058">
        <ele>100.352625</ele>
        <time>2026-07-28T19:25:20.759Z</time>
      </trkpt>
      <trkpt lat="45.983237" lon="13.653876">
        <ele>101.221212</ele>
        <time>2026-07-28T19:25:39.487Z</time>
      </trkpt>
      <trkpt lat="45.983481" lon="13.653697">
        <ele>101.712887</ele>
        <time>2026-07-28T19:25:45.552Z</time>
      </trkpt>
      <trkpt lat="45.984382" lon="13.653160">
        <ele>103.476082</ele>
        <time>2026-07-28T19:25:56.059Z</time>
      </trkpt>
      <trkpt lat="45.985003" lon="13.652611">
        <ele>104.947940</ele>
        <time>2026-07-28T19:26:07.891Z</time>
      </trkpt>
      <trkpt lat="45.985391" lon="13.652153">
        <ele>105.961378</ele>
        <time>2026-07-28T19:26:22.039Z</time>
      </trkpt>
      <trkpt lat="45.986127" lon="13.651034">
        <ele>108.920337</ele>
        <time>2026-07-28T19:26:57.359Z</time>
      </trkpt>
      <trkpt lat="45.986738" lon="13.650036">
        <ele>112.106434</ele>
        <time>2026-07-28T19:27:22.028Z</time>
      </trkpt>
      <trkpt lat="45.987296" lon="13.648931">
        <ele>114.292575</ele>
        <time>2026-07-28T19:27:46.752Z</time>
      </trkpt>
      <trkpt lat="45.987418" lon="13.648622">
        <ele>114.720103</ele>
        <time>2026-07-28T19:27:55.720Z</time>
      </trkpt>
      <trkpt lat="45.987581" lon="13.648021">
        <ele>115.496194</ele>
        <time>2026-07-28T19:28:12.305Z</time>
      </trkpt>
      <trkpt lat="45.987724" lon="13.647658">
        <ele>115.998161</ele>
        <time>2026-07-28T19:28:16.056Z</time>
      </trkpt>
      <trkpt lat="45.987982" lon="13.647177">
        <ele>116.316862</ele>
        <time>2026-07-28T19:28:19.831Z</time>
      </trkpt>
      <trkpt lat="45.988236" lon="13.646617">
        <ele>116.327987</ele>
        <time>2026-07-28T19:28:24.176Z</time>
      </trkpt>
      <trkpt lat="45.988557" lon="13.645937">
        <ele>116.341664</ele>
        <time>2026-07-28T19:28:41.813Z</time>
      </trkpt>
      <trkpt lat="45.988898" lon="13.645287">
        <ele>116.421938</ele>
        <time>2026-07-28T19:28:56.151Z</time>
      </trkpt>
      <trkpt lat="45.990625" lon="13.642484">
        <ele>118.964991</ele>
        <time>2026-07-28T19:29:48.306Z</time>
      </trkpt>
      <trkpt lat="45.990793" lon="13.642277">
        <ele>118.932517</ele>
        <time>2026-07-28T19:29:51.087Z</time>
      </trkpt>
      <trkpt lat="45.991848" lon="13.641207">
        <ele>118.646939</ele>
        <time>2026-07-28T19:30:05.616Z</time>
      </trkpt>
      <trkpt lat="45.992956" lon="13.639941">
        <ele>117.715746</ele>
        <time>2026-07-28T19:30:30.061Z</time>
      </trkpt>
      <trkpt lat="45.993743" lon="13.639147">
        <ele>114.809888</ele>
        <time>2026-07-28T19:30:40.963Z</time>
      </trkpt>
      <trkpt lat="45.994551" lon="13.638601">
        <ele>112.429000</ele>
        <time>2026-07-28T19:30:49.054Z</time>
      </trkpt>
      <trkpt lat="45.994865" lon="13.638480">
        <ele>111.889691</ele>
        <time>2026-07-28T19:30:52.022Z</time>
      </trkpt>
      <trkpt lat="45.995310" lon="13.638117">
        <ele>111.041071</ele>
        <time>2026-07-28T19:30:57.208Z</time>
      </trkpt>
      <trkpt lat="45.995726" lon="13.637702">
        <ele>110.201327</ele>
        <time>2026-07-28T19:31:07.166Z</time>
      </trkpt>
      <trkpt lat="45.996265" lon="13.636940">
        <ele>113.029131</ele>
        <time>2026-07-28T19:31:32.652Z</time>
      </trkpt>
      <trkpt lat="45.996631" lon="13.636345">
        <ele>116.344081</ele>
        <time>2026-07-28T19:31:56.360Z</time>
      </trkpt>
      <trkpt lat="45.996881" lon="13.635689">
        <ele>119.465051</ele>
        <time>2026-07-28T19:32:20.514Z</time>
      </trkpt>
      <trkpt lat="45.997141" lon="13.635110">
        <ele>121.653995</ele>
        <time>2026-07-28T19:32:41.221Z</time>
      </trkpt>
      <trkpt lat="45.997862" lon="13.633337">
        <ele>126.781150</ele>
        <time>2026-07-28T19:33:23.822Z</time>
      </trkpt>
      <trkpt lat="45.998236" lon="13.632642">
        <ele>124.960172</ele>
        <time>2026-07-28T19:33:30.371Z</time>
      </trkpt>
      <trkpt lat="45.998582" lon="13.632096">
        <ele>122.870984</ele>
        <time>2026-07-28T19:33:35.282Z</time>
      </trkpt>
      <trkpt lat="45.998754" lon="13.631878">
        <ele>121.938430</ele>
        <time>2026-07-28T19:33:37.415Z</time>
      </trkpt>
      <trkpt lat="45.998983" lon="13.631634">
        <ele>120.779060</ele>
        <time>2026-07-28T19:33:40.000Z</time>
      </trkpt>
      <trkpt lat="45.999464" lon="13.631218">
        <ele>118.265059</ele>
        <time>2026-07-28T19:33:45.005Z</time>
      </trkpt>
      <trkpt lat="46.000087" lon="13.630757">
        <ele>114.900174</ele>
        <time>2026-07-28T19:33:51.412Z</time>
      </trkpt>
      <trkpt lat="46.001084" lon="13.630239">
        <ele>111.501413</ele>
        <time>2026-07-28T19:34:02.170Z</time>
      </trkpt>
      <trkpt lat="46.001734" lon="13.629824">
        <ele>112.450479</ele>
        <time>2026-07-28T19:34:14.916Z</time>
      </trkpt>
      <trkpt lat="46.002243" lon="13.629411">
        <ele>113.230331</ele>
        <time>2026-07-28T19:34:31.202Z</time>
      </trkpt>
      <trkpt lat="46.002691" lon="13.628970">
        <ele>114.300305</ele>
        <time>2026-07-28T19:34:49.285Z</time>
      </trkpt>
      <trkpt lat="46.003115" lon="13.628468">
        <ele>115.634952</ele>
        <time>2026-07-28T19:35:07.766Z</time>
      </trkpt>
      <trkpt lat="46.005266" lon="13.625186">
        <ele>120.075018</ele>
        <time>2026-07-28T19:36:01.262Z</time>
      </trkpt>
      <trkpt lat="46.006054" lon="13.623496">
        <ele>123.531429</ele>
        <time>2026-07-28T19:36:41.668Z</time>
      </trkpt>
      <trkpt lat="46.006594" lon="13.622569">
        <ele>123.762410</ele>
        <time>2026-07-28T19:36:59.409Z</time>
      </trkpt>
      <trkpt lat="46.006837" lon="13.622056">
        <ele>123.880957</ele>
        <time>2026-07-28T19:37:06.733Z</time>
      </trkpt>
      <trkpt lat="46.007944" lon="13.620049">
        <ele>119.763832</ele>
        <time>2026-07-28T19:37:25.340Z</time>
      </trkpt>
      <trkpt lat="46.008297" lon="13.619253">
        <ele>118.752833</ele>
        <time>2026-07-28T19:37:31.298Z</time>
      </trkpt>
      <trkpt lat="46.008507" lon="13.618588">
        <ele>121.812040</ele>
        <time>2026-07-28T19:37:36.604Z</time>
      </trkpt>
      <trkpt lat="46.008586" lon="13.618247">
        <ele>123.317415</ele>
        <time>2026-07-28T19:37:45.106Z</time>
      </trkpt>
      <trkpt lat="46.008726" lon="13.617290">
        <ele>127.413034</ele>
        <time>2026-07-28T19:38:28.883Z</time>
      </trkpt>
      <trkpt lat="46.008793" lon="13.616635">
        <ele>130.865329</ele>
        <time>2026-07-28T19:39:04.468Z</time>
      </trkpt>
      <trkpt lat="46.008769" lon="13.616159">
        <ele>133.868812</ele>
        <time>2026-07-28T19:39:30.869Z</time>
      </trkpt>
      <trkpt lat="46.008706" lon="13.615700">
        <ele>136.813293</ele>
        <time>2026-07-28T19:39:55.004Z</time>
      </trkpt>
      <trkpt lat="46.008711" lon="13.615439">
        <ele>138.456466</ele>
        <time>2026-07-28T19:40:06.942Z</time>
      </trkpt>
      <trkpt lat="46.008812" lon="13.614749">
        <ele>142.894217</ele>
        <time>2026-07-28T19:40:29.364Z</time>
      </trkpt>
      <trkpt lat="46.008901" lon="13.614284">
        <ele>144.220283</ele>
        <time>2026-07-28T19:40:33.451Z</time>
      </trkpt>
      <trkpt lat="46.009015" lon="13.613931">
        <ele>141.425905</ele>
        <time>2026-07-28T19:40:35.872Z</time>
      </trkpt>
      <trkpt lat="46.009235" lon="13.613432">
        <ele>137.183353</ele>
        <time>2026-07-28T19:40:39.336Z</time>
      </trkpt>
      <trkpt lat="46.009476" lon="13.613060">
        <ele>133.531813</ele>
        <time>2026-07-28T19:40:42.281Z</time>
      </trkpt>
      <trkpt lat="46.009909" lon="13.612494">
        <ele>127.487677</ele>
        <time>2026-07-28T19:40:47.148Z</time>
      </trkpt>
      <trkpt lat="46.010506" lon="13.611929">
        <ele>119.564573</ele>
        <time>2026-07-28T19:40:53.182Z</time>
      </trkpt>
      <trkpt lat="46.010790" lon="13.611712">
        <ele>115.963252</ele>
        <time>2026-07-28T19:40:55.932Z</time>
      </trkpt>
      <trkpt lat="46.011371" lon="13.611435">
        <ele>109.107864</ele>
        <time>2026-07-28T19:41:01.199Z</time>
      </trkpt>
      <trkpt lat="46.011572" lon="13.611381">
        <ele>106.817567</ele>
        <time>2026-07-28T19:41:02.960Z</time>
      </trkpt>
      <trkpt lat="46.011895" lon="13.611348">
        <ele>103.761990</ele>
        <time>2026-07-28T19:41:05.806Z</time>
      </trkpt>
      <trkpt lat="46.012101" lon="13.611254">
        <ele>101.773089</ele>
        <time>2026-07-28T19:41:07.621Z</time>
      </trkpt>
      <trkpt lat="46.012225" lon="13.611187">
        <ele>100.554116</ele>
        <time>2026-07-28T19:41:24.187Z</time>
      </trkpt>
      <trkpt lat="46.012273" lon="13.611201">
        <ele>100.103364</ele>
        <time>2026-07-28T19:41:24.592Z</time>
      </trkpt>
      <trkpt lat="46.012293" lon="13.611261">
        <ele>99.677955</ele>
        <time>2026-07-28T19:41:24.972Z</time>
      </trkpt>
      <trkpt lat="46.012322" lon="13.611548">
        <ele>97.824127</ele>
        <time>2026-07-28T19:41:26.647Z</time>
      </trkpt>
      <trkpt lat="46.012355" lon="13.611628">
        <ele>97.229368</ele>
        <time>2026-07-28T19:41:27.182Z</time>
      </trkpt>
      <trkpt lat="46.012566" lon="13.611591">
        <ele>95.273031</ele>
        <time>2026-07-28T19:41:28.960Z</time>
      </trkpt>
      <trkpt lat="46.012785" lon="13.611484">
        <ele>93.144534</ele>
        <time>2026-07-28T19:41:31.066Z</time>
      </trkpt>
      <trkpt lat="46.013239" lon="13.611192">
        <ele>90.354663</ele>
        <time>2026-07-28T19:41:36.887Z</time>
      </trkpt>
      <trkpt lat="46.013888" lon="13.610942">
        <ele>92.849271</ele>
        <time>2026-07-28T19:41:48.452Z</time>
      </trkpt>
      <trkpt lat="46.014093" lon="13.610722">
        <ele>93.798635</ele>
        <time>2026-07-28T19:41:56.752Z</time>
      </trkpt>
      <trkpt lat="46.014246" lon="13.610514">
        <ele>94.579954</ele>
        <time>2026-07-28T19:42:06.175Z</time>
      </trkpt>
      <trkpt lat="46.014671" lon="13.609597">
        <ele>97.699344</ele>
        <time>2026-07-28T19:42:48.486Z</time>
      </trkpt>
      <trkpt lat="46.015418" lon="13.607838">
        <ele>104.643859</ele>
        <time>2026-07-28T19:43:35.404Z</time>
      </trkpt>
      <trkpt lat="46.015657" lon="13.607357">
        <ele>105.192436</ele>
        <time>2026-07-28T19:43:42.267Z</time>
      </trkpt>
      <trkpt lat="46.016416" lon="13.606293">
        <ele>105.005297</ele>
        <time>2026-07-28T19:43:57.917Z</time>
      </trkpt>
      <trkpt lat="46.016574" lon="13.606037">
        <ele>104.963278</ele>
        <time>2026-07-28T19:44:01.392Z</time>
      </trkpt>
      <trkpt lat="46.016818" lon="13.605806">
        <ele>104.486130</ele>
        <time>2026-07-28T19:44:05.021Z</time>
      </trkpt>
      <trkpt lat="46.016978" lon="13.605731">
        <ele>103.534189</ele>
        <time>2026-07-28T19:44:06.731Z</time>
      </trkpt>
      <trkpt lat="46.017105" lon="13.605718">
        <ele>102.813882</ele>
        <time>2026-07-28T19:44:07.926Z</time>
      </trkpt>
      <trkpt lat="46.017261" lon="13.605622">
        <ele>101.854110</ele>
        <time>2026-07-28T19:44:09.443Z</time>
      </trkpt>
      <trkpt lat="46.017662" lon="13.605454">
        <ele>99.491415</ele>
        <time>2026-07-28T19:44:13.063Z</time>
      </trkpt>
      <trkpt lat="46.017939" lon="13.605401">
        <ele>97.910533</ele>
        <time>2026-07-28T19:44:15.504Z</time>
      </trkpt>
      <trkpt lat="46.018167" lon="13.605400">
        <ele>96.620631</ele>
        <time>2026-07-28T19:44:17.556Z</time>
      </trkpt>
      <trkpt lat="46.018367" lon="13.605429">
        <ele>95.483423</ele>
        <time>2026-07-28T19:44:19.442Z</time>
      </trkpt>
      <trkpt lat="46.018608" lon="13.605518">
        <ele>94.473361</ele>
        <time>2026-07-28T19:44:21.884Z</time>
      </trkpt>
      <trkpt lat="46.018833" lon="13.605683">
        <ele>93.887550</ele>
        <time>2026-07-28T19:44:24.559Z</time>
      </trkpt>
      <trkpt lat="46.019101" lon="13.605946">
        <ele>93.135114</ele>
        <time>2026-07-28T19:44:28.392Z</time>
      </trkpt>
      <trkpt lat="46.019428" lon="13.606110">
        <ele>92.331749</ele>
        <time>2026-07-28T19:44:32.572Z</time>
      </trkpt>
      <trkpt lat="46.020525" lon="13.606338">
        <ele>90.626453</ele>
        <time>2026-07-28T19:44:44.637Z</time>
      </trkpt>
      <trkpt lat="46.020957" lon="13.606346">
        <ele>90.687561</ele>
        <time>2026-07-28T19:44:49.614Z</time>
      </trkpt>
      <trkpt lat="46.021526" lon="13.606267">
        <ele>90.768416</ele>
        <time>2026-07-28T19:45:02.882Z</time>
      </trkpt>
      <trkpt lat="46.021805" lon="13.606142">
        <ele>90.809744</ele>
        <time>2026-07-28T19:45:10.263Z</time>
      </trkpt>
      <trkpt lat="46.023303" lon="13.605716">
        <ele>92.081165</ele>
        <time>2026-07-28T19:45:35.167Z</time>
      </trkpt>
      <trkpt lat="46.023510" lon="13.605623">
        <ele>92.278154</ele>
        <time>2026-07-28T19:45:39.177Z</time>
      </trkpt>
      <trkpt lat="46.023936" lon="13.605345">
        <ele>92.901831</ele>
        <time>2026-07-28T19:45:49.931Z</time>
      </trkpt>
      <trkpt lat="46.024122" lon="13.605171">
        <ele>93.271654</ele>
        <time>2026-07-28T19:45:55.349Z</time>
      </trkpt>
      <trkpt lat="46.025311" lon="13.603808">
        <ele>96.282234</ele>
        <time>2026-07-28T19:46:26.861Z</time>
      </trkpt>
      <trkpt lat="46.025647" lon="13.603250">
        <ele>98.331256</ele>
        <time>2026-07-28T19:46:39.686Z</time>
      </trkpt>
      <trkpt lat="46.025874" lon="13.602605">
        <ele>100.337324</ele>
        <time>2026-07-28T19:47:00.268Z</time>
      </trkpt>
      <trkpt lat="46.025952" lon="13.602276">
        <ele>101.301762</ele>
        <time>2026-07-28T19:47:10.691Z</time>
      </trkpt>
      <trkpt lat="46.026212" lon="13.600959">
        <ele>102.813296</ele>
        <time>2026-07-28T19:47:37.880Z</time>
      </trkpt>
      <trkpt lat="46.026375" lon="13.599703">
        <ele>103.048865</ele>
        <time>2026-07-28T19:47:50.832Z</time>
      </trkpt>
      <trkpt lat="46.026449" lon="13.598765">
        <ele>100.828329</ele>
        <time>2026-07-28T19:47:57.164Z</time>
      </trkpt>
      <trkpt lat="46.026750" lon="13.597769">
        <ele>95.971291</ele>
        <time>2026-07-28T19:48:03.863Z</time>
      </trkpt>
      <trkpt lat="46.027196" lon="13.596654">
        <ele>91.950732</ele>
        <time>2026-07-28T19:48:11.731Z</time>
      </trkpt>
      <trkpt lat="46.027224" lon="13.596421">
        <ele>92.273847</ele>
        <time>2026-07-28T19:48:13.273Z</time>
      </trkpt>
      <trkpt lat="46.027299" lon="13.596181">
        <ele>92.633480</ele>
        <time>2026-07-28T19:48:15.085Z</time>
      </trkpt>
      <trkpt lat="46.027555" lon="13.595770">
        <ele>93.387958</ele>
        <time>2026-07-28T19:48:20.181Z</time>
      </trkpt>
      <trkpt lat="46.027969" lon="13.595237">
        <ele>94.480790</ele>
        <time>2026-07-28T19:48:39.845Z</time>
      </trkpt>
      <trkpt lat="46.028010" lon="13.595125">
        <ele>94.653799</ele>
        <time>2026-07-28T19:48:44.578Z</time>
      </trkpt>
      <trkpt lat="46.028231" lon="13.594698">
        <ele>95.745092</ele>
        <time>2026-07-28T19:49:09.235Z</time>
      </trkpt>
      <trkpt lat="46.028230" lon="13.594595">
        <ele>96.058338</ele>
        <time>2026-07-28T19:49:15.216Z</time>
      </trkpt>
      <trkpt lat="46.028191" lon="13.594298">
        <ele>96.977502</ele>
        <time>2026-07-28T19:49:32.600Z</time>
      </trkpt>
      <trkpt lat="46.028138" lon="13.594046">
        <ele>97.778202</ele>
        <time>2026-07-28T19:49:43.778Z</time>
      </trkpt>
      <trkpt lat="46.028134" lon="13.593843">
        <ele>98.395759</ele>
        <time>2026-07-28T19:49:50.156Z</time>
      </trkpt>
      <trkpt lat="46.028210" lon="13.593810">
        <ele>98.743422</ele>
        <time>2026-07-28T19:49:53.274Z</time>
      </trkpt>
      <trkpt lat="46.028298" lon="13.593834">
        <ele>99.135694</ele>
        <time>2026-07-28T19:49:56.009Z</time>
      </trkpt>
      <trkpt lat="46.028401" lon="13.593903">
        <ele>99.633224</ele>
        <time>2026-07-28T19:49:58.035Z</time>
      </trkpt>
      <trkpt lat="46.028696" lon="13.594209">
        <ele>101.225468</ele>
        <time>2026-07-28T19:50:02.842Z</time>
      </trkpt>
      <trkpt lat="46.029013" lon="13.594323">
        <ele>102.656492</ele>
        <time>2026-07-28T19:50:07.937Z</time>
      </trkpt>
      <trkpt lat="46.029417" lon="13.594420">
        <ele>104.901454</ele>
        <time>2026-07-28T19:50:19.345Z</time>
      </trkpt>
      <trkpt lat="46.029683" lon="13.594334">
        <ele>106.457509</ele>
        <time>2026-07-28T19:50:29.358Z</time>
      </trkpt>
      <trkpt lat="46.029966" lon="13.594436">
        <ele>108.122622</ele>
        <time>2026-07-28T19:50:41.395Z</time>
      </trkpt>
      <trkpt lat="46.030146" lon="13.594423">
        <ele>109.151317</ele>
        <time>2026-07-28T19:50:49.567Z</time>
      </trkpt>
      <trkpt lat="46.030874" lon="13.594152">
        <ele>113.611904</ele>
        <time>2026-07-28T19:51:30.043Z</time>
      </trkpt>
      <trkpt lat="46.031166" lon="13.593889">
        <ele>117.126150</ele>
        <time>2026-07-28T19:51:54.133Z</time>
      </trkpt>
      <trkpt lat="46.031513" lon="13.593633">
        <ele>121.104479</ele>
        <time>2026-07-28T19:52:26.057Z</time>
      </trkpt>
      <trkpt lat="46.031590" lon="13.593534">
        <ele>122.157701</ele>
        <time>2026-07-28T19:52:34.361Z</time>
      </trkpt>
      <trkpt lat="46.031700" lon="13.593433">
        <ele>123.488836</ele>
        <time>2026-07-28T19:52:44.232Z</time>
      </trkpt>
      <trkpt lat="46.031996" lon="13.593353">
        <ele>126.562015</ele>
        <time>2026-07-28T19:53:03.316Z</time>
      </trkpt>
      <trkpt lat="46.032355" lon="13.593137">
        <ele>130.532105</ele>
        <time>2026-07-28T19:53:19.771Z</time>
      </trkpt>
      <trkpt lat="46.032409" lon="13.593129">
        <ele>131.086043</ele>
        <time>2026-07-28T19:53:21.582Z</time>
      </trkpt>
      <trkpt lat="46.032667" lon="13.593254">
        <ele>132.844149</ele>
        <time>2026-07-28T19:53:30.120Z</time>
      </trkpt>
      <trkpt lat="46.033061" lon="13.593331">
        <ele>135.087929</ele>
        <time>2026-07-28T19:53:49.450Z</time>
      </trkpt>
      <trkpt lat="46.033580" lon="13.593360">
        <ele>138.018935</ele>
        <time>2026-07-28T19:54:25.469Z</time>
      </trkpt>
      <trkpt lat="46.033791" lon="13.593374">
        <ele>139.210906</ele>
        <time>2026-07-28T19:54:36.589Z</time>
      </trkpt>
      <trkpt lat="46.034125" lon="13.593478">
        <ele>141.139259</ele>
        <time>2026-07-28T19:54:44.909Z</time>
      </trkpt>
      <trkpt lat="46.034170" lon="13.593434">
        <ele>141.446180</ele>
        <time>2026-07-28T19:54:45.727Z</time>
      </trkpt>
      <trkpt lat="46.034541" lon="13.593632">
        <ele>141.311289</ele>
        <time>2026-07-28T19:54:49.605Z</time>
      </trkpt>
      <trkpt lat="46.034650" lon="13.593637">
        <ele>141.177998</ele>
        <time>2026-07-28T19:54:50.646Z</time>
      </trkpt>
      <trkpt lat="46.034928" lon="13.593572">
        <ele>140.833770</ele>
        <time>2026-07-28T19:54:53.372Z</time>
      </trkpt>
      <trkpt lat="46.035083" lon="13.593473">
        <ele>140.626536</ele>
        <time>2026-07-28T19:54:55.045Z</time>
      </trkpt>
      <trkpt lat="46.035404" lon="13.593086">
        <ele>140.114918</ele>
        <time>2026-07-28T19:54:59.462Z</time>
      </trkpt>
      <trkpt lat="46.035683" lon="13.592610">
        <ele>139.586332</ele>
        <time>2026-07-28T19:55:07.079Z</time>
      </trkpt>
      <trkpt lat="46.035753" lon="13.592384">
        <ele>139.216717</ele>
        <time>2026-07-28T19:55:11.872Z</time>
      </trkpt>
      <trkpt lat="46.035841" lon="13.591954">
        <ele>138.452206</ele>
        <time>2026-07-28T19:55:21.681Z</time>
      </trkpt>
      <trkpt lat="46.035930" lon="13.591523">
        <ele>137.685363</ele>
        <time>2026-07-28T19:55:29.022Z</time>
      </trkpt>
      <trkpt lat="46.036295" lon="13.590493">
        <ele>135.713216</ele>
        <time>2026-07-28T19:55:37.013Z</time>
      </trkpt>
      <trkpt lat="46.036609" lon="13.589767">
        <ele>130.904411</ele>
        <time>2026-07-28T19:55:42.154Z</time>
      </trkpt>
      <trkpt lat="46.036930" lon="13.589241">
        <ele>125.065281</ele>
        <time>2026-07-28T19:55:46.243Z</time>
      </trkpt>
      <trkpt lat="46.037489" lon="13.588699">
        <ele>116.972485</ele>
        <time>2026-07-28T19:55:51.861Z</time>
      </trkpt>
      <trkpt lat="46.037576" lon="13.588567">
        <ele>115.454943</ele>
        <time>2026-07-28T19:55:52.909Z</time>
      </trkpt>
      <trkpt lat="46.037791" lon="13.588112">
        <ele>110.666787</ele>
        <time>2026-07-28T19:55:56.178Z</time>
      </trkpt>
      <trkpt lat="46.038049" lon="13.587996">
        <ele>107.176480</ele>
        <time>2026-07-28T19:55:58.462Z</time>
      </trkpt>
      <trkpt lat="46.038355" lon="13.588055">
        <ele>103.189577</ele>
        <time>2026-07-28T19:56:00.995Z</time>
      </trkpt>
      <trkpt lat="46.038641" lon="13.588112">
        <ele>99.461013</ele>
        <time>2026-07-28T19:56:03.349Z</time>
      </trkpt>
      <trkpt lat="46.039005" lon="13.588092">
        <ele>94.756923</ele>
        <time>2026-07-28T19:56:06.353Z</time>
      </trkpt>
      <trkpt lat="46.039708" lon="13.587980">
        <ele>90.213583</ele>
        <time>2026-07-28T19:56:13.684Z</time>
      </trkpt>
      <trkpt lat="46.039740" lon="13.587978">
        <ele>90.207126</ele>
        <time>2026-07-28T19:56:14.099Z</time>
      </trkpt>
      <trkpt lat="46.040043" lon="13.587983">
        <ele>90.146036</ele>
        <time>2026-07-28T19:56:18.406Z</time>
      </trkpt>
      <trkpt lat="46.040160" lon="13.588074">
        <ele>90.119230</ele>
        <time>2026-07-28T19:56:20.342Z</time>
      </trkpt>
      <trkpt lat="46.040272" lon="13.587922">
        <ele>90.088208</ele>
        <time>2026-07-28T19:56:23.435Z</time>
      </trkpt>
      <trkpt lat="46.040692" lon="13.587860">
        <ele>90.003091</ele>
        <time>2026-07-28T19:56:36.869Z</time>
      </trkpt>
      <trkpt lat="46.041001" lon="13.587823">
        <ele>89.940580</ele>
        <time>2026-07-28T19:56:48.256Z</time>
      </trkpt>
      <trkpt lat="46.041142" lon="13.587776">
        <ele>90.026329</ele>
        <time>2026-07-28T19:56:52.977Z</time>
      </trkpt>
      <trkpt lat="46.041284" lon="13.587662">
        <ele>90.298137</ele>
        <time>2026-07-28T19:56:57.719Z</time>
      </trkpt>
      <trkpt lat="46.041371" lon="13.587644">
        <ele>90.445098</ele>
        <time>2026-07-28T19:56:59.822Z</time>
      </trkpt>
      <trkpt lat="46.041417" lon="13.587654">
        <ele>90.522882</ele>
        <time>2026-07-28T19:57:00.805Z</time>
      </trkpt>
      <trkpt lat="46.041720" lon="13.588021">
        <ele>91.184778</ele>
        <time>2026-07-28T19:57:07.423Z</time>
      </trkpt>
      <trkpt lat="46.041828" lon="13.588074">
        <ele>91.375549</ele>
        <time>2026-07-28T19:57:10.234Z</time>
      </trkpt>
      <trkpt lat="46.041951" lon="13.588084">
        <ele>91.581537</ele>
        <time>2026-07-28T19:57:13.911Z</time>
      </trkpt>
      <trkpt lat="46.042270" lon="13.588007">
        <ele>92.122354</ele>
        <time>2026-07-28T19:57:25.416Z</time>
      </trkpt>
      <trkpt lat="46.042511" lon="13.588123">
        <ele>92.547212</ele>
        <time>2026-07-28T19:57:33.649Z</time>
      </trkpt>
      <trkpt lat="46.042694" lon="13.588237">
        <ele>92.880576</ele>
        <time>2026-07-28T19:57:38.953Z</time>
      </trkpt>
      <trkpt lat="46.043017" lon="13.588639">
        <ele>93.375167</ele>
        <time>2026-07-28T19:57:46.634Z</time>
      </trkpt>
      <trkpt lat="46.043223" lon="13.588727">
        <ele>93.615722</ele>
        <time>2026-07-28T19:57:52.982Z</time>
      </trkpt>
      <trkpt lat="46.043573" lon="13.588712">
        <ele>94.007742</ele>
        <time>2026-07-28T19:58:05.413Z</time>
      </trkpt>
      <trkpt lat="46.043703" lon="13.588716">
        <ele>94.153319</ele>
        <time>2026-07-28T19:58:09.896Z</time>
      </trkpt>
      <trkpt lat="46.043895" lon="13.588806">
        <ele>94.379366</ele>
        <time>2026-07-28T19:58:15.825Z</time>
      </trkpt>
      <trkpt lat="46.044960" lon="13.589353">
        <ele>93.505076</ele>
        <time>2026-07-28T19:58:34.679Z</time>
      </trkpt>
      <trkpt lat="46.045296" lon="13.589788">
        <ele>92.465343</ele>
        <time>2026-07-28T19:58:41.570Z</time>
      </trkpt>
      <trkpt lat="46.045375" lon="13.589935">
        <ele>92.168334</ele>
        <time>2026-07-28T19:58:43.533Z</time>
      </trkpt>
      <trkpt lat="46.045554" lon="13.590080">
        <ele>91.695676</ele>
        <time>2026-07-28T19:58:46.676Z</time>
      </trkpt>
      <trkpt lat="46.046141" lon="13.590458">
        <ele>90.083386</ele>
        <time>2026-07-28T19:58:56.014Z</time>
      </trkpt>
      <trkpt lat="46.046748" lon="13.590895">
        <ele>88.170613</ele>
        <time>2026-07-28T19:59:05.042Z</time>
      </trkpt>
      <trkpt lat="46.046980" lon="13.591041">
        <ele>87.456975</ele>
        <time>2026-07-28T19:59:09.407Z</time>
      </trkpt>
      <trkpt lat="46.047103" lon="13.591054">
        <ele>87.109323</ele>
        <time>2026-07-28T19:59:11.944Z</time>
      </trkpt>
      <trkpt lat="46.047196" lon="13.591069">
        <ele>86.845532</ele>
        <time>2026-07-28T19:59:13.968Z</time>
      </trkpt>
      <trkpt lat="46.047322" lon="13.591157">
        <ele>86.450826</ele>
        <time>2026-07-28T19:59:17.251Z</time>
      </trkpt>
      <trkpt lat="46.047406" lon="13.591285">
        <ele>86.106179</ele>
        <time>2026-07-28T19:59:20.223Z</time>
      </trkpt>
      <trkpt lat="46.047441" lon="13.591349">
        <ele>85.946767</ele>
        <time>2026-07-28T19:59:21.413Z</time>
      </trkpt>
      <trkpt lat="46.047597" lon="13.591625">
        <ele>85.624544</ele>
        <time>2026-07-28T19:59:25.185Z</time>
      </trkpt>
      <trkpt lat="46.047810" lon="13.591927">
        <ele>85.432764</ele>
        <time>2026-07-28T19:59:29.385Z</time>
      </trkpt>
      <trkpt lat="46.047984" lon="13.592076">
        <ele>85.302866</ele>
        <time>2026-07-28T19:59:32.470Z</time>
      </trkpt>
      <trkpt lat="46.048161" lon="13.592207">
        <ele>85.175166</ele>
        <time>2026-07-28T19:59:35.928Z</time>
      </trkpt>
      <trkpt lat="46.048360" lon="13.592383">
        <ele>85.025316</ele>
        <time>2026-07-28T19:59:40.950Z</time>
      </trkpt>
      <trkpt lat="46.048765" lon="13.592706">
        <ele>84.728246</ele>
        <time>2026-07-28T19:59:52.473Z</time>
      </trkpt>
      <trkpt lat="46.049568" lon="13.593379">
        <ele>84.943173</ele>
        <time>2026-07-28T20:00:11.385Z</time>
      </trkpt>
      <trkpt lat="46.050120" lon="13.594142">
        <ele>85.340094</ele>
        <time>2026-07-28T20:00:28.772Z</time>
      </trkpt>
      <trkpt lat="46.050458" lon="13.594709">
        <ele>85.458686</ele>
        <time>2026-07-28T20:00:42.196Z</time>
      </trkpt>
      <trkpt lat="46.050663" lon="13.595185">
        <ele>85.342011</ele>
        <time>2026-07-28T20:00:50.352Z</time>
      </trkpt>
      <trkpt lat="46.050900" lon="13.595941">
        <ele>85.169238</ele>
        <time>2026-07-28T20:00:59.354Z</time>
      </trkpt>
      <trkpt lat="46.051000" lon="13.596570">
        <ele>85.034842</ele>
        <time>2026-07-28T20:01:06.513Z</time>
      </trkpt>
      <trkpt lat="46.051048" lon="13.596762">
        <ele>84.992338</ele>
        <time>2026-07-28T20:01:09.431Z</time>
      </trkpt>
      <trkpt lat="46.051175" lon="13.597210">
        <ele>85.554577</ele>
        <time>2026-07-28T20:01:19.545Z</time>
      </trkpt>
      <trkpt lat="46.051236" lon="13.597323">
        <ele>85.764243</ele>
        <time>2026-07-28T20:01:22.965Z</time>
      </trkpt>
      <trkpt lat="46.051277" lon="13.597419">
        <ele>85.929331</ele>
        <time>2026-07-28T20:01:25.609Z</time>
      </trkpt>
      <trkpt lat="46.051353" lon="13.597639">
        <ele>86.289245</ele>
        <time>2026-07-28T20:01:31.318Z</time>
      </trkpt>
      <trkpt lat="46.051397" lon="13.597898">
        <ele>86.679767</ele>
        <time>2026-07-28T20:01:37.349Z</time>
      </trkpt>
      <trkpt lat="46.051563" lon="13.598879">
        <ele>88.158593</ele>
        <time>2026-07-28T20:01:57.454Z</time>
      </trkpt>
      <trkpt lat="46.051615" lon="13.599229">
        <ele>88.682803</ele>
        <time>2026-07-28T20:02:04.667Z</time>
      </trkpt>
      <trkpt lat="46.051753" lon="13.600140">
        <ele>89.707745</ele>
        <time>2026-07-28T20:02:23.913Z</time>
      </trkpt>
      <trkpt lat="46.051875" lon="13.600789">
        <ele>90.430123</ele>
        <time>2026-07-28T20:02:36.987Z</time>
      </trkpt>
      <trkpt lat="46.052008" lon="13.601310">
        <ele>91.026523</ele>
        <time>2026-07-28T20:02:46.144Z</time>
      </trkpt>
      <trkpt lat="46.052111" lon="13.601574">
        <ele>91.351897</ele>
        <time>2026-07-28T20:02:50.771Z</time>
      </trkpt>
      <trkpt lat="46.053260" lon="13.604701">
        <ele>92.673355</ele>
        <time>2026-07-28T20:03:46.046Z</time>
      </trkpt>
      <trkpt lat="46.053338" lon="13.604962">
        <ele>92.708479</ele>
        <time>2026-07-28T20:03:49.928Z</time>
      </trkpt>
      <trkpt lat="46.053504" lon="13.605637">
        <ele>92.796993</ele>
        <time>2026-07-28T20:04:00.361Z</time>
      </trkpt>
      <trkpt lat="46.053567" lon="13.606110">
        <ele>92.856523</ele>
        <time>2026-07-28T20:04:07.294Z</time>
      </trkpt>
      <trkpt lat="46.053650" lon="13.607772">
        <ele>93.104945</ele>
        <time>2026-07-28T20:04:29.418Z</time>
      </trkpt>
      <trkpt lat="46.053728" lon="13.608220">
        <ele>93.176953</ele>
        <time>2026-07-28T20:04:38.650Z</time>
      </trkpt>
      <trkpt lat="46.053940" lon="13.608908">
        <ele>93.294309</ele>
        <time>2026-07-28T20:04:50.027Z</time>
      </trkpt>
      <trkpt lat="46.054139" lon="13.609227">
        <ele>92.831313</ele>
        <time>2026-07-28T20:04:55.203Z</time>
      </trkpt>
      <trkpt lat="46.054398" lon="13.609796">
        <ele>91.953936</ele>
        <time>2026-07-28T20:05:04.506Z</time>
      </trkpt>
      <trkpt lat="46.054542" lon="13.610245">
        <ele>91.316186</ele>
        <time>2026-07-28T20:05:10.574Z</time>
      </trkpt>
      <trkpt lat="46.054594" lon="13.610686">
        <ele>90.739434</ele>
        <time>2026-07-28T20:05:15.191Z</time>
      </trkpt>
      <trkpt lat="46.054585" lon="13.611236">
        <ele>90.030095</ele>
        <time>2026-07-28T20:05:20.365Z</time>
      </trkpt>
      <trkpt lat="46.054728" lon="13.612034">
        <ele>89.496521</ele>
        <time>2026-07-28T20:05:28.031Z</time>
      </trkpt>
      <trkpt lat="46.054839" lon="13.613041">
        <ele>88.881034</ele>
        <time>2026-07-28T20:05:41.299Z</time>
      </trkpt>
      <trkpt lat="46.054938" lon="13.613378">
        <ele>88.660131</ele>
        <time>2026-07-28T20:05:50.688Z</time>
      </trkpt>
      <trkpt lat="46.055025" lon="13.613569">
        <ele>88.522218</ele>
        <time>2026-07-28T20:05:56.646Z</time>
      </trkpt>
      <trkpt lat="46.055188" lon="13.613823">
        <ele>88.522133</ele>
        <time>2026-07-28T20:06:04.376Z</time>
      </trkpt>
      <trkpt lat="46.055416" lon="13.614558">
        <ele>89.238633</ele>
        <time>2026-07-28T20:06:14.776Z</time>
      </trkpt>
      <trkpt lat="46.055502" lon="13.615127">
        <ele>89.756892</ele>
        <time>2026-07-28T20:06:23.981Z</time>
      </trkpt>
      <trkpt lat="46.055562" lon="13.615392">
        <ele>90.004966</ele>
        <time>2026-07-28T20:06:29.469Z</time>
      </trkpt>
      <trkpt lat="46.055617" lon="13.615530">
        <ele>90.146594</ele>
        <time>2026-07-28T20:06:32.643Z</time>
      </trkpt>
      <trkpt lat="46.056213" lon="13.617014">
        <ele>93.311948</ele>
        <time>2026-07-28T20:07:05.440Z</time>
      </trkpt>
      <trkpt lat="46.056432" lon="13.617596">
        <ele>94.898899</ele>
        <time>2026-07-28T20:07:16.694Z</time>
      </trkpt>
      <trkpt lat="46.057150" lon="13.616895">
        <ele>97.969387</ele>
        <time>2026-07-28T20:07:58.006Z</time>
      </trkpt>
      <trkpt lat="46.057485" lon="13.616504">
        <ele>99.572419</ele>
        <time>2026-07-28T20:08:21.919Z</time>
      </trkpt>
      <trkpt lat="46.057636" lon="13.616272">
        <ele>100.393185</ele>
        <time>2026-07-28T20:08:31.558Z</time>
      </trkpt>
      <trkpt lat="46.057679" lon="13.616228">
        <ele>100.589290</ele>
        <time>2026-07-28T20:08:33.509Z</time>
      </trkpt>
      <trkpt lat="46.057755" lon="13.616243">
        <ele>100.874534</ele>
        <time>2026-07-28T20:08:36.031Z</time>
      </trkpt>
      <trkpt lat="46.058235" lon="13.616795">
        <ele>103.158084</ele>
        <time>2026-07-28T20:08:47.613Z</time>
      </trkpt>
      <trkpt lat="46.058377" lon="13.617021">
        <ele>103.569213</ele>
        <time>2026-07-28T20:08:51.225Z</time>
      </trkpt>
      <trkpt lat="46.058486" lon="13.617358">
        <ele>103.466904</ele>
        <time>2026-07-28T20:08:55.887Z</time>
      </trkpt>
      <trkpt lat="46.058629" lon="13.617879">
        <ele>103.312737</ele>
        <time>2026-07-28T20:09:02.739Z</time>
      </trkpt>
      <trkpt lat="46.058914" lon="13.618697">
        <ele>103.060876</ele>
        <time>2026-07-28T20:09:13.975Z</time>
      </trkpt>
      <trkpt lat="46.059108" lon="13.619243">
        <ele>102.892593</ele>
        <time>2026-07-28T20:09:22.724Z</time>
      </trkpt>
      <trkpt lat="46.059398" lon="13.620063">
        <ele>104.014420</ele>
        <time>2026-07-28T20:09:35.174Z</time>
      </trkpt>
      <trkpt lat="46.059739" lon="13.620806">
        <ele>105.100225</ele>
        <time>2026-07-28T20:09:50.149Z</time>
      </trkpt>
      <trkpt lat="46.060344" lon="13.621847">
        <ele>106.185727</ele>
        <time>2026-07-28T20:10:14.100Z</time>
      </trkpt>
      <trkpt lat="46.060835" lon="13.622540">
        <ele>106.415793</ele>
        <time>2026-07-28T20:10:24.078Z</time>
      </trkpt>
      <trkpt lat="46.061745" lon="13.623575">
        <ele>106.411702</ele>
        <time>2026-07-28T20:10:38.778Z</time>
      </trkpt>
      <trkpt lat="46.062937" lon="13.625080">
        <ele>106.046554</ele>
        <time>2026-07-28T20:10:59.394Z</time>
      </trkpt>
      <trkpt lat="46.063149" lon="13.625278">
        <ele>106.437968</ele>
        <time>2026-07-28T20:11:03.424Z</time>
      </trkpt>
      <trkpt lat="46.063241" lon="13.625404">
        <ele>106.634610</ele>
        <time>2026-07-28T20:11:05.723Z</time>
      </trkpt>
      <trkpt lat="46.063325" lon="13.625587">
        <ele>106.870501</ele>
        <time>2026-07-28T20:11:08.775Z</time>
      </trkpt>
      <trkpt lat="46.063470" lon="13.625776">
        <ele>107.173417</ele>
        <time>2026-07-28T20:11:13.020Z</time>
      </trkpt>
      <trkpt lat="46.063956" lon="13.626211">
        <ele>108.059823</ele>
        <time>2026-07-28T20:11:26.951Z</time>
      </trkpt>
      <trkpt lat="46.064279" lon="13.626404">
        <ele>108.757746</ele>
        <time>2026-07-28T20:11:36.365Z</time>
      </trkpt>
      <trkpt lat="46.064609" lon="13.626520">
        <ele>109.908154</ele>
        <time>2026-07-28T20:11:46.212Z</time>
      </trkpt>
      <trkpt lat="46.064938" lon="13.626574">
        <ele>111.029615</ele>
        <time>2026-07-28T20:11:56.464Z</time>
      </trkpt>
      <trkpt lat="46.065347" lon="13.626552">
        <ele>112.415783</ele>
        <time>2026-07-28T20:12:09.082Z</time>
      </trkpt>
      <trkpt lat="46.066097" lon="13.626388">
        <ele>114.631314</ele>
        <time>2026-07-28T20:12:29.952Z</time>
      </trkpt>
      <trkpt lat="46.066969" lon="13.626251">
        <ele>115.120780</ele>
        <time>2026-07-28T20:12:51.195Z</time>
      </trkpt>
      <trkpt lat="46.067427" lon="13.625986">
        <ele>115.396172</ele>
        <time>2026-07-28T20:13:01.158Z</time>
      </trkpt>
      <trkpt lat="46.067712" lon="13.625910">
        <ele>115.557903</ele>
        <time>2026-07-28T20:13:04.302Z</time>
      </trkpt>
      <trkpt lat="46.067927" lon="13.625949">
        <ele>114.966888</ele>
        <time>2026-07-28T20:13:06.299Z</time>
      </trkpt>
      <trkpt lat="46.068629" lon="13.626347">
        <ele>112.750006</ele>
        <time>2026-07-28T20:13:12.878Z</time>
      </trkpt>
      <trkpt lat="46.068710" lon="13.626389">
        <ele>112.497030</ele>
        <time>2026-07-28T20:13:13.741Z</time>
      </trkpt>
      <trkpt lat="46.068843" lon="13.626397">
        <ele>112.105833</ele>
        <time>2026-07-28T20:13:15.315Z</time>
      </trkpt>
      <trkpt lat="46.069012" lon="13.626299">
        <ele>111.570493</ele>
        <time>2026-07-28T20:13:19.238Z</time>
      </trkpt>
      <trkpt lat="46.069116" lon="13.626111">
        <ele>111.080249</ele>
        <time>2026-07-28T20:13:24.553Z</time>
      </trkpt>
      <trkpt lat="46.069229" lon="13.625988">
        <ele>110.664112</ele>
        <time>2026-07-28T20:13:29.541Z</time>
      </trkpt>
      <trkpt lat="46.069277" lon="13.625893">
        <ele>110.424496</ele>
        <time>2026-07-28T20:13:32.218Z</time>
      </trkpt>
      <trkpt lat="46.069332" lon="13.625626">
        <ele>110.023693</ele>
        <time>2026-07-28T20:13:37.478Z</time>
      </trkpt>
      <trkpt lat="46.069366" lon="13.625552">
        <ele>109.914239</ele>
        <time>2026-07-28T20:13:38.711Z</time>
      </trkpt>
      <trkpt lat="46.069402" lon="13.625505">
        <ele>109.827903</ele>
        <time>2026-07-28T20:13:39.542Z</time>
      </trkpt>
      <trkpt lat="46.069508" lon="13.625485">
        <ele>109.637882</ele>
        <time>2026-07-28T20:13:40.991Z</time>
      </trkpt>
      <trkpt lat="46.069553" lon="13.625529">
        <ele>109.541228</ele>
        <time>2026-07-28T20:13:41.633Z</time>
      </trkpt>
      <trkpt lat="46.069601" lon="13.625726">
        <ele>109.283743</ele>
        <time>2026-07-28T20:13:43.169Z</time>
      </trkpt>
      <trkpt lat="46.069653" lon="13.626119">
        <ele>108.790365</ele>
        <time>2026-07-28T20:13:45.833Z</time>
      </trkpt>
      <trkpt lat="46.069675" lon="13.626582">
        <ele>108.218062</ele>
        <time>2026-07-28T20:13:48.868Z</time>
      </trkpt>
      <trkpt lat="46.069751" lon="13.626710">
        <ele>108.010300</ele>
        <time>2026-07-28T20:13:49.987Z</time>
      </trkpt>
      <trkpt lat="46.070729" lon="13.626709">
        <ele>107.808924</ele>
        <time>2026-07-28T20:14:00.842Z</time>
      </trkpt>
      <trkpt lat="46.071176" lon="13.626633">
        <ele>108.526186</ele>
        <time>2026-07-28T20:14:10.258Z</time>
      </trkpt>
      <trkpt lat="46.071619" lon="13.626485">
        <ele>109.250848</ele>
        <time>2026-07-28T20:14:23.401Z</time>
      </trkpt>
      <trkpt lat="46.071996" lon="13.626449">
        <ele>109.852938</ele>
        <time>2026-07-28T20:14:37.635Z</time>
      </trkpt>
      <trkpt lat="46.072355" lon="13.626609">
        <ele>109.879968</ele>
        <time>2026-07-28T20:14:50.644Z</time>
      </trkpt>
      <trkpt lat="46.072641" lon="13.627036">
        <ele>109.790458</ele>
        <time>2026-07-28T20:14:55.295Z</time>
      </trkpt>
      <trkpt lat="46.072755" lon="13.627238">
        <ele>109.751187</ele>
        <time>2026-07-28T20:14:56.870Z</time>
      </trkpt>
      <trkpt lat="46.073236" lon="13.627604">
        <ele>109.632952</ele>
        <time>2026-07-28T20:15:01.759Z</time>
      </trkpt>
      <trkpt lat="46.073736" lon="13.627895">
        <ele>110.338783</ele>
        <time>2026-07-28T20:15:24.060Z</time>
      </trkpt>
      <trkpt lat="46.074039" lon="13.628015">
        <ele>111.613109</ele>
        <time>2026-07-28T20:15:38.376Z</time>
      </trkpt>
      <trkpt lat="46.074497" lon="13.628079">
        <ele>113.479198</ele>
        <time>2026-07-28T20:15:52.932Z</time>
      </trkpt>
      <trkpt lat="46.074990" lon="13.628106">
        <ele>115.479963</ele>
        <time>2026-07-28T20:16:07.427Z</time>
      </trkpt>
      <trkpt lat="46.076110" lon="13.628060">
        <ele>120.069345</ele>
        <time>2026-07-28T20:16:38.622Z</time>
      </trkpt>
      <trkpt lat="46.076613" lon="13.628070">
        <ele>122.138659</ele>
        <time>2026-07-28T20:16:54.250Z</time>
      </trkpt>
      <trkpt lat="46.077763" lon="13.628052">
        <ele>126.282858</ele>
        <time>2026-07-28T20:17:35.842Z</time>
      </trkpt>
      <trkpt lat="46.078275" lon="13.628060">
        <ele>127.917284</ele>
        <time>2026-07-28T20:17:52.393Z</time>
      </trkpt>
      <trkpt lat="46.079211" lon="13.628492">
        <ele>130.091777</ele>
        <time>2026-07-28T20:18:08.633Z</time>
      </trkpt>
      <trkpt lat="46.079771" lon="13.628680">
        <ele>130.264092</ele>
        <time>2026-07-28T20:18:17.838Z</time>
      </trkpt>
      <trkpt lat="46.080608" lon="13.628720">
        <ele>130.515068</ele>
        <time>2026-07-28T20:18:31.890Z</time>
      </trkpt>
      <trkpt lat="46.081082" lon="13.629015">
        <ele>130.135011</ele>
        <time>2026-07-28T20:18:38.488Z</time>
      </trkpt>
      <trkpt lat="46.081201" lon="13.629114">
        <ele>130.017462</ele>
        <time>2026-07-28T20:18:40.138Z</time>
      </trkpt>
      <trkpt lat="46.081423" lon="13.629381">
        <ele>129.770108</ele>
        <time>2026-07-28T20:18:43.726Z</time>
      </trkpt>
      <trkpt lat="46.081674" lon="13.629726">
        <ele>129.473398</ele>
        <time>2026-07-28T20:18:48.811Z</time>
      </trkpt>
      <trkpt lat="46.082109" lon="13.630233">
        <ele>128.994814</ele>
        <time>2026-07-28T20:18:56.724Z</time>
      </trkpt>
      <trkpt lat="46.082481" lon="13.630570">
        <ele>127.699830</ele>
        <time>2026-07-28T20:19:00.921Z</time>
      </trkpt>
      <trkpt lat="46.082650" lon="13.630836">
        <ele>126.958662</ele>
        <time>2026-07-28T20:19:03.407Z</time>
      </trkpt>
      <trkpt lat="46.082752" lon="13.630876">
        <ele>126.645535</ele>
        <time>2026-07-28T20:19:04.545Z</time>
      </trkpt>
      <trkpt lat="46.082997" lon="13.630823">
        <ele>125.911661</ele>
        <time>2026-07-28T20:19:07.384Z</time>
      </trkpt>
      <trkpt lat="46.083243" lon="13.630634">
        <ele>125.085936</ele>
        <time>2026-07-28T20:19:11.498Z</time>
      </trkpt>
      <trkpt lat="46.083325" lon="13.630651">
        <ele>124.840534</ele>
        <time>2026-07-28T20:19:12.453Z</time>
      </trkpt>
      <trkpt lat="46.083619" lon="13.630843">
        <ele>123.884453</ele>
        <time>2026-07-28T20:19:15.624Z</time>
      </trkpt>
      <trkpt lat="46.083975" lon="13.631157">
        <ele>121.642526</ele>
        <time>2026-07-28T20:19:19.400Z</time>
      </trkpt>
      <trkpt lat="46.084349" lon="13.631298">
        <ele>119.363866</ele>
        <time>2026-07-28T20:19:22.795Z</time>
      </trkpt>
      <trkpt lat="46.084928" lon="13.631446">
        <ele>115.897739</ele>
        <time>2026-07-28T20:19:28.435Z</time>
      </trkpt>
      <trkpt lat="46.085404" lon="13.631407">
        <ele>113.087439</ele>
        <time>2026-07-28T20:19:34.964Z</time>
      </trkpt>
      <trkpt lat="46.085492" lon="13.631474">
        <ele>112.487429</ele>
        <time>2026-07-28T20:19:35.855Z</time>
      </trkpt>
      <trkpt lat="46.085493" lon="13.631547">
        <ele>112.181790</ele>
        <time>2026-07-28T20:19:36.286Z</time>
      </trkpt>
      <trkpt lat="46.085497" lon="13.631766">
        <ele>111.264732</ele>
        <time>2026-07-28T20:19:37.553Z</time>
      </trkpt>
      <trkpt lat="46.085499" lon="13.631864">
        <ele>110.854324</ele>
        <time>2026-07-28T20:19:38.113Z</time>
      </trkpt>
      <trkpt lat="46.085504" lon="13.632082">
        <ele>109.941272</ele>
        <time>2026-07-28T20:19:39.345Z</time>
      </trkpt>
      <trkpt lat="46.085527" lon="13.632127">
        <ele>109.707279</ele>
        <time>2026-07-28T20:19:39.661Z</time>
      </trkpt>
      <trkpt lat="46.085490" lon="13.632286">
        <ele>109.005238</ele>
        <time>2026-07-28T20:19:40.610Z</time>
      </trkpt>
      <trkpt lat="46.085501" lon="13.632484">
        <ele>108.173750</ele>
        <time>2026-07-28T20:19:41.736Z</time>
      </trkpt>
      <trkpt lat="46.085552" lon="13.633097">
        <ele>105.589323</ele>
        <time>2026-07-28T20:19:45.464Z</time>
      </trkpt>
      <trkpt lat="46.085515" lon="13.633258">
        <ele>104.879341</ele>
        <time>2026-07-28T20:19:47.698Z</time>
      </trkpt>
      <trkpt lat="46.085429" lon="13.633401">
        <ele>104.087048</ele>
        <time>2026-07-28T20:19:51.612Z</time>
      </trkpt>
      <trkpt lat="46.085394" lon="13.633767">
        <ele>102.540467</ele>
        <time>2026-07-28T20:20:04.193Z</time>
      </trkpt>
      <trkpt lat="46.085392" lon="13.633844">
        <ele>102.217916</ele>
        <time>2026-07-28T20:20:07.061Z</time>
      </trkpt>
      <trkpt lat="46.085365" lon="13.634289">
        <ele>103.003448</ele>
        <time>2026-07-28T20:20:22.467Z</time>
      </trkpt>
      <trkpt lat="46.085667" lon="13.634339">
        <ele>103.789962</ele>
        <time>2026-07-28T20:20:34.327Z</time>
      </trkpt>
      <trkpt lat="46.086379" lon="13.634474">
        <ele>105.648016</ele>
        <time>2026-07-28T20:20:46.319Z</time>
      </trkpt>
      <trkpt lat="46.086869" lon="13.634667">
        <ele>106.939475</ele>
        <time>2026-07-28T20:20:54.302Z</time>
      </trkpt>
      <trkpt lat="46.087038" lon="13.634734">
        <ele>107.291509</ele>
        <time>2026-07-28T20:20:57.453Z</time>
      </trkpt>
      <trkpt lat="46.087341" lon="13.634872">
        <ele>107.929724</ele>
        <time>2026-07-28T20:21:04.131Z</time>
      </trkpt>
      <trkpt lat="46.087358" lon="13.634880">
        <ele>107.965641</ele>
        <time>2026-07-28T20:21:04.546Z</time>
      </trkpt>
      <trkpt lat="46.088391" lon="13.635330">
        <ele>110.133046</ele>
        <time>2026-07-28T20:21:32.926Z</time>
      </trkpt>
      <trkpt lat="46.088870" lon="13.635629">
        <ele>111.214030</ele>
        <time>2026-07-28T20:21:43.922Z</time>
      </trkpt>
      <trkpt lat="46.089082" lon="13.635806">
        <ele>111.728723</ele>
        <time>2026-07-28T20:21:49.092Z</time>
      </trkpt>
      <trkpt lat="46.089194" lon="13.635900">
        <ele>112.000995</ele>
        <time>2026-07-28T20:21:52.048Z</time>
      </trkpt>
      <trkpt lat="46.089494" lon="13.636269">
        <ele>112.829469</ele>
        <time>2026-07-28T20:22:01.214Z</time>
      </trkpt>
      <trkpt lat="46.090285" lon="13.637218">
        <ele>116.245459</ele>
        <time>2026-07-28T20:22:25.326Z</time>
      </trkpt>
      <trkpt lat="46.090489" lon="13.637317">
        <ele>117.464550</ele>
        <time>2026-07-28T20:22:31.112Z</time>
      </trkpt>
      <trkpt lat="46.090635" lon="13.637363">
        <ele>118.310969</ele>
        <time>2026-07-28T20:22:35.607Z</time>
      </trkpt>
      <trkpt lat="46.090948" lon="13.637552">
        <ele>120.232893</ele>
        <time>2026-07-28T20:22:48.182Z</time>
      </trkpt>
      <trkpt lat="46.091287" lon="13.637810">
        <ele>122.403936</ele>
        <time>2026-07-28T20:23:05.918Z</time>
      </trkpt>
      <trkpt lat="46.091541" lon="13.638114">
        <ele>124.273526</ele>
        <time>2026-07-28T20:23:23.279Z</time>
      </trkpt>
      <trkpt lat="46.091932" lon="13.638479">
        <ele>127.102700</ele>
        <time>2026-07-28T20:23:48.472Z</time>
      </trkpt>
      <trkpt lat="46.092192" lon="13.638812">
        <ele>129.224488</ele>
        <time>2026-07-28T20:24:04.017Z</time>
      </trkpt>
      <trkpt lat="46.092440" lon="13.639317">
        <ele>131.842822</ele>
        <time>2026-07-28T20:24:17.445Z</time>
      </trkpt>
      <trkpt lat="46.092601" lon="13.639562">
        <ele>133.270991</ele>
        <time>2026-07-28T20:24:23.443Z</time>
      </trkpt>
      <trkpt lat="46.092971" lon="13.639804">
        <ele>135.753251</ele>
        <time>2026-07-28T20:24:35.116Z</time>
      </trkpt>
      <trkpt lat="46.093060" lon="13.639957">
        <ele>136.606646</ele>
        <time>2026-07-28T20:24:39.792Z</time>
      </trkpt>
      <trkpt lat="46.093030" lon="13.640569">
        <ele>139.228508</ele>
        <time>2026-07-28T20:24:57.252Z</time>
      </trkpt>
      <trkpt lat="46.093067" lon="13.641169">
        <ele>141.802681</ele>
        <time>2026-07-28T20:25:17.937Z</time>
      </trkpt>
      <trkpt lat="46.092820" lon="13.642141">
        <ele>146.226543</ele>
        <time>2026-07-28T20:25:54.922Z</time>
      </trkpt>
      <trkpt lat="46.092745" lon="13.642435">
        <ele>146.626695</ele>
        <time>2026-07-28T20:25:59.877Z</time>
      </trkpt>
      <trkpt lat="46.092762" lon="13.642584">
        <ele>146.705098</ele>
        <time>2026-07-28T20:26:01.303Z</time>
      </trkpt>
      <trkpt lat="46.092816" lon="13.642680">
        <ele>146.769278</ele>
        <time>2026-07-28T20:26:02.275Z</time>
      </trkpt>
      <trkpt lat="46.092882" lon="13.642713">
        <ele>146.821578</ele>
        <time>2026-07-28T20:26:02.995Z</time>
      </trkpt>
      <trkpt lat="46.092953" lon="13.642748">
        <ele>146.877756</ele>
        <time>2026-07-28T20:26:03.713Z</time>
      </trkpt>
      <trkpt lat="46.093019" lon="13.642741">
        <ele>146.927304</ele>
        <time>2026-07-28T20:26:04.328Z</time>
      </trkpt>
      <trkpt lat="46.093088" lon="13.642734">
        <ele>146.979091</ele>
        <time>2026-07-28T20:26:04.937Z</time>
      </trkpt>
      <trkpt lat="46.093165" lon="13.642673">
        <ele>147.044868</ele>
        <time>2026-07-28T20:26:05.714Z</time>
      </trkpt>
      <trkpt lat="46.093745" lon="13.641977">
        <ele>147.609807</ele>
        <time>2026-07-28T20:26:13.452Z</time>
      </trkpt>
      <trkpt lat="46.093901" lon="13.641812">
        <ele>147.754654</ele>
        <time>2026-07-28T20:26:19.731Z</time>
      </trkpt>
      <trkpt lat="46.094028" lon="13.641799">
        <ele>147.905596</ele>
        <time>2026-07-28T20:26:25.243Z</time>
      </trkpt>
      <trkpt lat="46.094167" lon="13.641868">
        <ele>148.965125</ele>
        <time>2026-07-28T20:26:32.986Z</time>
      </trkpt>
      <trkpt lat="46.094880" lon="13.642391">
        <ele>154.730650</ele>
        <time>2026-07-28T20:27:15.903Z</time>
      </trkpt>
      <trkpt lat="46.095104" lon="13.642556">
        <ele>156.543546</ele>
        <time>2026-07-28T20:27:27.085Z</time>
      </trkpt>
      <trkpt lat="46.096232" lon="13.644063">
        <ele>163.969056</ele>
        <time>2026-07-28T20:28:28.520Z</time>
      </trkpt>
      <trkpt lat="46.096642" lon="13.644635">
        <ele>165.875532</ele>
        <time>2026-07-28T20:28:40.896Z</time>
      </trkpt>
      <trkpt lat="46.096971" lon="13.645118">
        <ele>166.849351</ele>
        <time>2026-07-28T20:28:45.574Z</time>
      </trkpt>
      <trkpt lat="46.097157" lon="13.645442">
        <ele>166.897992</ele>
        <time>2026-07-28T20:28:49.335Z</time>
      </trkpt>
      <trkpt lat="46.097360" lon="13.645950">
        <ele>166.965794</ele>
        <time>2026-07-28T20:29:01.886Z</time>
      </trkpt>
      <trkpt lat="46.097528" lon="13.646472">
        <ele>167.032343</ele>
        <time>2026-07-28T20:29:12.271Z</time>
      </trkpt>
      <trkpt lat="46.097806" lon="13.647529">
        <ele>166.685628</ele>
        <time>2026-07-28T20:29:20.788Z</time>
      </trkpt>
      <trkpt lat="46.097921" lon="13.647702">
        <ele>166.419505</ele>
        <time>2026-07-28T20:29:22.405Z</time>
      </trkpt>
      <trkpt lat="46.098202" lon="13.647951">
        <ele>165.891349</ele>
        <time>2026-07-28T20:29:25.602Z</time>
      </trkpt>
      <trkpt lat="46.098569" lon="13.648743">
        <ele>164.833574</ele>
        <time>2026-07-28T20:29:32.333Z</time>
      </trkpt>
      <trkpt lat="46.098724" lon="13.649163">
        <ele>164.305248</ele>
        <time>2026-07-28T20:29:36.645Z</time>
      </trkpt>
      <trkpt lat="46.098790" lon="13.649421">
        <ele>164.932164</ele>
        <time>2026-07-28T20:29:40.766Z</time>
      </trkpt>
      <trkpt lat="46.098819" lon="13.649874">
        <ele>166.407434</ele>
        <time>2026-07-28T20:29:51.918Z</time>
      </trkpt>
      <trkpt lat="46.098783" lon="13.650112">
        <ele>167.197387</ele>
        <time>2026-07-28T20:30:00.407Z</time>
      </trkpt>
      <trkpt lat="46.098423" lon="13.650913">
        <ele>170.292832</ele>
        <time>2026-07-28T20:30:46.247Z</time>
      </trkpt>
      <trkpt lat="46.098272" lon="13.651228">
        <ele>171.534675</ele>
        <time>2026-07-28T20:30:59.507Z</time>
      </trkpt>
      <trkpt lat="46.098219" lon="13.651465">
        <ele>172.342223</ele>
        <time>2026-07-28T20:31:01.414Z</time>
      </trkpt>
      <trkpt lat="46.098259" lon="13.651596">
        <ele>172.592203</ele>
        <time>2026-07-28T20:31:02.287Z</time>
      </trkpt>
      <trkpt lat="46.098375" lon="13.651706">
        <ele>172.356082</ele>
        <time>2026-07-28T20:31:03.463Z</time>
      </trkpt>
      <trkpt lat="46.098652" lon="13.651856">
        <ele>171.852850</ele>
        <time>2026-07-28T20:31:05.910Z</time>
      </trkpt>
      <trkpt lat="46.098803" lon="13.652047">
        <ele>171.511244</ele>
        <time>2026-07-28T20:31:07.596Z</time>
      </trkpt>
      <trkpt lat="46.098881" lon="13.652329">
        <ele>171.153187</ele>
        <time>2026-07-28T20:31:09.551Z</time>
      </trkpt>
      <trkpt lat="46.098957" lon="13.652773">
        <ele>170.613841</ele>
        <time>2026-07-28T20:31:15.568Z</time>
      </trkpt>
      <trkpt lat="46.099032" lon="13.652972">
        <ele>170.346727</ele>
        <time>2026-07-28T20:31:20.092Z</time>
      </trkpt>
      <trkpt lat="46.099290" lon="13.653328">
        <ele>169.739427</ele>
        <time>2026-07-28T20:31:32.959Z</time>
      </trkpt>
      <trkpt lat="46.099629" lon="13.654170">
        <ele>171.052307</ele>
        <time>2026-07-28T20:31:58.832Z</time>
      </trkpt>
      <trkpt lat="46.099800" lon="13.654747">
        <ele>172.135272</ele>
        <time>2026-07-28T20:32:11.469Z</time>
      </trkpt>
      <trkpt lat="46.100030" lon="13.655692">
        <ele>173.863758</ele>
        <time>2026-07-28T20:32:23.052Z</time>
      </trkpt>
      <trkpt lat="46.100122" lon="13.655814">
        <ele>173.970633</ele>
        <time>2026-07-28T20:32:24.533Z</time>
      </trkpt>
      <trkpt lat="46.100962" lon="13.656663">
        <ele>171.688512</ele>
        <time>2026-07-28T20:32:35.656Z</time>
      </trkpt>
      <trkpt lat="46.101016" lon="13.656727">
        <ele>171.533007</ele>
        <time>2026-07-28T20:32:36.397Z</time>
      </trkpt>
      <trkpt lat="46.101126" lon="13.656861">
        <ele>171.212653</ele>
        <time>2026-07-28T20:32:37.910Z</time>
      </trkpt>
      <trkpt lat="46.101717" lon="13.657860">
        <ele>170.210910</ele>
        <time>2026-07-28T20:32:46.943Z</time>
      </trkpt>
      <trkpt lat="46.102096" lon="13.658516">
        <ele>170.429205</ele>
        <time>2026-07-28T20:32:54.243Z</time>
      </trkpt>
      <trkpt lat="46.102250" lon="13.658857">
        <ele>170.533243</ele>
        <time>2026-07-28T20:33:01.799Z</time>
      </trkpt>
      <trkpt lat="46.102310" lon="13.659104">
        <ele>170.600151</ele>
        <time>2026-07-28T20:33:07.960Z</time>
      </trkpt>
      <trkpt lat="46.102443" lon="13.660322">
        <ele>169.803469</ele>
        <time>2026-07-28T20:33:34.546Z</time>
      </trkpt>
      <trkpt lat="46.102470" lon="13.661186">
        <ele>168.709029</ele>
        <time>2026-07-28T20:33:40.534Z</time>
      </trkpt>
      <trkpt lat="46.102458" lon="13.661668">
        <ele>168.098699</ele>
        <time>2026-07-28T20:33:43.613Z</time>
      </trkpt>
      <trkpt lat="46.102401" lon="13.662076">
        <ele>167.572028</ele>
        <time>2026-07-28T20:33:46.304Z</time>
      </trkpt>
      <trkpt lat="46.102103" lon="13.663720">
        <ele>162.760090</ele>
        <time>2026-07-28T20:33:57.755Z</time>
      </trkpt>
      <trkpt lat="46.102039" lon="13.664331">
        <ele>160.949909</ele>
        <time>2026-07-28T20:34:01.751Z</time>
      </trkpt>
      <trkpt lat="46.102033" lon="13.664706">
        <ele>159.851085</ele>
        <time>2026-07-28T20:34:04.276Z</time>
      </trkpt>
      <trkpt lat="46.102025" lon="13.666190">
        <ele>157.225376</ele>
        <time>2026-07-28T20:34:15.658Z</time>
      </trkpt>
      <trkpt lat="46.101956" lon="13.667213">
        <ele>155.407998</ele>
        <time>2026-07-28T20:34:22.763Z</time>
      </trkpt>
      <trkpt lat="46.101952" lon="13.667841">
        <ele>153.727483</ele>
        <time>2026-07-28T20:34:27.709Z</time>
      </trkpt>
      <trkpt lat="46.101847" lon="13.668532">
        <ele>151.735984</ele>
        <time>2026-07-28T20:34:38.346Z</time>
      </trkpt>
      <trkpt lat="46.101794" lon="13.668902">
        <ele>150.672346</ele>
        <time>2026-07-28T20:34:42.411Z</time>
      </trkpt>
      <trkpt lat="46.101757" lon="13.669568">
        <ele>148.791381</ele>
        <time>2026-07-28T20:34:46.681Z</time>
      </trkpt>
      <trkpt lat="46.101752" lon="13.671027">
        <ele>140.313912</ele>
        <time>2026-07-28T20:34:55.102Z</time>
      </trkpt>
      <trkpt lat="46.101874" lon="13.671467">
        <ele>137.198890</ele>
        <time>2026-07-28T20:34:57.807Z</time>
      </trkpt>
      <trkpt lat="46.101971" lon="13.671658">
        <ele>135.642604</ele>
        <time>2026-07-28T20:34:59.175Z</time>
      </trkpt>
      <trkpt lat="46.102074" lon="13.671862">
        <ele>133.983761</ele>
        <time>2026-07-28T20:35:00.704Z</time>
      </trkpt>
      <trkpt lat="46.102284" lon="13.672152">
        <ele>131.227389</ele>
        <time>2026-07-28T20:35:04.041Z</time>
      </trkpt>
      <trkpt lat="46.102487" lon="13.672618">
        <ele>133.808825</ele>
        <time>2026-07-28T20:35:19.961Z</time>
      </trkpt>
      <trkpt lat="46.102796" lon="13.674126">
        <ele>142.914414</ele>
        <time>2026-07-28T20:36:26.535Z</time>
      </trkpt>
      <trkpt lat="46.102772" lon="13.674471">
        <ele>144.922203</ele>
        <time>2026-07-28T20:36:41.105Z</time>
      </trkpt>
      <trkpt lat="46.102628" lon="13.674871">
        <ele>146.751598</ele>
        <time>2026-07-28T20:36:58.262Z</time>
      </trkpt>
      <trkpt lat="46.102411" lon="13.675135">
        <ele>147.969829</ele>
        <time>2026-07-28T20:37:11.788Z</time>
      </trkpt>
      <trkpt lat="46.102258" lon="13.675230">
        <ele>148.684634</ele>
        <time>2026-07-28T20:37:17.508Z</time>
      </trkpt>
      <trkpt lat="46.102027" lon="13.675317">
        <ele>149.709128</ele>
        <time>2026-07-28T20:37:22.545Z</time>
      </trkpt>
      <trkpt lat="46.101879" lon="13.675299">
        <ele>150.346470</ele>
        <time>2026-07-28T20:37:24.517Z</time>
      </trkpt>
      <trkpt lat="46.101785" lon="13.675233">
        <ele>150.795099</ele>
        <time>2026-07-28T20:37:25.693Z</time>
      </trkpt>
      <trkpt lat="46.101562" lon="13.674963">
        <ele>152.044532</ele>
        <time>2026-07-28T20:37:28.880Z</time>
      </trkpt>
      <trkpt lat="46.101508" lon="13.674938">
        <ele>152.287900</ele>
        <time>2026-07-28T20:37:29.601Z</time>
      </trkpt>
      <trkpt lat="46.101452" lon="13.674953">
        <ele>152.532313</ele>
        <time>2026-07-28T20:37:30.473Z</time>
      </trkpt>
      <trkpt lat="46.101414" lon="13.674987">
        <ele>152.724208</ele>
        <time>2026-07-28T20:37:31.309Z</time>
      </trkpt>
      <trkpt lat="46.101392" lon="13.675072">
        <ele>152.994163</ele>
        <time>2026-07-28T20:37:32.658Z</time>
      </trkpt>
      <trkpt lat="46.101356" lon="13.675786">
        <ele>157.312217</ele>
        <time>2026-07-28T20:37:50.803Z</time>
      </trkpt>
      <trkpt lat="46.101380" lon="13.675887">
        <ele>158.099785</ele>
        <time>2026-07-28T20:37:54.823Z</time>
      </trkpt>
      <trkpt lat="46.101464" lon="13.676054">
        <ele>159.621664</ele>
        <time>2026-07-28T20:38:03.186Z</time>
      </trkpt>
      <trkpt lat="46.102204" lon="13.677186">
        <ele>171.097793</ele>
        <time>2026-07-28T20:39:22.861Z</time>
      </trkpt>
      <trkpt lat="46.102306" lon="13.677382">
        <ele>172.839852</ele>
        <time>2026-07-28T20:39:34.535Z</time>
      </trkpt>
      <trkpt lat="46.102324" lon="13.677589">
        <ele>173.574871</ele>
        <time>2026-07-28T20:39:43.194Z</time>
      </trkpt>
      <trkpt lat="46.102244" lon="13.677721">
        <ele>174.192551</ele>
        <time>2026-07-28T20:39:49.493Z</time>
      </trkpt>
      <trkpt lat="46.102059" lon="13.677942">
        <ele>175.413181</ele>
        <time>2026-07-28T20:39:59.388Z</time>
      </trkpt>
      <trkpt lat="46.101993" lon="13.678026">
        <ele>175.860458</ele>
        <time>2026-07-28T20:40:02.123Z</time>
      </trkpt>
      <trkpt lat="46.101661" lon="13.679408">
        <ele>181.013549</ele>
        <time>2026-07-28T20:40:26.291Z</time>
      </trkpt>
      <trkpt lat="46.101202" lon="13.681467">
        <ele>186.054130</ele>
        <time>2026-07-28T20:41:06.080Z</time>
      </trkpt>
      <trkpt lat="46.101170" lon="13.681876">
        <ele>186.947177</ele>
        <time>2026-07-28T20:41:15.724Z</time>
      </trkpt>
      <trkpt lat="46.101230" lon="13.682197">
        <ele>187.593213</ele>
        <time>2026-07-28T20:41:23.826Z</time>
      </trkpt>
      <trkpt lat="46.101229" lon="13.682433">
        <ele>187.786702</ele>
        <time>2026-07-28T20:41:29.212Z</time>
      </trkpt>
      <trkpt lat="46.101127" lon="13.682849">
        <ele>188.148457</ele>
        <time>2026-07-28T20:41:36.151Z</time>
      </trkpt>
      <trkpt lat="46.101119" lon="13.682985">
        <ele>188.260358</ele>
        <time>2026-07-28T20:41:37.375Z</time>
      </trkpt>
      <trkpt lat="46.101131" lon="13.683068">
        <ele>188.329870</ele>
        <time>2026-07-28T20:41:38.055Z</time>
      </trkpt>
      <trkpt lat="46.101234" lon="13.683619">
        <ele>188.797738</ele>
        <time>2026-07-28T20:41:42.721Z</time>
      </trkpt>
      <trkpt lat="46.101260" lon="13.683672">
        <ele>188.850966</ele>
        <time>2026-07-28T20:41:43.290Z</time>
      </trkpt>
      <trkpt lat="46.101315" lon="13.683689">
        <ele>188.917474</ele>
        <time>2026-07-28T20:41:44.041Z</time>
      </trkpt>
      <trkpt lat="46.101559" lon="13.683656">
        <ele>189.207243</ele>
        <time>2026-07-28T20:41:48.575Z</time>
      </trkpt>
      <trkpt lat="46.101829" lon="13.683565">
        <ele>189.535090</ele>
        <time>2026-07-28T20:41:55.413Z</time>
      </trkpt>
      <trkpt lat="46.102678" lon="13.683040">
        <ele>188.569767</ele>
        <time>2026-07-28T20:42:12.359Z</time>
      </trkpt>
      <trkpt lat="46.102870" lon="13.682953">
        <ele>188.294044</ele>
        <time>2026-07-28T20:42:15.523Z</time>
      </trkpt>
      <trkpt lat="46.102983" lon="13.682942">
        <ele>188.138878</ele>
        <time>2026-07-28T20:42:17.008Z</time>
      </trkpt>
      <trkpt lat="46.103199" lon="13.682994">
        <ele>187.838857</ele>
        <time>2026-07-28T20:42:19.389Z</time>
      </trkpt>
      <trkpt lat="46.103284" lon="13.682731">
        <ele>187.563219</ele>
        <time>2026-07-28T20:42:21.318Z</time>
      </trkpt>
      <trkpt lat="46.103336" lon="13.682673">
        <ele>187.473158</ele>
        <time>2026-07-28T20:42:21.918Z</time>
      </trkpt>
      <trkpt lat="46.103599" lon="13.682577">
        <ele>187.264589</ele>
        <time>2026-07-28T20:42:24.329Z</time>
      </trkpt>
      <trkpt lat="46.103839" lon="13.682508">
        <ele>187.433345</ele>
        <time>2026-07-28T20:42:26.530Z</time>
      </trkpt>
      <trkpt lat="46.104044" lon="13.682571">
        <ele>187.577883</ele>
        <time>2026-07-28T20:42:28.547Z</time>
      </trkpt>
      <trkpt lat="46.104302" lon="13.682860">
        <ele>187.803151</ele>
        <time>2026-07-28T20:42:33.166Z</time>
      </trkpt>
      <trkpt lat="46.104363" lon="13.682999">
        <ele>187.881803</ele>
        <time>2026-07-28T20:42:35.988Z</time>
      </trkpt>
      <trkpt lat="46.104383" lon="13.683150">
        <ele>187.955305</ele>
        <time>2026-07-28T20:42:38.929Z</time>
      </trkpt>
      <trkpt lat="46.104243" lon="13.684090">
        <ele>188.414989</ele>
        <time>2026-07-28T20:43:02.176Z</time>
      </trkpt>
      <trkpt lat="46.104150" lon="13.684337">
        <ele>188.842264</ele>
        <time>2026-07-28T20:43:09.567Z</time>
      </trkpt>
      <trkpt lat="46.103958" lon="13.684579">
        <ele>189.537853</ele>
        <time>2026-07-28T20:43:19.615Z</time>
      </trkpt>
      <trkpt lat="46.103879" lon="13.685542">
        <ele>191.372007</ele>
        <time>2026-07-28T20:43:46.988Z</time>
      </trkpt>
      <trkpt lat="46.103701" lon="13.685873">
        <ele>192.164308</ele>
        <time>2026-07-28T20:43:56.995Z</time>
      </trkpt>
      <trkpt lat="46.103397" lon="13.686779">
        <ele>190.320735</ele>
        <time>2026-07-28T20:44:05.137Z</time>
      </trkpt>
      <trkpt lat="46.103412" lon="13.687009">
        <ele>188.455277</ele>
        <time>2026-07-28T20:44:06.458Z</time>
      </trkpt>
      <trkpt lat="46.103460" lon="13.687107">
        <ele>187.486389</ele>
        <time>2026-07-28T20:44:07.143Z</time>
      </trkpt>
      <trkpt lat="46.103658" lon="13.687288">
        <ele>184.756248</ele>
        <time>2026-07-28T20:44:09.050Z</time>
      </trkpt>
      <trkpt lat="46.103694" lon="13.687308">
        <ele>184.306953</ele>
        <time>2026-07-28T20:44:09.360Z</time>
      </trkpt>
      <trkpt lat="46.103757" lon="13.687304">
        <ele>183.572528</ele>
        <time>2026-07-28T20:44:09.876Z</time>
      </trkpt>
      <trkpt lat="46.103858" lon="13.687182">
        <ele>182.038209</ele>
        <time>2026-07-28T20:44:10.952Z</time>
      </trkpt>
      <trkpt lat="46.103951" lon="13.686736">
        <ele>178.277430</ele>
        <time>2026-07-28T20:44:13.651Z</time>
      </trkpt>
      <trkpt lat="46.104102" lon="13.686478">
        <ele>175.551091</ele>
        <time>2026-07-28T20:44:15.735Z</time>
      </trkpt>
      <trkpt lat="46.104172" lon="13.686306">
        <ele>173.940617</ele>
        <time>2026-07-28T20:44:16.989Z</time>
      </trkpt>
      <trkpt lat="46.104300" lon="13.686129">
        <ele>171.876578</ele>
        <time>2026-07-28T20:44:18.609Z</time>
      </trkpt>
      <trkpt lat="46.104457" lon="13.685522">
        <ele>166.656518</ele>
        <time>2026-07-28T20:44:22.507Z</time>
      </trkpt>
      <trkpt lat="46.104793" lon="13.684995">
        <ele>160.887917</ele>
        <time>2026-07-28T20:44:26.700Z</time>
      </trkpt>
      <trkpt lat="46.105016" lon="13.684555">
        <ele>156.496523</ele>
        <time>2026-07-28T20:44:29.883Z</time>
      </trkpt>
      <trkpt lat="46.105336" lon="13.683611">
        <ele>146.970495</ele>
        <time>2026-07-28T20:44:36.022Z</time>
      </trkpt>
      <trkpt lat="46.105328" lon="13.683430">
        <ele>145.063900</ele>
        <time>2026-07-28T20:44:37.059Z</time>
      </trkpt>
      <trkpt lat="46.105270" lon="13.683224">
        <ele>142.726614</ele>
        <time>2026-07-28T20:44:38.317Z</time>
      </trkpt>
      <trkpt lat="46.105261" lon="13.683070">
        <ele>141.101972</ele>
        <time>2026-07-28T20:44:39.191Z</time>
      </trkpt>
      <trkpt lat="46.105321" lon="13.682860">
        <ele>138.714285</ele>
        <time>2026-07-28T20:44:40.478Z</time>
      </trkpt>
      <trkpt lat="46.105418" lon="13.682731">
        <ele>136.713791</ele>
        <time>2026-07-28T20:44:41.562Z</time>
      </trkpt>
      <trkpt lat="46.105629" lon="13.682663">
        <ele>133.435721</ele>
        <time>2026-07-28T20:44:43.347Z</time>
      </trkpt>
      <trkpt lat="46.105800" lon="13.682455">
        <ele>130.044100</ele>
        <time>2026-07-28T20:44:45.179Z</time>
      </trkpt>
      <trkpt lat="46.105877" lon="13.682442">
        <ele>128.868656</ele>
        <time>2026-07-28T20:44:45.830Z</time>
      </trkpt>
      <trkpt lat="46.105942" lon="13.682468">
        <ele>127.845929</ele>
        <time>2026-07-28T20:44:46.412Z</time>
      </trkpt>
      <trkpt lat="46.106077" lon="13.682608">
        <ele>125.324898</ele>
        <time>2026-07-28T20:44:47.913Z</time>
      </trkpt>
      <trkpt lat="46.106206" lon="13.682685">
        <ele>124.386293</ele>
        <time>2026-07-28T20:44:49.928Z</time>
      </trkpt>
      <trkpt lat="46.106515" lon="13.682671">
        <ele>125.069684</ele>
        <time>2026-07-28T20:45:00.863Z</time>
      </trkpt>
      <trkpt lat="46.106762" lon="13.682697">
        <ele>125.617138</ele>
        <time>2026-07-28T20:45:07.106Z</time>
      </trkpt>
      <trkpt lat="46.106913" lon="13.682768">
        <ele>125.968217</ele>
        <time>2026-07-28T20:45:10.872Z</time>
      </trkpt>
      <trkpt lat="46.107200" lon="13.682984">
        <ele>126.683815</ele>
        <time>2026-07-28T20:45:21.547Z</time>
      </trkpt>
      <trkpt lat="46.107288" lon="13.683053">
        <ele>126.905227</ele>
        <time>2026-07-28T20:45:25.760Z</time>
      </trkpt>
      <trkpt lat="46.107380" lon="13.683207">
        <ele>127.216777</ele>
        <time>2026-07-28T20:45:31.798Z</time>
      </trkpt>
      <trkpt lat="46.107528" lon="13.683485">
        <ele>127.753953</ele>
        <time>2026-07-28T20:45:42.489Z</time>
      </trkpt>
      <trkpt lat="46.108023" lon="13.683968">
        <ele>127.835617</ele>
        <time>2026-07-28T20:46:05.183Z</time>
      </trkpt>
      <trkpt lat="46.108222" lon="13.684223">
        <ele>127.578665</ele>
        <time>2026-07-28T20:46:12.848Z</time>
      </trkpt>
      <trkpt lat="46.108440" lon="13.684612">
        <ele>127.243915</ele>
        <time>2026-07-28T20:46:19.232Z</time>
      </trkpt>
      <trkpt lat="46.109642" lon="13.685875">
        <ele>126.658863</ele>
        <time>2026-07-28T20:46:39.155Z</time>
      </trkpt>
      <trkpt lat="46.109717" lon="13.685941">
        <ele>126.682075</ele>
        <time>2026-07-28T20:46:40.336Z</time>
      </trkpt>
      <trkpt lat="46.109821" lon="13.685939">
        <ele>126.709556</ele>
        <time>2026-07-28T20:46:41.848Z</time>
      </trkpt>
      <trkpt lat="46.109886" lon="13.685890">
        <ele>126.728933</ele>
        <time>2026-07-28T20:46:43.043Z</time>
      </trkpt>
      <trkpt lat="46.110281" lon="13.685600">
        <ele>126.846037</ele>
        <time>2026-07-28T20:46:55.499Z</time>
      </trkpt>
      <trkpt lat="46.110369" lon="13.685578">
        <ele>126.869634</ele>
        <time>2026-07-28T20:47:00.300Z</time>
      </trkpt>
      <trkpt lat="46.110505" lon="13.685639">
        <ele>126.907263</ele>
        <time>2026-07-28T20:47:07.684Z</time>
      </trkpt>
      <trkpt lat="46.110892" lon="13.686154">
        <ele>129.559427</ele>
        <time>2026-07-28T20:47:31.950Z</time>
      </trkpt>
      <trkpt lat="46.111008" lon="13.686198">
        <ele>130.428947</ele>
        <time>2026-07-28T20:47:36.991Z</time>
      </trkpt>
      <trkpt lat="46.111034" lon="13.686089">
        <ele>131.008272</ele>
        <time>2026-07-28T20:47:40.256Z</time>
      </trkpt>
      <trkpt lat="46.110554" lon="13.685098">
        <ele>137.083971</ele>
        <time>2026-07-28T20:48:11.989Z</time>
      </trkpt>
      <trkpt lat="46.110301" lon="13.684660">
        <ele>139.949218</ele>
        <time>2026-07-28T20:48:30.806Z</time>
      </trkpt>
      <trkpt lat="46.109919" lon="13.683804">
        <ele>145.447578</ele>
        <time>2026-07-28T20:49:13.787Z</time>
      </trkpt>
      <trkpt lat="46.109524" lon="13.683043">
        <ele>150.585070</ele>
        <time>2026-07-28T20:49:49.176Z</time>
      </trkpt>
      <trkpt lat="46.109390" lon="13.682850">
        <ele>152.061191</ele>
        <time>2026-07-28T20:49:56.927Z</time>
      </trkpt>
      <trkpt lat="46.109211" lon="13.682656">
        <ele>153.806496</ele>
        <time>2026-07-28T20:50:04.521Z</time>
      </trkpt>
      <trkpt lat="46.109211" lon="13.682528">
        <ele>153.879574</ele>
        <time>2026-07-28T20:50:06.643Z</time>
      </trkpt>
      <trkpt lat="46.109283" lon="13.682455">
        <ele>153.694569</ele>
        <time>2026-07-28T20:50:08.317Z</time>
      </trkpt>
      <trkpt lat="46.110191" lon="13.683984">
        <ele>150.760507</ele>
        <time>2026-07-28T20:50:22.331Z</time>
      </trkpt>
      <trkpt lat="46.111101" lon="13.685414">
        <ele>148.513791</ele>
        <time>2026-07-28T20:50:35.363Z</time>
      </trkpt>
      <trkpt lat="46.111376" lon="13.685702">
        <ele>147.980354</ele>
        <time>2026-07-28T20:50:40.994Z</time>
      </trkpt>
      <trkpt lat="46.112834" lon="13.686264">
        <ele>150.717835</ele>
        <time>2026-07-28T20:51:23.872Z</time>
      </trkpt>
      <trkpt lat="46.113139" lon="13.686335">
        <ele>151.612294</ele>
        <time>2026-07-28T20:51:30.438Z</time>
      </trkpt>
      <trkpt lat="46.113554" lon="13.686311">
        <ele>152.589843</ele>
        <time>2026-07-28T20:51:40.311Z</time>
      </trkpt>
      <trkpt lat="46.113599" lon="13.686286">
        <ele>152.572975</ele>
        <time>2026-07-28T20:51:41.700Z</time>
      </trkpt>
      <trkpt lat="46.114453" lon="13.685833">
        <ele>152.254695</ele>
        <time>2026-07-28T20:52:09.772Z</time>
      </trkpt>
      <trkpt lat="46.114674" lon="13.685770">
        <ele>152.175896</ele>
        <time>2026-07-28T20:52:14.657Z</time>
      </trkpt>
      <trkpt lat="46.114878" lon="13.685754">
        <ele>152.104433</ele>
        <time>2026-07-28T20:52:17.052Z</time>
      </trkpt>
      <trkpt lat="46.114941" lon="13.685787">
        <ele>152.080988</ele>
        <time>2026-07-28T20:52:17.723Z</time>
      </trkpt>
      <trkpt lat="46.115027" lon="13.685897">
        <ele>152.040783</ele>
        <time>2026-07-28T20:52:18.815Z</time>
      </trkpt>
      <trkpt lat="46.115051" lon="13.686098">
        <ele>151.991327</ele>
        <time>2026-07-28T20:52:20.086Z</time>
      </trkpt>
      <trkpt lat="46.115032" lon="13.686193">
        <ele>151.335843</ele>
        <time>2026-07-28T20:52:20.683Z</time>
      </trkpt>
      <trkpt lat="46.114982" lon="13.686290">
        <ele>150.253797</ele>
        <time>2026-07-28T20:52:21.395Z</time>
      </trkpt>
      <trkpt lat="46.114846" lon="13.686364">
        <ele>148.376833</ele>
        <time>2026-07-28T20:52:22.616Z</time>
      </trkpt>
      <trkpt lat="46.114528" lon="13.686463">
        <ele>144.175911</ele>
        <time>2026-07-28T20:52:25.299Z</time>
      </trkpt>
      <trkpt lat="46.114324" lon="13.686567">
        <ele>141.381961</ele>
        <time>2026-07-28T20:52:27.070Z</time>
      </trkpt>
      <trkpt lat="46.114187" lon="13.686685">
        <ele>139.321503</ele>
        <time>2026-07-28T20:52:28.381Z</time>
      </trkpt>
      <trkpt lat="46.113972" lon="13.686967">
        <ele>135.569103</ele>
        <time>2026-07-28T20:52:30.766Z</time>
      </trkpt>
      <trkpt lat="46.113853" lon="13.687216">
        <ele>132.861759</ele>
        <time>2026-07-28T20:52:32.500Z</time>
      </trkpt>
      <trkpt lat="46.113809" lon="13.687308">
        <ele>131.861219</ele>
        <time>2026-07-28T20:52:33.148Z</time>
      </trkpt>
      <trkpt lat="46.113721" lon="13.687677">
        <ele>128.697125</ele>
        <time>2026-07-28T20:52:35.426Z</time>
      </trkpt>
      <trkpt lat="46.113722" lon="13.688014">
        <ele>128.221118</ele>
        <time>2026-07-28T20:52:37.495Z</time>
      </trkpt>
      <trkpt lat="46.113787" lon="13.688277">
        <ele>127.826736</ele>
        <time>2026-07-28T20:52:40.097Z</time>
      </trkpt>
      <trkpt lat="46.114095" lon="13.688859">
        <ele>126.792521</ele>
        <time>2026-07-28T20:52:57.605Z</time>
      </trkpt>
      <trkpt lat="46.114267" lon="13.689178">
        <ele>126.221701</ele>
        <time>2026-07-28T20:53:03.182Z</time>
      </trkpt>
      <trkpt lat="46.114323" lon="13.689336">
        <ele>125.971056</ele>
        <time>2026-07-28T20:53:04.525Z</time>
      </trkpt>
      <trkpt lat="46.114372" lon="13.689758">
        <ele>125.366696</ele>
        <time>2026-07-28T20:53:07.461Z</time>
      </trkpt>
      <trkpt lat="46.114262" lon="13.690488">
        <ele>124.794612</ele>
        <time>2026-07-28T20:53:12.857Z</time>
      </trkpt>
      <trkpt lat="46.114255" lon="13.690823">
        <ele>124.613484</ele>
        <time>2026-07-28T20:53:15.498Z</time>
      </trkpt>
      <trkpt lat="46.114230" lon="13.691002">
        <ele>124.514802</ele>
        <time>2026-07-28T20:53:16.987Z</time>
      </trkpt>
      <trkpt lat="46.114012" lon="13.692040">
        <ele>123.928648</ele>
        <time>2026-07-28T20:53:26.347Z</time>
      </trkpt>
      <trkpt lat="46.114009" lon="13.692552">
        <ele>123.831880</ele>
        <time>2026-07-28T20:53:32.124Z</time>
      </trkpt>
      <trkpt lat="46.114087" lon="13.693035">
        <ele>124.774143</ele>
        <time>2026-07-28T20:53:41.111Z</time>
      </trkpt>
      <trkpt lat="46.114142" lon="13.693228">
        <ele>125.170615</ele>
        <time>2026-07-28T20:53:45.882Z</time>
      </trkpt>
      <trkpt lat="46.114210" lon="13.693366">
        <ele>125.492301</ele>
        <time>2026-07-28T20:53:50.048Z</time>
      </trkpt>
      <trkpt lat="46.114674" lon="13.694047">
        <ele>127.306524</ele>
        <time>2026-07-28T20:54:12.637Z</time>
      </trkpt>
      <trkpt lat="46.115068" lon="13.695096">
        <ele>129.494002</ele>
        <time>2026-07-28T20:54:27.830Z</time>
      </trkpt>
      <trkpt lat="46.115515" lon="13.695912">
        <ele>131.305327</ele>
        <time>2026-07-28T20:54:41.391Z</time>
      </trkpt>
      <trkpt lat="46.115815" lon="13.696278">
        <ele>132.292444</ele>
        <time>2026-07-28T20:54:52.096Z</time>
      </trkpt>
      <trkpt lat="46.116694" lon="13.697095">
        <ele>135.786592</ele>
        <time>2026-07-28T20:55:30.615Z</time>
      </trkpt>
      <trkpt lat="46.116984" lon="13.697245">
        <ele>136.937815</ele>
        <time>2026-07-28T20:55:41.291Z</time>
      </trkpt>
      <trkpt lat="46.117386" lon="13.697369">
        <ele>138.473963</ele>
        <time>2026-07-28T20:55:52.630Z</time>
      </trkpt>
      <trkpt lat="46.117862" lon="13.697663">
        <ele>139.970257</ele>
        <time>2026-07-28T20:56:02.765Z</time>
      </trkpt>
      <trkpt lat="46.119272" lon="13.698165">
        <ele>141.048275</ele>
        <time>2026-07-28T20:56:28.854Z</time>
      </trkpt>
      <trkpt lat="46.123262" lon="13.698828">
        <ele>140.616851</ele>
        <time>2026-07-28T20:57:24.138Z</time>
      </trkpt>
      <trkpt lat="46.123327" lon="13.698865">
        <ele>140.637120</ele>
        <time>2026-07-28T20:57:25.577Z</time>
      </trkpt>
      <trkpt lat="46.123981" lon="13.699589">
        <ele>140.876237</ele>
        <time>2026-07-28T20:57:44.953Z</time>
      </trkpt>
      <trkpt lat="46.124480" lon="13.700333">
        <ele>141.023666</ele>
        <time>2026-07-28T20:57:54.225Z</time>
      </trkpt>
      <trkpt lat="46.125019" lon="13.701314">
        <ele>139.647024</ele>
        <time>2026-07-28T20:58:03.145Z</time>
      </trkpt>
      <trkpt lat="46.125822" lon="13.702629">
        <ele>138.119613</ele>
        <time>2026-07-28T20:58:17.744Z</time>
      </trkpt>
      <trkpt lat="46.126136" lon="13.703706">
        <ele>137.859295</ele>
        <time>2026-07-28T20:58:32.850Z</time>
      </trkpt>
      <trkpt lat="46.126591" lon="13.704701">
        <ele>137.458857</ele>
        <time>2026-07-28T20:58:42.221Z</time>
      </trkpt>
      <trkpt lat="46.127068" lon="13.706492">
        <ele>135.862283</ele>
        <time>2026-07-28T20:59:05.123Z</time>
      </trkpt>
      <trkpt lat="46.127223" lon="13.707280">
        <ele>135.435563</ele>
        <time>2026-07-28T20:59:10.283Z</time>
      </trkpt>
      <trkpt lat="46.127290" lon="13.707899">
        <ele>135.353034</ele>
        <time>2026-07-28T20:59:14.432Z</time>
      </trkpt>
      <trkpt lat="46.127361" lon="13.709351">
        <ele>135.161286</ele>
        <time>2026-07-28T20:59:39.968Z</time>
      </trkpt>
      <trkpt lat="46.127302" lon="13.709726">
        <ele>135.484852</ele>
        <time>2026-07-28T20:59:48.086Z</time>
      </trkpt>
      <trkpt lat="46.127086" lon="13.710719">
        <ele>137.002647</ele>
        <time>2026-07-28T21:00:03.115Z</time>
      </trkpt>
      <trkpt lat="46.126850" lon="13.711553">
        <ele>138.316391</ele>
        <time>2026-07-28T21:00:09.889Z</time>
      </trkpt>
      <trkpt lat="46.126833" lon="13.711839">
        <ele>138.735014</ele>
        <time>2026-07-28T21:00:13.839Z</time>
      </trkpt>
      <trkpt lat="46.126909" lon="13.712100">
        <ele>139.869335</ele>
        <time>2026-07-28T21:00:21.283Z</time>
      </trkpt>
      <trkpt lat="46.127019" lon="13.712253">
        <ele>141.238024</ele>
        <time>2026-07-28T21:00:29.689Z</time>
      </trkpt>
      <trkpt lat="46.127167" lon="13.712365">
        <ele>142.735106</ele>
        <time>2026-07-28T21:00:41.170Z</time>
      </trkpt>
      <trkpt lat="46.128043" lon="13.712697">
        <ele>150.848583</ele>
        <time>2026-07-28T21:01:54.164Z</time>
      </trkpt>
      <trkpt lat="46.128548" lon="13.713005">
        <ele>154.699191</ele>
        <time>2026-07-28T21:02:12.882Z</time>
      </trkpt>
      <trkpt lat="46.129811" lon="13.714111">
        <ele>148.466872</ele>
        <time>2026-07-28T21:02:26.221Z</time>
      </trkpt>
      <trkpt lat="46.130044" lon="13.714368">
        <ele>147.428640</ele>
        <time>2026-07-28T21:02:28.906Z</time>
      </trkpt>
      <trkpt lat="46.130374" lon="13.714802">
        <ele>147.236155</ele>
        <time>2026-07-28T21:02:33.328Z</time>
      </trkpt>
      <trkpt lat="46.130528" lon="13.714957">
        <ele>147.155212</ele>
        <time>2026-07-28T21:02:35.609Z</time>
      </trkpt>
      <trkpt lat="46.131348" lon="13.715494">
        <ele>146.767011</ele>
        <time>2026-07-28T21:02:54.368Z</time>
      </trkpt>
      <trkpt lat="46.131850" lon="13.715959">
        <ele>146.601268</ele>
        <time>2026-07-28T21:03:10.372Z</time>
      </trkpt>
      <trkpt lat="46.132056" lon="13.716212">
        <ele>146.548856</ele>
        <time>2026-07-28T21:03:17.002Z</time>
      </trkpt>
      <trkpt lat="46.132615" lon="13.716585">
        <ele>146.429529</ele>
        <time>2026-07-28T21:03:27.110Z</time>
      </trkpt>
      <trkpt lat="46.133148" lon="13.716997">
        <ele>146.001008</ele>
        <time>2026-07-28T21:03:33.211Z</time>
      </trkpt>
      <trkpt lat="46.133855" lon="13.717867">
        <ele>142.091164</ele>
        <time>2026-07-28T21:03:41.862Z</time>
      </trkpt>
      <trkpt lat="46.134346" lon="13.718634">
        <ele>139.046323</ele>
        <time>2026-07-28T21:03:48.486Z</time>
      </trkpt>
      <trkpt lat="46.134433" lon="13.718779">
        <ele>138.854365</ele>
        <time>2026-07-28T21:03:50.220Z</time>
      </trkpt>
      <trkpt lat="46.134687" lon="13.719052">
        <ele>139.323081</ele>
        <time>2026-07-28T21:03:57.705Z</time>
      </trkpt>
      <trkpt lat="46.135082" lon="13.719349">
        <ele>139.982254</ele>
        <time>2026-07-28T21:04:08.729Z</time>
      </trkpt>
      <trkpt lat="46.135414" lon="13.719543">
        <ele>140.512351</ele>
        <time>2026-07-28T21:04:14.001Z</time>
      </trkpt>
      <trkpt lat="46.135674" lon="13.719768">
        <ele>140.961021</ele>
        <time>2026-07-28T21:04:18.293Z</time>
      </trkpt>
      <trkpt lat="46.135812" lon="13.719840">
        <ele>141.178193</ele>
        <time>2026-07-28T21:04:21.814Z</time>
      </trkpt>
      <trkpt lat="46.135969" lon="13.719846">
        <ele>141.410627</ele>
        <time>2026-07-28T21:04:26.899Z</time>
      </trkpt>
      <trkpt lat="46.136110" lon="13.719806">
        <ele>142.737891</ele>
        <time>2026-07-28T21:04:32.825Z</time>
      </trkpt>
      <trkpt lat="46.136488" lon="13.719584">
        <ele>146.664639</ele>
        <time>2026-07-28T21:04:54.408Z</time>
      </trkpt>
      <trkpt lat="46.136734" lon="13.719383">
        <ele>149.384690</ele>
        <time>2026-07-28T21:05:09.652Z</time>
      </trkpt>
      <trkpt lat="46.136849" lon="13.719249">
        <ele>150.806877</ele>
        <time>2026-07-28T21:05:16.920Z</time>
      </trkpt>
      <trkpt lat="46.136923" lon="13.719064">
        <ele>152.231103</ele>
        <time>2026-07-28T21:05:24.075Z</time>
      </trkpt>
      <trkpt lat="46.137012" lon="13.718682">
        <ele>154.918157</ele>
        <time>2026-07-28T21:05:37.523Z</time>
      </trkpt>
      <trkpt lat="46.137052" lon="13.718345">
        <ele>157.197790</ele>
        <time>2026-07-28T21:05:51.617Z</time>
      </trkpt>
      <trkpt lat="46.137081" lon="13.718103">
        <ele>158.841283</ele>
        <time>2026-07-28T21:06:05.015Z</time>
      </trkpt>
      <trkpt lat="46.137107" lon="13.717477">
        <ele>163.256005</ele>
        <time>2026-07-28T21:06:44.667Z</time>
      </trkpt>
      <trkpt lat="46.137193" lon="13.717158">
        <ele>165.665619</ele>
        <time>2026-07-28T21:07:04.629Z</time>
      </trkpt>
      <trkpt lat="46.138026" lon="13.716015">
        <ele>176.945353</ele>
        <time>2026-07-28T21:07:55.285Z</time>
      </trkpt>
      <trkpt lat="46.138531" lon="13.715045">
        <ele>175.589198</ele>
        <time>2026-07-28T21:08:17.151Z</time>
      </trkpt>
      <trkpt lat="46.138793" lon="13.714828">
        <ele>175.101907</ele>
        <time>2026-07-28T21:08:20.056Z</time>
      </trkpt>
      <trkpt lat="46.138951" lon="13.714813">
        <ele>174.846484</ele>
        <time>2026-07-28T21:08:21.444Z</time>
      </trkpt>
      <trkpt lat="46.139656" lon="13.714926">
        <ele>173.546976</ele>
        <time>2026-07-28T21:08:27.582Z</time>
      </trkpt>
      <trkpt lat="46.139833" lon="13.714864">
        <ele>173.138008</ele>
        <time>2026-07-28T21:08:29.307Z</time>
      </trkpt>
      <trkpt lat="46.140257" lon="13.714380">
        <ele>171.924172</ele>
        <time>2026-07-28T21:08:35.988Z</time>
      </trkpt>
      <trkpt lat="46.140417" lon="13.714330">
        <ele>171.556588</ele>
        <time>2026-07-28T21:08:38.221Z</time>
      </trkpt>
      <trkpt lat="46.140670" lon="13.714382">
        <ele>170.982779</ele>
        <time>2026-07-28T21:08:41.641Z</time>
      </trkpt>
      <trkpt lat="46.141194" lon="13.714633">
        <ele>170.392204</ele>
        <time>2026-07-28T21:08:50.561Z</time>
      </trkpt>
      <trkpt lat="46.141537" lon="13.714880">
        <ele>171.295639</ele>
        <time>2026-07-28T21:08:59.599Z</time>
      </trkpt>
      <trkpt lat="46.141706" lon="13.714958">
        <ele>171.713815</ele>
        <time>2026-07-28T21:09:04.408Z</time>
      </trkpt>
      <trkpt lat="46.142646" lon="13.714978">
        <ele>173.929481</ele>
        <time>2026-07-28T21:09:32.273Z</time>
      </trkpt>
      <trkpt lat="46.142892" lon="13.715009">
        <ele>174.313932</ele>
        <time>2026-07-28T21:09:38.336Z</time>
      </trkpt>
      <trkpt lat="46.143068" lon="13.715090">
        <ele>174.344730</ele>
        <time>2026-07-28T21:09:41.808Z</time>
      </trkpt>
      <trkpt lat="46.143202" lon="13.715248">
        <ele>174.373578</ele>
        <time>2026-07-28T21:09:44.270Z</time>
      </trkpt>
      <trkpt lat="46.143535" lon="13.715779">
        <ele>174.456310</ele>
        <time>2026-07-28T21:09:49.874Z</time>
      </trkpt>
      <trkpt lat="46.143707" lon="13.715944">
        <ele>174.490742</ele>
        <time>2026-07-28T21:09:52.238Z</time>
      </trkpt>
      <trkpt lat="46.143955" lon="13.716062">
        <ele>174.534277</ele>
        <time>2026-07-28T21:09:55.901Z</time>
      </trkpt>
      <trkpt lat="46.144579" lon="13.716062">
        <ele>174.798462</ele>
        <time>2026-07-28T21:10:10.883Z</time>
      </trkpt>
      <trkpt lat="46.144784" lon="13.716090">
        <ele>174.971822</ele>
        <time>2026-07-28T21:10:13.491Z</time>
      </trkpt>
      <trkpt lat="46.144889" lon="13.716138">
        <ele>175.064549</ele>
        <time>2026-07-28T21:10:14.590Z</time>
      </trkpt>
      <trkpt lat="46.144839" lon="13.716306">
        <ele>175.171201</ele>
        <time>2026-07-28T21:10:16.272Z</time>
      </trkpt>
      <trkpt lat="46.144807" lon="13.716414">
        <ele>175.239717</ele>
        <time>2026-07-28T21:10:17.314Z</time>
      </trkpt>
      <trkpt lat="46.144637" lon="13.716941">
        <ele>175.578800</ele>
        <time>2026-07-28T21:10:20.906Z</time>
      </trkpt>
      <trkpt lat="46.144543" lon="13.717070">
        <ele>175.688001</ele>
        <time>2026-07-28T21:10:22.216Z</time>
      </trkpt>
      <trkpt lat="46.144096" lon="13.717124">
        <ele>176.065644</ele>
        <time>2026-07-28T21:10:40.204Z</time>
      </trkpt>
      <trkpt lat="46.143900" lon="13.717196">
        <ele>177.519418</ele>
        <time>2026-07-28T21:10:53.947Z</time>
      </trkpt>
      <trkpt lat="46.143705" lon="13.717356">
        <ele>179.680746</ele>
        <time>2026-07-28T21:11:11.164Z</time>
      </trkpt>
      <trkpt lat="46.143583" lon="13.717568">
        <ele>181.520583</ele>
        <time>2026-07-28T21:11:26.825Z</time>
      </trkpt>
      <trkpt lat="46.143469" lon="13.717693">
        <ele>182.900072</ele>
        <time>2026-07-28T21:11:37.807Z</time>
      </trkpt>
      <trkpt lat="46.143399" lon="13.717693">
        <ele>183.574560</ele>
        <time>2026-07-28T21:11:42.997Z</time>
      </trkpt>
      <trkpt lat="46.143340" lon="13.717635">
        <ele>184.262398</ele>
        <time>2026-07-28T21:11:47.934Z</time>
      </trkpt>
      <trkpt lat="46.143238" lon="13.717322">
        <ele>186.571595</ele>
        <time>2026-07-28T21:12:02.459Z</time>
      </trkpt>
      <trkpt lat="46.143152" lon="13.717156">
        <ele>187.955372</ele>
        <time>2026-07-28T21:12:09.473Z</time>
      </trkpt>
      <trkpt lat="46.142839" lon="13.716766">
        <ele>191.939706</ele>
        <time>2026-07-28T21:12:23.691Z</time>
      </trkpt>
      <trkpt lat="46.142720" lon="13.716447">
        <ele>194.315541</ele>
        <time>2026-07-28T21:12:31.216Z</time>
      </trkpt>
      <trkpt lat="46.142600" lon="13.716307">
        <ele>195.732577</ele>
        <time>2026-07-28T21:12:36.877Z</time>
      </trkpt>
      <trkpt lat="46.142450" lon="13.716232">
        <ele>197.190423</ele>
        <time>2026-07-28T21:12:43.684Z</time>
      </trkpt>
      <trkpt lat="46.142259" lon="13.716232">
        <ele>198.944471</ele>
        <time>2026-07-28T21:12:52.810Z</time>
      </trkpt>
      <trkpt lat="46.142117" lon="13.716288">
        <ele>200.296334</ele>
        <time>2026-07-28T21:13:00.648Z</time>
      </trkpt>
      <trkpt lat="46.141919" lon="13.716555">
        <ele>202.784841</ele>
        <time>2026-07-28T21:13:17.090Z</time>
      </trkpt>
      <trkpt lat="46.141830" lon="13.716637">
        <ele>203.754517</ele>
        <time>2026-07-28T21:13:24.102Z</time>
      </trkpt>
      <trkpt lat="46.141726" lon="13.716660">
        <ele>204.720748</ele>
        <time>2026-07-28T21:13:31.284Z</time>
      </trkpt>
      <trkpt lat="46.141550" lon="13.716637">
        <ele>206.343656</ele>
        <time>2026-07-28T21:13:43.218Z</time>
      </trkpt>
      <trkpt lat="46.141285" lon="13.716684">
        <ele>208.795590</ele>
        <time>2026-07-28T21:13:59.965Z</time>
      </trkpt>
      <trkpt lat="46.141091" lon="13.716782">
        <ele>210.644445</ele>
        <time>2026-07-28T21:14:11.085Z</time>
      </trkpt>
      <trkpt lat="46.140828" lon="13.716817">
        <ele>212.939757</ele>
        <time>2026-07-28T21:14:22.541Z</time>
      </trkpt>
      <trkpt lat="46.140439" lon="13.716769">
        <ele>216.332716</ele>
        <time>2026-07-28T21:14:38.102Z</time>
      </trkpt>
      <trkpt lat="46.140267" lon="13.716802">
        <ele>217.840642</ele>
        <time>2026-07-28T21:14:43.678Z</time>
      </trkpt>
      <trkpt lat="46.140170" lon="13.716872">
        <ele>218.783137</ele>
        <time>2026-07-28T21:14:47.434Z</time>
      </trkpt>
      <trkpt lat="46.139879" lon="13.716943">
        <ele>221.347972</ele>
        <time>2026-07-28T21:15:00.900Z</time>
      </trkpt>
      <trkpt lat="46.139777" lon="13.717064">
        <ele>222.495432</ele>
        <time>2026-07-28T21:15:08.444Z</time>
      </trkpt>
      <trkpt lat="46.139752" lon="13.717211">
        <ele>223.406895</ele>
        <time>2026-07-28T21:15:15.096Z</time>
      </trkpt>
      <trkpt lat="46.139766" lon="13.717497">
        <ele>225.133393</ele>
        <time>2026-07-28T21:15:31.306Z</time>
      </trkpt>
      <trkpt lat="46.139731" lon="13.717792">
        <ele>226.103932</ele>
        <time>2026-07-28T21:15:47.677Z</time>
      </trkpt>
      <trkpt lat="46.139760" lon="13.717902">
        <ele>226.373634</ele>
        <time>2026-07-28T21:15:52.778Z</time>
      </trkpt>
      <trkpt lat="46.139840" lon="13.718006">
        <ele>226.729723</ele>
        <time>2026-07-28T21:15:58.761Z</time>
      </trkpt>
      <trkpt lat="46.139838" lon="13.718474">
        <ele>227.802197</ele>
        <time>2026-07-28T21:16:09.262Z</time>
      </trkpt>
      <trkpt lat="46.139930" lon="13.718793">
        <ele>228.593999</ele>
        <time>2026-07-28T21:16:11.670Z</time>
      </trkpt>
      <trkpt lat="46.140098" lon="13.719216">
        <ele>229.711275</ele>
        <time>2026-07-28T21:16:15.234Z</time>
      </trkpt>
      <trkpt lat="46.140144" lon="13.719381">
        <ele>230.118840</ele>
        <time>2026-07-28T21:16:16.691Z</time>
      </trkpt>
      <trkpt lat="46.140156" lon="13.719706">
        <ele>230.864652</ele>
        <time>2026-07-28T21:16:19.851Z</time>
      </trkpt>
      <trkpt lat="46.140205" lon="13.719868">
        <ele>231.269712</ele>
        <time>2026-07-28T21:16:22.077Z</time>
      </trkpt>
      <trkpt lat="46.140425" lon="13.720320">
        <ele>232.274556</ele>
        <time>2026-07-28T21:16:32.087Z</time>
      </trkpt>
      <trkpt lat="46.140632" lon="13.720640">
        <ele>233.014395</ele>
        <time>2026-07-28T21:16:42.270Z</time>
      </trkpt>
      <trkpt lat="46.141182" lon="13.721348">
        <ele>234.811934</ele>
        <time>2026-07-28T21:17:06.263Z</time>
      </trkpt>
      <trkpt lat="46.141268" lon="13.721507">
        <ele>235.152815</ele>
        <time>2026-07-28T21:17:09.548Z</time>
      </trkpt>
      <trkpt lat="46.141426" lon="13.722108">
        <ele>235.640938</ele>
        <time>2026-07-28T21:17:16.252Z</time>
      </trkpt>
      <trkpt lat="46.141590" lon="13.723058">
        <ele>234.110190</ele>
        <time>2026-07-28T21:17:23.626Z</time>
      </trkpt>
      <trkpt lat="46.141718" lon="13.724294">
        <ele>232.156223</ele>
        <time>2026-07-28T21:17:32.622Z</time>
      </trkpt>
      <trkpt lat="46.141966" lon="13.725251">
        <ele>226.836530</ele>
        <time>2026-07-28T21:17:39.435Z</time>
      </trkpt>
      <trkpt lat="46.142038" lon="13.725947">
        <ele>222.612340</ele>
        <time>2026-07-28T21:17:43.735Z</time>
      </trkpt>
      <trkpt lat="46.141974" lon="13.726593">
        <ele>218.695155</ele>
        <time>2026-07-28T21:17:47.480Z</time>
      </trkpt>
      <trkpt lat="46.141885" lon="13.726888">
        <ele>216.763770</ele>
        <time>2026-07-28T21:17:49.311Z</time>
      </trkpt>
      <trkpt lat="46.141879" lon="13.727009">
        <ele>216.411782</ele>
        <time>2026-07-28T21:17:50.014Z</time>
      </trkpt>
      <trkpt lat="46.141905" lon="13.727170">
        <ele>216.903356</ele>
        <time>2026-07-28T21:17:50.969Z</time>
      </trkpt>
      <trkpt lat="46.141962" lon="13.727375">
        <ele>217.560187</ele>
        <time>2026-07-28T21:17:52.297Z</time>
      </trkpt>
      <trkpt lat="46.142148" lon="13.727720">
        <ele>218.860035</ele>
        <time>2026-07-28T21:17:56.208Z</time>
      </trkpt>
      <trkpt lat="46.142240" lon="13.727838">
        <ele>219.388244</ele>
        <time>2026-07-28T21:18:01.010Z</time>
      </trkpt>
      <trkpt lat="46.142340" lon="13.727927">
        <ele>219.892444</ele>
        <time>2026-07-28T21:18:07.038Z</time>
      </trkpt>
      <trkpt lat="46.142469" lon="13.727972">
        <ele>220.462004</ele>
        <time>2026-07-28T21:18:15.145Z</time>
      </trkpt>
      <trkpt lat="46.143022" lon="13.728082">
        <ele>222.857703</ele>
        <time>2026-07-28T21:19:00.796Z</time>
      </trkpt>
      <trkpt lat="46.143172" lon="13.728098">
        <ele>223.503202</ele>
        <time>2026-07-28T21:19:13.750Z</time>
      </trkpt>
      <trkpt lat="46.143399" lon="13.728047">
        <ele>223.650655</ele>
        <time>2026-07-28T21:19:29.343Z</time>
      </trkpt>
      <trkpt lat="46.143499" lon="13.728073">
        <ele>223.329527</ele>
        <time>2026-07-28T21:19:33.595Z</time>
      </trkpt>
      <trkpt lat="46.143656" lon="13.728222">
        <ele>222.735686</ele>
        <time>2026-07-28T21:19:37.001Z</time>
      </trkpt>
      <trkpt lat="46.143725" lon="13.728405">
        <ele>222.279478</ele>
        <time>2026-07-28T21:19:38.927Z</time>
      </trkpt>
      <trkpt lat="46.143825" lon="13.728947">
        <ele>221.051306</ele>
        <time>2026-07-28T21:19:43.550Z</time>
      </trkpt>
      <trkpt lat="46.144106" lon="13.729702">
        <ele>219.174664</ele>
        <time>2026-07-28T21:19:50.756Z</time>
      </trkpt>
      <trkpt lat="46.144135" lon="13.729999">
        <ele>218.517903</ele>
        <time>2026-07-28T21:19:53.441Z</time>
      </trkpt>
      <trkpt lat="46.144172" lon="13.730144">
        <ele>218.298771</ele>
        <time>2026-07-28T21:19:54.907Z</time>
      </trkpt>
      <trkpt lat="46.144272" lon="13.730326">
        <ele>218.216403</ele>
        <time>2026-07-28T21:19:57.510Z</time>
      </trkpt>
      <trkpt lat="46.144411" lon="13.730506">
        <ele>218.120827</ele>
        <time>2026-07-28T21:20:02.793Z</time>
      </trkpt>
      <trkpt lat="46.144576" lon="13.730676">
        <ele>218.017072</ele>
        <time>2026-07-28T21:20:11.651Z</time>
      </trkpt>
      <trkpt lat="46.144697" lon="13.730747">
        <ele>217.950222</ele>
        <time>2026-07-28T21:20:19.213Z</time>
      </trkpt>
      <trkpt lat="46.145107" lon="13.730886">
        <ele>217.734674</ele>
        <time>2026-07-28T21:20:39.820Z</time>
      </trkpt>
      <trkpt lat="46.145129" lon="13.730961">
        <ele>217.705794</ele>
        <time>2026-07-28T21:20:41.335Z</time>
      </trkpt>
      <trkpt lat="46.145072" lon="13.731231">
        <ele>217.605708</ele>
        <time>2026-07-28T21:20:44.575Z</time>
      </trkpt>
      <trkpt lat="46.145098" lon="13.731354">
        <ele>217.560109</ele>
        <time>2026-07-28T21:20:45.779Z</time>
      </trkpt>
      <trkpt lat="46.145294" lon="13.731941">
        <ele>217.271300</ele>
        <time>2026-07-28T21:20:51.363Z</time>
      </trkpt>
      <trkpt lat="46.145407" lon="13.732343">
        <ele>216.994442</ele>
        <time>2026-07-28T21:20:55.128Z</time>
      </trkpt>
      <trkpt lat="46.145462" lon="13.732669">
        <ele>216.780317</ele>
        <time>2026-07-28T21:20:58.076Z</time>
      </trkpt>
      <trkpt lat="46.145514" lon="13.732804">
        <ele>216.681744</ele>
        <time>2026-07-28T21:20:59.457Z</time>
      </trkpt>
      <trkpt lat="46.145961" lon="13.733699">
        <ele>215.977643</ele>
        <time>2026-07-28T21:21:11.413Z</time>
      </trkpt>
      <trkpt lat="46.146072" lon="13.733771">
        <ele>215.865550</ele>
        <time>2026-07-28T21:21:19.385Z</time>
      </trkpt>
      <trkpt lat="46.146186" lon="13.733746">
        <ele>215.759337</ele>
        <time>2026-07-28T21:21:28.075Z</time>
      </trkpt>
      <trkpt lat="46.146432" lon="13.733629">
        <ele>217.247924</ele>
        <time>2026-07-28T21:21:51.324Z</time>
      </trkpt>
      <trkpt lat="46.146849" lon="13.733773">
        <ele>219.901652</ele>
        <time>2026-07-28T21:22:26.034Z</time>
      </trkpt>
      <trkpt lat="46.147084" lon="13.733720">
        <ele>221.373759</ele>
        <time>2026-07-28T21:22:36.663Z</time>
      </trkpt>
      <trkpt lat="46.147196" lon="13.733739">
        <ele>222.071719</ele>
        <time>2026-07-28T21:22:40.767Z</time>
      </trkpt>
      <trkpt lat="46.147368" lon="13.733818">
        <ele>223.188856</ele>
        <time>2026-07-28T21:22:46.000Z</time>
      </trkpt>
      <trkpt lat="46.147661" lon="13.734010">
        <ele>225.180419</ele>
        <time>2026-07-28T21:22:52.721Z</time>
      </trkpt>
      <trkpt lat="46.148143" lon="13.734182">
        <ele>227.334145</ele>
        <time>2026-07-28T21:23:03.654Z</time>
      </trkpt>
      <trkpt lat="46.149147" lon="13.734737">
        <ele>229.545249</ele>
        <time>2026-07-28T21:23:40.905Z</time>
      </trkpt>
      <trkpt lat="46.149442" lon="13.734832">
        <ele>230.166872</ele>
        <time>2026-07-28T21:23:50.648Z</time>
      </trkpt>
      <trkpt lat="46.149834" lon="13.734860">
        <ele>229.776267</ele>
        <time>2026-07-28T21:24:01.741Z</time>
      </trkpt>
      <trkpt lat="46.150021" lon="13.734807">
        <ele>228.989416</ele>
        <time>2026-07-28T21:24:04.491Z</time>
      </trkpt>
      <trkpt lat="46.150082" lon="13.734817">
        <ele>228.735933</ele>
        <time>2026-07-28T21:24:05.304Z</time>
      </trkpt>
      <trkpt lat="46.150172" lon="13.734927">
        <ele>228.249015</ele>
        <time>2026-07-28T21:24:06.812Z</time>
      </trkpt>
      <trkpt lat="46.150224" lon="13.735064">
        <ele>227.802178</ele>
        <time>2026-07-28T21:24:08.163Z</time>
      </trkpt>
      <trkpt lat="46.150262" lon="13.735191">
        <ele>227.406473</ele>
        <time>2026-07-28T21:24:09.335Z</time>
      </trkpt>
      <trkpt lat="46.150495" lon="13.735598">
        <ele>225.896233</ele>
        <time>2026-07-28T21:24:13.775Z</time>
      </trkpt>
      <trkpt lat="46.150913" lon="13.736157">
        <ele>223.543507</ele>
        <time>2026-07-28T21:24:22.227Z</time>
      </trkpt>
      <trkpt lat="46.151085" lon="13.736458">
        <ele>220.680778</ele>
        <time>2026-07-28T21:24:28.901Z</time>
      </trkpt>
      <trkpt lat="46.151296" lon="13.736712">
        <ele>216.801747</ele>
        <time>2026-07-28T21:24:33.687Z</time>
      </trkpt>
      <trkpt lat="46.151423" lon="13.736915">
        <ele>214.126403</ele>
        <time>2026-07-28T21:24:36.109Z</time>
      </trkpt>
      <trkpt lat="46.151610" lon="13.737334">
        <ele>209.251379</ele>
        <time>2026-07-28T21:24:40.101Z</time>
      </trkpt>
      <trkpt lat="46.151785" lon="13.737932">
        <ele>202.901978</ele>
        <time>2026-07-28T21:24:45.217Z</time>
      </trkpt>
      <trkpt lat="46.152453" lon="13.738737">
        <ele>188.968341</ele>
        <time>2026-07-28T21:24:55.111Z</time>
      </trkpt>
      <trkpt lat="46.152710" lon="13.739008">
        <ele>183.437598</ele>
        <time>2026-07-28T21:24:58.774Z</time>
      </trkpt>
      <trkpt lat="46.153136" lon="13.739495">
        <ele>173.994408</ele>
        <time>2026-07-28T21:25:05.137Z</time>
      </trkpt>
      <trkpt lat="46.153332" lon="13.739615">
        <ele>170.294681</ele>
        <time>2026-07-28T21:25:07.616Z</time>
      </trkpt>
      <trkpt lat="46.153445" lon="13.739756">
        <ele>167.699076</ele>
        <time>2026-07-28T21:25:09.348Z</time>
      </trkpt>
      <trkpt lat="46.153545" lon="13.739821">
        <ele>166.385656</ele>
        <time>2026-07-28T21:25:10.616Z</time>
      </trkpt>
      <trkpt lat="46.153587" lon="13.739935">
        <ele>166.137563</ele>
        <time>2026-07-28T21:25:11.650Z</time>
      </trkpt>
      <trkpt lat="46.153543" lon="13.739933">
        <ele>166.015460</ele>
        <time>2026-07-28T21:25:12.011Z</time>
      </trkpt>
      <trkpt lat="46.153400" lon="13.739936">
        <ele>165.618780</ele>
        <time>2026-07-28T21:25:13.194Z</time>
      </trkpt>
      <trkpt lat="46.153333" lon="13.739969">
        <ele>165.422423</ele>
        <time>2026-07-28T21:25:13.780Z</time>
      </trkpt>
      <trkpt lat="46.153288" lon="13.740037">
        <ele>165.241729</ele>
        <time>2026-07-28T21:25:14.329Z</time>
      </trkpt>
      <trkpt lat="46.153244" lon="13.740299">
        <ele>164.723733</ele>
        <time>2026-07-28T21:25:16.015Z</time>
      </trkpt>
      <trkpt lat="46.153184" lon="13.740529">
        <ele>164.251508</ele>
        <time>2026-07-28T21:25:17.997Z</time>
      </trkpt>
      <trkpt lat="46.153141" lon="13.740590">
        <ele>164.084288</ele>
        <time>2026-07-28T21:25:19.182Z</time>
      </trkpt>
      <trkpt lat="46.152901" lon="13.740778">
        <ele>163.326907</ele>
        <time>2026-07-28T21:25:26.605Z</time>
      </trkpt>
      <trkpt lat="46.152791" lon="13.740927">
        <ele>162.908512</ele>
        <time>2026-07-28T21:25:31.170Z</time>
      </trkpt>
      <trkpt lat="46.152727" lon="13.741124">
        <ele>162.490430</ele>
        <time>2026-07-28T21:25:34.719Z</time>
      </trkpt>
      <trkpt lat="46.152557" lon="13.741581">
        <ele>161.553550</ele>
        <time>2026-07-28T21:25:42.561Z</time>
      </trkpt>
      <trkpt lat="46.152509" lon="13.741707">
        <ele>162.340236</ele>
        <time>2026-07-28T21:25:46.339Z</time>
      </trkpt>
      <trkpt lat="46.152662" lon="13.741792">
        <ele>163.634937</ele>
        <time>2026-07-28T21:25:54.469Z</time>
      </trkpt>
      <trkpt lat="46.152713" lon="13.741830">
        <ele>164.088194</ele>
        <time>2026-07-28T21:25:57.740Z</time>
      </trkpt>
      <trkpt lat="46.152901" lon="13.741993">
        <ele>165.820128</ele>
        <time>2026-07-28T21:26:12.045Z</time>
      </trkpt>
      <trkpt lat="46.153010" lon="13.742181">
        <ele>167.161342</ele>
        <time>2026-07-28T21:26:24.256Z</time>
      </trkpt>
      <trkpt lat="46.153299" lon="13.742736">
        <ele>170.959798</ele>
        <time>2026-07-28T21:26:53.966Z</time>
      </trkpt>
      <trkpt lat="46.153461" lon="13.743225">
        <ele>173.925198</ele>
        <time>2026-07-28T21:27:11.577Z</time>
      </trkpt>
      <trkpt lat="46.153493" lon="13.743450">
        <ele>175.181797</ele>
        <time>2026-07-28T21:27:17.348Z</time>
      </trkpt>
      <trkpt lat="46.153525" lon="13.744406">
        <ele>173.714481</ele>
        <time>2026-07-28T21:27:30.500Z</time>
      </trkpt>
      <trkpt lat="46.153595" lon="13.744718">
        <ele>172.951864</ele>
        <time>2026-07-28T21:27:32.739Z</time>
      </trkpt>
      <trkpt lat="46.154011" lon="13.745950">
        <ele>169.764808</ele>
        <time>2026-07-28T21:27:41.189Z</time>
      </trkpt>
      <trkpt lat="46.154153" lon="13.746296">
        <ele>168.159946</ele>
        <time>2026-07-28T21:27:43.668Z</time>
      </trkpt>
      <trkpt lat="46.154309" lon="13.746566">
        <ele>166.695643</ele>
        <time>2026-07-28T21:27:45.847Z</time>
      </trkpt>
      <trkpt lat="46.154513" lon="13.746790">
        <ele>165.154656</ele>
        <time>2026-07-28T21:27:48.130Z</time>
      </trkpt>
      <trkpt lat="46.154928" lon="13.747033">
        <ele>162.462127</ele>
        <time>2026-07-28T21:27:52.195Z</time>
      </trkpt>
      <trkpt lat="46.155454" lon="13.747281">
        <ele>159.135281</ele>
        <time>2026-07-28T21:27:57.414Z</time>
      </trkpt>
      <trkpt lat="46.155599" lon="13.747349">
        <ele>158.743273</ele>
        <time>2026-07-28T21:27:58.902Z</time>
      </trkpt>
      <trkpt lat="46.155631" lon="13.747361">
        <ele>158.706518</ele>
        <time>2026-07-28T21:27:59.227Z</time>
      </trkpt>
      <trkpt lat="46.155648" lon="13.747267">
        <ele>158.631703</ele>
        <time>2026-07-28T21:27:59.908Z</time>
      </trkpt>
      <trkpt lat="46.155791" lon="13.747328">
        <ele>158.465933</ele>
        <time>2026-07-28T21:28:01.454Z</time>
      </trkpt>
      <trkpt lat="46.158814" lon="13.748613">
        <ele>156.836901</ele>
        <time>2026-07-28T21:28:47.061Z</time>
      </trkpt>
      <trkpt lat="46.158898" lon="13.748638">
        <ele>156.835606</ele>
        <time>2026-07-28T21:28:48.614Z</time>
      </trkpt>
      <trkpt lat="46.159047" lon="13.748604">
        <ele>156.773342</ele>
        <time>2026-07-28T21:28:51.333Z</time>
      </trkpt>
      <trkpt lat="46.159140" lon="13.748666">
        <ele>156.730042</ele>
        <time>2026-07-28T21:28:53.126Z</time>
      </trkpt>
      <trkpt lat="46.159192" lon="13.748748">
        <ele>156.697491</ele>
        <time>2026-07-28T21:28:54.434Z</time>
      </trkpt>
      <trkpt lat="46.159297" lon="13.748802">
        <ele>156.650376</ele>
        <time>2026-07-28T21:28:56.278Z</time>
      </trkpt>
      <trkpt lat="46.160957" lon="13.749456">
        <ele>156.814117</ele>
        <time>2026-07-28T21:29:17.985Z</time>
      </trkpt>
      <trkpt lat="46.161423" lon="13.749745">
        <ele>157.854646</ele>
        <time>2026-07-28T21:29:25.910Z</time>
      </trkpt>
      <trkpt lat="46.161708" lon="13.749960">
        <ele>158.514367</ele>
        <time>2026-07-28T21:29:33.328Z</time>
      </trkpt>
      <trkpt lat="46.162078" lon="13.750345">
        <ele>159.450069</ele>
        <time>2026-07-28T21:29:47.213Z</time>
      </trkpt>
      <trkpt lat="46.162574" lon="13.751043">
        <ele>165.813862</ele>
        <time>2026-07-28T21:30:14.165Z</time>
      </trkpt>
      <trkpt lat="46.163035" lon="13.751736">
        <ele>173.282937</ele>
        <time>2026-07-28T21:30:55.205Z</time>
      </trkpt>
      <trkpt lat="46.163113" lon="13.751882">
        <ele>174.716221</ele>
        <time>2026-07-28T21:31:06.416Z</time>
      </trkpt>
      <trkpt lat="46.163325" lon="13.752475">
        <ele>179.903572</ele>
        <time>2026-07-28T21:31:53.100Z</time>
      </trkpt>
      <trkpt lat="46.163469" lon="13.752704">
        <ele>178.829801</ele>
        <time>2026-07-28T21:32:11.057Z</time>
      </trkpt>
      <trkpt lat="46.163557" lon="13.752791">
        <ele>178.259789</ele>
        <time>2026-07-28T21:32:17.553Z</time>
      </trkpt>
      <trkpt lat="46.163817" lon="13.752923">
        <ele>176.786803</ele>
        <time>2026-07-28T21:32:26.545Z</time>
      </trkpt>
      <trkpt lat="46.164290" lon="13.753024">
        <ele>174.231335</ele>
        <time>2026-07-28T21:32:30.681Z</time>
      </trkpt>
      <trkpt lat="46.165017" lon="13.753280">
        <ele>170.227802</ele>
        <time>2026-07-28T21:32:36.774Z</time>
      </trkpt>
      <trkpt lat="46.165443" lon="13.753591">
        <ele>167.577170</ele>
        <time>2026-07-28T21:32:40.785Z</time>
      </trkpt>
      <trkpt lat="46.166428" lon="13.754668">
        <ele>160.716488</ele>
        <time>2026-07-28T21:32:57.964Z</time>
      </trkpt>
      <trkpt lat="46.166714" lon="13.754861">
        <ele>159.659592</ele>
        <time>2026-07-28T21:33:01.457Z</time>
      </trkpt>
      <trkpt lat="46.166911" lon="13.754910">
        <ele>159.106263</ele>
        <time>2026-07-28T21:33:03.411Z</time>
      </trkpt>
      <trkpt lat="46.167881" lon="13.754747">
        <ele>156.403177</ele>
        <time>2026-07-28T21:33:12.617Z</time>
      </trkpt>
      <trkpt lat="46.167962" lon="13.754737">
        <ele>156.178150</ele>
        <time>2026-07-28T21:33:13.862Z</time>
      </trkpt>
      <trkpt lat="46.169052" lon="13.754518">
        <ele>155.619724</ele>
        <time>2026-07-28T21:33:33.805Z</time>
      </trkpt>
      <trkpt lat="46.169268" lon="13.754396">
        <ele>155.690461</ele>
        <time>2026-07-28T21:33:38.252Z</time>
      </trkpt>
      <trkpt lat="46.169494" lon="13.754215">
        <ele>155.769279</ele>
        <time>2026-07-28T21:33:42.634Z</time>
      </trkpt>
      <trkpt lat="46.169655" lon="13.754046">
        <ele>155.829985</ele>
        <time>2026-07-28T21:33:45.847Z</time>
      </trkpt>
      <trkpt lat="46.169839" lon="13.753770">
        <ele>155.910900</ele>
        <time>2026-07-28T21:33:50.353Z</time>
      </trkpt>
      <trkpt lat="46.170253" lon="13.753260">
        <ele>154.886233</ele>
        <time>2026-07-28T21:33:58.880Z</time>
      </trkpt>
      <trkpt lat="46.170337" lon="13.753132">
        <ele>154.638279</ele>
        <time>2026-07-28T21:34:00.217Z</time>
      </trkpt>
      <trkpt lat="46.170493" lon="13.752785">
        <ele>154.056572</ele>
        <time>2026-07-28T21:34:03.136Z</time>
      </trkpt>
      <trkpt lat="46.170608" lon="13.752269">
        <ele>153.294387</ele>
        <time>2026-07-28T21:34:06.771Z</time>
      </trkpt>
      <trkpt lat="46.170623" lon="13.751888">
        <ele>152.757805</ele>
        <time>2026-07-28T21:34:09.454Z</time>
      </trkpt>
      <trkpt lat="46.170595" lon="13.751595">
        <ele>152.341920</ele>
        <time>2026-07-28T21:34:11.490Z</time>
      </trkpt>
      <trkpt lat="46.170482" lon="13.750986">
        <ele>152.348502</ele>
        <time>2026-07-28T21:34:16.145Z</time>
      </trkpt>
      <trkpt lat="46.170324" lon="13.750181">
        <ele>152.462810</ele>
        <time>2026-07-28T21:34:25.854Z</time>
      </trkpt>
      <trkpt lat="46.170142" lon="13.748746">
        <ele>153.049560</ele>
        <time>2026-07-28T21:34:47.585Z</time>
      </trkpt>
      <trkpt lat="46.170273" lon="13.747982">
        <ele>154.257051</ele>
        <time>2026-07-28T21:35:01.710Z</time>
      </trkpt>
      <trkpt lat="46.170265" lon="13.747861">
        <ele>154.443528</ele>
        <time>2026-07-28T21:35:04.716Z</time>
      </trkpt>
      <trkpt lat="46.170312" lon="13.747362">
        <ele>155.216121</ele>
        <time>2026-07-28T21:35:12.224Z</time>
      </trkpt>
      <trkpt lat="46.170602" lon="13.745761">
        <ele>157.020369</ele>
        <time>2026-07-28T21:35:40.626Z</time>
      </trkpt>
      <trkpt lat="46.170829" lon="13.745372">
        <ele>157.300593</ele>
        <time>2026-07-28T21:35:47.776Z</time>
      </trkpt>
      <trkpt lat="46.170971" lon="13.745185">
        <ele>157.453467</ele>
        <time>2026-07-28T21:35:50.598Z</time>
      </trkpt>
      <trkpt lat="46.171318" lon="13.744794">
        <ele>157.803586</ele>
        <time>2026-07-28T21:35:55.895Z</time>
      </trkpt>
      <trkpt lat="46.171508" lon="13.744652">
        <ele>157.973767</ele>
        <time>2026-07-28T21:35:58.444Z</time>
      </trkpt>
      <trkpt lat="46.171844" lon="13.744278">
        <ele>157.912486</ele>
        <time>2026-07-28T21:36:04.948Z</time>
      </trkpt>
      <trkpt lat="46.172238" lon="13.743830">
        <ele>157.725811</ele>
        <time>2026-07-28T21:36:15.970Z</time>
      </trkpt>
      <trkpt lat="46.172522" lon="13.743449">
        <ele>157.581512</ele>
        <time>2026-07-28T21:36:22.800Z</time>
      </trkpt>
      <trkpt lat="46.173020" lon="13.742528">
        <ele>157.776397</ele>
        <time>2026-07-28T21:36:31.292Z</time>
      </trkpt>
      <trkpt lat="46.173161" lon="13.742030">
        <ele>158.404217</ele>
        <time>2026-07-28T21:36:35.141Z</time>
      </trkpt>
      <trkpt lat="46.173253" lon="13.741839">
        <ele>158.675713</ele>
        <time>2026-07-28T21:36:37.760Z</time>
      </trkpt>
      <trkpt lat="46.173305" lon="13.741817">
        <ele>158.767022</ele>
        <time>2026-07-28T21:36:39.090Z</time>
      </trkpt>
      <trkpt lat="46.173315" lon="13.741850">
        <ele>158.809056</ele>
        <time>2026-07-28T21:36:39.785Z</time>
      </trkpt>
      <trkpt lat="46.173258" lon="13.742161">
        <ele>159.184461</ele>
        <time>2026-07-28T21:36:48.035Z</time>
      </trkpt>
      <trkpt lat="46.173274" lon="13.742297">
        <ele>159.345434</ele>
        <time>2026-07-28T21:36:52.256Z</time>
      </trkpt>
      <trkpt lat="46.173477" lon="13.742506">
        <ele>159.765550</ele>
        <time>2026-07-28T21:37:03.602Z</time>
      </trkpt>
      <trkpt lat="46.173590" lon="13.742575">
        <ele>159.972291</ele>
        <time>2026-07-28T21:37:08.723Z</time>
      </trkpt>
      <trkpt lat="46.174219" lon="13.742009">
        <ele>159.740214</ele>
        <time>2026-07-28T21:37:25.870Z</time>
      </trkpt>
      <trkpt lat="46.174499" lon="13.741692">
        <ele>159.257196</ele>
        <time>2026-07-28T21:37:29.905Z</time>
      </trkpt>
      <trkpt lat="46.174888" lon="13.741407">
        <ele>158.665014</ele>
        <time>2026-07-28T21:37:34.287Z</time>
      </trkpt>
      <trkpt lat="46.174948" lon="13.741333">
        <ele>158.557895</ele>
        <time>2026-07-28T21:37:35.041Z</time>
      </trkpt>
      <trkpt lat="46.174959" lon="13.741253">
        <ele>158.481221</ele>
        <time>2026-07-28T21:37:35.573Z</time>
      </trkpt>
      <trkpt lat="46.174908" lon="13.741105">
        <ele>158.325813</ele>
        <time>2026-07-28T21:37:36.620Z</time>
      </trkpt>
      <trkpt lat="46.174908" lon="13.741029">
        <ele>158.254367</ele>
        <time>2026-07-28T21:37:37.105Z</time>
      </trkpt>
      <trkpt lat="46.175059" lon="13.740696">
        <ele>158.001570</ele>
        <time>2026-07-28T21:37:39.699Z</time>
      </trkpt>
      <trkpt lat="46.175054" lon="13.740641">
        <ele>158.029580</ele>
        <time>2026-07-28T21:37:40.072Z</time>
      </trkpt>
      <trkpt lat="46.175014" lon="13.740589">
        <ele>158.068825</ele>
        <time>2026-07-28T21:37:40.609Z</time>
      </trkpt>
      <trkpt lat="46.174793" lon="13.740720">
        <ele>158.243026</ele>
        <time>2026-07-28T21:37:57.254Z</time>
      </trkpt>
      <trkpt lat="46.174641" lon="13.740962">
        <ele>158.408002</ele>
        <time>2026-07-28T21:38:12.941Z</time>
      </trkpt>
      <trkpt lat="46.174574" lon="13.740984">
        <ele>158.458106</ele>
        <time>2026-07-28T21:38:17.724Z</time>
      </trkpt>
      <trkpt lat="46.174641" lon="13.740962">
        <ele>158.508209</ele>
        <time>2026-07-28T21:38:22.506Z</time>
      </trkpt>
      <trkpt lat="46.174793" lon="13.740720">
        <ele>158.673186</ele>
        <time>2026-07-28T21:38:38.193Z</time>
      </trkpt>
      <trkpt lat="46.175014" lon="13.740589">
        <ele>158.847386</ele>
        <time>2026-07-28T21:38:54.835Z</time>
      </trkpt>
      <trkpt lat="46.174664" lon="13.740230">
        <ele>159.160433</ele>
        <time>2026-07-28T21:39:14.684Z</time>
      </trkpt>
      <trkpt lat="46.174459" lon="13.740241">
        <ele>159.544492</ele>
        <time>2026-07-28T21:39:24.702Z</time>
      </trkpt>
      <trkpt lat="46.174441" lon="13.740048">
        <ele>160.229504</ele>
        <time>2026-07-28T21:39:31.585Z</time>
      </trkpt>
      <trkpt lat="46.174466" lon="13.739881">
        <ele>160.830501</ele>
        <time>2026-07-28T21:39:37.828Z</time>
      </trkpt>
      <trkpt lat="46.174693" lon="13.739420">
        <ele>162.820259</ele>
        <time>2026-07-28T21:39:59.450Z</time>
      </trkpt>
      <trkpt lat="46.174722" lon="13.739241">
        <ele>163.466896</ele>
        <time>2026-07-28T21:40:04.376Z</time>
      </trkpt>
      <trkpt lat="46.174978" lon="13.738762">
        <ele>165.595250</ele>
        <time>2026-07-28T21:40:18.633Z</time>
      </trkpt>
      <trkpt lat="46.175043" lon="13.738572">
        <ele>166.340686</ele>
        <time>2026-07-28T21:40:22.248Z</time>
      </trkpt>
      <trkpt lat="46.175082" lon="13.738470">
        <ele>166.750531</ele>
        <time>2026-07-28T21:40:24.512Z</time>
      </trkpt>
      <trkpt lat="46.175275" lon="13.738452">
        <ele>167.732959</ele>
        <time>2026-07-28T21:40:28.580Z</time>
      </trkpt>
      <trkpt lat="46.175416" lon="13.738396">
        <ele>168.445309</ele>
        <time>2026-07-28T21:40:31.354Z</time>
      </trkpt>
      <trkpt lat="46.175502" lon="13.738306">
        <ele>168.744636</ele>
        <time>2026-07-28T21:40:33.229Z</time>
      </trkpt>
      <trkpt lat="46.175649" lon="13.738035">
        <ele>169.416459</ele>
        <time>2026-07-28T21:40:38.018Z</time>
      </trkpt>
      <trkpt lat="46.175722" lon="13.737955">
        <ele>169.674728</ele>
        <time>2026-07-28T21:40:40.176Z</time>
      </trkpt>
      <trkpt lat="46.176058" lon="13.737851">
        <ele>170.643195</ele>
        <time>2026-07-28T21:40:49.123Z</time>
      </trkpt>
      <trkpt lat="46.176749" lon="13.737423">
        <ele>172.762224</ele>
        <time>2026-07-28T21:41:10.771Z</time>
      </trkpt>
      <trkpt lat="46.177145" lon="13.737065">
        <ele>173.993821</ele>
        <time>2026-07-28T21:41:24.572Z</time>
      </trkpt>
      <trkpt lat="46.177489" lon="13.736700">
        <ele>175.026917</ele>
        <time>2026-07-28T21:41:35.368Z</time>
      </trkpt>
      <trkpt lat="46.177534" lon="13.736596">
        <ele>175.232432</ele>
        <time>2026-07-28T21:41:37.029Z</time>
      </trkpt>
      <trkpt lat="46.177846" lon="13.736531">
        <ele>175.995354</ele>
        <time>2026-07-28T21:41:42.713Z</time>
      </trkpt>
      <trkpt lat="46.178242" lon="13.736331">
        <ele>177.010670</ele>
        <time>2026-07-28T21:41:51.407Z</time>
      </trkpt>
      <trkpt lat="46.178464" lon="13.736031">
        <ele>177.746484</ele>
        <time>2026-07-28T21:42:00.652Z</time>
      </trkpt>
      <trkpt lat="46.178618" lon="13.735866">
        <ele>178.374208</ele>
        <time>2026-07-28T21:42:06.211Z</time>
      </trkpt>
      <trkpt lat="46.178794" lon="13.735745">
        <ele>179.048608</ele>
        <time>2026-07-28T21:42:11.383Z</time>
      </trkpt>
      <trkpt lat="46.178868" lon="13.735729">
        <ele>179.307486</ele>
        <time>2026-07-28T21:42:13.284Z</time>
      </trkpt>
      <trkpt lat="46.178988" lon="13.735702">
        <ele>179.727671</ele>
        <time>2026-07-28T21:42:16.330Z</time>
      </trkpt>
      <trkpt lat="46.179238" lon="13.735667">
        <ele>180.596677</ele>
        <time>2026-07-28T21:42:22.592Z</time>
      </trkpt>
      <trkpt lat="46.179534" lon="13.735510">
        <ele>181.687658</ele>
        <time>2026-07-28T21:42:31.953Z</time>
      </trkpt>
      <trkpt lat="46.180161" lon="13.734879">
        <ele>184.205487</ele>
        <time>2026-07-28T21:42:58.494Z</time>
      </trkpt>
      <trkpt lat="46.180243" lon="13.734749">
        <ele>184.436321</ele>
        <time>2026-07-28T21:43:01.755Z</time>
      </trkpt>
      <trkpt lat="46.180287" lon="13.734771">
        <ele>184.524592</ele>
        <time>2026-07-28T21:43:02.918Z</time>
      </trkpt>
      <trkpt lat="46.180327" lon="13.734707">
        <ele>184.637763</ele>
        <time>2026-07-28T21:43:04.353Z</time>
      </trkpt>
      <trkpt lat="46.180294" lon="13.734637">
        <ele>184.748922</ele>
        <time>2026-07-28T21:43:05.679Z</time>
      </trkpt>
      <trkpt lat="46.180304" lon="13.734538">
        <ele>184.880247</ele>
        <time>2026-07-28T21:43:07.144Z</time>
      </trkpt>
      <trkpt lat="46.180278" lon="13.734463">
        <ele>184.990343</ele>
        <time>2026-07-28T21:43:08.273Z</time>
      </trkpt>
      <trkpt lat="46.180090" lon="13.734055">
        <ele>185.633645</ele>
        <time>2026-07-28T21:43:13.867Z</time>
      </trkpt>
      <trkpt lat="46.180210" lon="13.733989">
        <ele>185.877076</ele>
        <time>2026-07-28T21:43:28.539Z</time>
      </trkpt>
      <trkpt lat="46.180787" lon="13.733837">
        <ele>186.988985</ele>
        <time>2026-07-28T21:44:35.785Z</time>
      </trkpt>
      <trkpt lat="46.181148" lon="13.733484">
        <ele>187.840520</ele>
        <time>2026-07-28T21:45:28.213Z</time>
      </trkpt>
      <trkpt lat="46.181311" lon="13.733832">
        <ele>188.431150</ele>
        <time>2026-07-28T21:45:48.469Z</time>
      </trkpt>
      <trkpt lat="46.181460" lon="13.734198">
        <ele>189.028003</ele>
        <time>2026-07-28T21:45:56.926Z</time>
      </trkpt>
      <trkpt lat="46.181222" lon="13.734344">
        <ele>189.553001</ele>
        <time>2026-07-28T21:46:02.280Z</time>
      </trkpt>
      <trkpt lat="46.181460" lon="13.734198">
        <ele>190.077999</ele>
        <time>2026-07-28T21:46:20.259Z</time>
      </trkpt>
      <trkpt lat="46.181929" lon="13.733710">
        <ele>191.225579</ele>
        <time>2026-07-28T21:46:34.326Z</time>
      </trkpt>
      <trkpt lat="46.181951" lon="13.733821">
        <ele>191.357150</ele>
        <time>2026-07-28T21:46:36.014Z</time>
      </trkpt>
      <trkpt lat="46.182259" lon="13.733871">
        <ele>191.867269</ele>
        <time>2026-07-28T21:46:43.658Z</time>
      </trkpt>
      <trkpt lat="46.182383" lon="13.733944">
        <ele>192.087659</ele>
        <time>2026-07-28T21:46:47.262Z</time>
      </trkpt>
      <trkpt lat="46.182388" lon="13.733715">
        <ele>192.348744</ele>
        <time>2026-07-28T21:46:51.273Z</time>
      </trkpt>
      <trkpt lat="46.182305" lon="13.733320">
        <ele>192.819136</ele>
        <time>2026-07-28T21:46:57.611Z</time>
      </trkpt>
      <trkpt lat="46.182299" lon="13.733298">
        <ele>192.846081</ele>
        <time>2026-07-28T21:46:57.975Z</time>
      </trkpt>
      <trkpt lat="46.182359" lon="13.733243">
        <ele>192.963043</ele>
        <time>2026-07-28T21:46:59.363Z</time>
      </trkpt>
      <trkpt lat="46.182592" lon="13.733072">
        <ele>193.393198</ele>
        <time>2026-07-28T21:47:02.799Z</time>
      </trkpt>
      <trkpt lat="46.182689" lon="13.733047">
        <ele>193.555369</ele>
        <time>2026-07-28T21:47:03.976Z</time>
      </trkpt>
      <trkpt lat="46.182787" lon="13.733027">
        <ele>193.718267</ele>
        <time>2026-07-28T21:47:05.208Z</time>
      </trkpt>
      <trkpt lat="46.182908" lon="13.733005">
        <ele>193.918988</ele>
        <time>2026-07-28T21:47:07.040Z</time>
      </trkpt>
      <trkpt lat="46.183186" lon="13.732941">
        <ele>194.618015</ele>
        <time>2026-07-28T21:47:13.204Z</time>
      </trkpt>
      <trkpt lat="46.183263" lon="13.732921">
        <ele>194.845387</ele>
        <time>2026-07-28T21:47:15.370Z</time>
      </trkpt>
      <trkpt lat="46.183667" lon="13.732814">
        <ele>196.039093</ele>
        <time>2026-07-28T21:47:28.081Z</time>
      </trkpt>
      <trkpt lat="46.183830" lon="13.732583">
        <ele>196.702761</ele>
        <time>2026-07-28T21:47:35.272Z</time>
      </trkpt>
      <trkpt lat="46.183972" lon="13.732247">
        <ele>197.494844</ele>
        <time>2026-07-28T21:47:43.581Z</time>
      </trkpt>
      <trkpt lat="46.184015" lon="13.732059">
        <ele>197.893233</ele>
        <time>2026-07-28T21:47:47.808Z</time>
      </trkpt>
      <trkpt lat="46.184112" lon="13.731904">
        <ele>198.313639</ele>
        <time>2026-07-28T21:47:52.379Z</time>
      </trkpt>
      <trkpt lat="46.184480" lon="13.731559">
        <ele>199.387730</ele>
        <time>2026-07-28T21:48:04.322Z</time>
      </trkpt>
      <trkpt lat="46.185305" lon="13.730722">
        <ele>200.264948</ele>
        <time>2026-07-28T21:48:20.511Z</time>
      </trkpt>
      <trkpt lat="46.186011" lon="13.729847">
        <ele>201.269451</ele>
        <time>2026-07-28T21:48:35.482Z</time>
      </trkpt>
      <trkpt lat="46.186170" lon="13.729570">
        <ele>201.689956</ele>
        <time>2026-07-28T21:48:40.624Z</time>
      </trkpt>
      <trkpt lat="46.186273" lon="13.729332">
        <ele>202.017961</ele>
        <time>2026-07-28T21:48:44.995Z</time>
      </trkpt>
      <trkpt lat="46.186356" lon="13.729028">
        <ele>202.399853</ele>
        <time>2026-07-28T21:48:49.782Z</time>
      </trkpt>
      <trkpt lat="46.186382" lon="13.728839">
        <ele>202.625042</ele>
        <time>2026-07-28T21:48:52.310Z</time>
      </trkpt>
      <trkpt lat="46.186358" lon="13.727819">
        <ele>203.817732</ele>
        <time>2026-07-28T21:49:05.520Z</time>
      </trkpt>
      <trkpt lat="46.186417" lon="13.727339">
        <ele>203.926929</ele>
        <time>2026-07-28T21:49:16.785Z</time>
      </trkpt>
      <trkpt lat="46.186478" lon="13.726933">
        <ele>203.950933</ele>
        <time>2026-07-28T21:49:29.921Z</time>
      </trkpt>
      <trkpt lat="46.186542" lon="13.726346">
        <ele>203.985267</ele>
        <time>2026-07-28T21:49:44.592Z</time>
      </trkpt>
      <trkpt lat="46.186534" lon="13.725444">
        <ele>204.037388</ele>
        <time>2026-07-28T21:49:51.576Z</time>
      </trkpt>
      <trkpt lat="46.186497" lon="13.724842">
        <ele>202.583152</ele>
        <time>2026-07-28T21:49:55.231Z</time>
      </trkpt>
      <trkpt lat="46.186480" lon="13.724705">
        <ele>201.968161</ele>
        <time>2026-07-28T21:49:56.041Z</time>
      </trkpt>
      <trkpt lat="46.186417" lon="13.724262">
        <ele>199.969861</ele>
        <time>2026-07-28T21:49:58.628Z</time>
      </trkpt>
      <trkpt lat="46.186440" lon="13.724060">
        <ele>199.065318</ele>
        <time>2026-07-28T21:49:59.794Z</time>
      </trkpt>
      <trkpt lat="46.186718" lon="13.723626">
        <ele>196.452751</ele>
        <time>2026-07-28T21:50:03.315Z</time>
      </trkpt>
      <trkpt lat="46.187026" lon="13.723227">
        <ele>193.812227</ele>
        <time>2026-07-28T21:50:08.244Z</time>
      </trkpt>
      <trkpt lat="46.187100" lon="13.723183">
        <ele>193.301485</ele>
        <time>2026-07-28T21:50:10.060Z</time>
      </trkpt>
      <trkpt lat="46.187284" lon="13.723212">
        <ele>192.623782</ele>
        <time>2026-07-28T21:50:15.492Z</time>
      </trkpt>
      <trkpt lat="46.187526" lon="13.723195">
        <ele>192.795107</ele>
        <time>2026-07-28T21:50:29.557Z</time>
      </trkpt>
      <trkpt lat="46.187635" lon="13.723141">
        <ele>192.876591</ele>
        <time>2026-07-28T21:50:34.354Z</time>
      </trkpt>
      <trkpt lat="46.187819" lon="13.723024">
        <ele>193.018750</ele>
        <time>2026-07-28T21:50:38.364Z</time>
      </trkpt>
      <trkpt lat="46.188054" lon="13.722637">
        <ele>193.270751</ele>
        <time>2026-07-28T21:50:42.608Z</time>
      </trkpt>
      <trkpt lat="46.188645" lon="13.721799">
        <ele>193.779533</ele>
        <time>2026-07-28T21:50:51.016Z</time>
      </trkpt>
      <trkpt lat="46.189045" lon="13.721445">
        <ele>191.784113</ele>
        <time>2026-07-28T21:51:10.943Z</time>
      </trkpt>
      <trkpt lat="46.189159" lon="13.721330">
        <ele>191.192650</ele>
        <time>2026-07-28T21:51:15.321Z</time>
      </trkpt>
      <trkpt lat="46.189257" lon="13.721164">
        <ele>190.550214</ele>
        <time>2026-07-28T21:51:17.529Z</time>
      </trkpt>
      <trkpt lat="46.189811" lon="13.719950">
        <ele>186.268495</ele>
        <time>2026-07-28T21:51:26.048Z</time>
      </trkpt>
      <trkpt lat="46.190197" lon="13.719439">
        <ele>188.304388</ele>
        <time>2026-07-28T21:51:31.889Z</time>
      </trkpt>
      <trkpt lat="46.190420" lon="13.719235">
        <ele>189.404569</ele>
        <time>2026-07-28T21:51:40.279Z</time>
      </trkpt>
      <trkpt lat="46.191116" lon="13.718723">
        <ele>192.660031</ele>
        <time>2026-07-28T21:52:20.709Z</time>
      </trkpt>
      <trkpt lat="46.191254" lon="13.718687">
        <ele>193.244526</ele>
        <time>2026-07-28T21:52:30.747Z</time>
      </trkpt>
      <trkpt lat="46.191455" lon="13.718768">
        <ele>194.097767</ele>
        <time>2026-07-28T21:52:44.646Z</time>
      </trkpt>
      <trkpt lat="46.191584" lon="13.718865">
        <ele>194.680241</ele>
        <time>2026-07-28T21:52:53.465Z</time>
      </trkpt>
      <trkpt lat="46.192163" lon="13.719244">
        <ele>197.226208</ele>
        <time>2026-07-28T21:53:13.220Z</time>
      </trkpt>
      <trkpt lat="46.192331" lon="13.719309">
        <ele>197.922794</ele>
        <time>2026-07-28T21:53:16.929Z</time>
      </trkpt>
      <trkpt lat="46.192429" lon="13.719316">
        <ele>198.315781</ele>
        <time>2026-07-28T21:53:19.025Z</time>
      </trkpt>
      <trkpt lat="46.192560" lon="13.719226">
        <ele>198.896774</ele>
        <time>2026-07-28T21:53:22.028Z</time>
      </trkpt>
      <trkpt lat="46.192676" lon="13.719015">
        <ele>199.643824</ele>
        <time>2026-07-28T21:53:25.744Z</time>
      </trkpt>
      <trkpt lat="46.193107" lon="13.717879">
        <ele>201.238038</ele>
        <time>2026-07-28T21:53:40.168Z</time>
      </trkpt>
      <trkpt lat="46.193193" lon="13.717578">
        <ele>201.370273</ele>
        <time>2026-07-28T21:53:43.562Z</time>
      </trkpt>
      <trkpt lat="46.193312" lon="13.716807">
        <ele>201.691055</ele>
        <time>2026-07-28T21:53:52.451Z</time>
      </trkpt>
      <trkpt lat="46.193382" lon="13.716501">
        <ele>201.821928</ele>
        <time>2026-07-28T21:53:56.424Z</time>
      </trkpt>
      <trkpt lat="46.193566" lon="13.716003">
        <ele>202.212942</ele>
        <time>2026-07-28T21:54:03.884Z</time>
      </trkpt>
      <trkpt lat="46.193825" lon="13.715439">
        <ele>202.929190</ele>
        <time>2026-07-28T21:54:14.053Z</time>
      </trkpt>
      <trkpt lat="46.194129" lon="13.715041">
        <ele>203.556392</ele>
        <time>2026-07-28T21:54:22.578Z</time>
      </trkpt>
      <trkpt lat="46.194335" lon="13.714465">
        <ele>204.242486</ele>
        <time>2026-07-28T21:54:30.905Z</time>
      </trkpt>
      <trkpt lat="46.194500" lon="13.714065">
        <ele>204.748702</ele>
        <time>2026-07-28T21:54:38.186Z</time>
      </trkpt>
      <trkpt lat="46.194616" lon="13.713716">
        <ele>205.315529</ele>
        <time>2026-07-28T21:54:45.525Z</time>
      </trkpt>
      <trkpt lat="46.194683" lon="13.713269">
        <ele>205.985151</ele>
        <time>2026-07-28T21:54:54.146Z</time>
      </trkpt>
      <trkpt lat="46.194744" lon="13.712945">
        <ele>206.476754</ele>
        <time>2026-07-28T21:54:59.524Z</time>
      </trkpt>
      <trkpt lat="46.194925" lon="13.712163">
        <ele>207.683990</ele>
        <time>2026-07-28T21:55:11.120Z</time>
      </trkpt>
      <trkpt lat="46.195091" lon="13.711388">
        <ele>208.600208</ele>
        <time>2026-07-28T21:55:24.836Z</time>
      </trkpt>
      <trkpt lat="46.195234" lon="13.711151">
        <ele>208.720189</ele>
        <time>2026-07-28T21:55:30.420Z</time>
      </trkpt>
      <trkpt lat="46.195545" lon="13.710869">
        <ele>208.922623</ele>
        <time>2026-07-28T21:55:38.859Z</time>
      </trkpt>
      <trkpt lat="46.195781" lon="13.710586">
        <ele>209.091715</ele>
        <time>2026-07-28T21:55:44.882Z</time>
      </trkpt>
      <trkpt lat="46.195896" lon="13.710291">
        <ele>209.220917</ele>
        <time>2026-07-28T21:55:48.772Z</time>
      </trkpt>
      <trkpt lat="46.196342" lon="13.708825">
        <ele>207.234060</ele>
        <time>2026-07-28T21:56:01.047Z</time>
      </trkpt>
      <trkpt lat="46.196868" lon="13.707481">
        <ele>203.266555</ele>
        <time>2026-07-28T21:56:10.452Z</time>
      </trkpt>
      <trkpt lat="46.197185" lon="13.706969">
        <ele>202.596767</ele>
        <time>2026-07-28T21:56:29.020Z</time>
      </trkpt>
      <trkpt lat="46.197884" lon="13.706545">
        <ele>202.122563</ele>
        <time>2026-07-28T21:56:54.081Z</time>
      </trkpt>
      <trkpt lat="46.198208" lon="13.706238">
        <ele>201.880200</ele>
        <time>2026-07-28T21:56:58.033Z</time>
      </trkpt>
      <trkpt lat="46.198278" lon="13.706134">
        <ele>201.817394</ele>
        <time>2026-07-28T21:56:58.943Z</time>
      </trkpt>
      <trkpt lat="46.198355" lon="13.705949">
        <ele>201.723932</ele>
        <time>2026-07-28T21:57:00.272Z</time>
      </trkpt>
      <trkpt lat="46.198478" lon="13.705549">
        <ele>200.765216</ele>
        <time>2026-07-28T21:57:02.892Z</time>
      </trkpt>
      <trkpt lat="46.198797" lon="13.705056">
        <ele>199.061606</ele>
        <time>2026-07-28T21:57:06.923Z</time>
      </trkpt>
      <trkpt lat="46.198955" lon="13.704654">
        <ele>197.894636</ele>
        <time>2026-07-28T21:57:09.965Z</time>
      </trkpt>
      <trkpt lat="46.199132" lon="13.704147">
        <ele>196.461225</ele>
        <time>2026-07-28T21:57:17.077Z</time>
      </trkpt>
      <trkpt lat="46.199600" lon="13.702720">
        <ele>193.431865</ele>
        <time>2026-07-28T21:57:40.516Z</time>
      </trkpt>
      <trkpt lat="46.199649" lon="13.702439">
        <ele>192.963590</ele>
        <time>2026-07-28T21:57:42.462Z</time>
      </trkpt>
      <trkpt lat="46.199639" lon="13.701882">
        <ele>192.063195</ele>
        <time>2026-07-28T21:57:45.915Z</time>
      </trkpt>
      <trkpt lat="46.199658" lon="13.701682">
        <ele>191.736972</ele>
        <time>2026-07-28T21:57:47.165Z</time>
      </trkpt>
      <trkpt lat="46.199710" lon="13.701526">
        <ele>191.457170</ele>
        <time>2026-07-28T21:57:48.253Z</time>
      </trkpt>
      <trkpt lat="46.199990" lon="13.701014">
        <ele>191.310742</ele>
        <time>2026-07-28T21:57:52.695Z</time>
      </trkpt>
      <trkpt lat="46.200115" lon="13.700848">
        <ele>191.591018</ele>
        <time>2026-07-28T21:57:54.883Z</time>
      </trkpt>
      <trkpt lat="46.200365" lon="13.700557">
        <ele>192.120992</ele>
        <time>2026-07-28T21:58:00.420Z</time>
      </trkpt>
      <trkpt lat="46.200780" lon="13.700211">
        <ele>192.911957</ele>
        <time>2026-07-28T21:58:17.521Z</time>
      </trkpt>
      <trkpt lat="46.201037" lon="13.699976">
        <ele>193.414040</ele>
        <time>2026-07-28T21:58:31.068Z</time>
      </trkpt>
      <trkpt lat="46.201077" lon="13.699898">
        <ele>193.524958</ele>
        <time>2026-07-28T21:58:33.924Z</time>
      </trkpt>
      <trkpt lat="46.201157" lon="13.699500">
        <ele>193.905678</ele>
        <time>2026-07-28T21:58:43.358Z</time>
      </trkpt>
      <trkpt lat="46.201164" lon="13.699303">
        <ele>193.910066</ele>
        <time>2026-07-28T21:58:45.163Z</time>
      </trkpt>
      <trkpt lat="46.201144" lon="13.698702">
        <ele>193.923452</ele>
        <time>2026-07-28T21:58:49.554Z</time>
      </trkpt>
      <trkpt lat="46.201162" lon="13.698587">
        <ele>193.926075</ele>
        <time>2026-07-28T21:58:50.405Z</time>
      </trkpt>
      <trkpt lat="46.201251" lon="13.698328">
        <ele>193.932508</ele>
        <time>2026-07-28T21:58:52.567Z</time>
      </trkpt>
      <trkpt lat="46.201285" lon="13.698098">
        <ele>193.937740</ele>
        <time>2026-07-28T21:58:54.442Z</time>
      </trkpt>
      <trkpt lat="46.201243" lon="13.697523">
        <ele>193.950603</ele>
        <time>2026-07-28T21:58:59.695Z</time>
      </trkpt>
      <trkpt lat="46.201264" lon="13.696734">
        <ele>193.778967</ele>
        <time>2026-07-28T21:59:09.138Z</time>
      </trkpt>
      <trkpt lat="46.201293" lon="13.696520">
        <ele>193.643061</ele>
        <time>2026-07-28T21:59:12.105Z</time>
      </trkpt>
      <trkpt lat="46.201465" lon="13.695846">
        <ele>193.195353</ele>
        <time>2026-07-28T21:59:24.064Z</time>
      </trkpt>
      <trkpt lat="46.201488" lon="13.695657">
        <ele>193.075754</ele>
        <time>2026-07-28T21:59:26.878Z</time>
      </trkpt>
      <trkpt lat="46.201530" lon="13.695521">
        <ele>192.982939</ele>
        <time>2026-07-28T21:59:28.596Z</time>
      </trkpt>
      <trkpt lat="46.201563" lon="13.695375">
        <ele>192.887217</ele>
        <time>2026-07-28T21:59:29.984Z</time>
      </trkpt>
      <trkpt lat="46.201491" lon="13.694468">
        <ele>192.206811</ele>
        <time>2026-07-28T21:59:36.050Z</time>
      </trkpt>
      <trkpt lat="46.201487" lon="13.694093">
        <ele>190.878084</ele>
        <time>2026-07-28T21:59:38.445Z</time>
      </trkpt>
      <trkpt lat="46.201582" lon="13.693006">
        <ele>186.996430</ele>
        <time>2026-07-28T21:59:45.644Z</time>
      </trkpt>
      <trkpt lat="46.201709" lon="13.692138">
        <ele>183.853283</ele>
        <time>2026-07-28T21:59:51.366Z</time>
      </trkpt>
      <trkpt lat="46.201707" lon="13.691589">
        <ele>182.004821</ele>
        <time>2026-07-28T21:59:54.833Z</time>
      </trkpt>
      <trkpt lat="46.201760" lon="13.691324">
        <ele>181.104489</ele>
        <time>2026-07-28T21:59:56.572Z</time>
      </trkpt>
      <trkpt lat="46.201944" lon="13.690699">
        <ele>178.887656</ele>
        <time>2026-07-28T22:00:00.972Z</time>
      </trkpt>
      <trkpt lat="46.202166" lon="13.689738">
        <ele>175.580928</ele>
        <time>2026-07-28T22:00:07.772Z</time>
      </trkpt>
      <trkpt lat="46.202241" lon="13.689518">
        <ele>174.780487</ele>
        <time>2026-07-28T22:00:09.479Z</time>
      </trkpt>
      <trkpt lat="46.202425" lon="13.689178">
        <ele>174.116127</ele>
        <time>2026-07-28T22:00:12.507Z</time>
      </trkpt>
      <trkpt lat="46.202514" lon="13.688964">
        <ele>173.774666</ele>
        <time>2026-07-28T22:00:14.282Z</time>
      </trkpt>
      <trkpt lat="46.202588" lon="13.688646">
        <ele>173.315819</ele>
        <time>2026-07-28T22:00:16.698Z</time>
      </trkpt>
      <trkpt lat="46.202749" lon="13.688242">
        <ele>172.678227</ele>
        <time>2026-07-28T22:00:20.211Z</time>
      </trkpt>
      <trkpt lat="46.203457" lon="13.687164">
        <ele>171.204897</ele>
        <time>2026-07-28T22:00:33.000Z</time>
      </trkpt>
      <trkpt lat="46.203668" lon="13.686694">
        <ele>171.384528</ele>
        <time>2026-07-28T22:00:37.788Z</time>
      </trkpt>
      <trkpt lat="46.203774" lon="13.686521">
        <ele>171.458614</ele>
        <time>2026-07-28T22:00:39.910Z</time>
      </trkpt>
      <trkpt lat="46.204403" lon="13.685633">
        <ele>171.866034</ele>
        <time>2026-07-28T22:00:55.557Z</time>
      </trkpt>
      <trkpt lat="46.204853" lon="13.685047">
        <ele>174.079964</ele>
        <time>2026-07-28T22:01:11.213Z</time>
      </trkpt>
      <trkpt lat="46.205163" lon="13.684714">
        <ele>175.870405</ele>
        <time>2026-07-28T22:01:25.565Z</time>
      </trkpt>
      <trkpt lat="46.205682" lon="13.684355">
        <ele>178.537448</ele>
        <time>2026-07-28T22:01:49.631Z</time>
      </trkpt>
      <trkpt lat="46.206025" lon="13.684050">
        <ele>180.344359</ele>
        <time>2026-07-28T22:02:05.165Z</time>
      </trkpt>
      <trkpt lat="46.206376" lon="13.683729">
        <ele>181.418547</ele>
        <time>2026-07-28T22:02:17.600Z</time>
      </trkpt>
      <trkpt lat="46.206570" lon="13.683480">
        <ele>182.089554</ele>
        <time>2026-07-28T22:02:22.121Z</time>
      </trkpt>
      <trkpt lat="46.206680" lon="13.683293">
        <ele>182.528771</ele>
        <time>2026-07-28T22:02:24.263Z</time>
      </trkpt>
      <trkpt lat="46.207007" lon="13.682729">
        <ele>183.845519</ele>
        <time>2026-07-28T22:02:35.014Z</time>
      </trkpt>
      <trkpt lat="46.207182" lon="13.682317">
        <ele>184.710639</ele>
        <time>2026-07-28T22:02:48.775Z</time>
      </trkpt>
      <trkpt lat="46.207261" lon="13.682018">
        <ele>184.582121</ele>
        <time>2026-07-28T22:02:55.907Z</time>
      </trkpt>
      <trkpt lat="46.207449" lon="13.680897">
        <ele>182.662623</ele>
        <time>2026-07-28T22:03:04.334Z</time>
      </trkpt>
      <trkpt lat="46.207544" lon="13.680665">
        <ele>182.214021</ele>
        <time>2026-07-28T22:03:06.078Z</time>
      </trkpt>
      <trkpt lat="46.207577" lon="13.680497">
        <ele>181.923403</ele>
        <time>2026-07-28T22:03:07.206Z</time>
      </trkpt>
      <trkpt lat="46.207594" lon="13.680041">
        <ele>181.163457</ele>
        <time>2026-07-28T22:03:10.166Z</time>
      </trkpt>
      <trkpt lat="46.207664" lon="13.679773">
        <ele>180.686761</ele>
        <time>2026-07-28T22:03:12.043Z</time>
      </trkpt>
      <trkpt lat="46.207928" lon="13.679208">
        <ele>179.265155</ele>
        <time>2026-07-28T22:03:16.642Z</time>
      </trkpt>
      <trkpt lat="46.208153" lon="13.678611">
        <ele>177.822368</ele>
        <time>2026-07-28T22:03:21.578Z</time>
      </trkpt>
      <trkpt lat="46.208666" lon="13.677687">
        <ele>175.308182</ele>
        <time>2026-07-28T22:03:30.205Z</time>
      </trkpt>
      <trkpt lat="46.208861" lon="13.677157">
        <ele>174.823356</ele>
        <time>2026-07-28T22:03:34.671Z</time>
      </trkpt>
      <trkpt lat="46.208908" lon="13.676968">
        <ele>174.719148</ele>
        <time>2026-07-28T22:03:36.133Z</time>
      </trkpt>
      <trkpt lat="46.209053" lon="13.676378">
        <ele>174.394276</ele>
        <time>2026-07-28T22:03:40.799Z</time>
      </trkpt>
      <trkpt lat="46.209130" lon="13.675820">
        <ele>174.099041</ele>
        <time>2026-07-28T22:03:45.981Z</time>
      </trkpt>
      <trkpt lat="46.209158" lon="13.675574">
        <ele>173.969682</ele>
        <time>2026-07-28T22:03:49.413Z</time>
      </trkpt>
      <trkpt lat="46.209244" lon="13.675208">
        <ele>173.769123</ele>
        <time>2026-07-28T22:03:55.325Z</time>
      </trkpt>
      <trkpt lat="46.209386" lon="13.674705">
        <ele>174.425670</ele>
        <time>2026-07-28T22:04:04.132Z</time>
      </trkpt>
      <trkpt lat="46.209666" lon="13.674053">
        <ele>175.566050</ele>
        <time>2026-07-28T22:04:16.674Z</time>
      </trkpt>
      <trkpt lat="46.209737" lon="13.673827">
        <ele>175.934906</ele>
        <time>2026-07-28T22:04:20.840Z</time>
      </trkpt>
      <trkpt lat="46.209777" lon="13.673552">
        <ele>176.352524</ele>
        <time>2026-07-28T22:04:25.450Z</time>
      </trkpt>
      <trkpt lat="46.209928" lon="13.672844">
        <ele>177.453543</ele>
        <time>2026-07-28T22:04:36.948Z</time>
      </trkpt>
      <trkpt lat="46.209964" lon="13.672453">
        <ele>177.956436</ele>
        <time>2026-07-28T22:04:43.767Z</time>
      </trkpt>
      <trkpt lat="46.210137" lon="13.671883">
        <ele>178.709034</ele>
        <time>2026-07-28T22:04:56.247Z</time>
      </trkpt>
      <trkpt lat="46.210157" lon="13.671543">
        <ele>179.121632</ele>
        <time>2026-07-28T22:05:02.580Z</time>
      </trkpt>
      <trkpt lat="46.210134" lon="13.671217">
        <ele>179.517862</ele>
        <time>2026-07-28T22:05:07.362Z</time>
      </trkpt>
      <trkpt lat="46.210064" lon="13.670934">
        <ele>179.881257</ele>
        <time>2026-07-28T22:05:10.733Z</time>
      </trkpt>
      <trkpt lat="46.209883" lon="13.670555">
        <ele>180.438067</ele>
        <time>2026-07-28T22:05:15.089Z</time>
      </trkpt>
      <trkpt lat="46.209831" lon="13.670409">
        <ele>180.636615</ele>
        <time>2026-07-28T22:05:16.675Z</time>
      </trkpt>
      <trkpt lat="46.209824" lon="13.670264">
        <ele>180.844166</ele>
        <time>2026-07-28T22:05:18.172Z</time>
      </trkpt>
      <trkpt lat="46.209880" lon="13.670063">
        <ele>181.214569</ele>
        <time>2026-07-28T22:05:20.660Z</time>
      </trkpt>
      <trkpt lat="46.210024" lon="13.669761">
        <ele>181.841509</ele>
        <time>2026-07-28T22:05:25.526Z</time>
      </trkpt>
      <trkpt lat="46.210809" lon="13.667712">
        <ele>186.745566</ele>
        <time>2026-07-28T22:06:07.535Z</time>
      </trkpt>
      <trkpt lat="46.210907" lon="13.667539">
        <ele>187.644087</ele>
        <time>2026-07-28T22:06:14.581Z</time>
      </trkpt>
      <trkpt lat="46.211060" lon="13.667114">
        <ele>189.569436</ele>
        <time>2026-07-28T22:06:31.746Z</time>
      </trkpt>
      <trkpt lat="46.211197" lon="13.666569">
        <ele>191.899781</ele>
        <time>2026-07-28T22:06:51.710Z</time>
      </trkpt>
      <trkpt lat="46.211223" lon="13.666210">
        <ele>193.350449</ele>
        <time>2026-07-28T22:07:01.167Z</time>
      </trkpt>
      <trkpt lat="46.211225" lon="13.664498">
        <ele>198.630450</ele>
        <time>2026-07-28T22:07:35.837Z</time>
      </trkpt>
      <trkpt lat="46.211216" lon="13.664173">
        <ele>199.483481</ele>
        <time>2026-07-28T22:07:42.989Z</time>
      </trkpt>
      <trkpt lat="46.211112" lon="13.663131">
        <ele>202.244523</ele>
        <time>2026-07-28T22:08:05.248Z</time>
      </trkpt>
      <trkpt lat="46.211064" lon="13.662832">
        <ele>202.844123</ele>
        <time>2026-07-28T22:08:11.015Z</time>
      </trkpt>
      <trkpt lat="46.210869" lon="13.661958">
        <ele>204.439362</ele>
        <time>2026-07-28T22:08:27.003Z</time>
      </trkpt>
      <trkpt lat="46.210853" lon="13.661668">
        <ele>204.944737</ele>
        <time>2026-07-28T22:08:31.924Z</time>
      </trkpt>
      <trkpt lat="46.210892" lon="13.660478">
        <ele>206.937283</ele>
        <time>2026-07-28T22:08:52.068Z</time>
      </trkpt>
      <trkpt lat="46.210936" lon="13.660105">
        <ele>206.720738</ele>
        <time>2026-07-28T22:08:57.873Z</time>
      </trkpt>
      <trkpt lat="46.211109" lon="13.659199">
        <ele>206.182863</ele>
        <time>2026-07-28T22:09:09.105Z</time>
      </trkpt>
      <trkpt lat="46.211250" lon="13.658901">
        <ele>205.976266</ele>
        <time>2026-07-28T22:09:12.294Z</time>
      </trkpt>
      <trkpt lat="46.211514" lon="13.658542">
        <ele>205.676469</ele>
        <time>2026-07-28T22:09:15.963Z</time>
      </trkpt>
      <trkpt lat="46.211615" lon="13.658228">
        <ele>205.478307</ele>
        <time>2026-07-28T22:09:18.239Z</time>
      </trkpt>
      <trkpt lat="46.211887" lon="13.657190">
        <ele>205.186100</ele>
        <time>2026-07-28T22:09:25.625Z</time>
      </trkpt>
      <trkpt lat="46.212037" lon="13.656934">
        <ele>205.099353</ele>
        <time>2026-07-28T22:09:29.536Z</time>
      </trkpt>
      <trkpt lat="46.212242" lon="13.656675">
        <ele>204.997592</ele>
        <time>2026-07-28T22:09:36.680Z</time>
      </trkpt>
      <trkpt lat="46.212334" lon="13.656611">
        <ele>204.959434</ele>
        <time>2026-07-28T22:09:39.704Z</time>
      </trkpt>
      <trkpt lat="46.212487" lon="13.656563">
        <ele>204.900925</ele>
        <time>2026-07-28T22:09:44.192Z</time>
      </trkpt>
      <trkpt lat="46.212804" lon="13.656538">
        <ele>204.829512</ele>
        <time>2026-07-28T22:09:53.461Z</time>
      </trkpt>
      <trkpt lat="46.212875" lon="13.656494">
        <ele>204.895220</ele>
        <time>2026-07-28T22:09:55.473Z</time>
      </trkpt>
      <trkpt lat="46.212910" lon="13.656434">
        <ele>204.941408</ele>
        <time>2026-07-28T22:09:56.868Z</time>
      </trkpt>
      <trkpt lat="46.212970" lon="13.656210">
        <ele>205.082781</ele>
        <time>2026-07-28T22:10:01.167Z</time>
      </trkpt>
      <trkpt lat="46.212973" lon="13.656152">
        <ele>205.117013</ele>
        <time>2026-07-28T22:10:02.161Z</time>
      </trkpt>
      <trkpt lat="46.212903" lon="13.656021">
        <ele>205.214429</ele>
        <time>2026-07-28T22:10:04.585Z</time>
      </trkpt>
      <trkpt lat="46.212713" lon="13.655878">
        <ele>205.396639</ele>
        <time>2026-07-28T22:10:08.582Z</time>
      </trkpt>
      <trkpt lat="46.212604" lon="13.655759">
        <ele>205.512833</ele>
        <time>2026-07-28T22:10:10.161Z</time>
      </trkpt>
      <trkpt lat="46.212553" lon="13.655661">
        <ele>205.585004</ele>
        <time>2026-07-28T22:10:11.071Z</time>
      </trkpt>
      <trkpt lat="46.212501" lon="13.655452">
        <ele>205.715727</ele>
        <time>2026-07-28T22:10:12.726Z</time>
      </trkpt>
      <trkpt lat="46.212444" lon="13.655001">
        <ele>205.985566</ele>
        <time>2026-07-28T22:10:16.234Z</time>
      </trkpt>
      <trkpt lat="46.212372" lon="13.654689">
        <ele>206.179144</ele>
        <time>2026-07-28T22:10:19.739Z</time>
      </trkpt>
      <trkpt lat="46.212233" lon="13.654279">
        <ele>206.424067</ele>
        <time>2026-07-28T22:10:27.643Z</time>
      </trkpt>
      <trkpt lat="46.212208" lon="13.653226">
        <ele>206.922546</ele>
        <time>2026-07-28T22:10:49.110Z</time>
      </trkpt>
      <trkpt lat="46.212054" lon="13.651238">
        <ele>205.242144</ele>
        <time>2026-07-28T22:11:06.414Z</time>
      </trkpt>
      <trkpt lat="46.211894" lon="13.650065">
        <ele>201.055926</ele>
        <time>2026-07-28T22:11:13.828Z</time>
      </trkpt>
      <trkpt lat="46.211694" lon="13.649122">
        <ele>198.226114</ele>
        <time>2026-07-28T22:11:19.927Z</time>
      </trkpt>
      <trkpt lat="46.211674" lon="13.648861">
        <ele>197.979056</ele>
        <time>2026-07-28T22:11:21.647Z</time>
      </trkpt>
      <trkpt lat="46.211680" lon="13.648587">
        <ele>197.721139</ele>
        <time>2026-07-28T22:11:23.559Z</time>
      </trkpt>
      <trkpt lat="46.211755" lon="13.648169">
        <ele>197.314868</ele>
        <time>2026-07-28T22:11:27.307Z</time>
      </trkpt>
      <trkpt lat="46.211977" lon="13.647109">
        <ele>196.272917</ele>
        <time>2026-07-28T22:11:43.932Z</time>
      </trkpt>
      <trkpt lat="46.212160" lon="13.646452">
        <ele>195.611427</ele>
        <time>2026-07-28T22:11:52.765Z</time>
      </trkpt>
      <trkpt lat="46.212319" lon="13.645667">
        <ele>194.851108</ele>
        <time>2026-07-28T22:11:59.286Z</time>
      </trkpt>
      <trkpt lat="46.212384" lon="13.645297">
        <ele>194.496261</ele>
        <time>2026-07-28T22:12:01.856Z</time>
      </trkpt>
      <trkpt lat="46.212391" lon="13.645026">
        <ele>194.244176</ele>
        <time>2026-07-28T22:12:03.660Z</time>
      </trkpt>
      <trkpt lat="46.212369" lon="13.644490">
        <ele>193.745059</ele>
        <time>2026-07-28T22:12:07.335Z</time>
      </trkpt>
      <trkpt lat="46.212618" lon="13.643182">
        <ele>194.090877</ele>
        <time>2026-07-28T22:12:27.164Z</time>
      </trkpt>
      <trkpt lat="46.212666" lon="13.642698">
        <ele>194.294511</ele>
        <time>2026-07-28T22:12:32.747Z</time>
      </trkpt>
      <trkpt lat="46.212800" lon="13.641824">
        <ele>194.667339</ele>
        <time>2026-07-28T22:12:41.085Z</time>
      </trkpt>
      <trkpt lat="46.212903" lon="13.641482">
        <ele>195.557224</ele>
        <time>2026-07-28T22:12:47.319Z</time>
      </trkpt>
      <trkpt lat="46.213164" lon="13.640995">
        <ele>197.100497</ele>
        <time>2026-07-28T22:13:01.086Z</time>
      </trkpt>
      <trkpt lat="46.213485" lon="13.639970">
        <ele>199.919261</ele>
        <time>2026-07-28T22:13:26.027Z</time>
      </trkpt>
      <trkpt lat="46.213717" lon="13.639112">
        <ele>201.936867</ele>
        <time>2026-07-28T22:13:47.462Z</time>
      </trkpt>
      <trkpt lat="46.213701" lon="13.638393">
        <ele>203.235481</ele>
        <time>2026-07-28T22:14:02.247Z</time>
      </trkpt>
      <trkpt lat="46.213740" lon="13.638232">
        <ele>203.543412</ele>
        <time>2026-07-28T22:14:05.029Z</time>
      </trkpt>
      <trkpt lat="46.213712" lon="13.638127">
        <ele>203.746547</ele>
        <time>2026-07-28T22:14:06.696Z</time>
      </trkpt>
      <trkpt lat="46.213633" lon="13.637839">
        <ele>204.305806</ele>
        <time>2026-07-28T22:14:11.300Z</time>
      </trkpt>
      <trkpt lat="46.213662" lon="13.637445">
        <ele>205.021070</ele>
        <time>2026-07-28T22:14:17.249Z</time>
      </trkpt>
      <trkpt lat="46.213715" lon="13.637306">
        <ele>205.307566</ele>
        <time>2026-07-28T22:14:19.480Z</time>
      </trkpt>
      <trkpt lat="46.213727" lon="13.637127">
        <ele>205.632211</ele>
        <time>2026-07-28T22:14:21.999Z</time>
      </trkpt>
      <trkpt lat="46.213720" lon="13.637003">
        <ele>205.856800</ele>
        <time>2026-07-28T22:14:23.782Z</time>
      </trkpt>
      <trkpt lat="46.213661" lon="13.636842">
        <ele>205.710193</ele>
        <time>2026-07-28T22:14:26.494Z</time>
      </trkpt>
      <trkpt lat="46.213574" lon="13.636206">
        <ele>205.055842</ele>
        <time>2026-07-28T22:14:33.459Z</time>
      </trkpt>
      <trkpt lat="46.213634" lon="13.635915">
        <ele>204.749368</ele>
        <time>2026-07-28T22:14:36.129Z</time>
      </trkpt>
      <trkpt lat="46.213608" lon="13.635407">
        <ele>204.235232</ele>
        <time>2026-07-28T22:14:39.887Z</time>
      </trkpt>
      <trkpt lat="46.213580" lon="13.635235">
        <ele>204.056890</ele>
        <time>2026-07-28T22:14:41.121Z</time>
      </trkpt>
      <trkpt lat="46.213467" lon="13.634868">
        <ele>203.651453</ele>
        <time>2026-07-28T22:14:43.844Z</time>
      </trkpt>
      <trkpt lat="46.213346" lon="13.634361">
        <ele>203.154509</ele>
        <time>2026-07-28T22:14:47.452Z</time>
      </trkpt>
      <trkpt lat="46.213317" lon="13.634144">
        <ele>202.998746</ele>
        <time>2026-07-28T22:14:49.069Z</time>
      </trkpt>
      <trkpt lat="46.213355" lon="13.633880">
        <ele>202.808701</ele>
        <time>2026-07-28T22:14:51.209Z</time>
      </trkpt>
      <trkpt lat="46.213630" lon="13.633476">
        <ele>202.409301</ele>
        <time>2026-07-28T22:14:57.477Z</time>
      </trkpt>
      <trkpt lat="46.213639" lon="13.633393">
        <ele>202.350091</ele>
        <time>2026-07-28T22:14:58.496Z</time>
      </trkpt>
      <trkpt lat="46.213628" lon="13.633283">
        <ele>202.271760</ele>
        <time>2026-07-28T22:14:59.780Z</time>
      </trkpt>
      <trkpt lat="46.213588" lon="13.633178">
        <ele>202.187285</ele>
        <time>2026-07-28T22:15:01.023Z</time>
      </trkpt>
      <trkpt lat="46.213260" lon="13.632750">
        <ele>201.737183</ele>
        <time>2026-07-28T22:15:06.549Z</time>
      </trkpt>
      <trkpt lat="46.213122" lon="13.632430">
        <ele>201.471441</ele>
        <time>2026-07-28T22:15:09.591Z</time>
      </trkpt>
      <trkpt lat="46.213080" lon="13.632167">
        <ele>201.351476</ele>
        <time>2026-07-28T22:15:12.055Z</time>
      </trkpt>
      <trkpt lat="46.213112" lon="13.631241">
        <ele>201.016791</ele>
        <time>2026-07-28T22:15:22.477Z</time>
      </trkpt>
      <trkpt lat="46.213043" lon="13.630173">
        <ele>200.629586</ele>
        <time>2026-07-28T22:15:34.019Z</time>
      </trkpt>
      <trkpt lat="46.212827" lon="13.629034">
        <ele>199.459439</ele>
        <time>2026-07-28T22:15:42.739Z</time>
      </trkpt>
      <trkpt lat="46.212715" lon="13.628610">
        <ele>198.866062</ele>
        <time>2026-07-28T22:15:45.835Z</time>
      </trkpt>
      <trkpt lat="46.212690" lon="13.628401">
        <ele>198.588751</ele>
        <time>2026-07-28T22:15:47.294Z</time>
      </trkpt>
      <trkpt lat="46.212703" lon="13.628113">
        <ele>198.211403</ele>
        <time>2026-07-28T22:15:49.337Z</time>
      </trkpt>
      <trkpt lat="46.213018" lon="13.627118">
        <ele>197.287670</ele>
        <time>2026-07-28T22:15:58.630Z</time>
      </trkpt>
      <trkpt lat="46.213145" lon="13.626582">
        <ele>197.766963</ele>
        <time>2026-07-28T22:16:06.763Z</time>
      </trkpt>
      <trkpt lat="46.213288" lon="13.626234">
        <ele>198.109362</ele>
        <time>2026-07-28T22:16:13.742Z</time>
      </trkpt>
      <trkpt lat="46.213819" lon="13.625259">
        <ele>199.159016</ele>
        <time>2026-07-28T22:16:33.967Z</time>
      </trkpt>
      <trkpt lat="46.214398" lon="13.624050">
        <ele>199.553982</ele>
        <time>2026-07-28T22:16:49.674Z</time>
      </trkpt>
      <trkpt lat="46.214718" lon="13.623034">
        <ele>199.779609</ele>
        <time>2026-07-28T22:17:01.140Z</time>
      </trkpt>
      <trkpt lat="46.214822" lon="13.622770">
        <ele>199.791941</ele>
        <time>2026-07-28T22:17:04.352Z</time>
      </trkpt>
      <trkpt lat="46.215650" lon="13.621155">
        <ele>199.489606</ele>
        <time>2026-07-28T22:17:25.412Z</time>
      </trkpt>
      <trkpt lat="46.216314" lon="13.620021">
        <ele>198.843891</ele>
        <time>2026-07-28T22:17:37.721Z</time>
      </trkpt>
      <trkpt lat="46.217786" lon="13.618219">
        <ele>197.366909</ele>
        <time>2026-07-28T22:18:02.475Z</time>
      </trkpt>
      <trkpt lat="46.218590" lon="13.617453">
        <ele>196.680941</ele>
        <time>2026-07-28T22:18:15.010Z</time>
      </trkpt>
      <trkpt lat="46.218861" lon="13.617247">
        <ele>196.480189</ele>
        <time>2026-07-28T22:18:18.668Z</time>
      </trkpt>
      <trkpt lat="46.219102" lon="13.617172">
        <ele>196.318561</ele>
        <time>2026-07-28T22:18:21.552Z</time>
      </trkpt>
      <trkpt lat="46.220016" lon="13.617269">
        <ele>195.717703</ele>
        <time>2026-07-28T22:18:32.653Z</time>
      </trkpt>
      <trkpt lat="46.220139" lon="13.617258">
        <ele>195.636906</ele>
        <time>2026-07-28T22:18:34.252Z</time>
      </trkpt>
      <trkpt lat="46.220320" lon="13.617230">
        <ele>195.517559</ele>
        <time>2026-07-28T22:18:36.813Z</time>
      </trkpt>
      <trkpt lat="46.220913" lon="13.616970">
        <ele>196.236921</ele>
        <time>2026-07-28T22:18:49.018Z</time>
      </trkpt>
      <trkpt lat="46.221563" lon="13.616842">
        <ele>197.023981</ele>
        <time>2026-07-28T22:19:06.496Z</time>
      </trkpt>
      <trkpt lat="46.221689" lon="13.616770">
        <ele>197.186539</ele>
        <time>2026-07-28T22:19:09.346Z</time>
      </trkpt>
      <trkpt lat="46.221773" lon="13.616684">
        <ele>197.310042</ele>
        <time>2026-07-28T22:19:11.316Z</time>
      </trkpt>
      <trkpt lat="46.221945" lon="13.616376">
        <ele>197.638601</ele>
        <time>2026-07-28T22:19:15.881Z</time>
      </trkpt>
      <trkpt lat="46.222269" lon="13.616004">
        <ele>196.992548</ele>
        <time>2026-07-28T22:19:21.146Z</time>
      </trkpt>
      <trkpt lat="46.222441" lon="13.615640">
        <ele>196.465286</ele>
        <time>2026-07-28T22:19:24.541Z</time>
      </trkpt>
      <trkpt lat="46.222622" lon="13.615342">
        <ele>195.990958</ele>
        <time>2026-07-28T22:19:27.315Z</time>
      </trkpt>
      <trkpt lat="46.222891" lon="13.614754">
        <ele>195.147763</ele>
        <time>2026-07-28T22:19:32.202Z</time>
      </trkpt>
      <trkpt lat="46.222997" lon="13.614627">
        <ele>194.909724</ele>
        <time>2026-07-28T22:19:33.709Z</time>
      </trkpt>
      <trkpt lat="46.224003" lon="13.614290">
        <ele>192.674065</ele>
        <time>2026-07-28T22:19:46.344Z</time>
      </trkpt>
      <trkpt lat="46.224159" lon="13.614172">
        <ele>192.274004</ele>
        <time>2026-07-28T22:19:48.118Z</time>
      </trkpt>
      <trkpt lat="46.224459" lon="13.613845">
        <ele>191.420259</ele>
        <time>2026-07-28T22:19:51.735Z</time>
      </trkpt>
      <trkpt lat="46.224721" lon="13.613610">
        <ele>190.719647</ele>
        <time>2026-07-28T22:19:54.782Z</time>
      </trkpt>
      <trkpt lat="46.225521" lon="13.613058">
        <ele>190.982074</ele>
        <time>2026-07-28T22:20:05.560Z</time>
      </trkpt>
      <trkpt lat="46.225620" lon="13.613042">
        <ele>191.047676</ele>
        <time>2026-07-28T22:20:07.475Z</time>
      </trkpt>
      <trkpt lat="46.227186" lon="13.613304">
        <ele>191.943544</ele>
        <time>2026-07-28T22:20:47.281Z</time>
      </trkpt>
      <trkpt lat="46.227419" lon="13.613292">
        <ele>192.046373</ele>
        <time>2026-07-28T22:20:50.939Z</time>
      </trkpt>
      <trkpt lat="46.227554" lon="13.613241">
        <ele>192.107914</ele>
        <time>2026-07-28T22:20:52.684Z</time>
      </trkpt>
      <trkpt lat="46.227683" lon="13.613156">
        <ele>192.170442</ele>
        <time>2026-07-28T22:20:54.315Z</time>
      </trkpt>
      <trkpt lat="46.228316" lon="13.612520">
        <ele>192.468497</ele>
        <time>2026-07-28T22:21:03.194Z</time>
      </trkpt>
      <trkpt lat="46.229358" lon="13.611396">
        <ele>192.655035</ele>
        <time>2026-07-28T22:21:25.187Z</time>
      </trkpt>
      <trkpt lat="46.230772" lon="13.609897">
        <ele>193.186669</ele>
        <time>2026-07-28T22:21:53.440Z</time>
      </trkpt>
      <trkpt lat="46.232157" lon="13.608784">
        <ele>193.651715</ele>
        <time>2026-07-28T22:22:18.987Z</time>
      </trkpt>
      <trkpt lat="46.232397" lon="13.608536">
        <ele>193.733204</ele>
        <time>2026-07-28T22:22:23.409Z</time>
      </trkpt>
      <trkpt lat="46.232656" lon="13.608154">
        <ele>193.850043</ele>
        <time>2026-07-28T22:22:29.077Z</time>
      </trkpt>
      <trkpt lat="46.233931" lon="13.605591">
        <ele>195.513275</ele>
        <time>2026-07-28T22:23:07.047Z</time>
      </trkpt>
      <trkpt lat="46.234032" lon="13.605428">
        <ele>195.739962</ele>
        <time>2026-07-28T22:23:09.973Z</time>
      </trkpt>
      <trkpt lat="46.234157" lon="13.605307">
        <ele>195.965245</ele>
        <time>2026-07-28T22:23:12.984Z</time>
      </trkpt>
      <trkpt lat="46.234353" lon="13.605206">
        <ele>196.276854</ele>
        <time>2026-07-28T22:23:17.346Z</time>
      </trkpt>
      <trkpt lat="46.235176" lon="13.605215">
        <ele>197.509377</ele>
        <time>2026-07-28T22:23:35.728Z</time>
      </trkpt>
      <trkpt lat="46.235495" lon="13.605227">
        <ele>198.262215</ele>
        <time>2026-07-28T22:23:43.340Z</time>
      </trkpt>
      <trkpt lat="46.235630" lon="13.605278">
        <ele>198.604974</ele>
        <time>2026-07-28T22:23:46.836Z</time>
      </trkpt>
      <trkpt lat="46.236298" lon="13.605894">
        <ele>200.551280</ele>
        <time>2026-07-28T22:24:07.211Z</time>
      </trkpt>
      <trkpt lat="46.236387" lon="13.605981">
        <ele>200.815190</ele>
        <time>2026-07-28T22:24:09.432Z</time>
      </trkpt>
      <trkpt lat="46.236398" lon="13.606063">
        <ele>200.957113</ele>
        <time>2026-07-28T22:24:10.533Z</time>
      </trkpt>
      <trkpt lat="46.236615" lon="13.606067">
        <ele>201.490210</ele>
        <time>2026-07-28T22:24:14.392Z</time>
      </trkpt>
      <trkpt lat="46.236821" lon="13.606082">
        <ele>201.999577</ele>
        <time>2026-07-28T22:24:18.553Z</time>
      </trkpt>
      <trkpt lat="46.236846" lon="13.606080">
        <ele>202.069078</ele>
        <time>2026-07-28T22:24:19.100Z</time>
      </trkpt>
      <trkpt lat="46.236990" lon="13.606073">
        <ele>202.469017</ele>
        <time>2026-07-28T22:24:22.776Z</time>
      </trkpt>
      <trkpt lat="46.237269" lon="13.605925">
        <ele>203.293946</ele>
        <time>2026-07-28T22:24:33.593Z</time>
      </trkpt>
      <trkpt lat="46.237517" lon="13.605969">
        <ele>203.987505</ele>
        <time>2026-07-28T22:24:43.869Z</time>
      </trkpt>
      <trkpt lat="46.237685" lon="13.605932">
        <ele>204.459217</ele>
        <time>2026-07-28T22:24:50.374Z</time>
      </trkpt>
      <trkpt lat="46.237954" lon="13.605781">
        <ele>205.260209</ele>
        <time>2026-07-28T22:24:59.940Z</time>
      </trkpt>
      <trkpt lat="46.238126" lon="13.605634">
        <ele>205.814823</ele>
        <time>2026-07-28T22:25:04.695Z</time>
      </trkpt>
      <trkpt lat="46.238313" lon="13.605369">
        <ele>206.541657</ele>
        <time>2026-07-28T22:25:09.054Z</time>
      </trkpt>
      <trkpt lat="46.238445" lon="13.605106">
        <ele>206.978422</ele>
        <time>2026-07-28T22:25:11.678Z</time>
      </trkpt>
      <trkpt lat="46.238946" lon="13.604432">
        <ele>207.071198</ele>
        <time>2026-07-28T22:25:18.969Z</time>
      </trkpt>
      <trkpt lat="46.239120" lon="13.604209">
        <ele>207.102720</ele>
        <time>2026-07-28T22:25:22.619Z</time>
      </trkpt>
      <trkpt lat="46.239441" lon="13.603799">
        <ele>207.160787</ele>
        <time>2026-07-28T22:25:31.835Z</time>
      </trkpt>
      <trkpt lat="46.240285" lon="13.602344">
        <ele>208.515432</ele>
        <time>2026-07-28T22:25:59.455Z</time>
      </trkpt>
      <trkpt lat="46.240367" lon="13.602088">
        <ele>208.788531</ele>
        <time>2026-07-28T22:26:04.127Z</time>
      </trkpt>
      <trkpt lat="46.240529" lon="13.601321">
        <ele>209.564850</ele>
        <time>2026-07-28T22:26:17.026Z</time>
      </trkpt>
      <trkpt lat="46.240607" lon="13.601160">
        <ele>209.684747</ele>
        <time>2026-07-28T22:26:19.563Z</time>
      </trkpt>
      <trkpt lat="46.240831" lon="13.600911">
        <ele>208.970117</ele>
        <time>2026-07-28T22:26:23.536Z</time>
      </trkpt>
      <trkpt lat="46.240963" lon="13.600675">
        <ele>208.439185</ele>
        <time>2026-07-28T22:26:25.900Z</time>
      </trkpt>
      <trkpt lat="46.241096" lon="13.600301">
        <ele>207.703542</ele>
        <time>2026-07-28T22:26:28.849Z</time>
      </trkpt>
      <trkpt lat="46.241140" lon="13.599724">
        <ele>206.688096</ele>
        <time>2026-07-28T22:26:32.702Z</time>
      </trkpt>
      <trkpt lat="46.241208" lon="13.599188">
        <ele>205.734845</ele>
        <time>2026-07-28T22:26:36.335Z</time>
      </trkpt>
      <trkpt lat="46.241320" lon="13.598389">
        <ele>204.606681</ele>
        <time>2026-07-28T22:26:42.056Z</time>
      </trkpt>
      <trkpt lat="46.241348" lon="13.598050">
        <ele>204.213472</ele>
        <time>2026-07-28T22:26:44.581Z</time>
      </trkpt>
      <trkpt lat="46.241350" lon="13.597141">
        <ele>203.166552</ele>
        <time>2026-07-28T22:26:51.827Z</time>
      </trkpt>
      <trkpt lat="46.241440" lon="13.596710">
        <ele>202.648028</ele>
        <time>2026-07-28T22:26:55.735Z</time>
      </trkpt>
      <trkpt lat="46.241974" lon="13.595384">
        <ele>202.698838</ele>
        <time>2026-07-28T22:27:11.037Z</time>
      </trkpt>
      <trkpt lat="46.242284" lon="13.594321">
        <ele>203.221311</ele>
        <time>2026-07-28T22:27:27.894Z</time>
      </trkpt>
      <trkpt lat="46.242453" lon="13.593855">
        <ele>203.515181</ele>
        <time>2026-07-28T22:27:35.679Z</time>
      </trkpt>
      <trkpt lat="46.243076" lon="13.592688">
        <ele>204.568945</ele>
        <time>2026-07-28T22:27:51.813Z</time>
      </trkpt>
      <trkpt lat="46.243293" lon="13.592202">
        <ele>204.982438</ele>
        <time>2026-07-28T22:27:59.655Z</time>
      </trkpt>
      <trkpt lat="46.243674" lon="13.591731">
        <ele>205.124105</ele>
        <time>2026-07-28T22:28:12.649Z</time>
      </trkpt>
      <trkpt lat="46.243961" lon="13.591325">
        <ele>204.977292</ele>
        <time>2026-07-28T22:28:20.182Z</time>
      </trkpt>
      <trkpt lat="46.244193" lon="13.590893">
        <ele>204.838978</ele>
        <time>2026-07-28T22:28:24.589Z</time>
      </trkpt>
      <trkpt lat="46.244405" lon="13.590375">
        <ele>204.686768</ele>
        <time>2026-07-28T22:28:29.066Z</time>
      </trkpt>
      <trkpt lat="46.244529" lon="13.590150">
        <ele>204.614014</ele>
        <time>2026-07-28T22:28:31.175Z</time>
      </trkpt>
      <trkpt lat="46.244776" lon="13.589818">
        <ele>204.783220</ele>
        <time>2026-07-28T22:28:35.008Z</time>
      </trkpt>
      <trkpt lat="46.245231" lon="13.589308">
        <ele>205.403804</ele>
        <time>2026-07-28T22:28:44.120Z</time>
      </trkpt>
      <trkpt lat="46.245922" lon="13.588660">
        <ele>206.291616</ele>
        <time>2026-07-28T22:29:03.373Z</time>
      </trkpt>
      <trkpt lat="46.246164" lon="13.588387">
        <ele>206.888573</ele>
        <time>2026-07-28T22:29:12.778Z</time>
      </trkpt>
      <trkpt lat="46.246283" lon="13.588247">
        <ele>207.424353</ele>
        <time>2026-07-28T22:29:17.002Z</time>
      </trkpt>
      <trkpt lat="46.246700" lon="13.587553">
        <ele>209.644828</ele>
        <time>2026-07-28T22:29:30.396Z</time>
      </trkpt>
      <trkpt lat="46.246762" lon="13.587490">
        <ele>209.909475</ele>
        <time>2026-07-28T22:29:32.161Z</time>
      </trkpt>
      <trkpt lat="46.247310" lon="13.587299">
        <ele>211.878149</ele>
        <time>2026-07-28T22:29:50.295Z</time>
      </trkpt>
      <trkpt lat="46.247501" lon="13.587164">
        <ele>212.620629</ele>
        <time>2026-07-28T22:29:57.719Z</time>
      </trkpt>
      <trkpt lat="46.248072" lon="13.586448">
        <ele>216.712638</ele>
        <time>2026-07-28T22:30:26.706Z</time>
      </trkpt>
      <trkpt lat="46.248152" lon="13.586385">
        <ele>217.217497</ele>
        <time>2026-07-28T22:30:34.587Z</time>
      </trkpt>
      <trkpt lat="46.248313" lon="13.586358">
        <ele>218.115769</ele>
        <time>2026-07-28T22:30:48.602Z</time>
      </trkpt>
      <trkpt lat="46.248341" lon="13.586302">
        <ele>218.380619</ele>
        <time>2026-07-28T22:30:51.998Z</time>
      </trkpt>
      <trkpt lat="46.248339" lon="13.586267">
        <ele>218.515218</ele>
        <time>2026-07-28T22:30:53.591Z</time>
      </trkpt>
      <trkpt lat="46.248333" lon="13.586001">
        <ele>219.535235</ele>
        <time>2026-07-28T22:31:03.594Z</time>
      </trkpt>
      <trkpt lat="46.248335" lon="13.585954">
        <ele>219.715708</ele>
        <time>2026-07-28T22:31:04.972Z</time>
      </trkpt>
      <trkpt lat="46.248282" lon="13.585932">
        <ele>220.021306</ele>
        <time>2026-07-28T22:31:06.939Z</time>
      </trkpt>
      <trkpt lat="46.248130" lon="13.585950">
        <ele>220.866539</ele>
        <time>2026-07-28T22:31:10.038Z</time>
      </trkpt>
      <trkpt lat="46.247762" lon="13.586151">
        <ele>222.876506</ele>
        <time>2026-07-28T22:31:13.433Z</time>
      </trkpt>
      <trkpt lat="46.247533" lon="13.586147">
        <ele>223.408299</ele>
        <time>2026-07-28T22:31:16.034Z</time>
      </trkpt>
      <trkpt lat="46.247450" lon="13.586128">
        <ele>223.603432</ele>
        <time>2026-07-28T22:31:19.254Z</time>
      </trkpt>
      <trkpt lat="46.247039" lon="13.585890">
        <ele>224.631485</ele>
        <time>2026-07-28T22:31:46.654Z</time>
      </trkpt>
      <trkpt lat="46.246715" lon="13.585821">
        <ele>225.391953</ele>
        <time>2026-07-28T22:31:58.462Z</time>
      </trkpt>
      <trkpt lat="46.246464" lon="13.585722">
        <ele>225.996086</ele>
        <time>2026-07-28T22:32:00.864Z</time>
      </trkpt>
      <trkpt lat="46.246202" lon="13.585516">
        <ele>226.688591</ele>
        <time>2026-07-28T22:32:03.751Z</time>
      </trkpt>
      <trkpt lat="46.246069" lon="13.585314">
        <ele>227.498683</ele>
        <time>2026-07-28T22:32:06.028Z</time>
      </trkpt>
      <trkpt lat="46.245828" lon="13.584142">
        <ele>232.912520</ele>
        <time>2026-07-28T22:32:44.831Z</time>
      </trkpt>
      <trkpt lat="46.245829" lon="13.583778">
        <ele>234.524228</ele>
        <time>2026-07-28T22:33:01.254Z</time>
      </trkpt>
      <trkpt lat="46.245859" lon="13.583540">
        <ele>235.595391</ele>
        <time>2026-07-28T22:33:11.894Z</time>
      </trkpt>
      <trkpt lat="46.245912" lon="13.583487">
        <ele>236.007963</ele>
        <time>2026-07-28T22:33:15.866Z</time>
      </trkpt>
      <trkpt lat="46.245917" lon="13.583380">
        <ele>236.482810</ele>
        <time>2026-07-28T22:33:20.242Z</time>
      </trkpt>
      <trkpt lat="46.246018" lon="13.582838">
        <ele>238.516529</ele>
        <time>2026-07-28T22:33:36.991Z</time>
      </trkpt>
      <trkpt lat="46.246157" lon="13.582367">
        <ele>238.822231</ele>
        <time>2026-07-28T22:33:43.336Z</time>
      </trkpt>
      <trkpt lat="46.246638" lon="13.581135">
        <ele>239.666799</ele>
        <time>2026-07-28T22:33:56.415Z</time>
      </trkpt>
      <trkpt lat="46.246724" lon="13.581014">
        <ele>239.770378</ele>
        <time>2026-07-28T22:33:57.806Z</time>
      </trkpt>
      <trkpt lat="46.246810" lon="13.580953">
        <ele>239.853064</ele>
        <time>2026-07-28T22:33:58.936Z</time>
      </trkpt>
      <trkpt lat="46.246962" lon="13.580878">
        <ele>239.991701</ele>
        <time>2026-07-28T22:34:00.828Z</time>
      </trkpt>
      <trkpt lat="46.247003" lon="13.580855">
        <ele>239.938394</ele>
        <time>2026-07-28T22:34:01.336Z</time>
      </trkpt>
      <trkpt lat="46.247104" lon="13.580798">
        <ele>239.755656</ele>
        <time>2026-07-28T22:34:02.607Z</time>
      </trkpt>
      <trkpt lat="46.247184" lon="13.580784">
        <ele>239.619835</ele>
        <time>2026-07-28T22:34:03.556Z</time>
      </trkpt>
      <trkpt lat="46.247300" lon="13.580740">
        <ele>239.417706</ele>
        <time>2026-07-28T22:34:04.976Z</time>
      </trkpt>
      <trkpt lat="46.247373" lon="13.580672">
        <ele>239.271348</ele>
        <time>2026-07-28T22:34:06.019Z</time>
      </trkpt>
      <trkpt lat="46.247550" lon="13.580419">
        <ele>238.851871</ele>
        <time>2026-07-28T22:34:09.026Z</time>
      </trkpt>
      <trkpt lat="46.247675" lon="13.580163">
        <ele>238.486600</ele>
        <time>2026-07-28T22:34:11.456Z</time>
      </trkpt>
      <trkpt lat="46.247721" lon="13.580024">
        <ele>238.306989</ele>
        <time>2026-07-28T22:34:12.616Z</time>
      </trkpt>
      <trkpt lat="46.247820" lon="13.579272">
        <ele>237.414738</ele>
        <time>2026-07-28T22:34:18.019Z</time>
      </trkpt>
      <trkpt lat="46.247749" lon="13.579181">
        <ele>237.254829</ele>
        <time>2026-07-28T22:34:19.023Z</time>
      </trkpt>
      <trkpt lat="46.247638" lon="13.579123">
        <ele>237.055902</ele>
        <time>2026-07-28T22:34:20.352Z</time>
      </trkpt>
      <trkpt lat="46.247645" lon="13.579036">
        <ele>236.959992</ele>
        <time>2026-07-28T22:34:21.065Z</time>
      </trkpt>
      <trkpt lat="46.247655" lon="13.578740">
        <ele>236.774104</ele>
        <time>2026-07-28T22:34:23.598Z</time>
      </trkpt>
      <trkpt lat="46.247688" lon="13.578489">
        <ele>236.613844</ele>
        <time>2026-07-28T22:34:26.354Z</time>
      </trkpt>
      <trkpt lat="46.247894" lon="13.577791">
        <ele>236.137820</ele>
        <time>2026-07-28T22:34:34.453Z</time>
      </trkpt>
      <trkpt lat="46.247901" lon="13.577765">
        <ele>236.120319</ele>
        <time>2026-07-28T22:34:34.695Z</time>
      </trkpt>
      <trkpt lat="46.248121" lon="13.576788">
        <ele>235.475829</ele>
        <time>2026-07-28T22:34:42.786Z</time>
      </trkpt>
      <trkpt lat="46.248197" lon="13.576408">
        <ele>235.351421</ele>
        <time>2026-07-28T22:34:45.928Z</time>
      </trkpt>
      <trkpt lat="46.248871" lon="13.573177">
        <ele>235.712631</ele>
        <time>2026-07-28T22:35:24.899Z</time>
      </trkpt>
      <trkpt lat="46.248948" lon="13.572776">
        <ele>235.774426</ele>
        <time>2026-07-28T22:35:28.609Z</time>
      </trkpt>
      <trkpt lat="46.249378" lon="13.570604">
        <ele>237.504351</ele>
        <time>2026-07-28T22:35:53.432Z</time>
      </trkpt>
      <trkpt lat="46.249665" lon="13.568825">
        <ele>239.847980</ele>
        <time>2026-07-28T22:36:32.081Z</time>
      </trkpt>
      <trkpt lat="46.249774" lon="13.567344">
        <ele>239.543108</ele>
        <time>2026-07-28T22:36:48.922Z</time>
      </trkpt>
      <trkpt lat="46.249896" lon="13.566135">
        <ele>239.250469</ele>
        <time>2026-07-28T22:36:57.323Z</time>
      </trkpt>
      <trkpt lat="46.249873" lon="13.565547">
        <ele>239.059645</ele>
        <time>2026-07-28T22:37:01.487Z</time>
      </trkpt>
      <trkpt lat="46.249821" lon="13.565162">
        <ele>238.932542</ele>
        <time>2026-07-28T22:37:04.981Z</time>
      </trkpt>
      <trkpt lat="46.249622" lon="13.564200">
        <ele>238.607192</ele>
        <time>2026-07-28T22:37:20.432Z</time>
      </trkpt>
      <trkpt lat="46.249442" lon="13.562997">
        <ele>238.925799</ele>
        <time>2026-07-28T22:37:37.889Z</time>
      </trkpt>
      <trkpt lat="46.249149" lon="13.560513">
        <ele>239.616417</ele>
        <time>2026-07-28T22:38:03.926Z</time>
      </trkpt>
      <trkpt lat="46.248729" lon="13.556867">
        <ele>238.826512</ele>
        <time>2026-07-28T22:38:42.281Z</time>
      </trkpt>
      <trkpt lat="46.248569" lon="13.555452">
        <ele>238.030881</ele>
        <time>2026-07-28T22:38:52.782Z</time>
      </trkpt>
      <trkpt lat="46.248348" lon="13.554561">
        <ele>237.404530</ele>
        <time>2026-07-28T22:39:01.457Z</time>
      </trkpt>
      <trkpt lat="46.248009" lon="13.553436">
        <ele>236.754075</ele>
        <time>2026-07-28T22:39:13.109Z</time>
      </trkpt>
      <trkpt lat="46.247848" lon="13.552532">
        <ele>236.521694</ele>
        <time>2026-07-28T22:39:24.161Z</time>
      </trkpt>
      <trkpt lat="46.247612" lon="13.550880">
        <ele>236.013677</ele>
        <time>2026-07-28T22:39:38.589Z</time>
      </trkpt>
      <trkpt lat="46.247550" lon="13.550598">
        <ele>235.876571</ele>
        <time>2026-07-28T22:39:40.976Z</time>
      </trkpt>
      <trkpt lat="46.247183" lon="13.549488">
        <ele>235.306507</ele>
        <time>2026-07-28T22:39:51.424Z</time>
      </trkpt>
      <trkpt lat="46.247133" lon="13.549131">
        <ele>235.137736</ele>
        <time>2026-07-28T22:39:54.919Z</time>
      </trkpt>
      <trkpt lat="46.247268" lon="13.547457">
        <ele>235.332760</ele>
        <time>2026-07-28T22:40:13.883Z</time>
      </trkpt>
      <trkpt lat="46.247386" lon="13.546679">
        <ele>235.524617</ele>
        <time>2026-07-28T22:40:23.945Z</time>
      </trkpt>
      <trkpt lat="46.247555" lon="13.545609">
        <ele>236.015934</ele>
        <time>2026-07-28T22:40:35.444Z</time>
      </trkpt>
      <trkpt lat="46.247581" lon="13.545208">
        <ele>236.247571</ele>
        <time>2026-07-28T22:40:39.773Z</time>
      </trkpt>
      <trkpt lat="46.247583" lon="13.544854">
        <ele>236.451172</ele>
        <time>2026-07-28T22:40:43.823Z</time>
      </trkpt>
      <trkpt lat="46.247521" lon="13.544027">
        <ele>236.929589</ele>
        <time>2026-07-28T22:40:55.083Z</time>
      </trkpt>
      <trkpt lat="46.247381" lon="13.543288">
        <ele>237.447078</ele>
        <time>2026-07-28T22:41:07.928Z</time>
      </trkpt>
      <trkpt lat="46.246815" lon="13.540791">
        <ele>239.030994</ele>
        <time>2026-07-28T22:41:41.526Z</time>
      </trkpt>
      <trkpt lat="46.246738" lon="13.540321">
        <ele>238.980927</ele>
        <time>2026-07-28T22:41:46.331Z</time>
      </trkpt>
      <trkpt lat="46.246691" lon="13.539187">
        <ele>238.863169</ele>
        <time>2026-07-28T22:41:56.123Z</time>
      </trkpt>
      <trkpt lat="46.246611" lon="13.538542">
        <ele>238.917456</ele>
        <time>2026-07-28T22:42:01.729Z</time>
      </trkpt>
      <trkpt lat="46.246456" lon="13.537649">
        <ele>239.666928</ele>
        <time>2026-07-28T22:42:14.067Z</time>
      </trkpt>
      <trkpt lat="46.246723" lon="13.537541">
        <ele>239.993277</ele>
        <time>2026-07-28T22:42:20.767Z</time>
      </trkpt>
      <trkpt lat="46.246824" lon="13.537466">
        <ele>240.126923</ele>
        <time>2026-07-28T22:42:23.415Z</time>
      </trkpt>
      <trkpt lat="46.246896" lon="13.537387">
        <ele>240.233310</ele>
        <time>2026-07-28T22:42:25.511Z</time>
      </trkpt>
      <trkpt lat="46.246999" lon="13.537204">
        <ele>240.425378</ele>
        <time>2026-07-28T22:42:28.858Z</time>
      </trkpt>
      <trkpt lat="46.247137" lon="13.536624">
        <ele>240.924671</ele>
        <time>2026-07-28T22:42:36.066Z</time>
      </trkpt>
      <trkpt lat="46.247218" lon="13.536154">
        <ele>242.112755</ele>
        <time>2026-07-28T22:42:42.983Z</time>
      </trkpt>
      <trkpt lat="46.247213" lon="13.535647">
        <ele>243.359734</ele>
        <time>2026-07-28T22:42:52.594Z</time>
      </trkpt>
      <trkpt lat="46.247136" lon="13.534658">
        <ele>245.807322</ele>
        <time>2026-07-28T22:43:17.332Z</time>
      </trkpt>
      <trkpt lat="46.247038" lon="13.534281">
        <ele>246.797807</ele>
        <time>2026-07-28T22:43:26.858Z</time>
      </trkpt>
      <trkpt lat="46.246909" lon="13.533531">
        <ele>248.151519</ele>
        <time>2026-07-28T22:43:41.836Z</time>
      </trkpt>
      <trkpt lat="46.246903" lon="13.532184">
        <ele>250.147418</ele>
        <time>2026-07-28T22:44:05.203Z</time>
      </trkpt>
      <trkpt lat="46.246552" lon="13.530711">
        <ele>250.839017</ele>
        <time>2026-07-28T22:44:27.170Z</time>
      </trkpt>
      <trkpt lat="46.246496" lon="13.530592">
        <ele>250.782809</ele>
        <time>2026-07-28T22:44:28.846Z</time>
      </trkpt>
      <trkpt lat="46.246459" lon="13.530503">
        <ele>250.742258</ele>
        <time>2026-07-28T22:44:30.025Z</time>
      </trkpt>
      <trkpt lat="46.246339" lon="13.529872">
        <ele>250.486706</ele>
        <time>2026-07-28T22:44:37.420Z</time>
      </trkpt>
      <trkpt lat="46.246234" lon="13.528934">
        <ele>250.236843</ele>
        <time>2026-07-28T22:44:49.215Z</time>
      </trkpt>
      <trkpt lat="46.246069" lon="13.528150">
        <ele>250.779085</ele>
        <time>2026-07-28T22:45:00.543Z</time>
      </trkpt>
      <trkpt lat="46.245973" lon="13.527890">
        <ele>250.974105</ele>
        <time>2026-07-28T22:45:06.238Z</time>
      </trkpt>
      <trkpt lat="46.245974" lon="13.527833">
        <ele>251.011833</ele>
        <time>2026-07-28T22:45:07.184Z</time>
      </trkpt>
      <trkpt lat="46.246165" lon="13.527623">
        <ele>251.241405</ele>
        <time>2026-07-28T22:45:13.033Z</time>
      </trkpt>
      <trkpt lat="46.246245" lon="13.527550">
        <ele>251.331914</ele>
        <time>2026-07-28T22:45:15.383Z</time>
      </trkpt>
      <trkpt lat="46.246342" lon="13.527397">
        <ele>251.469252</ele>
        <time>2026-07-28T22:45:18.966Z</time>
      </trkpt>
      <trkpt lat="46.246579" lon="13.526603">
        <ele>252.397001</ele>
        <time>2026-07-28T22:45:29.711Z</time>
      </trkpt>
      <trkpt lat="46.246755" lon="13.525493">
        <ele>254.825621</ele>
        <time>2026-07-28T22:45:45.565Z</time>
      </trkpt>
      <trkpt lat="46.246890" lon="13.525022">
        <ele>255.912933</ele>
        <time>2026-07-28T22:45:55.522Z</time>
      </trkpt>
      <trkpt lat="46.247240" lon="13.524519">
        <ele>257.441325</ele>
        <time>2026-07-28T22:46:13.457Z</time>
      </trkpt>
      <trkpt lat="46.247337" lon="13.524331">
        <ele>258.457190</ele>
        <time>2026-07-28T22:46:20.241Z</time>
      </trkpt>
      <trkpt lat="46.247597" lon="13.522961">
        <ele>264.609931</ele>
        <time>2026-07-28T22:47:04.314Z</time>
      </trkpt>
      <trkpt lat="46.248041" lon="13.521752">
        <ele>270.019312</ele>
        <time>2026-07-28T22:47:37.483Z</time>
      </trkpt>
      <trkpt lat="46.248398" lon="13.521274">
        <ele>272.209318</ele>
        <time>2026-07-28T22:47:56.169Z</time>
      </trkpt>
      <trkpt lat="46.248843" lon="13.520937">
        <ele>274.470427</ele>
        <time>2026-07-28T22:48:14.708Z</time>
      </trkpt>
      <trkpt lat="46.249077" lon="13.520603">
        <ele>275.950392</ele>
        <time>2026-07-28T22:48:24.648Z</time>
      </trkpt>
      <trkpt lat="46.249257" lon="13.520229">
        <ele>277.222749</ele>
        <time>2026-07-28T22:48:31.323Z</time>
      </trkpt>
      <trkpt lat="46.249443" lon="13.519706">
        <ele>278.592660</ele>
        <time>2026-07-28T22:48:37.927Z</time>
      </trkpt>
      <trkpt lat="46.249481" lon="13.519505">
        <ele>279.078038</ele>
        <time>2026-07-28T22:48:40.754Z</time>
      </trkpt>
      <trkpt lat="46.249491" lon="13.518877">
        <ele>280.541248</ele>
        <time>2026-07-28T22:48:53.062Z</time>
      </trkpt>
      <trkpt lat="46.249828" lon="13.518219">
        <ele>282.448536</ele>
        <time>2026-07-28T22:49:12.804Z</time>
      </trkpt>
      <trkpt lat="46.250042" lon="13.517354">
        <ele>285.620204</ele>
        <time>2026-07-28T22:49:34.760Z</time>
      </trkpt>
      <trkpt lat="46.250231" lon="13.516986">
        <ele>287.320622</ele>
        <time>2026-07-28T22:49:49.538Z</time>
      </trkpt>
      <trkpt lat="46.250383" lon="13.516737">
        <ele>288.552697</ele>
        <time>2026-07-28T22:50:00.617Z</time>
      </trkpt>
      <trkpt lat="46.250480" lon="13.516491">
        <ele>289.603163</ele>
        <time>2026-07-28T22:50:09.505Z</time>
      </trkpt>
      <trkpt lat="46.250630" lon="13.515850">
        <ele>292.113404</ele>
        <time>2026-07-28T22:50:24.991Z</time>
      </trkpt>
      <trkpt lat="46.250818" lon="13.515252">
        <ele>293.512689</ele>
        <time>2026-07-28T22:50:33.994Z</time>
      </trkpt>
      <trkpt lat="46.250895" lon="13.514571">
        <ele>294.779711</ele>
        <time>2026-07-28T22:50:39.794Z</time>
      </trkpt>
      <trkpt lat="46.250925" lon="13.514494">
        <ele>294.941991</ele>
        <time>2026-07-28T22:50:40.534Z</time>
      </trkpt>
      <trkpt lat="46.251117" lon="13.514174">
        <ele>295.719904</ele>
        <time>2026-07-28T22:50:44.994Z</time>
      </trkpt>
      <trkpt lat="46.251337" lon="13.513644">
        <ele>296.854926</ele>
        <time>2026-07-28T22:50:58.039Z</time>
      </trkpt>
      <trkpt lat="46.251590" lon="13.513123">
        <ele>299.354386</ele>
        <time>2026-07-28T22:51:19.586Z</time>
      </trkpt>
      <trkpt lat="46.251740" lon="13.512889">
        <ele>300.976660</ele>
        <time>2026-07-28T22:51:31.677Z</time>
      </trkpt>
      <trkpt lat="46.251888" lon="13.512773">
        <ele>302.214386</ele>
        <time>2026-07-28T22:51:40.800Z</time>
      </trkpt>
      <trkpt lat="46.252250" lon="13.512394">
        <ele>305.500306</ele>
        <time>2026-07-28T22:52:01.072Z</time>
      </trkpt>
      <trkpt lat="46.252340" lon="13.512260">
        <ele>306.450060</ele>
        <time>2026-07-28T22:52:05.656Z</time>
      </trkpt>
      <trkpt lat="46.252458" lon="13.511934">
        <ele>308.320847</ele>
        <time>2026-07-28T22:52:14.386Z</time>
      </trkpt>
      <trkpt lat="46.252478" lon="13.511689">
        <ele>309.575119</ele>
        <time>2026-07-28T22:52:20.406Z</time>
      </trkpt>
      <trkpt lat="46.252458" lon="13.511272">
        <ele>311.310243</ele>
        <time>2026-07-28T22:52:32.611Z</time>
      </trkpt>
      <trkpt lat="46.252496" lon="13.511016">
        <ele>312.210134</ele>
        <time>2026-07-28T22:52:43.185Z</time>
      </trkpt>
      <trkpt lat="46.252549" lon="13.510878">
        <ele>312.752672</ele>
        <time>2026-07-28T22:52:50.506Z</time>
      </trkpt>
      <trkpt lat="46.252885" lon="13.510461">
        <ele>314.953359</ele>
        <time>2026-07-28T22:53:14.411Z</time>
      </trkpt>
      <trkpt lat="46.252946" lon="13.510308">
        <ele>315.560347</ele>
        <time>2026-07-28T22:53:18.039Z</time>
      </trkpt>
      <trkpt lat="46.252949" lon="13.509756">
        <ele>317.457559</ele>
        <time>2026-07-28T22:53:22.475Z</time>
      </trkpt>
      <trkpt lat="46.252972" lon="13.509569">
        <ele>318.110342</ele>
        <time>2026-07-28T22:53:23.790Z</time>
      </trkpt>
      <trkpt lat="46.253033" lon="13.509373">
        <ele>318.849055</ele>
        <time>2026-07-28T22:53:25.805Z</time>
      </trkpt>
      <trkpt lat="46.253245" lon="13.509086">
        <ele>320.375447</ele>
        <time>2026-07-28T22:53:34.331Z</time>
      </trkpt>
      <trkpt lat="46.253297" lon="13.508955">
        <ele>320.944942</ele>
        <time>2026-07-28T22:53:37.954Z</time>
      </trkpt>
      <trkpt lat="46.253310" lon="13.508814">
        <ele>321.481248</ele>
        <time>2026-07-28T22:53:41.631Z</time>
      </trkpt>
      <trkpt lat="46.253337" lon="13.508396">
        <ele>323.064060</ele>
        <time>2026-07-28T22:53:52.825Z</time>
      </trkpt>
      <trkpt lat="46.253406" lon="13.507682">
        <ele>325.782157</ele>
        <time>2026-07-28T22:54:15.135Z</time>
      </trkpt>
      <trkpt lat="46.253471" lon="13.507492">
        <ele>326.581375</ele>
        <time>2026-07-28T22:54:24.462Z</time>
      </trkpt>
      <trkpt lat="46.253661" lon="13.507264">
        <ele>327.927537</ele>
        <time>2026-07-28T22:54:37.452Z</time>
      </trkpt>
      <trkpt lat="46.253718" lon="13.507188">
        <ele>328.350257</ele>
        <time>2026-07-28T22:54:40.792Z</time>
      </trkpt>
      <trkpt lat="46.253732" lon="13.507091">
        <ele>328.723848</ele>
        <time>2026-07-28T22:54:43.409Z</time>
      </trkpt>
      <trkpt lat="46.253670" lon="13.506818">
        <ele>329.739461</ele>
        <time>2026-07-28T22:54:48.787Z</time>
      </trkpt>
      <trkpt lat="46.253689" lon="13.506494">
        <ele>330.818115</ele>
        <time>2026-07-28T22:54:51.363Z</time>
      </trkpt>
      <trkpt lat="46.253732" lon="13.506362">
        <ele>331.302155</ele>
        <time>2026-07-28T22:54:52.530Z</time>
      </trkpt>
      <trkpt lat="46.253833" lon="13.506210">
        <ele>332.001456</ele>
        <time>2026-07-28T22:54:55.341Z</time>
      </trkpt>
      <trkpt lat="46.254176" lon="13.505701">
        <ele>334.359149</ele>
        <time>2026-07-28T22:55:15.903Z</time>
      </trkpt>
      <trkpt lat="46.254295" lon="13.505467">
        <ele>335.322716</ele>
        <time>2026-07-28T22:55:26.035Z</time>
      </trkpt>
      <trkpt lat="46.254343" lon="13.505328">
        <ele>335.838115</ele>
        <time>2026-07-28T22:55:31.037Z</time>
      </trkpt>
      <trkpt lat="46.254421" lon="13.504626">
        <ele>338.069956</ele>
        <time>2026-07-28T22:55:48.348Z</time>
      </trkpt>
      <trkpt lat="46.254416" lon="13.504465">
        <ele>338.395782</ele>
        <time>2026-07-28T22:55:51.159Z</time>
      </trkpt>
      <trkpt lat="46.254442" lon="13.504096">
        <ele>339.145662</ele>
        <time>2026-07-28T22:55:56.601Z</time>
      </trkpt>
      <trkpt lat="46.254518" lon="13.503667">
        <ele>340.040996</ele>
        <time>2026-07-28T22:56:00.521Z</time>
      </trkpt>
      <trkpt lat="46.254553" lon="13.503189">
        <ele>341.012782</ele>
        <time>2026-07-28T22:56:06.360Z</time>
      </trkpt>
      <trkpt lat="46.254585" lon="13.503053">
        <ele>341.303220</ele>
        <time>2026-07-28T22:56:08.855Z</time>
      </trkpt>
      <trkpt lat="46.254705" lon="13.502814">
        <ele>341.900361</ele>
        <time>2026-07-28T22:56:14.791Z</time>
      </trkpt>
      <trkpt lat="46.254817" lon="13.502621">
        <ele>342.409760</ele>
        <time>2026-07-28T22:56:21.181Z</time>
      </trkpt>
      <trkpt lat="46.255072" lon="13.502296">
        <ele>343.559023</ele>
        <time>2026-07-28T22:56:34.352Z</time>
      </trkpt>
      <trkpt lat="46.255153" lon="13.502028">
        <ele>344.487862</ele>
        <time>2026-07-28T22:56:40.781Z</time>
      </trkpt>
      <trkpt lat="46.255142" lon="13.501092">
        <ele>347.460735</ele>
        <time>2026-07-28T22:57:00.053Z</time>
      </trkpt>
      <trkpt lat="46.255074" lon="13.499728">
        <ele>351.896518</ele>
        <time>2026-07-28T22:57:30.932Z</time>
      </trkpt>
      <trkpt lat="46.255081" lon="13.499384">
        <ele>353.236085</ele>
        <time>2026-07-28T22:57:40.181Z</time>
      </trkpt>
      <trkpt lat="46.255214" lon="13.498174">
        <ele>358.005026</ele>
        <time>2026-07-28T22:58:20.911Z</time>
      </trkpt>
      <trkpt lat="46.255263" lon="13.497749">
        <ele>359.682132</ele>
        <time>2026-07-28T22:58:32.862Z</time>
      </trkpt>
      <trkpt lat="46.255238" lon="13.497614">
        <ele>360.226124</ele>
        <time>2026-07-28T22:58:35.820Z</time>
      </trkpt>
      <trkpt lat="46.255201" lon="13.497519">
        <ele>360.650527</ele>
        <time>2026-07-28T22:58:37.840Z</time>
      </trkpt>
      <trkpt lat="46.254877" lon="13.497117">
        <ele>362.328197</ele>
        <time>2026-07-28T22:58:44.117Z</time>
      </trkpt>
      <trkpt lat="46.254806" lon="13.496968">
        <ele>362.699984</ele>
        <time>2026-07-28T22:58:45.787Z</time>
      </trkpt>
      <trkpt lat="46.254783" lon="13.496850">
        <ele>362.951873</ele>
        <time>2026-07-28T22:58:47.072Z</time>
      </trkpt>
      <trkpt lat="46.254651" lon="13.495163">
        <ele>366.440082</ele>
        <time>2026-07-28T22:59:17.613Z</time>
      </trkpt>
      <trkpt lat="46.254706" lon="13.495000">
        <ele>366.812728</ele>
        <time>2026-07-28T22:59:22.612Z</time>
      </trkpt>
      <trkpt lat="46.255133" lon="13.494803">
        <ele>368.918751</ele>
        <time>2026-07-28T22:59:41.341Z</time>
      </trkpt>
      <trkpt lat="46.255224" lon="13.494633">
        <ele>369.627049</ele>
        <time>2026-07-28T22:59:46.415Z</time>
      </trkpt>
      <trkpt lat="46.255238" lon="13.494518">
        <ele>370.011751</ele>
        <time>2026-07-28T22:59:48.852Z</time>
      </trkpt>
      <trkpt lat="46.255191" lon="13.494358">
        <ele>370.584478</ele>
        <time>2026-07-28T22:59:52.042Z</time>
      </trkpt>
      <trkpt lat="46.255112" lon="13.494275">
        <ele>371.049733</ele>
        <time>2026-07-28T22:59:54.235Z</time>
      </trkpt>
      <trkpt lat="46.254779" lon="13.494078">
        <ele>372.764002</ele>
        <time>2026-07-28T23:00:01.250Z</time>
      </trkpt>
      <trkpt lat="46.254712" lon="13.493863">
        <ele>373.540954</ele>
        <time>2026-07-28T23:00:05.703Z</time>
      </trkpt>
      <trkpt lat="46.254735" lon="13.493681">
        <ele>374.150502</ele>
        <time>2026-07-28T23:00:09.989Z</time>
      </trkpt>
      <trkpt lat="46.255298" lon="13.491710">
        <ele>384.305477</ele>
        <time>2026-07-28T23:01:26.070Z</time>
      </trkpt>
      <trkpt lat="46.255475" lon="13.490949">
        <ele>388.391506</ele>
        <time>2026-07-28T23:01:47.895Z</time>
      </trkpt>
      <trkpt lat="46.255525" lon="13.490607">
        <ele>390.027863</ele>
        <time>2026-07-28T23:01:54.720Z</time>
      </trkpt>
      <trkpt lat="46.255521" lon="13.490413">
        <ele>390.921728</ele>
        <time>2026-07-28T23:01:58.273Z</time>
      </trkpt>
      <trkpt lat="46.255440" lon="13.489886">
        <ele>393.408074</ele>
        <time>2026-07-28T23:02:08.711Z</time>
      </trkpt>
      <trkpt lat="46.255443" lon="13.489714">
        <ele>394.200475</ele>
        <time>2026-07-28T23:02:13.199Z</time>
      </trkpt>
      <trkpt lat="46.255493" lon="13.489389">
        <ele>395.733869</ele>
        <time>2026-07-28T23:02:23.339Z</time>
      </trkpt>
      <trkpt lat="46.255683" lon="13.488897">
        <ele>398.329233</ele>
        <time>2026-07-28T23:02:46.138Z</time>
      </trkpt>
      <trkpt lat="46.255796" lon="13.488671">
        <ele>399.613697</ele>
        <time>2026-07-28T23:02:58.241Z</time>
      </trkpt>
      <trkpt lat="46.256085" lon="13.488284">
        <ele>401.043338</ele>
        <time>2026-07-28T23:03:17.649Z</time>
      </trkpt>
      <trkpt lat="46.256179" lon="13.488052">
        <ele>401.350200</ele>
        <time>2026-07-28T23:03:22.993Z</time>
      </trkpt>
      <trkpt lat="46.256188" lon="13.487966">
        <ele>401.449459</ele>
        <time>2026-07-28T23:03:24.363Z</time>
      </trkpt>
      <trkpt lat="46.256166" lon="13.487832">
        <ele>401.606630</ele>
        <time>2026-07-28T23:03:26.177Z</time>
      </trkpt>
      <trkpt lat="46.256048" lon="13.487380">
        <ele>402.157986</ele>
        <time>2026-07-28T23:03:30.448Z</time>
      </trkpt>
      <trkpt lat="46.256071" lon="13.487162">
        <ele>402.409644</ele>
        <time>2026-07-28T23:03:32.274Z</time>
      </trkpt>
      <trkpt lat="46.256173" lon="13.486771">
        <ele>402.886548</ele>
        <time>2026-07-28T23:03:35.956Z</time>
      </trkpt>
      <trkpt lat="46.256189" lon="13.486557">
        <ele>403.132185</ele>
        <time>2026-07-28T23:03:38.067Z</time>
      </trkpt>
      <trkpt lat="46.256180" lon="13.485995">
        <ele>404.041916</ele>
        <time>2026-07-28T23:03:42.641Z</time>
      </trkpt>
      <trkpt lat="46.256151" lon="13.485793">
        <ele>404.684711</ele>
        <time>2026-07-28T23:03:44.160Z</time>
      </trkpt>
      <trkpt lat="46.255988" lon="13.485334">
        <ele>406.292411</ele>
        <time>2026-07-28T23:03:48.138Z</time>
      </trkpt>
      <trkpt lat="46.255913" lon="13.485076">
        <ele>407.164419</ele>
        <time>2026-07-28T23:03:52.050Z</time>
      </trkpt>
      <trkpt lat="46.255876" lon="13.484855">
        <ele>407.872889</ele>
        <time>2026-07-28T23:03:57.294Z</time>
      </trkpt>
      <trkpt lat="46.255880" lon="13.484455">
        <ele>409.119306</ele>
        <time>2026-07-28T23:04:11.243Z</time>
      </trkpt>
      <trkpt lat="46.256048" lon="13.483733">
        <ele>411.492813</ele>
        <time>2026-07-28T23:04:45.564Z</time>
      </trkpt>
      <trkpt lat="46.256068" lon="13.483518">
        <ele>412.059553</ele>
        <time>2026-07-28T23:04:54.197Z</time>
      </trkpt>
      <trkpt lat="46.256071" lon="13.483250">
        <ele>412.689844</ele>
        <time>2026-07-28T23:05:02.259Z</time>
      </trkpt>
      <trkpt lat="46.256028" lon="13.483016">
        <ele>413.259203</ele>
        <time>2026-07-28T23:05:07.168Z</time>
      </trkpt>
      <trkpt lat="46.255848" lon="13.482613">
        <ele>414.387396</ele>
        <time>2026-07-28T23:05:12.382Z</time>
      </trkpt>
      <trkpt lat="46.255812" lon="13.482476">
        <ele>414.732037</ele>
        <time>2026-07-28T23:05:13.575Z</time>
      </trkpt>
      <trkpt lat="46.255748" lon="13.481618">
        <ele>416.761363</ele>
        <time>2026-07-28T23:05:22.821Z</time>
      </trkpt>
      <trkpt lat="46.255759" lon="13.481397">
        <ele>417.282397</ele>
        <time>2026-07-28T23:05:26.546Z</time>
      </trkpt>
      <trkpt lat="46.255880" lon="13.480732">
        <ele>417.807409</ele>
        <time>2026-07-28T23:05:43.181Z</time>
      </trkpt>
      <trkpt lat="46.255955" lon="13.479815">
        <ele>417.739207</ele>
        <time>2026-07-28T23:06:01.031Z</time>
      </trkpt>
      <trkpt lat="46.255888" lon="13.479825">
        <ele>417.732011</ele>
        <time>2026-07-28T23:06:01.686Z</time>
      </trkpt>
      <trkpt lat="46.255812" lon="13.479775">
        <ele>417.723093</ele>
        <time>2026-07-28T23:06:02.469Z</time>
      </trkpt>
      <trkpt lat="46.255740" lon="13.479679">
        <ele>417.712632</ele>
        <time>2026-07-28T23:06:03.369Z</time>
      </trkpt>
      <trkpt lat="46.255658" lon="13.479300">
        <ele>417.683300</ele>
        <time>2026-07-28T23:06:05.795Z</time>
      </trkpt>
      <trkpt lat="46.255643" lon="13.479068">
        <ele>417.666089</ele>
        <time>2026-07-28T23:06:07.313Z</time>
      </trkpt>
      <trkpt lat="46.255692" lon="13.478497">
        <ele>416.729399</ele>
        <time>2026-07-28T23:06:13.332Z</time>
      </trkpt>
      <trkpt lat="46.255698" lon="13.478112">
        <ele>415.681075</ele>
        <time>2026-07-28T23:06:17.046Z</time>
      </trkpt>
      <trkpt lat="46.255591" lon="13.477570">
        <ele>414.146667</ele>
        <time>2026-07-28T23:06:21.220Z</time>
      </trkpt>
      <trkpt lat="46.255383" lon="13.476816">
        <ele>411.936773</ele>
        <time>2026-07-28T23:06:26.525Z</time>
      </trkpt>
      <trkpt lat="46.255414" lon="13.476363">
        <ele>410.697573</ele>
        <time>2026-07-28T23:06:29.356Z</time>
      </trkpt>
      <trkpt lat="46.255249" lon="13.476100">
        <ele>410.393749</ele>
        <time>2026-07-28T23:06:31.523Z</time>
      </trkpt>
      <trkpt lat="46.255125" lon="13.475870">
        <ele>410.229084</ele>
        <time>2026-07-28T23:06:33.309Z</time>
      </trkpt>
      <trkpt lat="46.255059" lon="13.475616">
        <ele>410.075885</ele>
        <time>2026-07-28T23:06:35.050Z</time>
      </trkpt>
      <trkpt lat="46.255045" lon="13.475485">
        <ele>410.001045</ele>
        <time>2026-07-28T23:06:35.993Z</time>
      </trkpt>
      <trkpt lat="46.255083" lon="13.474729">
        <ele>409.573084</ele>
        <time>2026-07-28T23:06:47.998Z</time>
      </trkpt>
      <trkpt lat="46.255103" lon="13.474161">
        <ele>409.251978</ele>
        <time>2026-07-28T23:07:00.949Z</time>
      </trkpt>
      <trkpt lat="46.255075" lon="13.474082">
        <ele>409.201857</ele>
        <time>2026-07-28T23:07:02.897Z</time>
      </trkpt>
      <trkpt lat="46.255034" lon="13.474011">
        <ele>409.149629</ele>
        <time>2026-07-28T23:07:04.865Z</time>
      </trkpt>
      <trkpt lat="46.254888" lon="13.473881">
        <ele>408.989832</ele>
        <time>2026-07-28T23:07:09.656Z</time>
      </trkpt>
      <trkpt lat="46.254857" lon="13.473755">
        <ele>408.897510</ele>
        <time>2026-07-28T23:07:11.896Z</time>
      </trkpt>
      <trkpt lat="46.254855" lon="13.472643">
        <ele>408.129874</ele>
        <time>2026-07-28T23:07:25.761Z</time>
      </trkpt>
      <trkpt lat="46.254774" lon="13.472183">
        <ele>407.802193</ele>
        <time>2026-07-28T23:07:29.618Z</time>
      </trkpt>
      <trkpt lat="46.254801" lon="13.471986">
        <ele>407.663555</ele>
        <time>2026-07-28T23:07:31.082Z</time>
      </trkpt>
      <trkpt lat="46.254883" lon="13.471680">
        <ele>407.437009</ele>
        <time>2026-07-28T23:07:33.262Z</time>
      </trkpt>
      <trkpt lat="46.254890" lon="13.471558">
        <ele>407.352500</ele>
        <time>2026-07-28T23:07:34.050Z</time>
      </trkpt>
      <trkpt lat="46.254846" lon="13.471444">
        <ele>407.065971</ele>
        <time>2026-07-28T23:07:34.878Z</time>
      </trkpt>
      <trkpt lat="46.254539" lon="13.471210">
        <ele>405.038661</ele>
        <time>2026-07-28T23:07:37.924Z</time>
      </trkpt>
      <trkpt lat="46.254407" lon="13.471011">
        <ele>403.924740</ele>
        <time>2026-07-28T23:07:39.581Z</time>
      </trkpt>
      <trkpt lat="46.254070" lon="13.470091">
        <ele>399.719177</ele>
        <time>2026-07-28T23:07:46.194Z</time>
      </trkpt>
      <trkpt lat="46.253855" lon="13.469330">
        <ele>396.683629</ele>
        <time>2026-07-28T23:07:51.635Z</time>
      </trkpt>
      <trkpt lat="46.253621" lon="13.469034">
        <ele>396.172521</ele>
        <time>2026-07-28T23:07:54.543Z</time>
      </trkpt>
      <trkpt lat="46.253367" lon="13.468346">
        <ele>395.285893</ele>
        <time>2026-07-28T23:07:59.874Z</time>
      </trkpt>
      <trkpt lat="46.253358" lon="13.468108">
        <ele>395.014926</ele>
        <time>2026-07-28T23:08:02.541Z</time>
      </trkpt>
      <trkpt lat="46.253412" lon="13.467753">
        <ele>394.601706</ele>
        <time>2026-07-28T23:08:08.802Z</time>
      </trkpt>
      <trkpt lat="46.253643" lon="13.467282">
        <ele>393.945255</ele>
        <time>2026-07-28T23:08:20.194Z</time>
      </trkpt>
      <trkpt lat="46.253668" lon="13.467206">
        <ele>393.849579</ele>
        <time>2026-07-28T23:08:21.459Z</time>
      </trkpt>
      <trkpt lat="46.253649" lon="13.467103">
        <ele>393.671826</ele>
        <time>2026-07-28T23:08:22.801Z</time>
      </trkpt>
      <trkpt lat="46.253574" lon="13.467038">
        <ele>393.454053</ele>
        <time>2026-07-28T23:08:24.044Z</time>
      </trkpt>
      <trkpt lat="46.253347" lon="13.467006">
        <ele>392.885997</ele>
        <time>2026-07-28T23:08:26.494Z</time>
      </trkpt>
      <trkpt lat="46.253070" lon="13.466875">
        <ele>392.160137</ele>
        <time>2026-07-28T23:08:29.294Z</time>
      </trkpt>
      <trkpt lat="46.253002" lon="13.466782">
        <ele>391.927033</ele>
        <time>2026-07-28T23:08:30.173Z</time>
      </trkpt>
      <trkpt lat="46.252678" lon="13.465088">
        <ele>389.358024</ele>
        <time>2026-07-28T23:08:42.167Z</time>
      </trkpt>
      <trkpt lat="46.252527" lon="13.463864">
        <ele>389.355974</ele>
        <time>2026-07-28T23:08:54.084Z</time>
      </trkpt>
      <trkpt lat="46.252548" lon="13.463688">
        <ele>389.355680</ele>
        <time>2026-07-28T23:08:56.109Z</time>
      </trkpt>
      <trkpt lat="46.252640" lon="13.463453">
        <ele>389.355235</ele>
        <time>2026-07-28T23:08:59.679Z</time>
      </trkpt>
      <trkpt lat="46.252691" lon="13.463243">
        <ele>389.354868</ele>
        <time>2026-07-28T23:09:03.096Z</time>
      </trkpt>
      <trkpt lat="46.252595" lon="13.462595">
        <ele>388.518565</ele>
        <time>2026-07-28T23:09:15.170Z</time>
      </trkpt>
      <trkpt lat="46.252609" lon="13.462358">
        <ele>387.698222</ele>
        <time>2026-07-28T23:09:19.736Z</time>
      </trkpt>
      <trkpt lat="46.252720" lon="13.462098">
        <ele>386.644399</ele>
        <time>2026-07-28T23:09:24.759Z</time>
      </trkpt>
      <trkpt lat="46.252736" lon="13.461977">
        <ele>386.219533</ele>
        <time>2026-07-28T23:09:26.326Z</time>
      </trkpt>
      <trkpt lat="46.252696" lon="13.461811">
        <ele>385.613268</ele>
        <time>2026-07-28T23:09:28.015Z</time>
      </trkpt>
      <trkpt lat="46.252577" lon="13.461605">
        <ele>384.687521</ele>
        <time>2026-07-28T23:09:29.947Z</time>
      </trkpt>
      <trkpt lat="46.252410" lon="13.461443">
        <ele>383.684568</ele>
        <time>2026-07-28T23:09:31.765Z</time>
      </trkpt>
      <trkpt lat="46.252311" lon="13.461416">
        <ele>383.182095</ele>
        <time>2026-07-28T23:09:32.636Z</time>
      </trkpt>
      <trkpt lat="46.252200" lon="13.461446">
        <ele>382.618891</ele>
        <time>2026-07-28T23:09:33.587Z</time>
      </trkpt>
      <trkpt lat="46.251839" lon="13.461659">
        <ele>380.674289</ele>
        <time>2026-07-28T23:09:36.843Z</time>
      </trkpt>
      <trkpt lat="46.251422" lon="13.461832">
        <ele>376.010623</ele>
        <time>2026-07-28T23:09:40.465Z</time>
      </trkpt>
      <trkpt lat="46.251292" lon="13.461820">
        <ele>374.493621</ele>
        <time>2026-07-28T23:09:41.576Z</time>
      </trkpt>
      <trkpt lat="46.251214" lon="13.461752">
        <ele>373.432977</ele>
        <time>2026-07-28T23:09:42.352Z</time>
      </trkpt>
      <trkpt lat="46.251130" lon="13.461512">
        <ele>371.266825</ele>
        <time>2026-07-28T23:09:43.944Z</time>
      </trkpt>
      <trkpt lat="46.251071" lon="13.461439">
        <ele>370.362574</ele>
        <time>2026-07-28T23:09:44.613Z</time>
      </trkpt>
      <trkpt lat="46.250971" lon="13.461433">
        <ele>369.197017</ele>
        <time>2026-07-28T23:09:45.477Z</time>
      </trkpt>
      <trkpt lat="46.250833" lon="13.461534">
        <ele>367.395836</ele>
        <time>2026-07-28T23:09:46.803Z</time>
      </trkpt>
      <trkpt lat="46.250695" lon="13.461547">
        <ele>365.785344</ele>
        <time>2026-07-28T23:09:47.991Z</time>
      </trkpt>
      <trkpt lat="46.250257" lon="13.461425">
        <ele>360.590839</ele>
        <time>2026-07-28T23:09:51.785Z</time>
      </trkpt>
      <trkpt lat="46.250090" lon="13.461323">
        <ele>358.462199</ele>
        <time>2026-07-28T23:09:53.316Z</time>
      </trkpt>
      <trkpt lat="46.249775" lon="13.461048">
        <ele>354.098962</ele>
        <time>2026-07-28T23:09:56.418Z</time>
      </trkpt>
      <trkpt lat="46.249395" lon="13.460662">
        <ele>348.592246</ele>
        <time>2026-07-28T23:10:00.308Z</time>
      </trkpt>
      <trkpt lat="46.249045" lon="13.460377">
        <ele>343.829118</ele>
        <time>2026-07-28T23:10:03.666Z</time>
      </trkpt>
      <trkpt lat="46.248562" lon="13.459861">
        <ele>336.802538</ele>
        <time>2026-07-28T23:10:08.815Z</time>
      </trkpt>
      <trkpt lat="46.248497" lon="13.459729">
        <ele>335.563300</ele>
        <time>2026-07-28T23:10:09.861Z</time>
      </trkpt>
      <trkpt lat="46.248475" lon="13.459607">
        <ele>334.599112</ele>
        <time>2026-07-28T23:10:10.661Z</time>
      </trkpt>
      <trkpt lat="46.248543" lon="13.459286">
        <ele>332.031686</ele>
        <time>2026-07-28T23:10:12.724Z</time>
      </trkpt>
      <trkpt lat="46.248523" lon="13.459181">
        <ele>331.198801</ele>
        <time>2026-07-28T23:10:13.373Z</time>
      </trkpt>
      <trkpt lat="46.248113" lon="13.458781">
        <ele>325.729325</ele>
        <time>2026-07-28T23:10:17.499Z</time>
      </trkpt>
      <trkpt lat="46.248006" lon="13.458604">
        <ele>323.931435</ele>
        <time>2026-07-28T23:10:18.839Z</time>
      </trkpt>
      <trkpt lat="46.247839" lon="13.458162">
        <ele>320.079621</ele>
        <time>2026-07-28T23:10:21.771Z</time>
      </trkpt>
      <trkpt lat="46.247710" lon="13.457918">
        <ele>317.970579</ele>
        <time>2026-07-28T23:10:23.606Z</time>
      </trkpt>
      <trkpt lat="46.247609" lon="13.457619">
        <ele>316.678690</ele>
        <time>2026-07-28T23:10:25.652Z</time>
      </trkpt>
      <trkpt lat="46.247560" lon="13.457396">
        <ele>315.770283</ele>
        <time>2026-07-28T23:10:27.135Z</time>
      </trkpt>
      <trkpt lat="46.247449" lon="13.456587">
        <ele>312.568270</ele>
        <time>2026-07-28T23:10:32.591Z</time>
      </trkpt>
      <trkpt lat="46.247366" lon="13.456397">
        <ele>311.695784</ele>
        <time>2026-07-28T23:10:34.196Z</time>
      </trkpt>
      <trkpt lat="46.247178" lon="13.456127">
        <ele>310.208265</ele>
        <time>2026-07-28T23:10:37.167Z</time>
      </trkpt>
      <trkpt lat="46.247029" lon="13.455979">
        <ele>309.193449</ele>
        <time>2026-07-28T23:10:39.063Z</time>
      </trkpt>
      <trkpt lat="46.246919" lon="13.455913">
        <ele>308.524862</ele>
        <time>2026-07-28T23:10:40.234Z</time>
      </trkpt>
      <trkpt lat="46.246595" lon="13.455802">
        <ele>306.881649</ele>
        <time>2026-07-28T23:10:43.265Z</time>
      </trkpt>
      <trkpt lat="46.246522" lon="13.455783">
        <ele>306.529512</ele>
        <time>2026-07-28T23:10:43.914Z</time>
      </trkpt>
      <trkpt lat="46.246210" lon="13.455720">
        <ele>305.033920</ele>
        <time>2026-07-28T23:10:46.705Z</time>
      </trkpt>
      <trkpt lat="46.246032" lon="13.455511">
        <ele>303.945356</ele>
        <time>2026-07-28T23:10:48.858Z</time>
      </trkpt>
      <trkpt lat="46.245806" lon="13.455309">
        <ele>302.683994</ele>
        <time>2026-07-28T23:10:51.452Z</time>
      </trkpt>
      <trkpt lat="46.245364" lon="13.455112">
        <ele>300.488178</ele>
        <time>2026-07-28T23:10:55.953Z</time>
      </trkpt>
      <trkpt lat="46.245072" lon="13.454903">
        <ele>299.266099</ele>
        <time>2026-07-28T23:10:59.144Z</time>
      </trkpt>
      <trkpt lat="46.244788" lon="13.454540">
        <ele>298.379816</ele>
        <time>2026-07-28T23:11:03.122Z</time>
      </trkpt>
      <trkpt lat="46.244736" lon="13.454393">
        <ele>298.112821</ele>
        <time>2026-07-28T23:11:04.324Z</time>
      </trkpt>
      <trkpt lat="46.244696" lon="13.453892">
        <ele>297.297306</ele>
        <time>2026-07-28T23:11:08.089Z</time>
      </trkpt>
      <trkpt lat="46.244665" lon="13.453746">
        <ele>297.050343</ele>
        <time>2026-07-28T23:11:09.293Z</time>
      </trkpt>
      <trkpt lat="46.244599" lon="13.453592">
        <ele>296.757380</ele>
        <time>2026-07-28T23:11:10.743Z</time>
      </trkpt>
      <trkpt lat="46.244557" lon="13.453531">
        <ele>296.618191</ele>
        <time>2026-07-28T23:11:11.433Z</time>
      </trkpt>
      <trkpt lat="46.244449" lon="13.453363">
        <ele>296.247289</ele>
        <time>2026-07-28T23:11:13.330Z</time>
      </trkpt>
      <trkpt lat="46.243998" lon="13.452811">
        <ele>294.851429</ele>
        <time>2026-07-28T23:11:20.122Z</time>
      </trkpt>
      <trkpt lat="46.242261" lon="13.450909">
        <ele>292.859165</ele>
        <time>2026-07-28T23:11:42.818Z</time>
      </trkpt>
      <trkpt lat="46.241552" lon="13.450415">
        <ele>295.235678</ele>
        <time>2026-07-28T23:12:02.498Z</time>
      </trkpt>
      <trkpt lat="46.240928" lon="13.449998">
        <ele>298.325368</ele>
        <time>2026-07-28T23:12:43.266Z</time>
      </trkpt>
      <trkpt lat="46.240645" lon="13.449765">
        <ele>300.513184</ele>
        <time>2026-07-28T23:13:04.075Z</time>
      </trkpt>
      <trkpt lat="46.240198" lon="13.449285">
        <ele>304.253732</ele>
        <time>2026-07-28T23:13:33.160Z</time>
      </trkpt>
      <trkpt lat="46.240054" lon="13.449034">
        <ele>305.768980</ele>
        <time>2026-07-28T23:13:40.574Z</time>
      </trkpt>
      <trkpt lat="46.239692" lon="13.447962">
        <ele>308.859880</ele>
        <time>2026-07-28T23:13:52.109Z</time>
      </trkpt>
      <trkpt lat="46.239525" lon="13.447600">
        <ele>309.075714</ele>
        <time>2026-07-28T23:13:56.203Z</time>
      </trkpt>
      <trkpt lat="46.239382" lon="13.447418">
        <ele>309.212339</ele>
        <time>2026-07-28T23:13:59.031Z</time>
      </trkpt>
      <trkpt lat="46.239255" lon="13.447322">
        <ele>309.315114</ele>
        <time>2026-07-28T23:14:01.611Z</time>
      </trkpt>
      <trkpt lat="46.239002" lon="13.447198">
        <ele>309.506695</ele>
        <time>2026-07-28T23:14:07.852Z</time>
      </trkpt>
      <trkpt lat="46.238415" lon="13.447256">
        <ele>309.735683</ele>
        <time>2026-07-28T23:14:22.144Z</time>
      </trkpt>
      <trkpt lat="46.238221" lon="13.447197">
        <ele>309.496333</ele>
        <time>2026-07-28T23:14:24.880Z</time>
      </trkpt>
      <trkpt lat="46.237242" lon="13.446035">
        <ele>307.967052</ele>
        <time>2026-07-28T23:14:37.808Z</time>
      </trkpt>
      <trkpt lat="46.237063" lon="13.445910">
        <ele>307.727049</ele>
        <time>2026-07-28T23:14:40.734Z</time>
      </trkpt>
      <trkpt lat="46.236686" lon="13.445851">
        <ele>308.171212</ele>
        <time>2026-07-28T23:14:49.048Z</time>
      </trkpt>
      <trkpt lat="46.236288" lon="13.445672">
        <ele>308.759275</ele>
        <time>2026-07-28T23:14:58.429Z</time>
      </trkpt>
      <trkpt lat="46.235886" lon="13.445288">
        <ele>309.439054</ele>
        <time>2026-07-28T23:15:06.733Z</time>
      </trkpt>
      <trkpt lat="46.235448" lon="13.444961">
        <ele>310.134540</ele>
        <time>2026-07-28T23:15:15.516Z</time>
      </trkpt>
      <trkpt lat="46.235275" lon="13.444937">
        <ele>310.725684</ele>
        <time>2026-07-28T23:15:20.438Z</time>
      </trkpt>
      <trkpt lat="46.234530" lon="13.445048">
        <ele>314.111323</ele>
        <time>2026-07-28T23:15:50.440Z</time>
      </trkpt>
      <trkpt lat="46.233323" lon="13.444731">
        <ele>318.734772</ele>
        <time>2026-07-28T23:16:30.214Z</time>
      </trkpt>
      <trkpt lat="46.232901" lon="13.444714">
        <ele>319.292890</ele>
        <time>2026-07-28T23:16:43.138Z</time>
      </trkpt>
      <trkpt lat="46.232484" lon="13.444438">
        <ele>319.899213</ele>
        <time>2026-07-28T23:16:53.951Z</time>
      </trkpt>
      <trkpt lat="46.232065" lon="13.444028">
        <ele>320.568115</ele>
        <time>2026-07-28T23:16:59.536Z</time>
      </trkpt>
      <trkpt lat="46.231542" lon="13.443348">
        <ele>320.711192</ele>
        <time>2026-07-28T23:17:06.572Z</time>
      </trkpt>
      <trkpt lat="46.230903" lon="13.442745">
        <ele>320.684467</ele>
        <time>2026-07-28T23:17:20.160Z</time>
      </trkpt>
      <trkpt lat="46.230798" lon="13.442594">
        <ele>320.679280</ele>
        <time>2026-07-28T23:17:23.580Z</time>
      </trkpt>
      <trkpt lat="46.230518" lon="13.442039">
        <ele>321.311581</ele>
        <time>2026-07-28T23:17:35.167Z</time>
      </trkpt>
      <trkpt lat="46.229945" lon="13.440740">
        <ele>325.401502</ele>
        <time>2026-07-28T23:18:02.491Z</time>
      </trkpt>
      <trkpt lat="46.229385" lon="13.439985">
        <ele>329.908644</ele>
        <time>2026-07-28T23:18:28.950Z</time>
      </trkpt>
      <trkpt lat="46.229090" lon="13.439705">
        <ele>334.024669</ele>
        <time>2026-07-28T23:18:50.043Z</time>
      </trkpt>
      <trkpt lat="46.228833" lon="13.439468">
        <ele>337.580107</ele>
        <time>2026-07-28T23:19:10.433Z</time>
      </trkpt>
      <trkpt lat="46.228605" lon="13.439263">
        <ele>340.711746</ele>
        <time>2026-07-28T23:19:30.072Z</time>
      </trkpt>
      <trkpt lat="46.228370" lon="13.438931">
        <ele>344.544207</ele>
        <time>2026-07-28T23:19:56.112Z</time>
      </trkpt>
      <trkpt lat="46.228240" lon="13.438628">
        <ele>347.420949</ele>
        <time>2026-07-28T23:20:15.826Z</time>
      </trkpt>
      <trkpt lat="46.227987" lon="13.437548">
        <ele>357.416802</ele>
        <time>2026-07-28T23:21:00.801Z</time>
      </trkpt>
      <trkpt lat="46.227753" lon="13.436989">
        <ele>363.208301</ele>
        <time>2026-07-28T23:21:23.004Z</time>
      </trkpt>
      <trkpt lat="46.227523" lon="13.436533">
        <ele>368.210573</ele>
        <time>2026-07-28T23:21:50.081Z</time>
      </trkpt>
      <trkpt lat="46.227404" lon="13.435991">
        <ele>373.116034</ele>
        <time>2026-07-28T23:22:30.404Z</time>
      </trkpt>
      <trkpt lat="46.227293" lon="13.435782">
        <ele>375.261168</ele>
        <time>2026-07-28T23:22:48.009Z</time>
      </trkpt>
      <trkpt lat="46.227244" lon="13.435655">
        <ele>376.445047</ele>
        <time>2026-07-28T23:22:56.498Z</time>
      </trkpt>
      <trkpt lat="46.227355" lon="13.434837">
        <ele>383.231551</ele>
        <time>2026-07-28T23:23:28.406Z</time>
      </trkpt>
      <trkpt lat="46.227433" lon="13.434485">
        <ele>386.240713</ele>
        <time>2026-07-28T23:23:39.732Z</time>
      </trkpt>
      <trkpt lat="46.227419" lon="13.434263">
        <ele>388.055576</ele>
        <time>2026-07-28T23:23:47.111Z</time>
      </trkpt>
      <trkpt lat="46.227257" lon="13.434000">
        <ele>390.922493</ele>
        <time>2026-07-28T23:23:59.435Z</time>
      </trkpt>
      <trkpt lat="46.227240" lon="13.433887">
        <ele>391.863964</ele>
        <time>2026-07-28T23:24:03.377Z</time>
      </trkpt>
      <trkpt lat="46.227274" lon="13.433739">
        <ele>393.152317</ele>
        <time>2026-07-28T23:24:08.649Z</time>
      </trkpt>
      <trkpt lat="46.227421" lon="13.433416">
        <ele>396.458780</ele>
        <time>2026-07-28T23:24:22.505Z</time>
      </trkpt>
      <trkpt lat="46.227523" lon="13.433017">
        <ele>400.096568</ele>
        <time>2026-07-28T23:24:41.182Z</time>
      </trkpt>
      <trkpt lat="46.227484" lon="13.431937">
        <ele>409.345345</ele>
        <time>2026-07-28T23:25:41.829Z</time>
      </trkpt>
      <trkpt lat="46.227470" lon="13.431617">
        <ele>412.087466</ele>
        <time>2026-07-28T23:25:58.533Z</time>
      </trkpt>
      <trkpt lat="46.227515" lon="13.431236">
        <ele>415.213318</ele>
        <time>2026-07-28T23:26:15.227Z</time>
      </trkpt>
      <trkpt lat="46.227642" lon="13.430754">
        <ele>417.622494</ele>
        <time>2026-07-28T23:26:29.471Z</time>
      </trkpt>
      <trkpt lat="46.227640" lon="13.430439">
        <ele>419.093908</ele>
        <time>2026-07-28T23:26:36.290Z</time>
      </trkpt>
      <trkpt lat="46.227738" lon="13.430094">
        <ele>420.835948</ele>
        <time>2026-07-28T23:26:43.213Z</time>
      </trkpt>
      <trkpt lat="46.227765" lon="13.429719">
        <ele>422.597015</ele>
        <time>2026-07-28T23:26:49.624Z</time>
      </trkpt>
      <trkpt lat="46.227769" lon="13.429337">
        <ele>424.381522</ele>
        <time>2026-07-28T23:26:57.861Z</time>
      </trkpt>
      <trkpt lat="46.227704" lon="13.428590">
        <ele>428.182296</ele>
        <time>2026-07-28T23:27:22.652Z</time>
      </trkpt>
      <trkpt lat="46.227393" lon="13.427908">
        <ele>433.430021</ele>
        <time>2026-07-28T23:27:59.051Z</time>
      </trkpt>
      <trkpt lat="46.227285" lon="13.427467">
        <ele>436.435497</ele>
        <time>2026-07-28T23:28:18.198Z</time>
      </trkpt>
      <trkpt lat="46.226889" lon="13.426499">
        <ele>443.660377</ele>
        <time>2026-07-28T23:28:53.518Z</time>
      </trkpt>
      <trkpt lat="46.226583" lon="13.426043">
        <ele>446.129749</ele>
        <time>2026-07-28T23:29:14.817Z</time>
      </trkpt>
      <trkpt lat="46.226374" lon="13.425638">
        <ele>448.033080</ele>
        <time>2026-07-28T23:29:32.286Z</time>
      </trkpt>
      <trkpt lat="46.226274" lon="13.425292">
        <ele>449.445632</ele>
        <time>2026-07-28T23:29:44.611Z</time>
      </trkpt>
      <trkpt lat="46.226222" lon="13.425245">
        <ele>449.779576</ele>
        <time>2026-07-28T23:29:46.971Z</time>
      </trkpt>
      <trkpt lat="46.226191" lon="13.425253">
        <ele>449.951044</ele>
        <time>2026-07-28T23:29:48.084Z</time>
      </trkpt>
      <trkpt lat="46.226165" lon="13.425313">
        <ele>450.217743</ele>
        <time>2026-07-28T23:29:49.733Z</time>
      </trkpt>
      <trkpt lat="46.226190" lon="13.425411">
        <ele>450.611209</ele>
        <time>2026-07-28T23:29:51.910Z</time>
      </trkpt>
      <trkpt lat="46.226611" lon="13.426468">
        <ele>454.606841</ele>
        <time>2026-07-28T23:30:06.125Z</time>
      </trkpt>
      <trkpt lat="46.226894" lon="13.427361">
        <ele>456.892951</ele>
        <time>2026-07-28T23:30:21.105Z</time>
      </trkpt>
      <trkpt lat="46.227013" lon="13.428311">
        <ele>459.139975</ele>
        <time>2026-07-28T23:30:48.198Z</time>
      </trkpt>
      <trkpt lat="46.227169" lon="13.428863">
        <ele>460.934568</ele>
        <time>2026-07-28T23:31:03.405Z</time>
      </trkpt>
      <trkpt lat="46.227174" lon="13.429050">
        <ele>461.581559</ele>
        <time>2026-07-28T23:31:07.059Z</time>
      </trkpt>
      <trkpt lat="46.227042" lon="13.429795">
        <ele>464.240359</ele>
        <time>2026-07-28T23:31:18.539Z</time>
      </trkpt>
      <trkpt lat="46.226730" lon="13.430198">
        <ele>466.331387</ele>
        <time>2026-07-28T23:31:29.032Z</time>
      </trkpt>
      <trkpt lat="46.226718" lon="13.430502">
        <ele>467.384114</ele>
        <time>2026-07-28T23:31:36.538Z</time>
      </trkpt>
      <trkpt lat="46.226673" lon="13.430711">
        <ele>468.140876</ele>
        <time>2026-07-28T23:31:42.877Z</time>
      </trkpt>
      <trkpt lat="46.226299" lon="13.431128">
        <ele>474.516241</ele>
        <time>2026-07-28T23:32:10.102Z</time>
      </trkpt>
      <trkpt lat="46.225847" lon="13.431520">
        <ele>482.952519</ele>
        <time>2026-07-28T23:32:52.577Z</time>
      </trkpt>
      <trkpt lat="46.225593" lon="13.431627">
        <ele>487.186824</ele>
        <time>2026-07-28T23:33:17.723Z</time>
      </trkpt>
      <trkpt lat="46.225299" lon="13.431895">
        <ele>492.749736</ele>
        <time>2026-07-28T23:33:53.331Z</time>
      </trkpt>
      <trkpt lat="46.225100" lon="13.432156">
        <ele>497.050356</ele>
        <time>2026-07-28T23:34:20.732Z</time>
      </trkpt>
      <trkpt lat="46.224961" lon="13.432494">
        <ele>499.999732</ele>
        <time>2026-07-28T23:34:46.077Z</time>
      </trkpt>
      <trkpt lat="46.224920" lon="13.432660">
        <ele>501.255538</ele>
        <time>2026-07-28T23:34:56.002Z</time>
      </trkpt>
      <trkpt lat="46.224891" lon="13.432716">
        <ele>501.753914</ele>
        <time>2026-07-28T23:34:59.663Z</time>
      </trkpt>
      <trkpt lat="46.224855" lon="13.432714">
        <ele>502.124927</ele>
        <time>2026-07-28T23:35:02.306Z</time>
      </trkpt>
      <trkpt lat="46.224796" lon="13.432558">
        <ele>503.391616</ele>
        <time>2026-07-28T23:35:10.780Z</time>
      </trkpt>
      <trkpt lat="46.224732" lon="13.431830">
        <ele>508.620101</ele>
        <time>2026-07-28T23:35:35.655Z</time>
      </trkpt>
      <trkpt lat="46.224833" lon="13.431453">
        <ele>511.500468</ele>
        <time>2026-07-28T23:35:44.826Z</time>
      </trkpt>
      <trkpt lat="46.224992" lon="13.431202">
        <ele>513.925169</ele>
        <time>2026-07-28T23:35:51.400Z</time>
      </trkpt>
      <trkpt lat="46.225181" lon="13.431064">
        <ele>516.099164</ele>
        <time>2026-07-28T23:35:57.774Z</time>
      </trkpt>
      <trkpt lat="46.225218" lon="13.430979">
        <ele>516.774371</ele>
        <time>2026-07-28T23:36:00.144Z</time>
      </trkpt>
      <trkpt lat="46.225224" lon="13.430882">
        <ele>517.429147</ele>
        <time>2026-07-28T23:36:02.589Z</time>
      </trkpt>
      <trkpt lat="46.225155" lon="13.430514">
        <ele>519.992640</ele>
        <time>2026-07-28T23:36:13.422Z</time>
      </trkpt>
      <trkpt lat="46.225200" lon="13.430152">
        <ele>522.465511</ele>
        <time>2026-07-28T23:36:26.365Z</time>
      </trkpt>
      <trkpt lat="46.225189" lon="13.429514">
        <ele>526.756410</ele>
        <time>2026-07-28T23:36:54.121Z</time>
      </trkpt>
      <trkpt lat="46.225050" lon="13.428922">
        <ele>530.959689</ele>
        <time>2026-07-28T23:37:23.256Z</time>
      </trkpt>
      <trkpt lat="46.224781" lon="13.428257">
        <ele>536.416330</ele>
        <time>2026-07-28T23:37:55.878Z</time>
      </trkpt>
      <trkpt lat="46.224575" lon="13.427621">
        <ele>541.628206</ele>
        <time>2026-07-28T23:38:19.822Z</time>
      </trkpt>
      <trkpt lat="46.224482" lon="13.426944">
        <ele>546.750779</ele>
        <time>2026-07-28T23:38:43.072Z</time>
      </trkpt>
      <trkpt lat="46.224129" lon="13.426038">
        <ele>554.701060</ele>
        <time>2026-07-28T23:39:29.905Z</time>
      </trkpt>
      <trkpt lat="46.224021" lon="13.425873">
        <ele>556.617487</ele>
        <time>2026-07-28T23:39:41.638Z</time>
      </trkpt>
      <trkpt lat="46.223942" lon="13.425883">
        <ele>557.584592</ele>
        <time>2026-07-28T23:39:47.659Z</time>
      </trkpt>
      <trkpt lat="46.223887" lon="13.425944">
        <ele>558.430028</ele>
        <time>2026-07-28T23:39:52.936Z</time>
      </trkpt>
      <trkpt lat="46.223921" lon="13.426535">
        <ele>563.433576</ele>
        <time>2026-07-28T23:40:23.421Z</time>
      </trkpt>
      <trkpt lat="46.224000" lon="13.427198">
        <ele>569.109740</ele>
        <time>2026-07-28T23:40:53.305Z</time>
      </trkpt>
      <trkpt lat="46.223974" lon="13.427310">
        <ele>570.106473</ele>
        <time>2026-07-28T23:40:57.984Z</time>
      </trkpt>
      <trkpt lat="46.223900" lon="13.427348">
        <ele>571.064175</ele>
        <time>2026-07-28T23:41:02.372Z</time>
      </trkpt>
      <trkpt lat="46.223825" lon="13.427322">
        <ele>572.004750</ele>
        <time>2026-07-28T23:41:06.585Z</time>
      </trkpt>
      <trkpt lat="46.223747" lon="13.427218">
        <ele>573.298877</ele>
        <time>2026-07-28T23:41:12.251Z</time>
      </trkpt>
      <trkpt lat="46.223392" lon="13.426376">
        <ele>579.901119</ele>
        <time>2026-07-28T23:41:46.317Z</time>
      </trkpt>
      <trkpt lat="46.222866" lon="13.424895">
        <ele>590.461893</ele>
        <time>2026-07-28T23:42:44.661Z</time>
      </trkpt>
      <trkpt lat="46.222572" lon="13.424510">
        <ele>594.210504</ele>
        <time>2026-07-28T23:43:07.307Z</time>
      </trkpt>
      <trkpt lat="46.222270" lon="13.423931">
        <ele>598.985943</ele>
        <time>2026-07-28T23:43:32.631Z</time>
      </trkpt>
      <trkpt lat="46.221775" lon="13.423111">
        <ele>606.153029</ele>
        <time>2026-07-28T23:44:04.804Z</time>
      </trkpt>
      <trkpt lat="46.221345" lon="13.422565">
        <ele>612.452222</ele>
        <time>2026-07-28T23:44:45.601Z</time>
      </trkpt>
      <trkpt lat="46.220908" lon="13.422195">
        <ele>618.520028</ele>
        <time>2026-07-28T23:45:26.158Z</time>
      </trkpt>
      <trkpt lat="46.220678" lon="13.421879">
        <ele>622.321950</ele>
        <time>2026-07-28T23:45:46.729Z</time>
      </trkpt>
      <trkpt lat="46.220358" lon="13.421206">
        <ele>629.091045</ele>
        <time>2026-07-28T23:46:14.495Z</time>
      </trkpt>
      <trkpt lat="46.220120" lon="13.420522">
        <ele>634.801879</ele>
        <time>2026-07-28T23:46:42.893Z</time>
      </trkpt>
      <trkpt lat="46.220035" lon="13.420414">
        <ele>636.003244</ele>
        <time>2026-07-28T23:46:49.263Z</time>
      </trkpt>
      <trkpt lat="46.219589" lon="13.420235">
        <ele>640.916707</ele>
        <time>2026-07-28T23:47:19.537Z</time>
      </trkpt>
      <trkpt lat="46.219530" lon="13.420207">
        <ele>641.575895</ele>
        <time>2026-07-28T23:47:24.170Z</time>
      </trkpt>
      <trkpt lat="46.219108" lon="13.419956">
        <ele>646.419949</ele>
        <time>2026-07-28T23:47:55.090Z</time>
      </trkpt>
      <trkpt lat="46.218958" lon="13.419842">
        <ele>648.218931</ele>
        <time>2026-07-28T23:48:04.159Z</time>
      </trkpt>
      <trkpt lat="46.218838" lon="13.419698">
        <ele>649.486058</ele>
        <time>2026-07-28T23:48:11.102Z</time>
      </trkpt>
      <trkpt lat="46.218701" lon="13.419446">
        <ele>650.847037</ele>
        <time>2026-07-28T23:48:18.931Z</time>
      </trkpt>
      <trkpt lat="46.218351" lon="13.418675">
        <ele>654.763012</ele>
        <time>2026-07-28T23:48:44.175Z</time>
      </trkpt>
      <trkpt lat="46.218254" lon="13.418212">
        <ele>656.817383</ele>
        <time>2026-07-28T23:48:57.592Z</time>
      </trkpt>
      <trkpt lat="46.217992" lon="13.417646">
        <ele>659.709317</ele>
        <time>2026-07-28T23:49:14.579Z</time>
      </trkpt>
      <trkpt lat="46.217758" lon="13.417110">
        <ele>661.217566</ele>
        <time>2026-07-28T23:49:26.356Z</time>
      </trkpt>
      <trkpt lat="46.217505" lon="13.416608">
        <ele>662.559018</ele>
        <time>2026-07-28T23:49:35.719Z</time>
      </trkpt>
      <trkpt lat="46.217242" lon="13.415886">
        <ele>664.321438</ele>
        <time>2026-07-28T23:49:49.554Z</time>
      </trkpt>
      <trkpt lat="46.217022" lon="13.415447">
        <ele>665.492257</ele>
        <time>2026-07-28T23:50:00.517Z</time>
      </trkpt>
      <trkpt lat="46.216948" lon="13.415392">
        <ele>665.657520</ele>
        <time>2026-07-28T23:50:03.141Z</time>
      </trkpt>
      <trkpt lat="46.216586" lon="13.415370">
        <ele>666.048051</ele>
        <time>2026-07-28T23:50:14.733Z</time>
      </trkpt>
      <trkpt lat="46.216161" lon="13.415175">
        <ele>666.528674</ele>
        <time>2026-07-28T23:50:29.136Z</time>
      </trkpt>
      <trkpt lat="46.215965" lon="13.415138">
        <ele>666.741730</ele>
        <time>2026-07-28T23:50:35.070Z</time>
      </trkpt>
      <trkpt lat="46.215833" lon="13.415059">
        <ele>666.895725</ele>
        <time>2026-07-28T23:50:38.971Z</time>
      </trkpt>
      <trkpt lat="46.215746" lon="13.414915">
        <ele>667.038301</ele>
        <time>2026-07-28T23:50:41.965Z</time>
      </trkpt>
      <trkpt lat="46.215679" lon="13.414686">
        <ele>667.223735</ele>
        <time>2026-07-28T23:50:44.388Z</time>
      </trkpt>
      <trkpt lat="46.215630" lon="13.414660">
        <ele>667.279997</ele>
        <time>2026-07-28T23:50:44.968Z</time>
      </trkpt>
      <trkpt lat="46.215444" lon="13.414694">
        <ele>667.482077</ele>
        <time>2026-07-28T23:50:46.808Z</time>
      </trkpt>
      <trkpt lat="46.214891" lon="13.414680">
        <ele>663.374626</ele>
        <time>2026-07-28T23:50:51.650Z</time>
      </trkpt>
      <trkpt lat="46.214736" lon="13.414642">
        <ele>662.045451</ele>
        <time>2026-07-28T23:50:52.985Z</time>
      </trkpt>
      <trkpt lat="46.214479" lon="13.414527">
        <ele>659.770864</ele>
        <time>2026-07-28T23:50:55.257Z</time>
      </trkpt>
      <trkpt lat="46.214363" lon="13.414518">
        <ele>658.788726</ele>
        <time>2026-07-28T23:50:56.239Z</time>
      </trkpt>
      <trkpt lat="46.214036" lon="13.414590">
        <ele>655.992190</ele>
        <time>2026-07-28T23:50:59.065Z</time>
      </trkpt>
      <trkpt lat="46.213694" lon="13.414762">
        <ele>652.930652</ele>
        <time>2026-07-28T23:51:02.253Z</time>
      </trkpt>
      <trkpt lat="46.213422" lon="13.415018">
        <ele>650.959364</ele>
        <time>2026-07-28T23:51:05.263Z</time>
      </trkpt>
      <trkpt lat="46.213341" lon="13.415064">
        <ele>650.487713</ele>
        <time>2026-07-28T23:51:06.104Z</time>
      </trkpt>
      <trkpt lat="46.212891" lon="13.415143">
        <ele>648.031047</ele>
        <time>2026-07-28T23:51:10.482Z</time>
      </trkpt>
      <trkpt lat="46.212463" lon="13.415455">
        <ele>645.433138</ele>
        <time>2026-07-28T23:51:14.893Z</time>
      </trkpt>
      <trkpt lat="46.212193" lon="13.415733">
        <ele>643.636479</ele>
        <time>2026-07-28T23:51:17.920Z</time>
      </trkpt>
      <trkpt lat="46.212143" lon="13.415718">
        <ele>643.359731</ele>
        <time>2026-07-28T23:51:18.397Z</time>
      </trkpt>
      <trkpt lat="46.212093" lon="13.415647">
        <ele>642.979835</ele>
        <time>2026-07-28T23:51:19.060Z</time>
      </trkpt>
      <trkpt lat="46.211974" lon="13.414968">
        <ele>642.047813</ele>
        <time>2026-07-28T23:51:23.911Z</time>
      </trkpt>
      <trkpt lat="46.211790" lon="13.414259">
        <ele>641.357514</ele>
        <time>2026-07-28T23:51:29.354Z</time>
      </trkpt>
      <trkpt lat="46.211664" lon="13.413937">
        <ele>641.020290</ele>
        <time>2026-07-28T23:51:32.122Z</time>
      </trkpt>
      <trkpt lat="46.211438" lon="13.412815">
        <ele>641.156352</ele>
        <time>2026-07-28T23:51:46.556Z</time>
      </trkpt>
      <trkpt lat="46.211382" lon="13.412683">
        <ele>641.648894</ele>
        <time>2026-07-28T23:51:51.654Z</time>
      </trkpt>
      <trkpt lat="46.211211" lon="13.412452">
        <ele>642.724971</ele>
        <time>2026-07-28T23:52:03.783Z</time>
      </trkpt>
      <trkpt lat="46.211160" lon="13.412305">
        <ele>643.248082</ele>
        <time>2026-07-28T23:52:09.761Z</time>
      </trkpt>
      <trkpt lat="46.211119" lon="13.412163">
        <ele>643.737550</ele>
        <time>2026-07-28T23:52:15.265Z</time>
      </trkpt>
      <trkpt lat="46.211079" lon="13.411483">
        <ele>645.908544</ele>
        <time>2026-07-28T23:52:33.360Z</time>
      </trkpt>
      <trkpt lat="46.211092" lon="13.411086">
        <ele>647.172880</ele>
        <time>2026-07-28T23:52:41.067Z</time>
      </trkpt>
      <trkpt lat="46.211045" lon="13.410667">
        <ele>648.478621</ele>
        <time>2026-07-28T23:52:50.120Z</time>
      </trkpt>
      <trkpt lat="46.210965" lon="13.410380">
        <ele>648.099462</ele>
        <time>2026-07-28T23:52:55.675Z</time>
      </trkpt>
      <trkpt lat="46.210905" lon="13.410296">
        <ele>647.951526</ele>
        <time>2026-07-28T23:52:57.452Z</time>
      </trkpt>
      <trkpt lat="46.210784" lon="13.410239">
        <ele>647.726157</ele>
        <time>2026-07-28T23:52:59.683Z</time>
      </trkpt>
      <trkpt lat="46.210629" lon="13.410088">
        <ele>647.395129</ele>
        <time>2026-07-28T23:53:02.011Z</time>
      </trkpt>
      <trkpt lat="46.210602" lon="13.409730">
        <ele>646.953824</ele>
        <time>2026-07-28T23:53:04.561Z</time>
      </trkpt>
      <trkpt lat="46.210495" lon="13.409403">
        <ele>646.510566</ele>
        <time>2026-07-28T23:53:06.917Z</time>
      </trkpt>
      <trkpt lat="46.210177" lon="13.408880">
        <ele>645.657410</ele>
        <time>2026-07-28T23:53:11.413Z</time>
      </trkpt>
      <trkpt lat="46.209908" lon="13.408573">
        <ele>644.928190</ele>
        <time>2026-07-28T23:53:14.882Z</time>
      </trkpt>
      <trkpt lat="46.209517" lon="13.408357">
        <ele>643.832329</ele>
        <time>2026-07-28T23:53:20.289Z</time>
      </trkpt>
      <trkpt lat="46.209258" lon="13.408172">
        <ele>643.075973</ele>
        <time>2026-07-28T23:53:24.560Z</time>
      </trkpt>
      <trkpt lat="46.208823" lon="13.407955">
        <ele>641.871224</ele>
        <time>2026-07-28T23:53:29.897Z</time>
      </trkpt>
      <trkpt lat="46.208695" lon="13.407832">
        <ele>641.468799</ele>
        <time>2026-07-28T23:53:31.424Z</time>
      </trkpt>
      <trkpt lat="46.208305" lon="13.407355">
        <ele>640.154738</ele>
        <time>2026-07-28T23:53:36.173Z</time>
      </trkpt>
      <trkpt lat="46.208188" lon="13.407138">
        <ele>639.681561</ele>
        <time>2026-07-28T23:53:37.928Z</time>
      </trkpt>
      <trkpt lat="46.208153" lon="13.406995">
        <ele>639.420654</ele>
        <time>2026-07-28T23:53:38.913Z</time>
      </trkpt>
      <trkpt lat="46.208137" lon="13.406497">
        <ele>638.563117</ele>
        <time>2026-07-28T23:53:42.276Z</time>
      </trkpt>
      <trkpt lat="46.208085" lon="13.406200">
        <ele>638.036148</ele>
        <time>2026-07-28T23:53:44.563Z</time>
      </trkpt>
      <trkpt lat="46.207962" lon="13.405970">
        <ele>637.536160</ele>
        <time>2026-07-28T23:53:47.020Z</time>
      </trkpt>
      <trkpt lat="46.207805" lon="13.405783">
        <ele>637.030445</ele>
        <time>2026-07-28T23:53:49.937Z</time>
      </trkpt>
      <trkpt lat="46.207622" lon="13.405640">
        <ele>636.513336</ele>
        <time>2026-07-28T23:53:53.355Z</time>
      </trkpt>
      <trkpt lat="46.206992" lon="13.405252">
        <ele>635.625611</ele>
        <time>2026-07-28T23:54:03.592Z</time>
      </trkpt>
      <trkpt lat="46.206392" lon="13.405093">
        <ele>635.048213</ele>
        <time>2026-07-28T23:54:10.338Z</time>
      </trkpt>
      <trkpt lat="46.206297" lon="13.405027">
        <ele>634.948437</ele>
        <time>2026-07-28T23:54:11.450Z</time>
      </trkpt>
      <trkpt lat="46.205950" lon="13.404668">
        <ele>634.544476</ele>
        <time>2026-07-28T23:54:16.164Z</time>
      </trkpt>
      <trkpt lat="46.205322" lon="13.404303">
        <ele>635.575734</ele>
        <time>2026-07-28T23:54:26.807Z</time>
      </trkpt>
      <trkpt lat="46.204848" lon="13.403723">
        <ele>636.877152</ele>
        <time>2026-07-28T23:54:43.551Z</time>
      </trkpt>
      <trkpt lat="46.204525" lon="13.403458">
        <ele>637.655402</ele>
        <time>2026-07-28T23:54:55.264Z</time>
      </trkpt>
      <trkpt lat="46.203908" lon="13.402701">
        <ele>638.616620</ele>
        <time>2026-07-28T23:55:18.016Z</time>
      </trkpt>
      <trkpt lat="46.203717" lon="13.402481">
        <ele>638.803888</ele>
        <time>2026-07-28T23:55:22.101Z</time>
      </trkpt>
      <trkpt lat="46.203427" lon="13.402180">
        <ele>639.077640</ele>
        <time>2026-07-28T23:55:26.415Z</time>
      </trkpt>
      <trkpt lat="46.203260" lon="13.402075">
        <ele>639.217271</ele>
        <time>2026-07-28T23:55:28.615Z</time>
      </trkpt>
      <trkpt lat="46.202837" lon="13.401893">
        <ele>639.555644</ele>
        <time>2026-07-28T23:55:35.098Z</time>
      </trkpt>
      <trkpt lat="46.202367" lon="13.401882">
        <ele>639.241093</ele>
        <time>2026-07-28T23:55:41.607Z</time>
      </trkpt>
      <trkpt lat="46.202058" lon="13.401883">
        <ele>639.013769</ele>
        <time>2026-07-28T23:55:44.858Z</time>
      </trkpt>
      <trkpt lat="46.201992" lon="13.401876">
        <ele>638.965083</ele>
        <time>2026-07-28T23:55:45.522Z</time>
      </trkpt>
      <trkpt lat="46.201769" lon="13.401854">
        <ele>638.800646</ele>
        <time>2026-07-28T23:55:47.737Z</time>
      </trkpt>
      <trkpt lat="46.201230" lon="13.401786">
        <ele>638.402608</ele>
        <time>2026-07-28T23:55:54.084Z</time>
      </trkpt>
      <trkpt lat="46.201001" lon="13.401635">
        <ele>638.336673</ele>
        <time>2026-07-28T23:55:59.151Z</time>
      </trkpt>
      <trkpt lat="46.200269" lon="13.401410">
        <ele>639.906950</ele>
        <time>2026-07-28T23:56:22.375Z</time>
      </trkpt>
      <trkpt lat="46.200186" lon="13.401410">
        <ele>640.081103</ele>
        <time>2026-07-28T23:56:25.098Z</time>
      </trkpt>
      <trkpt lat="46.199991" lon="13.401412">
        <ele>640.490268</ele>
        <time>2026-07-28T23:56:30.886Z</time>
      </trkpt>
      <trkpt lat="46.199918" lon="13.401384">
        <ele>640.648745</ele>
        <time>2026-07-28T23:56:32.901Z</time>
      </trkpt>
      <trkpt lat="46.199527" lon="13.401246">
        <ele>641.493277</ele>
        <time>2026-07-28T23:56:40.632Z</time>
      </trkpt>
      <trkpt lat="46.199262" lon="13.401256">
        <ele>642.077289</ele>
        <time>2026-07-28T23:56:44.041Z</time>
      </trkpt>
      <trkpt lat="46.198829" lon="13.401160">
        <ele>643.937291</ele>
        <time>2026-07-28T23:56:50.348Z</time>
      </trkpt>
      <trkpt lat="46.198779" lon="13.401122">
        <ele>644.177168</ele>
        <time>2026-07-28T23:56:51.253Z</time>
      </trkpt>
      <trkpt lat="46.198702" lon="13.401061">
        <ele>644.550027</ele>
        <time>2026-07-28T23:56:53.011Z</time>
      </trkpt>
      <trkpt lat="46.198461" lon="13.400691">
        <ele>646.043164</ele>
        <time>2026-07-28T23:57:04.315Z</time>
      </trkpt>
      <trkpt lat="46.198314" lon="13.400599">
        <ele>646.723359</ele>
        <time>2026-07-28T23:57:11.105Z</time>
      </trkpt>
      <trkpt lat="46.198113" lon="13.400519">
        <ele>647.608580</ele>
        <time>2026-07-28T23:57:21.145Z</time>
      </trkpt>
      <trkpt lat="46.197813" lon="13.400584">
        <ele>648.896599</ele>
        <time>2026-07-28T23:57:35.588Z</time>
      </trkpt>
      <trkpt lat="46.197594" lon="13.400584">
        <ele>649.869813</ele>
        <time>2026-07-28T23:57:44.036Z</time>
      </trkpt>
      <trkpt lat="46.197240" lon="13.400509">
        <ele>651.782833</ele>
        <time>2026-07-28T23:57:57.538Z</time>
      </trkpt>
      <trkpt lat="46.196826" lon="13.400401">
        <ele>654.032215</ele>
        <time>2026-07-28T23:58:14.806Z</time>
      </trkpt>
      <trkpt lat="46.196533" lon="13.400240">
        <ele>655.708324</ele>
        <time>2026-07-28T23:58:27.893Z</time>
      </trkpt>
      <trkpt lat="46.196077" lon="13.400017">
        <ele>658.282377</ele>
        <time>2026-07-28T23:58:44.218Z</time>
      </trkpt>
      <trkpt lat="46.195456" lon="13.399541">
        <ele>660.087660</ele>
        <time>2026-07-28T23:58:59.631Z</time>
      </trkpt>
      <trkpt lat="46.195331" lon="13.399441">
        <ele>660.311864</ele>
        <time>2026-07-28T23:59:02.806Z</time>
      </trkpt>
      <trkpt lat="46.195106" lon="13.399317">
        <ele>660.689731</ele>
        <time>2026-07-28T23:59:08.664Z</time>
      </trkpt>
      <trkpt lat="46.194800" lon="13.399217">
        <ele>661.182011</ele>
        <time>2026-07-28T23:59:16.076Z</time>
      </trkpt>
      <trkpt lat="46.194267" lon="13.398873">
        <ele>662.098014</ele>
        <time>2026-07-28T23:59:25.237Z</time>
      </trkpt>
      <trkpt lat="46.193910" lon="13.398377">
        <ele>662.345027</ele>
        <time>2026-07-28T23:59:31.742Z</time>
      </trkpt>
      <trkpt lat="46.193807" lon="13.398286">
        <ele>662.405154</ele>
        <time>2026-07-28T23:59:33.511Z</time>
      </trkpt>
      <trkpt lat="46.193016" lon="13.397871">
        <ele>662.824251</ele>
        <time>2026-07-28T23:59:46.466Z</time>
      </trkpt>
      <trkpt lat="46.192930" lon="13.397827">
        <ele>662.869686</ele>
        <time>2026-07-28T23:59:47.583Z</time>
      </trkpt>
      <trkpt lat="46.192517" lon="13.397443">
        <ele>663.990906</ele>
        <time>2026-07-28T23:59:57.582Z</time>
      </trkpt>
      <trkpt lat="46.192260" lon="13.397249">
        <ele>665.190018</ele>
        <time>2026-07-29T00:00:07.478Z</time>
      </trkpt>
      <trkpt lat="46.191824" lon="13.396766">
        <ele>667.462113</ele>
        <time>2026-07-29T00:00:28.403Z</time>
      </trkpt>
      <trkpt lat="46.190944" lon="13.396126">
        <ele>671.066536</ele>
        <time>2026-07-29T00:01:01.021Z</time>
      </trkpt>
      <trkpt lat="46.190758" lon="13.396020">
        <ele>671.541605</ele>
        <time>2026-07-29T00:01:07.091Z</time>
      </trkpt>
      <trkpt lat="46.190527" lon="13.395995">
        <ele>672.091981</ele>
        <time>2026-07-29T00:01:13.343Z</time>
      </trkpt>
      <trkpt lat="46.189618" lon="13.395719">
        <ele>674.298887</ele>
        <time>2026-07-29T00:01:30.675Z</time>
      </trkpt>
      <trkpt lat="46.189316" lon="13.395557">
        <ele>675.717397</ele>
        <time>2026-07-29T00:01:36.161Z</time>
      </trkpt>
      <trkpt lat="46.188803" lon="13.395421">
        <ele>679.212654</ele>
        <time>2026-07-29T00:01:50.970Z</time>
      </trkpt>
      <trkpt lat="46.188180" lon="13.395361">
        <ele>683.396920</ele>
        <time>2026-07-29T00:02:19.676Z</time>
      </trkpt>
      <trkpt lat="46.187701" lon="13.395179">
        <ele>686.716104</ele>
        <time>2026-07-29T00:02:48.157Z</time>
      </trkpt>
      <trkpt lat="46.186707" lon="13.395210">
        <ele>698.180303</ele>
        <time>2026-07-29T00:03:51.918Z</time>
      </trkpt>
      <trkpt lat="46.186397" lon="13.395168">
        <ele>701.780268</ele>
        <time>2026-07-29T00:04:12.586Z</time>
      </trkpt>
      <trkpt lat="46.185833" lon="13.395170">
        <ele>708.214157</ele>
        <time>2026-07-29T00:04:46.641Z</time>
      </trkpt>
      <trkpt lat="46.185448" lon="13.394973">
        <ele>712.385263</ele>
        <time>2026-07-29T00:05:07.551Z</time>
      </trkpt>
      <trkpt lat="46.185227" lon="13.394810">
        <ele>714.919366</ele>
        <time>2026-07-29T00:05:21.566Z</time>
      </trkpt>
      <trkpt lat="46.184963" lon="13.394517">
        <ele>718.319353</ele>
        <time>2026-07-29T00:05:42.104Z</time>
      </trkpt>
      <trkpt lat="46.184795" lon="13.394443">
        <ele>720.113002</ele>
        <time>2026-07-29T00:05:52.668Z</time>
      </trkpt>
      <trkpt lat="46.184750" lon="13.394382">
        <ele>720.743233</ele>
        <time>2026-07-29T00:05:56.464Z</time>
      </trkpt>
      <trkpt lat="46.184732" lon="13.394295">
        <ele>721.385224</ele>
        <time>2026-07-29T00:06:00.423Z</time>
      </trkpt>
      <trkpt lat="46.184729" lon="13.394051">
        <ele>723.110639</ele>
        <time>2026-07-29T00:06:10.778Z</time>
      </trkpt>
      <trkpt lat="46.184748" lon="13.393930">
        <ele>723.987867</ele>
        <time>2026-07-29T00:06:15.329Z</time>
      </trkpt>
      <trkpt lat="46.184868" lon="13.393715">
        <ele>725.935848</ele>
        <time>2026-07-29T00:06:24.248Z</time>
      </trkpt>
      <trkpt lat="46.184842" lon="13.393656">
        <ele>726.299664</ele>
        <time>2026-07-29T00:06:26.342Z</time>
      </trkpt>
      <trkpt lat="46.184769" lon="13.393663">
        <ele>726.849370</ele>
        <time>2026-07-29T00:06:29.390Z</time>
      </trkpt>
      <trkpt lat="46.184494" lon="13.394083">
        <ele>729.856522</ele>
        <time>2026-07-29T00:06:45.951Z</time>
      </trkpt>
      <trkpt lat="46.184300" lon="13.394311">
        <ele>731.735749</ele>
        <time>2026-07-29T00:06:57.765Z</time>
      </trkpt>
      <trkpt lat="46.184221" lon="13.394357">
        <ele>732.375749</ele>
        <time>2026-07-29T00:07:02.782Z</time>
      </trkpt>
      <trkpt lat="46.183816" lon="13.394588">
        <ele>735.647464</ele>
        <time>2026-07-29T00:07:28.042Z</time>
      </trkpt>
      <trkpt lat="46.183559" lon="13.394810">
        <ele>737.897472</ele>
        <time>2026-07-29T00:07:39.994Z</time>
      </trkpt>
      <trkpt lat="46.183488" lon="13.394915">
        <ele>738.660983</ele>
        <time>2026-07-29T00:07:43.038Z</time>
      </trkpt>
      <trkpt lat="46.183271" lon="13.395403">
        <ele>740.877504</ele>
        <time>2026-07-29T00:07:52.876Z</time>
      </trkpt>
      <trkpt lat="46.183298" lon="13.395525">
        <ele>741.305715</ele>
        <time>2026-07-29T00:07:55.011Z</time>
      </trkpt>
      <trkpt lat="46.183502" lon="13.395735">
        <ele>742.515394</ele>
        <time>2026-07-29T00:08:01.259Z</time>
      </trkpt>
      <trkpt lat="46.183588" lon="13.395886">
        <ele>743.169087</ele>
        <time>2026-07-29T00:08:04.897Z</time>
      </trkpt>
      <trkpt lat="46.183665" lon="13.396084">
        <ele>743.928330</ele>
        <time>2026-07-29T00:08:09.533Z</time>
      </trkpt>
      <trkpt lat="46.183688" lon="13.396197">
        <ele>744.322105</ele>
        <time>2026-07-29T00:08:12.140Z</time>
      </trkpt>
      <trkpt lat="46.183673" lon="13.396296">
        <ele>744.660920</ele>
        <time>2026-07-29T00:08:14.465Z</time>
      </trkpt>
      <trkpt lat="46.183634" lon="13.396333">
        <ele>744.886238</ele>
        <time>2026-07-29T00:08:16.076Z</time>
      </trkpt>
      <trkpt lat="46.183596" lon="13.396327">
        <ele>745.070828</ele>
        <time>2026-07-29T00:08:17.408Z</time>
      </trkpt>
      <trkpt lat="46.183510" lon="13.396226">
        <ele>745.606066</ele>
        <time>2026-07-29T00:08:21.414Z</time>
      </trkpt>
      <trkpt lat="46.183430" lon="13.396192">
        <ele>746.008752</ele>
        <time>2026-07-29T00:08:24.534Z</time>
      </trkpt>
      <trkpt lat="46.183117" lon="13.396347">
        <ele>747.606553</ele>
        <time>2026-07-29T00:08:38.229Z</time>
      </trkpt>
      <trkpt lat="46.182965" lon="13.396266">
        <ele>748.484850</ele>
        <time>2026-07-29T00:08:45.433Z</time>
      </trkpt>
      <trkpt lat="46.182767" lon="13.396019">
        <ele>750.203976</ele>
        <time>2026-07-29T00:08:57.248Z</time>
      </trkpt>
      <trkpt lat="46.182565" lon="13.395837">
        <ele>751.768375</ele>
        <time>2026-07-29T00:09:08.164Z</time>
      </trkpt>
      <trkpt lat="46.182298" lon="13.395789">
        <ele>753.536336</ele>
        <time>2026-07-29T00:09:20.339Z</time>
      </trkpt>
      <trkpt lat="46.182220" lon="13.395712">
        <ele>754.157142</ele>
        <time>2026-07-29T00:09:24.484Z</time>
      </trkpt>
      <trkpt lat="46.182227" lon="13.395623">
        <ele>754.564648</ele>
        <time>2026-07-29T00:09:27.148Z</time>
      </trkpt>
      <trkpt lat="46.182307" lon="13.395501">
        <ele>755.329102</ele>
        <time>2026-07-29T00:09:32.024Z</time>
      </trkpt>
      <trkpt lat="46.182365" lon="13.395292">
        <ele>756.353471</ele>
        <time>2026-07-29T00:09:38.474Z</time>
      </trkpt>
      <trkpt lat="46.182352" lon="13.394863">
        <ele>758.307051</ele>
        <time>2026-07-29T00:09:50.300Z</time>
      </trkpt>
      <trkpt lat="46.182372" lon="13.394688">
        <ele>759.113977</ele>
        <time>2026-07-29T00:09:54.523Z</time>
      </trkpt>
      <trkpt lat="46.182433" lon="13.394589">
        <ele>759.716899</ele>
        <time>2026-07-29T00:09:57.541Z</time>
      </trkpt>
      <trkpt lat="46.182723" lon="13.394324">
        <ele>761.974897</ele>
        <time>2026-07-29T00:10:08.931Z</time>
      </trkpt>
      <trkpt lat="46.183032" lon="13.393884">
        <ele>764.830462</ele>
        <time>2026-07-29T00:10:24.621Z</time>
      </trkpt>
      <trkpt lat="46.183210" lon="13.393448">
        <ele>767.136662</ele>
        <time>2026-07-29T00:10:40.086Z</time>
      </trkpt>
      <trkpt lat="46.183270" lon="13.393360">
        <ele>767.699399</ele>
        <time>2026-07-29T00:10:44.029Z</time>
      </trkpt>
      <trkpt lat="46.183622" lon="13.392973">
        <ele>770.610618</ele>
        <time>2026-07-29T00:11:05.227Z</time>
      </trkpt>
      <trkpt lat="46.183923" lon="13.392585">
        <ele>772.862432</ele>
        <time>2026-07-29T00:11:24.318Z</time>
      </trkpt>
      <trkpt lat="46.183858" lon="13.392568">
        <ele>773.179308</ele>
        <time>2026-07-29T00:11:27.092Z</time>
      </trkpt>
      <trkpt lat="46.183638" lon="13.392750">
        <ele>774.395499</ele>
        <time>2026-07-29T00:11:36.802Z</time>
      </trkpt>
      <trkpt lat="46.183076" lon="13.393016">
        <ele>777.232484</ele>
        <time>2026-07-29T00:11:54.434Z</time>
      </trkpt>
      <trkpt lat="46.182867" lon="13.393203">
        <ele>778.411844</ele>
        <time>2026-07-29T00:12:01.869Z</time>
      </trkpt>
      <trkpt lat="46.182640" lon="13.393528">
        <ele>779.945102</ele>
        <time>2026-07-29T00:12:11.344Z</time>
      </trkpt>
      <trkpt lat="46.182505" lon="13.393590">
        <ele>780.342547</ele>
        <time>2026-07-29T00:12:15.503Z</time>
      </trkpt>
      <trkpt lat="46.182146" lon="13.393443">
        <ele>779.819160</ele>
        <time>2026-07-29T00:12:26.634Z</time>
      </trkpt>
      <trkpt lat="46.181562" lon="13.393327">
        <ele>778.992319</ele>
        <time>2026-07-29T00:12:38.736Z</time>
      </trkpt>
      <trkpt lat="46.181538" lon="13.393311">
        <ele>778.955243</ele>
        <time>2026-07-29T00:12:38.996Z</time>
      </trkpt>
      <trkpt lat="46.181355" lon="13.393310">
        <ele>778.698561</ele>
        <time>2026-07-29T00:12:40.648Z</time>
      </trkpt>
      <trkpt lat="46.181323" lon="13.393281">
        <ele>778.645573</ele>
        <time>2026-07-29T00:12:40.971Z</time>
      </trkpt>
      <trkpt lat="46.181315" lon="13.393208">
        <ele>778.573797</ele>
        <time>2026-07-29T00:12:41.412Z</time>
      </trkpt>
      <trkpt lat="46.181154" lon="13.393355">
        <ele>778.306635</ele>
        <time>2026-07-29T00:12:43.021Z</time>
      </trkpt>
      <trkpt lat="46.180904" lon="13.393519">
        <ele>777.921503</ele>
        <time>2026-07-29T00:12:45.398Z</time>
      </trkpt>
      <trkpt lat="46.180826" lon="13.393655">
        <ele>778.169769</ele>
        <time>2026-07-29T00:12:46.530Z</time>
      </trkpt>
      <trkpt lat="46.180755" lon="13.394183">
        <ele>779.289209</ele>
        <time>2026-07-29T00:12:53.315Z</time>
      </trkpt>
      <trkpt lat="46.180693" lon="13.394486">
        <ele>779.946795</ele>
        <time>2026-07-29T00:13:00.698Z</time>
      </trkpt>
      <trkpt lat="46.180619" lon="13.394671">
        <ele>780.391464</ele>
        <time>2026-07-29T00:13:05.695Z</time>
      </trkpt>
      <trkpt lat="46.180477" lon="13.394882">
        <ele>781.003874</ele>
        <time>2026-07-29T00:13:12.796Z</time>
      </trkpt>
      <trkpt lat="46.180433" lon="13.395086">
        <ele>781.448578</ele>
        <time>2026-07-29T00:13:18.549Z</time>
      </trkpt>
      <trkpt lat="46.180432" lon="13.395399">
        <ele>782.100024</ele>
        <time>2026-07-29T00:13:28.746Z</time>
      </trkpt>
      <trkpt lat="46.180477" lon="13.395752">
        <ele>782.847063</ele>
        <time>2026-07-29T00:13:41.469Z</time>
      </trkpt>
      <trkpt lat="46.180467" lon="13.395972">
        <ele>783.313549</ele>
        <time>2026-07-29T00:13:48.433Z</time>
      </trkpt>
      <trkpt lat="46.180396" lon="13.396159">
        <ele>783.971812</ele>
        <time>2026-07-29T00:13:54.415Z</time>
      </trkpt>
      <trkpt lat="46.179852" lon="13.396698">
        <ele>786.912646</ele>
        <time>2026-07-29T00:14:11.932Z</time>
      </trkpt>
      <trkpt lat="46.179495" lon="13.397192">
        <ele>789.116631</ele>
        <time>2026-07-29T00:14:27.979Z</time>
      </trkpt>
      <trkpt lat="46.179376" lon="13.397489">
        <ele>790.175767</ele>
        <time>2026-07-29T00:14:35.884Z</time>
      </trkpt>
      <trkpt lat="46.179342" lon="13.397714">
        <ele>790.886595</ele>
        <time>2026-07-29T00:14:40.791Z</time>
      </trkpt>
      <trkpt lat="46.178994" lon="13.398246">
        <ele>794.145653</ele>
        <time>2026-07-29T00:14:55.627Z</time>
      </trkpt>
      <trkpt lat="46.178939" lon="13.398434">
        <ele>795.118476</ele>
        <time>2026-07-29T00:15:00.188Z</time>
      </trkpt>
      <trkpt lat="46.178906" lon="13.398729">
        <ele>796.542853</ele>
        <time>2026-07-29T00:15:07.506Z</time>
      </trkpt>
      <trkpt lat="46.178923" lon="13.399392">
        <ele>799.705268</ele>
        <time>2026-07-29T00:15:27.975Z</time>
      </trkpt>
      <trkpt lat="46.178783" lon="13.399855">
        <ele>802.113464</ele>
        <time>2026-07-29T00:15:46.103Z</time>
      </trkpt>
      <trkpt lat="46.178746" lon="13.400613">
        <ele>807.566438</ele>
        <time>2026-07-29T00:16:14.615Z</time>
      </trkpt>
      <trkpt lat="46.178684" lon="13.400868">
        <ele>810.007833</ele>
        <time>2026-07-29T00:16:25.580Z</time>
      </trkpt>
      <trkpt lat="46.178617" lon="13.401012">
        <ele>811.575042</ele>
        <time>2026-07-29T00:16:33.119Z</time>
      </trkpt>
      <trkpt lat="46.178587" lon="13.401210">
        <ele>813.405973</ele>
        <time>2026-07-29T00:16:42.445Z</time>
      </trkpt>
      <trkpt lat="46.178586" lon="13.402295">
        <ele>823.207202</ele>
        <time>2026-07-29T00:17:37.145Z</time>
      </trkpt>
      <trkpt lat="46.178477" lon="13.402722">
        <ele>827.248456</ele>
        <time>2026-07-29T00:18:05.624Z</time>
      </trkpt>
      <trkpt lat="46.178497" lon="13.402888">
        <ele>828.117321</ele>
        <time>2026-07-29T00:18:16.981Z</time>
      </trkpt>
      <trkpt lat="46.178563" lon="13.403075">
        <ele>829.199660</ele>
        <time>2026-07-29T00:18:28.968Z</time>
      </trkpt>
      <trkpt lat="46.178581" lon="13.403199">
        <ele>829.852985</ele>
        <time>2026-07-29T00:18:34.893Z</time>
      </trkpt>
      <trkpt lat="46.178526" lon="13.403329">
        <ele>830.638582</ele>
        <time>2026-07-29T00:18:40.612Z</time>
      </trkpt>
      <trkpt lat="46.178317" lon="13.403355">
        <ele>832.200842</ele>
        <time>2026-07-29T00:18:48.228Z</time>
      </trkpt>
      <trkpt lat="46.178114" lon="13.403575">
        <ele>834.090973</ele>
        <time>2026-07-29T00:18:50.958Z</time>
      </trkpt>
      <trkpt lat="46.177928" lon="13.403498">
        <ele>835.531965</ele>
        <time>2026-07-29T00:18:52.792Z</time>
      </trkpt>
      <trkpt lat="46.177831" lon="13.403491">
        <ele>836.255260</ele>
        <time>2026-07-29T00:18:53.841Z</time>
      </trkpt>
      <trkpt lat="46.177637" lon="13.403593">
        <ele>837.792812</ele>
        <time>2026-07-29T00:18:58.565Z</time>
      </trkpt>
      <trkpt lat="46.177556" lon="13.403688">
        <ele>838.569912</ele>
        <time>2026-07-29T00:19:02.485Z</time>
      </trkpt>
      <trkpt lat="46.177499" lon="13.403885">
        <ele>839.670915</ele>
        <time>2026-07-29T00:19:09.468Z</time>
      </trkpt>
      <trkpt lat="46.177448" lon="13.404384">
        <ele>843.393573</ele>
        <time>2026-07-29T00:19:33.009Z</time>
      </trkpt>
      <trkpt lat="46.177510" lon="13.404756">
        <ele>846.652330</ele>
        <time>2026-07-29T00:19:56.032Z</time>
      </trkpt>
      <trkpt lat="46.177422" lon="13.405175">
        <ele>850.381437</ele>
        <time>2026-07-29T00:20:25.362Z</time>
      </trkpt>
      <trkpt lat="46.177282" lon="13.405535">
        <ele>853.897985</ele>
        <time>2026-07-29T00:20:52.008Z</time>
      </trkpt>
      <trkpt lat="46.177248" lon="13.405920">
        <ele>857.203548</ele>
        <time>2026-07-29T00:21:12.459Z</time>
      </trkpt>
      <trkpt lat="46.177184" lon="13.406015">
        <ele>858.332413</ele>
        <time>2026-07-29T00:21:17.787Z</time>
      </trkpt>
      <trkpt lat="46.177018" lon="13.406094">
        <ele>860.482219</ele>
        <time>2026-07-29T00:21:25.557Z</time>
      </trkpt>
      <trkpt lat="46.176956" lon="13.406089">
        <ele>861.246007</ele>
        <time>2026-07-29T00:21:27.678Z</time>
      </trkpt>
      <trkpt lat="46.176640" lon="13.405577">
        <ele>866.090398</ele>
        <time>2026-07-29T00:21:35.251Z</time>
      </trkpt>
      <trkpt lat="46.176491" lon="13.405440">
        <ele>867.772177</ele>
        <time>2026-07-29T00:21:37.691Z</time>
      </trkpt>
      <trkpt lat="46.176378" lon="13.405483">
        <ele>868.884792</ele>
        <time>2026-07-29T00:21:40.258Z</time>
      </trkpt>
      <trkpt lat="46.176278" lon="13.405591">
        <ele>870.073703</ele>
        <time>2026-07-29T00:21:44.349Z</time>
      </trkpt>
      <trkpt lat="46.176210" lon="13.405718">
        <ele>871.132116</ele>
        <time>2026-07-29T00:21:49.342Z</time>
      </trkpt>
      <trkpt lat="46.176175" lon="13.405867">
        <ele>872.169438</ele>
        <time>2026-07-29T00:21:55.605Z</time>
      </trkpt>
      <trkpt lat="46.176165" lon="13.406006">
        <ele>873.090780</ele>
        <time>2026-07-29T00:22:02.258Z</time>
      </trkpt>
      <trkpt lat="46.176201" lon="13.406887">
        <ele>878.909201</ele>
        <time>2026-07-29T00:22:57.769Z</time>
      </trkpt>
      <trkpt lat="46.176107" lon="13.407277">
        <ele>880.361357</ele>
        <time>2026-07-29T00:23:21.345Z</time>
      </trkpt>
      <trkpt lat="46.176069" lon="13.407611">
        <ele>881.045857</ele>
        <time>2026-07-29T00:23:34.902Z</time>
      </trkpt>
      <trkpt lat="46.176036" lon="13.407709">
        <ele>881.266232</ele>
        <time>2026-07-29T00:23:38.069Z</time>
      </trkpt>
      <trkpt lat="46.175979" lon="13.407717">
        <ele>881.433485</ele>
        <time>2026-07-29T00:23:40.062Z</time>
      </trkpt>
      <trkpt lat="46.175837" lon="13.407460">
        <ele>882.098394</ele>
        <time>2026-07-29T00:23:44.912Z</time>
      </trkpt>
      <trkpt lat="46.175625" lon="13.406927">
        <ele>883.341446</ele>
        <time>2026-07-29T00:23:49.066Z</time>
      </trkpt>
      <trkpt lat="46.175497" lon="13.406841">
        <ele>883.753747</ele>
        <time>2026-07-29T00:23:50.364Z</time>
      </trkpt>
      <trkpt lat="46.175254" lon="13.406884">
        <ele>884.468737</ele>
        <time>2026-07-29T00:23:52.638Z</time>
      </trkpt>
      <trkpt lat="46.175027" lon="13.407011">
        <ele>885.369884</ele>
        <time>2026-07-29T00:23:55.039Z</time>
      </trkpt>
      <trkpt lat="46.174667" lon="13.407152">
        <ele>888.084297</ele>
        <time>2026-07-29T00:24:01.123Z</time>
      </trkpt>
      <trkpt lat="46.174277" lon="13.407595">
        <ele>891.695130</ele>
        <time>2026-07-29T00:24:21.251Z</time>
      </trkpt>
      <trkpt lat="46.174231" lon="13.407732">
        <ele>892.462375</ele>
        <time>2026-07-29T00:24:27.215Z</time>
      </trkpt>
      <trkpt lat="46.174224" lon="13.407865">
        <ele>893.134520</ele>
        <time>2026-07-29T00:24:32.827Z</time>
      </trkpt>
      <trkpt lat="46.174273" lon="13.408072">
        <ele>894.236895</ele>
        <time>2026-07-29T00:24:42.907Z</time>
      </trkpt>
      <trkpt lat="46.174421" lon="13.408482">
        <ele>896.566826</ele>
        <time>2026-07-29T00:25:06.765Z</time>
      </trkpt>
      <trkpt lat="46.174385" lon="13.408547">
        <ele>896.986252</ele>
        <time>2026-07-29T00:25:11.168Z</time>
      </trkpt>
      <trkpt lat="46.174259" lon="13.408620">
        <ele>897.974212</ele>
        <time>2026-07-29T00:25:21.422Z</time>
      </trkpt>
      <trkpt lat="46.174230" lon="13.408744">
        <ele>898.704344</ele>
        <time>2026-07-29T00:25:28.093Z</time>
      </trkpt>
      <trkpt lat="46.174318" lon="13.408938">
        <ele>900.040527</ele>
        <time>2026-07-29T00:25:39.419Z</time>
      </trkpt>
      <trkpt lat="46.174565" lon="13.409270">
        <ele>902.848047</ele>
        <time>2026-07-29T00:25:58.720Z</time>
      </trkpt>
      <trkpt lat="46.174592" lon="13.409437">
        <ele>903.836082</ele>
        <time>2026-07-29T00:26:03.932Z</time>
      </trkpt>
      <trkpt lat="46.174372" lon="13.409748">
        <ele>906.397543</ele>
        <time>2026-07-29T00:26:14.086Z</time>
      </trkpt>
      <trkpt lat="46.174287" lon="13.409738">
        <ele>907.107101</ele>
        <time>2026-07-29T00:26:16.289Z</time>
      </trkpt>
      <trkpt lat="46.174169" lon="13.409624">
        <ele>908.288325</ele>
        <time>2026-07-29T00:26:19.656Z</time>
      </trkpt>
      <trkpt lat="46.174119" lon="13.409609">
        <ele>908.713216</ele>
        <time>2026-07-29T00:26:20.834Z</time>
      </trkpt>
      <trkpt lat="46.173739" lon="13.409582">
        <ele>911.878711</ele>
        <time>2026-07-29T00:26:32.235Z</time>
      </trkpt>
      <trkpt lat="46.173670" lon="13.409612">
        <ele>912.478260</ele>
        <time>2026-07-29T00:26:35.421Z</time>
      </trkpt>
      <trkpt lat="46.173559" lon="13.409940">
        <ele>914.825547</ele>
        <time>2026-07-29T00:26:49.812Z</time>
      </trkpt>
      <trkpt lat="46.173543" lon="13.410058">
        <ele>915.632846</ele>
        <time>2026-07-29T00:26:55.610Z</time>
      </trkpt>
      <trkpt lat="46.173559" lon="13.410738">
        <ele>920.201012</ele>
        <time>2026-07-29T00:27:32.506Z</time>
      </trkpt>
      <trkpt lat="46.173452" lon="13.410934">
        <ele>921.876720</ele>
        <time>2026-07-29T00:27:44.920Z</time>
      </trkpt>
      <trkpt lat="46.173355" lon="13.411197">
        <ele>923.877350</ele>
        <time>2026-07-29T00:27:57.511Z</time>
      </trkpt>
      <trkpt lat="46.173283" lon="13.411189">
        <ele>924.577501</ele>
        <time>2026-07-29T00:28:01.248Z</time>
      </trkpt>
      <trkpt lat="46.173149" lon="13.411070">
        <ele>926.102731</ele>
        <time>2026-07-29T00:28:08.264Z</time>
      </trkpt>
      <trkpt lat="46.173024" lon="13.410880">
        <ele>927.862330</ele>
        <time>2026-07-29T00:28:15.179Z</time>
      </trkpt>
      <trkpt lat="46.172917" lon="13.410839">
        <ele>928.935666</ele>
        <time>2026-07-29T00:28:18.980Z</time>
      </trkpt>
      <trkpt lat="46.172834" lon="13.410874">
        <ele>929.774015</ele>
        <time>2026-07-29T00:28:21.703Z</time>
      </trkpt>
      <trkpt lat="46.172540" lon="13.411327">
        <ele>932.362899</ele>
        <time>2026-07-29T00:28:36.204Z</time>
      </trkpt>
      <trkpt lat="46.172499" lon="13.411355">
        <ele>932.598171</ele>
        <time>2026-07-29T00:28:38.061Z</time>
      </trkpt>
      <trkpt lat="46.172162" lon="13.411095">
        <ele>934.580215</ele>
        <time>2026-07-29T00:28:55.702Z</time>
      </trkpt>
      <trkpt lat="46.172128" lon="13.411093">
        <ele>934.756736</ele>
        <time>2026-07-29T00:28:57.449Z</time>
      </trkpt>
      <trkpt lat="46.172030" lon="13.411137">
        <ele>935.289115</ele>
        <time>2026-07-29T00:29:02.688Z</time>
      </trkpt>
      <trkpt lat="46.171848" lon="13.411297">
        <ele>936.394435</ele>
        <time>2026-07-29T00:29:13.168Z</time>
      </trkpt>
      <trkpt lat="46.171359" lon="13.411311">
        <ele>938.931616</ele>
        <time>2026-07-29T00:29:31.358Z</time>
      </trkpt>
      <trkpt lat="46.171198" lon="13.411177">
        <ele>939.885359</ele>
        <time>2026-07-29T00:29:35.010Z</time>
      </trkpt>
      <trkpt lat="46.170986" lon="13.410826">
        <ele>940.696326</ele>
        <time>2026-07-29T00:29:38.399Z</time>
      </trkpt>
      <trkpt lat="46.170846" lon="13.410645">
        <ele>941.168810</ele>
        <time>2026-07-29T00:29:40.185Z</time>
      </trkpt>
      <trkpt lat="46.170687" lon="13.410518">
        <ele>941.625680</ele>
        <time>2026-07-29T00:29:41.973Z</time>
      </trkpt>
      <trkpt lat="46.170455" lon="13.410457">
        <ele>942.218606</ele>
        <time>2026-07-29T00:29:44.697Z</time>
      </trkpt>
      <trkpt lat="46.170130" lon="13.410493">
        <ele>943.038179</ele>
        <time>2026-07-29T00:29:54.222Z</time>
      </trkpt>
      <trkpt lat="46.169969" lon="13.410595">
        <ele>943.480242</ele>
        <time>2026-07-29T00:30:03.393Z</time>
      </trkpt>
      <trkpt lat="46.169876" lon="13.410801">
        <ele>943.908430</ele>
        <time>2026-07-29T00:30:14.107Z</time>
      </trkpt>
      <trkpt lat="46.169765" lon="13.411288">
        <ele>944.150878</ele>
        <time>2026-07-29T00:30:33.829Z</time>
      </trkpt>
      <trkpt lat="46.169720" lon="13.411395">
        <ele>944.017098</ele>
        <time>2026-07-29T00:30:37.326Z</time>
      </trkpt>
      <trkpt lat="46.169690" lon="13.411416">
        <ele>943.965652</ele>
        <time>2026-07-29T00:30:38.539Z</time>
      </trkpt>
      <trkpt lat="46.169531" lon="13.411298">
        <ele>943.689787</ele>
        <time>2026-07-29T00:30:42.872Z</time>
      </trkpt>
      <trkpt lat="46.169200" lon="13.410970">
        <ele>943.070307</ele>
        <time>2026-07-29T00:30:46.870Z</time>
      </trkpt>
      <trkpt lat="46.168671" lon="13.410571">
        <ele>942.149338</ele>
        <time>2026-07-29T00:30:52.528Z</time>
      </trkpt>
      <trkpt lat="46.168535" lon="13.410648">
        <ele>941.923917</ele>
        <time>2026-07-29T00:30:53.890Z</time>
      </trkpt>
      <trkpt lat="46.168499" lon="13.410727">
        <ele>941.822854</ele>
        <time>2026-07-29T00:30:54.499Z</time>
      </trkpt>
      <trkpt lat="46.168515" lon="13.410906">
        <ele>941.629975</ele>
        <time>2026-07-29T00:30:55.662Z</time>
      </trkpt>
      <trkpt lat="46.168791" lon="13.411614">
        <ele>938.119359</ele>
        <time>2026-07-29T00:31:00.707Z</time>
      </trkpt>
      <trkpt lat="46.168847" lon="13.411834">
        <ele>937.100097</ele>
        <time>2026-07-29T00:31:02.091Z</time>
      </trkpt>
      <trkpt lat="46.168844" lon="13.411969">
        <ele>936.512737</ele>
        <time>2026-07-29T00:31:02.895Z</time>
      </trkpt>
      <trkpt lat="46.168822" lon="13.412070">
        <ele>936.052319</ele>
        <time>2026-07-29T00:31:03.515Z</time>
      </trkpt>
      <trkpt lat="46.168698" lon="13.412337">
        <ele>934.654344</ele>
        <time>2026-07-29T00:31:05.421Z</time>
      </trkpt>
      <trkpt lat="46.168681" lon="13.412463">
        <ele>934.096121</ele>
        <time>2026-07-29T00:31:06.191Z</time>
      </trkpt>
      <trkpt lat="46.168704" lon="13.412539">
        <ele>933.735451</ele>
        <time>2026-07-29T00:31:06.701Z</time>
      </trkpt>
      <trkpt lat="46.168827" lon="13.412591">
        <ele>932.930687</ele>
        <time>2026-07-29T00:31:07.900Z</time>
      </trkpt>
      <trkpt lat="46.169539" lon="13.412645">
        <ele>929.373329</ele>
        <time>2026-07-29T00:31:16.942Z</time>
      </trkpt>
      <trkpt lat="46.170110" lon="13.412822">
        <ele>927.504872</ele>
        <time>2026-07-29T00:31:23.396Z</time>
      </trkpt>
      <trkpt lat="46.170520" lon="13.413042">
        <ele>926.105496</ele>
        <time>2026-07-29T00:31:27.610Z</time>
      </trkpt>
      <trkpt lat="46.170946" lon="13.413142">
        <ele>924.724675</ele>
        <time>2026-07-29T00:31:31.678Z</time>
      </trkpt>
      <trkpt lat="46.171472" lon="13.413444">
        <ele>921.149816</ele>
        <time>2026-07-29T00:31:37.170Z</time>
      </trkpt>
      <trkpt lat="46.171727" lon="13.413633">
        <ele>919.258645</ele>
        <time>2026-07-29T00:31:40.216Z</time>
      </trkpt>
      <trkpt lat="46.172039" lon="13.413917">
        <ele>916.825216</ele>
        <time>2026-07-29T00:31:44.194Z</time>
      </trkpt>
      <trkpt lat="46.172247" lon="13.413967">
        <ele>915.433944</ele>
        <time>2026-07-29T00:31:46.245Z</time>
      </trkpt>
      <trkpt lat="46.172577" lon="13.413992">
        <ele>913.253607</ele>
        <time>2026-07-29T00:31:49.109Z</time>
      </trkpt>
      <trkpt lat="46.172752" lon="13.414158">
        <ele>910.713291</ele>
        <time>2026-07-29T00:31:50.841Z</time>
      </trkpt>
      <trkpt lat="46.172947" lon="13.414678">
        <ele>904.259398</ele>
        <time>2026-07-29T00:31:54.170Z</time>
      </trkpt>
      <trkpt lat="46.173178" lon="13.415169">
        <ele>897.781005</ele>
        <time>2026-07-29T00:31:57.526Z</time>
      </trkpt>
      <trkpt lat="46.173372" lon="13.415471">
        <ele>893.285269</ele>
        <time>2026-07-29T00:31:59.874Z</time>
      </trkpt>
      <trkpt lat="46.173577" lon="13.415647">
        <ele>889.526537</ele>
        <time>2026-07-29T00:32:01.887Z</time>
      </trkpt>
      <trkpt lat="46.174004" lon="13.415899">
        <ele>883.914195</ele>
        <time>2026-07-29T00:32:05.916Z</time>
      </trkpt>
      <trkpt lat="46.174293" lon="13.416225">
        <ele>882.690647</ele>
        <time>2026-07-29T00:32:09.170Z</time>
      </trkpt>
      <trkpt lat="46.174425" lon="13.416448">
        <ele>882.012843</ele>
        <time>2026-07-29T00:32:11.000Z</time>
      </trkpt>
      <trkpt lat="46.174721" lon="13.416700">
        <ele>880.866399</ele>
        <time>2026-07-29T00:32:14.413Z</time>
      </trkpt>
      <trkpt lat="46.175053" lon="13.416928">
        <ele>879.639813</ele>
        <time>2026-07-29T00:32:21.775Z</time>
      </trkpt>
      <trkpt lat="46.175697" lon="13.417158">
        <ele>876.951686</ele>
        <time>2026-07-29T00:32:40.722Z</time>
      </trkpt>
      <trkpt lat="46.175867" lon="13.417163">
        <ele>876.095356</ele>
        <time>2026-07-29T00:32:42.850Z</time>
      </trkpt>
      <trkpt lat="46.175951" lon="13.417210">
        <ele>875.641675</ele>
        <time>2026-07-29T00:32:43.797Z</time>
      </trkpt>
      <trkpt lat="46.176208" lon="13.417676">
        <ele>873.564157</ele>
        <time>2026-07-29T00:32:47.688Z</time>
      </trkpt>
      <trkpt lat="46.176392" lon="13.417857">
        <ele>872.442951</ele>
        <time>2026-07-29T00:32:49.756Z</time>
      </trkpt>
      <trkpt lat="46.176856" lon="13.417976">
        <ele>870.069597</ele>
        <time>2026-07-29T00:32:54.031Z</time>
      </trkpt>
      <trkpt lat="46.177124" lon="13.418233">
        <ele>866.903270</ele>
        <time>2026-07-29T00:32:56.761Z</time>
      </trkpt>
      <trkpt lat="46.177182" lon="13.418535">
        <ele>863.823420</ele>
        <time>2026-07-29T00:32:58.550Z</time>
      </trkpt>
      <trkpt lat="46.177188" lon="13.419071">
        <ele>858.555363</ele>
        <time>2026-07-29T00:33:01.572Z</time>
      </trkpt>
      <trkpt lat="46.177219" lon="13.419409">
        <ele>855.204766</ele>
        <time>2026-07-29T00:33:03.500Z</time>
      </trkpt>
      <trkpt lat="46.177324" lon="13.419953">
        <ele>849.654978</ele>
        <time>2026-07-29T00:33:06.694Z</time>
      </trkpt>
      <trkpt lat="46.177399" lon="13.420207">
        <ele>846.941403</ele>
        <time>2026-07-29T00:33:08.315Z</time>
      </trkpt>
      <trkpt lat="46.177574" lon="13.420430">
        <ele>843.723424</ele>
        <time>2026-07-29T00:33:10.500Z</time>
      </trkpt>
      <trkpt lat="46.178306" lon="13.421031">
        <ele>839.603837</ele>
        <time>2026-07-29T00:33:31.011Z</time>
      </trkpt>
      <trkpt lat="46.178408" lon="13.421144">
        <ele>838.974890</ele>
        <time>2026-07-29T00:33:32.618Z</time>
      </trkpt>
      <trkpt lat="46.178535" lon="13.421361">
        <ele>838.012358</ele>
        <time>2026-07-29T00:33:34.534Z</time>
      </trkpt>
      <trkpt lat="46.178569" lon="13.421619">
        <ele>837.122661</ele>
        <time>2026-07-29T00:33:36.146Z</time>
      </trkpt>
      <trkpt lat="46.178418" lon="13.422322">
        <ele>834.446573</ele>
        <time>2026-07-29T00:33:40.458Z</time>
      </trkpt>
      <trkpt lat="46.178371" lon="13.423151">
        <ele>830.132736</ele>
        <time>2026-07-29T00:33:45.337Z</time>
      </trkpt>
      <trkpt lat="46.178140" lon="13.424415">
        <ele>823.352737</ele>
        <time>2026-07-29T00:33:53.684Z</time>
      </trkpt>
      <trkpt lat="46.178103" lon="13.425242">
        <ele>819.270247</ele>
        <time>2026-07-29T00:33:59.560Z</time>
      </trkpt>
      <trkpt lat="46.177984" lon="13.425626">
        <ele>817.280585</ele>
        <time>2026-07-29T00:34:02.206Z</time>
      </trkpt>
      <trkpt lat="46.177880" lon="13.425833">
        <ele>816.071046</ele>
        <time>2026-07-29T00:34:03.728Z</time>
      </trkpt>
      <trkpt lat="46.177673" lon="13.426024">
        <ele>814.393267</ele>
        <time>2026-07-29T00:34:05.814Z</time>
      </trkpt>
      <trkpt lat="46.177507" lon="13.426510">
        <ele>811.830344</ele>
        <time>2026-07-29T00:34:09.034Z</time>
      </trkpt>
      <trkpt lat="46.177468" lon="13.426651">
        <ele>811.112263</ele>
        <time>2026-07-29T00:34:09.978Z</time>
      </trkpt>
      <trkpt lat="46.177377" lon="13.427092">
        <ele>809.030276</ele>
        <time>2026-07-29T00:34:13.041Z</time>
      </trkpt>
      <trkpt lat="46.177357" lon="13.427352">
        <ele>808.209863</ele>
        <time>2026-07-29T00:34:14.978Z</time>
      </trkpt>
      <trkpt lat="46.177371" lon="13.427547">
        <ele>807.595036</ele>
        <time>2026-07-29T00:34:16.467Z</time>
      </trkpt>
      <trkpt lat="46.177772" lon="13.428962">
        <ele>802.800129</ele>
        <time>2026-07-29T00:34:27.409Z</time>
      </trkpt>
      <trkpt lat="46.177835" lon="13.429391">
        <ele>801.424809</ele>
        <time>2026-07-29T00:34:30.126Z</time>
      </trkpt>
      <trkpt lat="46.177837" lon="13.429511">
        <ele>801.027171</ele>
        <time>2026-07-29T00:34:30.857Z</time>
      </trkpt>
      <trkpt lat="46.177810" lon="13.429655">
        <ele>800.090944</ele>
        <time>2026-07-29T00:34:31.764Z</time>
      </trkpt>
      <trkpt lat="46.177724" lon="13.429657">
        <ele>799.311407</ele>
        <time>2026-07-29T00:34:32.519Z</time>
      </trkpt>
      <trkpt lat="46.177637" lon="13.429588">
        <ele>798.411834</ele>
        <time>2026-07-29T00:34:33.395Z</time>
      </trkpt>
      <trkpt lat="46.177473" lon="13.429378">
        <ele>796.425361</ele>
        <time>2026-07-29T00:34:35.335Z</time>
      </trkpt>
      <trkpt lat="46.177416" lon="13.429343">
        <ele>795.864004</ele>
        <time>2026-07-29T00:34:35.879Z</time>
      </trkpt>
      <trkpt lat="46.177373" lon="13.429384">
        <ele>795.397010</ele>
        <time>2026-07-29T00:34:36.338Z</time>
      </trkpt>
      <trkpt lat="46.177364" lon="13.429583">
        <ele>794.145501</ele>
        <time>2026-07-29T00:34:37.560Z</time>
      </trkpt>
      <trkpt lat="46.177474" lon="13.429812">
        <ele>792.396441</ele>
        <time>2026-07-29T00:34:39.248Z</time>
      </trkpt>
      <trkpt lat="46.177490" lon="13.429950">
        <ele>791.518351</ele>
        <time>2026-07-29T00:34:40.081Z</time>
      </trkpt>
      <trkpt lat="46.177470" lon="13.430035">
        <ele>790.954968</ele>
        <time>2026-07-29T00:34:40.612Z</time>
      </trkpt>
      <trkpt lat="46.176677" lon="13.431275">
        <ele>780.260117</ele>
        <time>2026-07-29T00:34:50.568Z</time>
      </trkpt>
      <trkpt lat="46.176621" lon="13.431278">
        <ele>779.740486</ele>
        <time>2026-07-29T00:34:51.068Z</time>
      </trkpt>
      <trkpt lat="46.176584" lon="13.431206">
        <ele>779.164785</ele>
        <time>2026-07-29T00:34:51.621Z</time>
      </trkpt>
      <trkpt lat="46.176776" lon="13.430258">
        <ele>772.822842</ele>
        <time>2026-07-29T00:34:57.972Z</time>
      </trkpt>
      <trkpt lat="46.176784" lon="13.430160">
        <ele>772.189247</ele>
        <time>2026-07-29T00:34:58.577Z</time>
      </trkpt>
      <trkpt lat="46.176762" lon="13.430083">
        <ele>771.654413</ele>
        <time>2026-07-29T00:34:59.083Z</time>
      </trkpt>
      <trkpt lat="46.176712" lon="13.430049">
        <ele>771.141950</ele>
        <time>2026-07-29T00:34:59.566Z</time>
      </trkpt>
      <trkpt lat="46.176664" lon="13.430074">
        <ele>770.668798</ele>
        <time>2026-07-29T00:35:00.006Z</time>
      </trkpt>
      <trkpt lat="46.176424" lon="13.430574">
        <ele>766.720224</ele>
        <time>2026-07-29T00:35:03.548Z</time>
      </trkpt>
      <trkpt lat="46.176149" lon="13.431208">
        <ele>761.763775</ele>
        <time>2026-07-29T00:35:07.854Z</time>
      </trkpt>
      <trkpt lat="46.176068" lon="13.431525">
        <ele>759.525141</ele>
        <time>2026-07-29T00:35:09.838Z</time>
      </trkpt>
      <trkpt lat="46.175969" lon="13.432254">
        <ele>754.603320</ele>
        <time>2026-07-29T00:35:14.455Z</time>
      </trkpt>
      <trkpt lat="46.175999" lon="13.432416">
        <ele>753.492308</ele>
        <time>2026-07-29T00:35:15.536Z</time>
      </trkpt>
      <trkpt lat="46.176093" lon="13.432594">
        <ele>752.009194</ele>
        <time>2026-07-29T00:35:16.984Z</time>
      </trkpt>
      <trkpt lat="46.176103" lon="13.432746">
        <ele>750.997621</ele>
        <time>2026-07-29T00:35:17.971Z</time>
      </trkpt>
      <trkpt lat="46.176053" lon="13.432809">
        <ele>750.486319</ele>
        <time>2026-07-29T00:35:18.591Z</time>
      </trkpt>
      <trkpt lat="46.175724" lon="13.432996">
        <ele>747.910984</ele>
        <time>2026-07-29T00:35:21.789Z</time>
      </trkpt>
      <trkpt lat="46.175494" lon="13.433339">
        <ele>745.502758</ele>
        <time>2026-07-29T00:35:24.772Z</time>
      </trkpt>
      <trkpt lat="46.175315" lon="13.434335">
        <ele>740.312726</ele>
        <time>2026-07-29T00:35:31.072Z</time>
      </trkpt>
      <trkpt lat="46.175272" lon="13.434393">
        <ele>739.884148</ele>
        <time>2026-07-29T00:35:31.581Z</time>
      </trkpt>
      <trkpt lat="46.175186" lon="13.434395">
        <ele>739.257650</ele>
        <time>2026-07-29T00:35:32.310Z</time>
      </trkpt>
      <trkpt lat="46.175149" lon="13.434316">
        <ele>738.776607</ele>
        <time>2026-07-29T00:35:32.881Z</time>
      </trkpt>
      <trkpt lat="46.175139" lon="13.433935">
        <ele>736.856836</ele>
        <time>2026-07-29T00:35:35.153Z</time>
      </trkpt>
      <trkpt lat="46.175091" lon="13.433428">
        <ele>734.285023</ele>
        <time>2026-07-29T00:35:38.485Z</time>
      </trkpt>
      <trkpt lat="46.175095" lon="13.433178">
        <ele>733.028225</ele>
        <time>2026-07-29T00:35:40.389Z</time>
      </trkpt>
      <trkpt lat="46.175190" lon="13.432825">
        <ele>731.124822</ele>
        <time>2026-07-29T00:35:43.386Z</time>
      </trkpt>
      <trkpt lat="46.175364" lon="13.432422">
        <ele>728.737943</ele>
        <time>2026-07-29T00:35:46.889Z</time>
      </trkpt>
      <trkpt lat="46.175364" lon="13.432273">
        <ele>727.989094</ele>
        <time>2026-07-29T00:35:47.830Z</time>
      </trkpt>
      <trkpt lat="46.175319" lon="13.432124">
        <ele>727.172119</ele>
        <time>2026-07-29T00:35:48.815Z</time>
      </trkpt>
      <trkpt lat="46.175238" lon="13.431995">
        <ele>726.296928</ele>
        <time>2026-07-29T00:35:49.846Z</time>
      </trkpt>
      <trkpt lat="46.174927" lon="13.431720">
        <ele>722.728575</ele>
        <time>2026-07-29T00:35:52.871Z</time>
      </trkpt>
      <trkpt lat="46.174497" lon="13.431391">
        <ele>716.167516</ele>
        <time>2026-07-29T00:35:56.865Z</time>
      </trkpt>
      <trkpt lat="46.174277" lon="13.430988">
        <ele>711.376333</ele>
        <time>2026-07-29T00:35:59.835Z</time>
      </trkpt>
      <trkpt lat="46.174193" lon="13.430514">
        <ele>706.808242</ele>
        <time>2026-07-29T00:36:02.729Z</time>
      </trkpt>
      <trkpt lat="46.174191" lon="13.430099">
        <ele>702.933527</ele>
        <time>2026-07-29T00:36:05.154Z</time>
      </trkpt>
      <trkpt lat="46.174258" lon="13.429821">
        <ele>700.292502</ele>
        <time>2026-07-29T00:36:06.857Z</time>
      </trkpt>
      <trkpt lat="46.174252" lon="13.429765">
        <ele>699.959978</ele>
        <time>2026-07-29T00:36:07.185Z</time>
      </trkpt>
      <trkpt lat="46.174208" lon="13.429710">
        <ele>699.466832</ele>
        <time>2026-07-29T00:36:07.671Z</time>
      </trkpt>
      <trkpt lat="46.174171" lon="13.429727">
        <ele>699.137800</ele>
        <time>2026-07-29T00:36:07.992Z</time>
      </trkpt>
      <trkpt lat="46.174031" lon="13.430005">
        <ele>697.120679</ele>
        <time>2026-07-29T00:36:09.975Z</time>
      </trkpt>
      <trkpt lat="46.173863" lon="13.430370">
        <ele>694.548826</ele>
        <time>2026-07-29T00:36:12.590Z</time>
      </trkpt>
      <trkpt lat="46.173740" lon="13.430816">
        <ele>691.731707</ele>
        <time>2026-07-29T00:36:15.676Z</time>
      </trkpt>
      <trkpt lat="46.173741" lon="13.431001">
        <ele>690.646064</ele>
        <time>2026-07-29T00:36:17.089Z</time>
      </trkpt>
      <trkpt lat="46.173831" lon="13.431399">
        <ele>688.189164</ele>
        <time>2026-07-29T00:36:20.348Z</time>
      </trkpt>
      <trkpt lat="46.173855" lon="13.431691">
        <ele>686.463637</ele>
        <time>2026-07-29T00:36:22.320Z</time>
      </trkpt>
      <trkpt lat="46.173849" lon="13.431740">
        <ele>686.171637</ele>
        <time>2026-07-29T00:36:22.640Z</time>
      </trkpt>
      <trkpt lat="46.173693" lon="13.432595">
        <ele>678.930535</ele>
        <time>2026-07-29T00:36:27.828Z</time>
      </trkpt>
      <trkpt lat="46.173483" lon="13.433207">
        <ele>672.986154</ele>
        <time>2026-07-29T00:36:31.724Z</time>
      </trkpt>
      <trkpt lat="46.173446" lon="13.433260">
        <ele>672.331163</ele>
        <time>2026-07-29T00:36:32.151Z</time>
      </trkpt>
      <trkpt lat="46.173399" lon="13.433275">
        <ele>671.726206</ele>
        <time>2026-07-29T00:36:32.543Z</time>
      </trkpt>
      <trkpt lat="46.173262" lon="13.433182">
        <ele>669.823618</ele>
        <time>2026-07-29T00:36:33.794Z</time>
      </trkpt>
      <trkpt lat="46.173062" lon="13.432783">
        <ele>665.536760</ele>
        <time>2026-07-29T00:36:36.631Z</time>
      </trkpt>
      <trkpt lat="46.172966" lon="13.432214">
        <ele>661.047154</ele>
        <time>2026-07-29T00:36:40.121Z</time>
      </trkpt>
      <trkpt lat="46.172934" lon="13.431470">
        <ele>656.361731</ele>
        <time>2026-07-29T00:36:45.007Z</time>
      </trkpt>
      <trkpt lat="46.172908" lon="13.431112">
        <ele>654.099180</ele>
        <time>2026-07-29T00:36:47.393Z</time>
      </trkpt>
      <trkpt lat="46.172867" lon="13.430924">
        <ele>652.860289</ele>
        <time>2026-07-29T00:36:48.625Z</time>
      </trkpt>
      <trkpt lat="46.172813" lon="13.430780">
        <ele>651.830983</ele>
        <time>2026-07-29T00:36:49.620Z</time>
      </trkpt>
      <trkpt lat="46.172756" lon="13.430718">
        <ele>651.183260</ele>
        <time>2026-07-29T00:36:50.242Z</time>
      </trkpt>
      <trkpt lat="46.172470" lon="13.430682">
        <ele>648.577468</ele>
        <time>2026-07-29T00:36:52.669Z</time>
      </trkpt>
      <trkpt lat="46.172392" lon="13.430701">
        <ele>647.859480</ele>
        <time>2026-07-29T00:36:53.328Z</time>
      </trkpt>
      <trkpt lat="46.172026" lon="13.430800">
        <ele>644.425800</ele>
        <time>2026-07-29T00:36:56.437Z</time>
      </trkpt>
      <trkpt lat="46.171924" lon="13.430941">
        <ele>643.106268</ele>
        <time>2026-07-29T00:36:57.621Z</time>
      </trkpt>
      <trkpt lat="46.171905" lon="13.431076">
        <ele>642.214770</ele>
        <time>2026-07-29T00:36:58.426Z</time>
      </trkpt>
      <trkpt lat="46.171947" lon="13.432538">
        <ele>632.745463</ele>
        <time>2026-07-29T00:37:07.163Z</time>
      </trkpt>
      <trkpt lat="46.172034" lon="13.432803">
        <ele>630.847588</ele>
        <time>2026-07-29T00:37:09.208Z</time>
      </trkpt>
      <trkpt lat="46.172415" lon="13.433389">
        <ele>625.011911</ele>
        <time>2026-07-29T00:37:14.934Z</time>
      </trkpt>
      <trkpt lat="46.172411" lon="13.433497">
        <ele>624.196641</ele>
        <time>2026-07-29T00:37:15.596Z</time>
      </trkpt>
      <trkpt lat="46.172336" lon="13.433551">
        <ele>623.284387</ele>
        <time>2026-07-29T00:37:16.319Z</time>
      </trkpt>
      <trkpt lat="46.172267" lon="13.433518">
        <ele>622.493175</ele>
        <time>2026-07-29T00:37:16.932Z</time>
      </trkpt>
      <trkpt lat="46.171888" lon="13.433090">
        <ele>617.255885</ele>
        <time>2026-07-29T00:37:20.930Z</time>
      </trkpt>
      <trkpt lat="46.171751" lon="13.432985">
        <ele>615.567561</ele>
        <time>2026-07-29T00:37:22.222Z</time>
      </trkpt>
      <trkpt lat="46.171474" lon="13.432913">
        <ele>612.503853</ele>
        <time>2026-07-29T00:37:24.576Z</time>
      </trkpt>
      <trkpt lat="46.171255" lon="13.432893">
        <ele>610.115193</ele>
        <time>2026-07-29T00:37:26.415Z</time>
      </trkpt>
      <trkpt lat="46.171135" lon="13.432913">
        <ele>608.555331</ele>
        <time>2026-07-29T00:37:27.437Z</time>
      </trkpt>
      <trkpt lat="46.170983" lon="13.432862">
        <ele>606.482801</ele>
        <time>2026-07-29T00:37:28.746Z</time>
      </trkpt>
      <trkpt lat="46.170516" lon="13.432025">
        <ele>596.596846</ele>
        <time>2026-07-29T00:37:35.057Z</time>
      </trkpt>
      <trkpt lat="46.170436" lon="13.431831">
        <ele>594.520150</ele>
        <time>2026-07-29T00:37:36.381Z</time>
      </trkpt>
      <trkpt lat="46.170344" lon="13.431458">
        <ele>590.878389</ele>
        <time>2026-07-29T00:37:38.680Z</time>
      </trkpt>
      <trkpt lat="46.170210" lon="13.430940">
        <ele>585.894241</ele>
        <time>2026-07-29T00:37:41.850Z</time>
      </trkpt>
      <trkpt lat="46.169989" lon="13.430529">
        <ele>583.203120</ele>
        <time>2026-07-29T00:37:44.813Z</time>
      </trkpt>
      <trkpt lat="46.169968" lon="13.430412">
        <ele>582.578027</ele>
        <time>2026-07-29T00:37:45.498Z</time>
      </trkpt>
      <trkpt lat="46.169961" lon="13.430035">
        <ele>580.627562</ele>
        <time>2026-07-29T00:37:47.654Z</time>
      </trkpt>
      <trkpt lat="46.169854" lon="13.429701">
        <ele>578.724308</ele>
        <time>2026-07-29T00:37:49.920Z</time>
      </trkpt>
      <trkpt lat="46.169834" lon="13.429546">
        <ele>577.908883</ele>
        <time>2026-07-29T00:37:51.185Z</time>
      </trkpt>
      <trkpt lat="46.169877" lon="13.429388">
        <ele>577.030904</ele>
        <time>2026-07-29T00:37:53.963Z</time>
      </trkpt>
      <trkpt lat="46.170165" lon="13.428847">
        <ele>573.501826</ele>
        <time>2026-07-29T00:38:12.960Z</time>
      </trkpt>
      <trkpt lat="46.170229" lon="13.428695">
        <ele>572.580304</ele>
        <time>2026-07-29T00:38:15.318Z</time>
      </trkpt>
      <trkpt lat="46.170252" lon="13.428425">
        <ele>570.974015</ele>
        <time>2026-07-29T00:38:17.212Z</time>
      </trkpt>
      <trkpt lat="46.170268" lon="13.427092">
        <ele>563.101850</ele>
        <time>2026-07-29T00:38:25.066Z</time>
      </trkpt>
      <trkpt lat="46.170246" lon="13.427011">
        <ele>562.588098</ele>
        <time>2026-07-29T00:38:25.575Z</time>
      </trkpt>
      <trkpt lat="46.170199" lon="13.426957">
        <ele>562.075982</ele>
        <time>2026-07-29T00:38:26.084Z</time>
      </trkpt>
      <trkpt lat="46.170141" lon="13.426944">
        <ele>561.575526</ele>
        <time>2026-07-29T00:38:26.579Z</time>
      </trkpt>
      <trkpt lat="46.170065" lon="13.427018">
        <ele>560.793962</ele>
        <time>2026-07-29T00:38:27.360Z</time>
      </trkpt>
      <trkpt lat="46.169941" lon="13.427395">
        <ele>558.329555</ele>
        <time>2026-07-29T00:38:29.817Z</time>
      </trkpt>
      <trkpt lat="46.169753" lon="13.428258">
        <ele>553.149088</ele>
        <time>2026-07-29T00:38:35.263Z</time>
      </trkpt>
      <trkpt lat="46.169383" lon="13.428866">
        <ele>548.550627</ele>
        <time>2026-07-29T00:38:40.308Z</time>
      </trkpt>
      <trkpt lat="46.169319" lon="13.428902">
        <ele>547.987150</ele>
        <time>2026-07-29T00:38:40.936Z</time>
      </trkpt>
      <trkpt lat="46.169267" lon="13.428862">
        <ele>547.503794</ele>
        <time>2026-07-29T00:38:41.481Z</time>
      </trkpt>
      <trkpt lat="46.169254" lon="13.428799">
        <ele>547.130314</ele>
        <time>2026-07-29T00:38:41.900Z</time>
      </trkpt>
      <trkpt lat="46.169343" lon="13.428579">
        <ele>545.682770</ele>
        <time>2026-07-29T00:38:43.519Z</time>
      </trkpt>
      <trkpt lat="46.169387" lon="13.428383">
        <ele>544.512170</ele>
        <time>2026-07-29T00:38:44.826Z</time>
      </trkpt>
      <trkpt lat="46.169405" lon="13.428107">
        <ele>542.937166</ele>
        <time>2026-07-29T00:38:46.545Z</time>
      </trkpt>
      <trkpt lat="46.169390" lon="13.427797">
        <ele>540.405035</ele>
        <time>2026-07-29T00:38:48.429Z</time>
      </trkpt>
      <trkpt lat="46.169194" lon="13.427163">
        <ele>534.185162</ele>
        <time>2026-07-29T00:38:52.488Z</time>
      </trkpt>
      <trkpt lat="46.169123" lon="13.427067">
        <ele>532.926925</ele>
        <time>2026-07-29T00:38:53.296Z</time>
      </trkpt>
      <trkpt lat="46.169005" lon="13.427041">
        <ele>531.382829</ele>
        <time>2026-07-29T00:38:54.283Z</time>
      </trkpt>
      <trkpt lat="46.168914" lon="13.427120">
        <ele>530.009303</ele>
        <time>2026-07-29T00:38:55.164Z</time>
      </trkpt>
      <trkpt lat="46.168334" lon="13.427921">
        <ele>519.627406</ele>
        <time>2026-07-29T00:39:01.805Z</time>
      </trkpt>
      <trkpt lat="46.168312" lon="13.428081">
        <ele>518.180045</ele>
        <time>2026-07-29T00:39:02.751Z</time>
      </trkpt>
      <trkpt lat="46.168335" lon="13.428280">
        <ele>516.396316</ele>
        <time>2026-07-29T00:39:03.933Z</time>
      </trkpt>
      <trkpt lat="46.168325" lon="13.428456">
        <ele>514.835040</ele>
        <time>2026-07-29T00:39:04.977Z</time>
      </trkpt>
      <trkpt lat="46.168188" lon="13.428974">
        <ele>509.932699</ele>
        <time>2026-07-29T00:39:08.285Z</time>
      </trkpt>
      <trkpt lat="46.168223" lon="13.429412">
        <ele>506.034558</ele>
        <time>2026-07-29T00:39:10.869Z</time>
      </trkpt>
      <trkpt lat="46.167867" lon="13.430341">
        <ele>496.647504</ele>
        <time>2026-07-29T00:39:16.958Z</time>
      </trkpt>
      <trkpt lat="46.167834" lon="13.430425">
        <ele>496.015471</ele>
        <time>2026-07-29T00:39:17.519Z</time>
      </trkpt>
      <trkpt lat="46.167794" lon="13.430484">
        <ele>495.624131</ele>
        <time>2026-07-29T00:39:17.997Z</time>
      </trkpt>
      <trkpt lat="46.167765" lon="13.430527">
        <ele>495.339647</ele>
        <time>2026-07-29T00:39:18.345Z</time>
      </trkpt>
      <trkpt lat="46.167560" lon="13.430851">
        <ele>493.259547</ele>
        <time>2026-07-29T00:39:20.964Z</time>
      </trkpt>
      <trkpt lat="46.167505" lon="13.431044">
        <ele>492.270345</ele>
        <time>2026-07-29T00:39:22.317Z</time>
      </trkpt>
      <trkpt lat="46.167513" lon="13.431257">
        <ele>491.259281</ele>
        <time>2026-07-29T00:39:23.844Z</time>
      </trkpt>
      <trkpt lat="46.167542" lon="13.431480">
        <ele>490.183829</ele>
        <time>2026-07-29T00:39:25.514Z</time>
      </trkpt>
      <trkpt lat="46.167645" lon="13.431713">
        <ele>488.873650</ele>
        <time>2026-07-29T00:39:27.489Z</time>
      </trkpt>
      <trkpt lat="46.167637" lon="13.431797">
        <ele>488.471759</ele>
        <time>2026-07-29T00:39:28.070Z</time>
      </trkpt>
      <trkpt lat="46.167565" lon="13.431844">
        <ele>487.930976</ele>
        <time>2026-07-29T00:39:28.840Z</time>
      </trkpt>
      <trkpt lat="46.167501" lon="13.431779">
        <ele>487.395463</ele>
        <time>2026-07-29T00:39:29.588Z</time>
      </trkpt>
      <trkpt lat="46.167365" lon="13.431519">
        <ele>485.851102</ele>
        <time>2026-07-29T00:39:31.697Z</time>
      </trkpt>
      <trkpt lat="46.167315" lon="13.431237">
        <ele>484.471361</ele>
        <time>2026-07-29T00:39:33.560Z</time>
      </trkpt>
      <trkpt lat="46.167245" lon="13.431206">
        <ele>483.970256</ele>
        <time>2026-07-29T00:39:34.239Z</time>
      </trkpt>
      <trkpt lat="46.167212" lon="13.431242">
        <ele>483.483752</ele>
        <time>2026-07-29T00:39:34.621Z</time>
      </trkpt>
      <trkpt lat="46.167197" lon="13.431352">
        <ele>482.558843</ele>
        <time>2026-07-29T00:39:35.331Z</time>
      </trkpt>
      <trkpt lat="46.167227" lon="13.431684">
        <ele>479.796672</ele>
        <time>2026-07-29T00:39:37.430Z</time>
      </trkpt>
      <trkpt lat="46.167333" lon="13.431992">
        <ele>476.959270</ele>
        <time>2026-07-29T00:39:39.551Z</time>
      </trkpt>
      <trkpt lat="46.167317" lon="13.432052">
        <ele>476.428853</ele>
        <time>2026-07-29T00:39:39.943Z</time>
      </trkpt>
      <trkpt lat="46.167280" lon="13.432087">
        <ele>475.901942</ele>
        <time>2026-07-29T00:39:40.331Z</time>
      </trkpt>
      <trkpt lat="46.167197" lon="13.432056">
        <ele>474.880689</ele>
        <time>2026-07-29T00:39:41.078Z</time>
      </trkpt>
      <trkpt lat="46.167087" lon="13.431896">
        <ele>473.020758</ele>
        <time>2026-07-29T00:39:42.428Z</time>
      </trkpt>
      <trkpt lat="46.166987" lon="13.431634">
        <ele>470.552770</ele>
        <time>2026-07-29T00:39:44.199Z</time>
      </trkpt>
      <trkpt lat="46.166956" lon="13.431402">
        <ele>468.603494</ele>
        <time>2026-07-29T00:39:45.580Z</time>
      </trkpt>
      <trkpt lat="46.166996" lon="13.430902">
        <ele>464.451115</ele>
        <time>2026-07-29T00:39:48.435Z</time>
      </trkpt>
      <trkpt lat="46.166871" lon="13.430561">
        <ele>461.139588</ele>
        <time>2026-07-29T00:39:50.615Z</time>
      </trkpt>
      <trkpt lat="46.166779" lon="13.430406">
        <ele>459.284756</ele>
        <time>2026-07-29T00:39:51.770Z</time>
      </trkpt>
      <trkpt lat="46.166719" lon="13.430381">
        <ele>458.465449</ele>
        <time>2026-07-29T00:39:52.275Z</time>
      </trkpt>
      <trkpt lat="46.166657" lon="13.430422">
        <ele>457.570772</ele>
        <time>2026-07-29T00:39:52.832Z</time>
      </trkpt>
      <trkpt lat="46.166472" lon="13.430999">
        <ele>451.793403</ele>
        <time>2026-07-29T00:39:56.532Z</time>
      </trkpt>
      <trkpt lat="46.166403" lon="13.431072">
        <ele>450.671140</ele>
        <time>2026-07-29T00:39:57.309Z</time>
      </trkpt>
      <trkpt lat="46.166135" lon="13.431238">
        <ele>446.845169</ele>
        <time>2026-07-29T00:39:59.893Z</time>
      </trkpt>
      <trkpt lat="46.166085" lon="13.431190">
        <ele>446.057422</ele>
        <time>2026-07-29T00:40:00.416Z</time>
      </trkpt>
      <trkpt lat="46.166077" lon="13.431127">
        <ele>445.475438</ele>
        <time>2026-07-29T00:40:00.795Z</time>
      </trkpt>
      <trkpt lat="46.166277" lon="13.430528">
        <ele>439.433214</ele>
        <time>2026-07-29T00:40:04.753Z</time>
      </trkpt>
      <trkpt lat="46.166289" lon="13.430438">
        <ele>438.671617</ele>
        <time>2026-07-29T00:40:05.287Z</time>
      </trkpt>
      <trkpt lat="46.166258" lon="13.430362">
        <ele>438.039049</ele>
        <time>2026-07-29T00:40:05.805Z</time>
      </trkpt>
      <trkpt lat="46.166189" lon="13.430358">
        <ele>437.323949</ele>
        <time>2026-07-29T00:40:06.395Z</time>
      </trkpt>
      <trkpt lat="46.166089" lon="13.430503">
        <ele>435.856373</ele>
        <time>2026-07-29T00:40:07.587Z</time>
      </trkpt>
      <trkpt lat="46.165945" lon="13.430836">
        <ele>433.040832</ele>
        <time>2026-07-29T00:40:09.885Z</time>
      </trkpt>
      <trkpt lat="46.165908" lon="13.431073">
        <ele>431.298447</ele>
        <time>2026-07-29T00:40:11.307Z</time>
      </trkpt>
      <trkpt lat="46.165857" lon="13.431152">
        <ele>430.523896</ele>
        <time>2026-07-29T00:40:11.943Z</time>
      </trkpt>
      <trkpt lat="46.165811" lon="13.431162">
        <ele>430.042178</ele>
        <time>2026-07-29T00:40:12.342Z</time>
      </trkpt>
      <trkpt lat="46.165754" lon="13.431121">
        <ele>429.382731</ele>
        <time>2026-07-29T00:40:12.889Z</time>
      </trkpt>
      <trkpt lat="46.165689" lon="13.430815">
        <ele>427.087224</ele>
        <time>2026-07-29T00:40:14.797Z</time>
      </trkpt>
      <trkpt lat="46.165714" lon="13.430641">
        <ele>425.812741</ele>
        <time>2026-07-29T00:40:15.878Z</time>
      </trkpt>
      <trkpt lat="46.165990" lon="13.429963">
        <ele>420.233105</ele>
        <time>2026-07-29T00:40:20.674Z</time>
      </trkpt>
      <trkpt lat="46.166010" lon="13.429867">
        <ele>419.825356</ele>
        <time>2026-07-29T00:40:21.273Z</time>
      </trkpt>
      <trkpt lat="46.165983" lon="13.429798">
        <ele>419.503011</ele>
        <time>2026-07-29T00:40:21.743Z</time>
      </trkpt>
      <trkpt lat="46.165910" lon="13.429807">
        <ele>419.072735</ele>
        <time>2026-07-29T00:40:22.372Z</time>
      </trkpt>
      <trkpt lat="46.165809" lon="13.430023">
        <ele>418.012697</ele>
        <time>2026-07-29T00:40:23.905Z</time>
      </trkpt>
      <trkpt lat="46.165712" lon="13.430119">
        <ele>417.322058</ele>
        <time>2026-07-29T00:40:24.890Z</time>
      </trkpt>
      <trkpt lat="46.165428" lon="13.430152">
        <ele>415.648785</ele>
        <time>2026-07-29T00:40:27.321Z</time>
      </trkpt>
      <trkpt lat="46.165271" lon="13.430231">
        <ele>414.672366</ele>
        <time>2026-07-29T00:40:29.103Z</time>
      </trkpt>
      <trkpt lat="46.165205" lon="13.430345">
        <ele>414.068013</ele>
        <time>2026-07-29T00:40:31.945Z</time>
      </trkpt>
      <trkpt lat="46.165190" lon="13.430431">
        <ele>413.707294</ele>
        <time>2026-07-29T00:40:33.858Z</time>
      </trkpt>
      <trkpt lat="46.165307" lon="13.430865">
        <ele>411.813026</ele>
        <time>2026-07-29T00:40:46.932Z</time>
      </trkpt>
      <trkpt lat="46.165320" lon="13.431155">
        <ele>410.631012</ele>
        <time>2026-07-29T00:40:53.407Z</time>
      </trkpt>
      <trkpt lat="46.165311" lon="13.431248">
        <ele>410.249069</ele>
        <time>2026-07-29T00:40:54.088Z</time>
      </trkpt>
      <trkpt lat="46.165283" lon="13.431290">
        <ele>410.011954</ele>
        <time>2026-07-29T00:40:54.459Z</time>
      </trkpt>
      <trkpt lat="46.165242" lon="13.431300">
        <ele>409.767757</ele>
        <time>2026-07-29T00:40:54.823Z</time>
      </trkpt>
      <trkpt lat="46.165184" lon="13.431240">
        <ele>408.695226</ele>
        <time>2026-07-29T00:40:55.419Z</time>
      </trkpt>
      <trkpt lat="46.165038" lon="13.430775">
        <ele>403.232171</ele>
        <time>2026-07-29T00:40:58.311Z</time>
      </trkpt>
      <trkpt lat="46.164974" lon="13.430656">
        <ele>401.620002</ele>
        <time>2026-07-29T00:40:59.164Z</time>
      </trkpt>
      <trkpt lat="46.164905" lon="13.430636">
        <ele>400.532695</ele>
        <time>2026-07-29T00:40:59.738Z</time>
      </trkpt>
      <trkpt lat="46.164856" lon="13.430684">
        <ele>399.617865</ele>
        <time>2026-07-29T00:41:00.225Z</time>
      </trkpt>
      <trkpt lat="46.164827" lon="13.430796">
        <ele>398.338413</ele>
        <time>2026-07-29T00:41:00.894Z</time>
      </trkpt>
      <trkpt lat="46.164755" lon="13.430882">
        <ele>396.894728</ele>
        <time>2026-07-29T00:41:01.658Z</time>
      </trkpt>
      <trkpt lat="46.164697" lon="13.430867">
        <ele>395.984376</ele>
        <time>2026-07-29T00:41:02.141Z</time>
      </trkpt>
      <trkpt lat="46.164586" lon="13.430677">
        <ele>393.324608</ele>
        <time>2026-07-29T00:41:03.563Z</time>
      </trkpt>
      <trkpt lat="46.164468" lon="13.430549">
        <ele>391.044353</ele>
        <time>2026-07-29T00:41:04.784Z</time>
      </trkpt>
      <trkpt lat="46.164146" lon="13.430390">
        <ele>385.786621</ele>
        <time>2026-07-29T00:41:07.566Z</time>
      </trkpt>
      <trkpt lat="46.164008" lon="13.430229">
        <ele>383.045506</ele>
        <time>2026-07-29T00:41:09.031Z</time>
      </trkpt>
      <trkpt lat="46.163867" lon="13.430181">
        <ele>381.065343</ele>
        <time>2026-07-29T00:41:10.224Z</time>
      </trkpt>
      <trkpt lat="46.163499" lon="13.430339">
        <ele>376.460550</ele>
        <time>2026-07-29T00:41:13.437Z</time>
      </trkpt>
      <trkpt lat="46.163148" lon="13.430319">
        <ele>372.247392</ele>
        <time>2026-07-29T00:41:16.413Z</time>
      </trkpt>
      <trkpt lat="46.163019" lon="13.430400">
        <ele>370.560188</ele>
        <time>2026-07-29T00:41:17.625Z</time>
      </trkpt>
      <trkpt lat="46.162937" lon="13.430570">
        <ele>368.839251</ele>
        <time>2026-07-29T00:41:18.867Z</time>
      </trkpt>
      <trkpt lat="46.162873" lon="13.430634">
        <ele>367.905500</ele>
        <time>2026-07-29T00:41:19.539Z</time>
      </trkpt>
      <trkpt lat="46.162822" lon="13.430635">
        <ele>367.293752</ele>
        <time>2026-07-29T00:41:19.988Z</time>
      </trkpt>
      <trkpt lat="46.162510" lon="13.430476">
        <ele>363.325370</ele>
        <time>2026-07-29T00:41:22.827Z</time>
      </trkpt>
      <trkpt lat="46.162467" lon="13.430427">
        <ele>362.668346</ele>
        <time>2026-07-29T00:41:23.292Z</time>
      </trkpt>
      <trkpt lat="46.162388" lon="13.430221">
        <ele>360.712253</ele>
        <time>2026-07-29T00:41:24.683Z</time>
      </trkpt>
      <trkpt lat="46.162283" lon="13.430153">
        <ele>359.601994</ele>
        <time>2026-07-29T00:41:25.658Z</time>
      </trkpt>
      <trkpt lat="46.162213" lon="13.430158">
        <ele>358.976338</ele>
        <time>2026-07-29T00:41:26.253Z</time>
      </trkpt>
      <trkpt lat="46.161945" lon="13.430567">
        <ele>355.495110</ele>
        <time>2026-07-29T00:41:29.583Z</time>
      </trkpt>
      <trkpt lat="46.161830" lon="13.430644">
        <ele>354.363477</ele>
        <time>2026-07-29T00:41:30.699Z</time>
      </trkpt>
      <trkpt lat="46.161033" lon="13.430621">
        <ele>347.247214</ele>
        <time>2026-07-29T00:41:37.765Z</time>
      </trkpt>
      <trkpt lat="46.160863" lon="13.430739">
        <ele>345.563339</ele>
        <time>2026-07-29T00:41:39.438Z</time>
      </trkpt>
      <trkpt lat="46.160726" lon="13.430736">
        <ele>344.340196</ele>
        <time>2026-07-29T00:41:40.645Z</time>
      </trkpt>
      <trkpt lat="46.160448" lon="13.430637">
        <ele>341.202176</ele>
        <time>2026-07-29T00:41:43.157Z</time>
      </trkpt>
      <trkpt lat="46.160124" lon="13.430438">
        <ele>337.340887</ele>
        <time>2026-07-29T00:41:46.209Z</time>
      </trkpt>
      <trkpt lat="46.159609" lon="13.430661">
        <ele>331.444622</ele>
        <time>2026-07-29T00:41:50.783Z</time>
      </trkpt>
      <trkpt lat="46.158834" lon="13.430716">
        <ele>323.270385</ele>
        <time>2026-07-29T00:41:57.255Z</time>
      </trkpt>
      <trkpt lat="46.158602" lon="13.430775">
        <ele>321.204856</ele>
        <time>2026-07-29T00:41:59.252Z</time>
      </trkpt>
      <trkpt lat="46.158457" lon="13.430812">
        <ele>319.913768</ele>
        <time>2026-07-29T00:42:00.527Z</time>
      </trkpt>
      <trkpt lat="46.158057" lon="13.430933">
        <ele>316.330345</ele>
        <time>2026-07-29T00:42:04.174Z</time>
      </trkpt>
      <trkpt lat="46.157674" lon="13.431116">
        <ele>312.792999</ele>
        <time>2026-07-29T00:42:07.810Z</time>
      </trkpt>
      <trkpt lat="46.156550" lon="13.431920">
        <ele>303.062688</ele>
        <time>2026-07-29T00:42:19.058Z</time>
      </trkpt>
      <trkpt lat="46.156071" lon="13.432122">
        <ele>299.475423</ele>
        <time>2026-07-29T00:42:23.522Z</time>
      </trkpt>
      <trkpt lat="46.155902" lon="13.432259">
        <ele>298.082108</ele>
        <time>2026-07-29T00:42:25.254Z</time>
      </trkpt>
      <trkpt lat="46.155565" lon="13.432604">
        <ele>295.293165</ele>
        <time>2026-07-29T00:42:28.931Z</time>
      </trkpt>
      <trkpt lat="46.154926" lon="13.433489">
        <ele>290.378410</ele>
        <time>2026-07-29T00:42:36.872Z</time>
      </trkpt>
      <trkpt lat="46.154733" lon="13.433693">
        <ele>289.050797</ele>
        <time>2026-07-29T00:42:39.118Z</time>
      </trkpt>
      <trkpt lat="46.154555" lon="13.433811">
        <ele>287.963686</ele>
        <time>2026-07-29T00:42:41.056Z</time>
      </trkpt>
      <trkpt lat="46.154230" lon="13.433929">
        <ele>286.103716</ele>
        <time>2026-07-29T00:42:44.590Z</time>
      </trkpt>
      <trkpt lat="46.153443" lon="13.434088">
        <ele>282.783251</ele>
        <time>2026-07-29T00:42:52.720Z</time>
      </trkpt>
      <trkpt lat="46.153020" lon="13.434332">
        <ele>280.906536</ele>
        <time>2026-07-29T00:42:56.930Z</time>
      </trkpt>
      <trkpt lat="46.152316" lon="13.434559">
        <ele>277.672362</ele>
        <time>2026-07-29T00:43:03.763Z</time>
      </trkpt>
      <trkpt lat="46.152106" lon="13.434710">
        <ele>276.267537</ele>
        <time>2026-07-29T00:43:06.194Z</time>
      </trkpt>
      <trkpt lat="46.151891" lon="13.434893">
        <ele>274.773003</ele>
        <time>2026-07-29T00:43:08.818Z</time>
      </trkpt>
      <trkpt lat="46.151724" lon="13.435107">
        <ele>273.435854</ele>
        <time>2026-07-29T00:43:10.991Z</time>
      </trkpt>
      <trkpt lat="46.151671" lon="13.435302">
        <ele>272.566941</ele>
        <time>2026-07-29T00:43:12.333Z</time>
      </trkpt>
      <trkpt lat="46.151418" lon="13.435830">
        <ele>269.903842</ele>
        <time>2026-07-29T00:43:16.254Z</time>
      </trkpt>
      <trkpt lat="46.150958" lon="13.436984">
        <ele>264.036877</ele>
        <time>2026-07-29T00:43:24.330Z</time>
      </trkpt>
      <trkpt lat="46.150866" lon="13.437160">
        <ele>263.028669</ele>
        <time>2026-07-29T00:43:25.718Z</time>
      </trkpt>
      <trkpt lat="46.150554" lon="13.437477">
        <ele>260.510236</ele>
        <time>2026-07-29T00:43:29.281Z</time>
      </trkpt>
      <trkpt lat="46.150417" lon="13.437554">
        <ele>259.539803</ele>
        <time>2026-07-29T00:43:30.665Z</time>
      </trkpt>
      <trkpt lat="46.149973" lon="13.437703">
        <ele>256.530911</ele>
        <time>2026-07-29T00:43:34.915Z</time>
      </trkpt>
      <trkpt lat="46.149046" lon="13.438052">
        <ele>253.280787</ele>
        <time>2026-07-29T00:43:43.625Z</time>
      </trkpt>
      <trkpt lat="46.148819" lon="13.438173">
        <ele>252.550360</ele>
        <time>2026-07-29T00:43:45.795Z</time>
      </trkpt>
      <trkpt lat="46.148576" lon="13.438224">
        <ele>251.809152</ele>
        <time>2026-07-29T00:43:48.494Z</time>
      </trkpt>
      <trkpt lat="46.148536" lon="13.438180">
        <ele>251.657349</ele>
        <time>2026-07-29T00:43:49.334Z</time>
      </trkpt>
      <trkpt lat="46.148452" lon="13.438074">
        <ele>251.320562</ele>
        <time>2026-07-29T00:43:51.759Z</time>
      </trkpt>
      <trkpt lat="46.148338" lon="13.437974">
        <ele>250.917893</ele>
        <time>2026-07-29T00:43:55.544Z</time>
      </trkpt>
      <trkpt lat="46.148146" lon="13.437983">
        <ele>250.505863</ele>
        <time>2026-07-29T00:44:02.451Z</time>
      </trkpt>
      <trkpt lat="46.147797" lon="13.438083">
        <ele>251.176138</ele>
        <time>2026-07-29T00:44:14.389Z</time>
      </trkpt>
      <trkpt lat="46.147305" lon="13.438174">
        <ele>252.110547</ele>
        <time>2026-07-29T00:44:29.292Z</time>
      </trkpt>
      <trkpt lat="46.147154" lon="13.438146">
        <ele>252.397339</ele>
        <time>2026-07-29T00:44:34.053Z</time>
      </trkpt>
      <trkpt lat="46.146878" lon="13.438022">
        <ele>252.941872</ele>
        <time>2026-07-29T00:44:41.971Z</time>
      </trkpt>
      <trkpt lat="46.146671" lon="13.437981">
        <ele>253.335474</ele>
        <time>2026-07-29T00:44:46.154Z</time>
      </trkpt>
      <trkpt lat="46.146497" lon="13.437999">
        <ele>253.664096</ele>
        <time>2026-07-29T00:44:48.335Z</time>
      </trkpt>
      <trkpt lat="46.146301" lon="13.438052">
        <ele>253.417614</ele>
        <time>2026-07-29T00:44:50.386Z</time>
      </trkpt>
      <trkpt lat="46.145345" lon="13.438713">
        <ele>249.501075</ele>
        <time>2026-07-29T00:45:00.195Z</time>
      </trkpt>
      <trkpt lat="46.144406" lon="13.438788">
        <ele>246.211413</ele>
        <time>2026-07-29T00:45:10.087Z</time>
      </trkpt>
      <trkpt lat="46.144107" lon="13.438897">
        <ele>245.254080</ele>
        <time>2026-07-29T00:45:13.438Z</time>
      </trkpt>
      <trkpt lat="46.143907" lon="13.438906">
        <ele>244.632919</ele>
        <time>2026-07-29T00:45:15.547Z</time>
      </trkpt>
      <trkpt lat="46.142745" lon="13.438550">
        <ele>240.559143</ele>
        <time>2026-07-29T00:45:27.438Z</time>
      </trkpt>
      <trkpt lat="46.142010" lon="13.438365">
        <ele>236.877913</ele>
        <time>2026-07-29T00:45:34.612Z</time>
      </trkpt>
      <trkpt lat="46.140926" lon="13.438144">
        <ele>230.422405</ele>
        <time>2026-07-29T00:45:44.891Z</time>
      </trkpt>
      <trkpt lat="46.139364" lon="13.438194">
        <ele>216.277059</ele>
        <time>2026-07-29T00:45:58.229Z</time>
      </trkpt>
      <trkpt lat="46.139047" lon="13.438222">
        <ele>214.592561</ele>
        <time>2026-07-29T00:46:01.090Z</time>
      </trkpt>
      <trkpt lat="46.138963" lon="13.438263">
        <ele>214.122239</ele>
        <time>2026-07-29T00:46:01.919Z</time>
      </trkpt>
      <trkpt lat="46.138868" lon="13.438329">
        <ele>213.563019</ele>
        <time>2026-07-29T00:46:02.932Z</time>
      </trkpt>
      <trkpt lat="46.138427" lon="13.438692">
        <ele>210.870266</ele>
        <time>2026-07-29T00:46:07.832Z</time>
      </trkpt>
      <trkpt lat="46.138236" lon="13.438744">
        <ele>209.839344</ele>
        <time>2026-07-29T00:46:09.726Z</time>
      </trkpt>
      <trkpt lat="46.137879" lon="13.438611">
        <ele>207.883760</ele>
        <time>2026-07-29T00:46:13.352Z</time>
      </trkpt>
      <trkpt lat="46.137252" lon="13.438549">
        <ele>205.478046</ele>
        <time>2026-07-29T00:46:19.489Z</time>
      </trkpt>
      <trkpt lat="46.137058" lon="13.438445">
        <ele>204.827555</ele>
        <time>2026-07-29T00:46:21.530Z</time>
      </trkpt>
      <trkpt lat="46.136419" lon="13.437943">
        <ele>202.540738</ele>
        <time>2026-07-29T00:46:28.866Z</time>
      </trkpt>
      <trkpt lat="46.136286" lon="13.437920">
        <ele>202.119703</ele>
        <time>2026-07-29T00:46:30.280Z</time>
      </trkpt>
      <trkpt lat="46.136072" lon="13.437966">
        <ele>201.439640</ele>
        <time>2026-07-29T00:46:32.639Z</time>
      </trkpt>
      <trkpt lat="46.135298" lon="13.438209">
        <ele>199.616014</ele>
        <time>2026-07-29T00:46:41.735Z</time>
      </trkpt>
      <trkpt lat="46.135175" lon="13.438203">
        <ele>199.345035</ele>
        <time>2026-07-29T00:46:43.106Z</time>
      </trkpt>
      <trkpt lat="46.134750" lon="13.437965">
        <ele>198.341274</ele>
        <time>2026-07-29T00:46:48.184Z</time>
      </trkpt>
      <trkpt lat="46.134524" lon="13.437772">
        <ele>197.763059</ele>
        <time>2026-07-29T00:46:51.040Z</time>
      </trkpt>
      <trkpt lat="46.134283" lon="13.437424">
        <ele>196.886872</ele>
        <time>2026-07-29T00:46:54.513Z</time>
      </trkpt>
      <trkpt lat="46.134060" lon="13.436871">
        <ele>195.302072</ele>
        <time>2026-07-29T00:46:58.801Z</time>
      </trkpt>
      <trkpt lat="46.133942" lon="13.436657">
        <ele>194.624671</ele>
        <time>2026-07-29T00:47:00.622Z</time>
      </trkpt>
      <trkpt lat="46.133573" lon="13.436232">
        <ele>192.937114</ele>
        <time>2026-07-29T00:47:05.228Z</time>
      </trkpt>
      <trkpt lat="46.132935" lon="13.435717">
        <ele>190.573144</ele>
        <time>2026-07-29T00:47:12.474Z</time>
      </trkpt>
      <trkpt lat="46.132810" lon="13.435577">
        <ele>190.313395</ele>
        <time>2026-07-29T00:47:14.155Z</time>
      </trkpt>
      <trkpt lat="46.132664" lon="13.435397">
        <ele>189.998164</ele>
        <time>2026-07-29T00:47:16.366Z</time>
      </trkpt>
      <trkpt lat="46.132545" lon="13.435259">
        <ele>189.747554</ele>
        <time>2026-07-29T00:47:18.344Z</time>
      </trkpt>
      <trkpt lat="46.132471" lon="13.435117">
        <ele>189.545438</ele>
        <time>2026-07-29T00:47:19.891Z</time>
      </trkpt>
      <trkpt lat="46.132107" lon="13.434193">
        <ele>188.336331</ele>
        <time>2026-07-29T00:47:30.098Z</time>
      </trkpt>
      <trkpt lat="46.132078" lon="13.434152">
        <ele>188.269685</ele>
        <time>2026-07-29T00:47:30.564Z</time>
      </trkpt>
      <trkpt lat="46.131430" lon="13.433640">
        <ele>186.686388</ele>
        <time>2026-07-29T00:47:38.197Z</time>
      </trkpt>
      <trkpt lat="46.131093" lon="13.433298">
        <ele>185.686767</ele>
        <time>2026-07-29T00:47:42.721Z</time>
      </trkpt>
      <trkpt lat="46.131050" lon="13.433259">
        <ele>185.563540</ele>
        <time>2026-07-29T00:47:43.290Z</time>
      </trkpt>
      <trkpt lat="46.130859" lon="13.433080">
        <ele>185.010960</ele>
        <time>2026-07-29T00:47:45.748Z</time>
      </trkpt>
      <trkpt lat="46.130426" lon="13.432845">
        <ele>183.888529</ele>
        <time>2026-07-29T00:47:50.588Z</time>
      </trkpt>
      <trkpt lat="46.130076" lon="13.432681">
        <ele>182.939706</ele>
        <time>2026-07-29T00:47:54.322Z</time>
      </trkpt>
      <trkpt lat="46.129885" lon="13.432589">
        <ele>182.393259</ele>
        <time>2026-07-29T00:47:56.379Z</time>
      </trkpt>
      <trkpt lat="46.129676" lon="13.432489">
        <ele>181.795711</ele>
        <time>2026-07-29T00:47:58.620Z</time>
      </trkpt>
      <trkpt lat="46.128894" lon="13.432124">
        <ele>179.565273</ele>
        <time>2026-07-29T00:48:07.277Z</time>
      </trkpt>
      <trkpt lat="46.128700" lon="13.431978">
        <ele>178.971495</ele>
        <time>2026-07-29T00:48:09.576Z</time>
      </trkpt>
      <trkpt lat="46.128548" lon="13.431810">
        <ele>178.476202</ele>
        <time>2026-07-29T00:48:11.608Z</time>
      </trkpt>
      <trkpt lat="46.128458" lon="13.431694">
        <ele>178.207659</ele>
        <time>2026-07-29T00:48:12.876Z</time>
      </trkpt>
      <trkpt lat="46.128399" lon="13.431624">
        <ele>178.037681</ele>
        <time>2026-07-29T00:48:13.678Z</time>
      </trkpt>
      <trkpt lat="46.128306" lon="13.431507">
        <ele>177.763112</ele>
        <time>2026-07-29T00:48:14.971Z</time>
      </trkpt>
      <trkpt lat="46.127765" lon="13.430836">
        <ele>176.175586</ele>
        <time>2026-07-29T00:48:22.533Z</time>
      </trkpt>
      <trkpt lat="46.127504" lon="13.430498">
        <ele>175.395160</ele>
        <time>2026-07-29T00:48:26.422Z</time>
      </trkpt>
      <trkpt lat="46.127146" lon="13.430184">
        <ele>174.472104</ele>
        <time>2026-07-29T00:48:31.283Z</time>
      </trkpt>
      <trkpt lat="46.127044" lon="13.430114">
        <ele>174.239864</ele>
        <time>2026-07-29T00:48:32.538Z</time>
      </trkpt>
      <trkpt lat="46.126778" lon="13.429918">
        <ele>173.625743</ele>
        <time>2026-07-29T00:48:35.747Z</time>
      </trkpt>
      <trkpt lat="46.126645" lon="13.429829">
        <ele>173.324299</ele>
        <time>2026-07-29T00:48:37.322Z</time>
      </trkpt>
      <trkpt lat="46.126509" lon="13.429687">
        <ele>172.979128</ele>
        <time>2026-07-29T00:48:39.138Z</time>
      </trkpt>
      <trkpt lat="46.126240" lon="13.429281">
        <ele>172.178717</ele>
        <time>2026-07-29T00:48:43.435Z</time>
      </trkpt>
      <trkpt lat="46.126041" lon="13.428855">
        <ele>171.446627</ele>
        <time>2026-07-29T00:48:47.371Z</time>
      </trkpt>
      <trkpt lat="46.125167" lon="13.426905">
        <ele>167.715706</ele>
        <time>2026-07-29T00:49:04.503Z</time>
      </trkpt>
      <trkpt lat="46.125136" lon="13.426832">
        <ele>167.574989</ele>
        <time>2026-07-29T00:49:05.112Z</time>
      </trkpt>
      <trkpt lat="46.125100" lon="13.426744">
        <ele>167.407031</ele>
        <time>2026-07-29T00:49:05.834Z</time>
      </trkpt>
      <trkpt lat="46.124832" lon="13.426148">
        <ele>166.277133</ele>
        <time>2026-07-29T00:49:10.968Z</time>
      </trkpt>
      <trkpt lat="46.124494" lon="13.425587">
        <ele>165.176520</ele>
        <time>2026-07-29T00:49:17.008Z</time>
      </trkpt>
      <trkpt lat="46.124173" lon="13.425088">
        <ele>164.168478</ele>
        <time>2026-07-29T00:49:22.460Z</time>
      </trkpt>
      <trkpt lat="46.123793" lon="13.424662">
        <ele>163.140437</ele>
        <time>2026-07-29T00:49:27.415Z</time>
      </trkpt>
      <trkpt lat="46.123467" lon="13.424269">
        <ele>162.300454</ele>
        <time>2026-07-29T00:49:31.733Z</time>
      </trkpt>
      <trkpt lat="46.123183" lon="13.423998">
        <ele>161.663159</ele>
        <time>2026-07-29T00:49:35.509Z</time>
      </trkpt>
      <trkpt lat="46.122901" lon="13.423803">
        <ele>161.077857</ele>
        <time>2026-07-29T00:49:39.224Z</time>
      </trkpt>
      <trkpt lat="46.122004" lon="13.423194">
        <ele>159.215472</ele>
        <time>2026-07-29T00:49:50.746Z</time>
      </trkpt>
      <trkpt lat="46.121652" lon="13.423091">
        <ele>158.518768</ele>
        <time>2026-07-29T00:49:54.605Z</time>
      </trkpt>
      <trkpt lat="46.121095" lon="13.423023">
        <ele>157.434449</ele>
        <time>2026-07-29T00:50:00.487Z</time>
      </trkpt>
      <trkpt lat="46.120782" lon="13.422836">
        <ele>156.777297</ele>
        <time>2026-07-29T00:50:04.145Z</time>
      </trkpt>
      <trkpt lat="46.120635" lon="13.422670">
        <ele>156.415185</ele>
        <time>2026-07-29T00:50:06.225Z</time>
      </trkpt>
      <trkpt lat="46.119891" lon="13.421430">
        <ele>155.250557</ele>
        <time>2026-07-29T00:50:19.775Z</time>
      </trkpt>
      <trkpt lat="46.119824" lon="13.421337">
        <ele>155.179766</ele>
        <time>2026-07-29T00:50:21.201Z</time>
      </trkpt>
      <trkpt lat="46.119987" lon="13.421033">
        <ele>154.976928</ele>
        <time>2026-07-29T00:50:25.642Z</time>
      </trkpt>
      <trkpt lat="46.120283" lon="13.420375">
        <ele>154.562940</ele>
        <time>2026-07-29T00:50:33.872Z</time>
      </trkpt>
      <trkpt lat="46.120401" lon="13.420091">
        <ele>154.080647</ele>
        <time>2026-07-29T00:50:36.682Z</time>
      </trkpt>
      <trkpt lat="46.120431" lon="13.419883">
        <ele>153.759762</ele>
        <time>2026-07-29T00:50:38.393Z</time>
      </trkpt>
      <trkpt lat="46.120447" lon="13.419417">
        <ele>153.055067</ele>
        <time>2026-07-29T00:50:41.884Z</time>
      </trkpt>
      <trkpt lat="46.120410" lon="13.419043">
        <ele>152.484464</ele>
        <time>2026-07-29T00:50:44.601Z</time>
      </trkpt>
      <trkpt lat="46.120069" lon="13.417508">
        <ele>150.234738</ele>
        <time>2026-07-29T00:50:55.939Z</time>
      </trkpt>
      <trkpt lat="46.119847" lon="13.416639">
        <ele>149.278514</ele>
        <time>2026-07-29T00:51:04.131Z</time>
      </trkpt>
      <trkpt lat="46.119680" lon="13.415994">
        <ele>148.567620</ele>
        <time>2026-07-29T00:51:09.903Z</time>
      </trkpt>
      <trkpt lat="46.119596" lon="13.415503">
        <ele>148.045456</ele>
        <time>2026-07-29T00:51:13.987Z</time>
      </trkpt>
      <trkpt lat="46.119409" lon="13.413792">
        <ele>147.684625</ele>
        <time>2026-07-29T00:51:28.234Z</time>
      </trkpt>
      <trkpt lat="46.119367" lon="13.412900">
        <ele>147.537658</ele>
        <time>2026-07-29T00:51:38.905Z</time>
      </trkpt>
      <trkpt lat="46.119075" lon="13.411241">
        <ele>149.305746</ele>
        <time>2026-07-29T00:52:09.893Z</time>
      </trkpt>
      <trkpt lat="46.119071" lon="13.410780">
        <ele>149.800769</ele>
        <time>2026-07-29T00:52:17.239Z</time>
      </trkpt>
      <trkpt lat="46.119070" lon="13.410682">
        <ele>149.906004</ele>
        <time>2026-07-29T00:52:18.612Z</time>
      </trkpt>
      <trkpt lat="46.119158" lon="13.409857">
        <ele>149.436097</ele>
        <time>2026-07-29T00:52:26.402Z</time>
      </trkpt>
      <trkpt lat="46.119124" lon="13.409503">
        <ele>148.744983</ele>
        <time>2026-07-29T00:52:28.873Z</time>
      </trkpt>
      <trkpt lat="46.119062" lon="13.409255">
        <ele>148.235155</ele>
        <time>2026-07-29T00:52:30.620Z</time>
      </trkpt>
      <trkpt lat="46.118324" lon="13.408523">
        <ele>145.736559</ele>
        <time>2026-07-29T00:52:42.903Z</time>
      </trkpt>
      <trkpt lat="46.118223" lon="13.408353">
        <ele>145.303572</ele>
        <time>2026-07-29T00:52:45.201Z</time>
      </trkpt>
      <trkpt lat="46.118158" lon="13.408047">
        <ele>144.950703</ele>
        <time>2026-07-29T00:52:48.767Z</time>
      </trkpt>
      <trkpt lat="46.118108" lon="13.407251">
        <ele>144.077088</ele>
        <time>2026-07-29T00:53:00.830Z</time>
      </trkpt>
      <trkpt lat="46.118060" lon="13.406924">
        <ele>143.711741</ele>
        <time>2026-07-29T00:53:05.245Z</time>
      </trkpt>
      <trkpt lat="46.117800" lon="13.407068">
        <ele>143.272586</ele>
        <time>2026-07-29T00:53:08.391Z</time>
      </trkpt>
      <trkpt lat="46.117382" lon="13.407392">
        <ele>142.524348</ele>
        <time>2026-07-29T00:53:13.252Z</time>
      </trkpt>
      <trkpt lat="46.117028" lon="13.407535">
        <ele>141.996624</ele>
        <time>2026-07-29T00:53:17.161Z</time>
      </trkpt>
      <trkpt lat="46.115440" lon="13.407911">
        <ele>139.874740</ele>
        <time>2026-07-29T00:53:36.266Z</time>
      </trkpt>
      <trkpt lat="46.115379" lon="13.407930">
        <ele>139.858800</ele>
        <time>2026-07-29T00:53:37.474Z</time>
      </trkpt>
      <trkpt lat="46.114331" lon="13.408179">
        <ele>139.587520</ele>
        <time>2026-07-29T00:54:00.120Z</time>
      </trkpt>
      <trkpt lat="46.113372" lon="13.408415">
        <ele>139.025618</ele>
        <time>2026-07-29T00:54:18.083Z</time>
      </trkpt>
      <trkpt lat="46.113146" lon="13.408467">
        <ele>138.802795</ele>
        <time>2026-07-29T00:54:22.008Z</time>
      </trkpt>
      <trkpt lat="46.111830" lon="13.408785">
        <ele>137.451628</ele>
        <time>2026-07-29T00:54:38.036Z</time>
      </trkpt>
      <trkpt lat="46.111710" lon="13.408201">
        <ele>136.931192</ele>
        <time>2026-07-29T00:54:42.977Z</time>
      </trkpt>
      <trkpt lat="46.111537" lon="13.407308">
        <ele>136.138964</ele>
        <time>2026-07-29T00:54:51.022Z</time>
      </trkpt>
      <trkpt lat="46.111176" lon="13.405476">
        <ele>134.549391</ele>
        <time>2026-07-29T00:55:05.997Z</time>
      </trkpt>
      <trkpt lat="46.111161" lon="13.405402">
        <ele>134.486077</ele>
        <time>2026-07-29T00:55:06.651Z</time>
      </trkpt>
      <trkpt lat="46.111153" lon="13.405360">
        <ele>134.450308</ele>
        <time>2026-07-29T00:55:07.023Z</time>
      </trkpt>
      <trkpt lat="46.110894" lon="13.404002">
        <ele>133.327940</ele>
        <time>2026-07-29T00:55:19.202Z</time>
      </trkpt>
      <trkpt lat="46.110714" lon="13.403365">
        <ele>133.095653</ele>
        <time>2026-07-29T00:55:25.157Z</time>
      </trkpt>
      <trkpt lat="46.110215" lon="13.401884">
        <ele>132.539603</ele>
        <time>2026-07-29T00:55:40.521Z</time>
      </trkpt>
      <trkpt lat="46.110090" lon="13.401874">
        <ele>132.478623</ele>
        <time>2026-07-29T00:55:50.419Z</time>
      </trkpt>
      <trkpt lat="46.110215" lon="13.401884">
        <ele>132.515029</ele>
        <time>2026-07-29T00:56:00.322Z</time>
      </trkpt>
      <trkpt lat="46.110201" lon="13.401829">
        <ele>132.528390</ele>
        <time>2026-07-29T00:56:00.898Z</time>
      </trkpt>
      <trkpt lat="46.110194" lon="13.401465">
        <ele>132.611425</ele>
        <time>2026-07-29T00:56:04.629Z</time>
      </trkpt>
      <trkpt lat="46.110231" lon="13.401244">
        <ele>132.663269</ele>
        <time>2026-07-29T00:56:07.072Z</time>
      </trkpt>
      <trkpt lat="46.110334" lon="13.401032">
        <ele>132.722301</ele>
        <time>2026-07-29T00:56:09.870Z</time>
      </trkpt>
      <trkpt lat="46.111518" lon="13.399487">
        <ele>133.157443</ele>
        <time>2026-07-29T00:56:37.544Z</time>
      </trkpt>
      <trkpt lat="46.111607" lon="13.399373">
        <ele>133.177023</ele>
        <time>2026-07-29T00:56:39.786Z</time>
      </trkpt>
      <trkpt lat="46.111783" lon="13.399040">
        <ele>133.224777</ele>
        <time>2026-07-29T00:56:45.287Z</time>
      </trkpt>
      <trkpt lat="46.111892" lon="13.398658">
        <ele>133.271888</ele>
        <time>2026-07-29T00:56:49.885Z</time>
      </trkpt>
      <trkpt lat="46.112095" lon="13.397952">
        <ele>133.359053</ele>
        <time>2026-07-29T00:56:56.083Z</time>
      </trkpt>
      <trkpt lat="46.112213" lon="13.397666">
        <ele>133.439101</ele>
        <time>2026-07-29T00:56:58.811Z</time>
      </trkpt>
      <trkpt lat="46.112345" lon="13.397574">
        <ele>133.493306</ele>
        <time>2026-07-29T00:57:00.803Z</time>
      </trkpt>
      <trkpt lat="46.112912" lon="13.397553">
        <ele>133.703020</ele>
        <time>2026-07-29T00:57:11.185Z</time>
      </trkpt>
      <trkpt lat="46.113360" lon="13.397557">
        <ele>133.868669</ele>
        <time>2026-07-29T00:57:18.774Z</time>
      </trkpt>
      <trkpt lat="46.113521" lon="13.397530">
        <ele>133.928599</ele>
        <time>2026-07-29T00:57:21.348Z</time>
      </trkpt>
      <trkpt lat="46.113677" lon="13.397458">
        <ele>133.989159</ele>
        <time>2026-07-29T00:57:24.351Z</time>
      </trkpt>
      <trkpt lat="46.113741" lon="13.397346">
        <ele>134.026363</ele>
        <time>2026-07-29T00:57:26.424Z</time>
      </trkpt>
      <trkpt lat="46.113772" lon="13.397291">
        <ele>133.999977</ele>
        <time>2026-07-29T00:57:27.518Z</time>
      </trkpt>
      <trkpt lat="46.113842" lon="13.397011">
        <ele>133.866738</ele>
        <time>2026-07-29T00:57:32.221Z</time>
      </trkpt>
      <trkpt lat="46.114007" lon="13.396619">
        <ele>133.661452</ele>
        <time>2026-07-29T00:57:38.189Z</time>
      </trkpt>
      <trkpt lat="46.114080" lon="13.396477">
        <ele>133.582317</ele>
        <time>2026-07-29T00:57:39.978Z</time>
      </trkpt>
      <trkpt lat="46.114384" lon="13.396016">
        <ele>133.297505</ele>
        <time>2026-07-29T00:57:45.115Z</time>
      </trkpt>
      <trkpt lat="46.114673" lon="13.395667">
        <ele>133.054132</ele>
        <time>2026-07-29T00:57:49.362Z</time>
      </trkpt>
      <trkpt lat="46.114464" lon="13.394791">
        <ele>132.284962</ele>
        <time>2026-07-29T00:57:56.418Z</time>
      </trkpt>
      <trkpt lat="46.114192" lon="13.393783">
        <ele>131.046158</ele>
        <time>2026-07-29T00:58:04.630Z</time>
      </trkpt>
      <trkpt lat="46.114066" lon="13.393404">
        <ele>130.564767</ele>
        <time>2026-07-29T00:58:08.010Z</time>
      </trkpt>
      <trkpt lat="46.113779" lon="13.392740">
        <ele>129.705579</ele>
        <time>2026-07-29T00:58:14.675Z</time>
      </trkpt>
      <trkpt lat="46.113587" lon="13.392207">
        <ele>129.129846</ele>
        <time>2026-07-29T00:58:19.776Z</time>
      </trkpt>
      <trkpt lat="46.113534" lon="13.391818">
        <ele>128.749857</ele>
        <time>2026-07-29T00:58:23.057Z</time>
      </trkpt>
      <trkpt lat="46.113374" lon="13.390749">
        <ele>127.701613</ele>
        <time>2026-07-29T00:58:31.587Z</time>
      </trkpt>
      <trkpt lat="46.113211" lon="13.390220">
        <ele>127.134393</ele>
        <time>2026-07-29T00:58:36.160Z</time>
      </trkpt>
      <trkpt lat="46.113122" lon="13.390036">
        <ele>126.909201</ele>
        <time>2026-07-29T00:58:37.949Z</time>
      </trkpt>
      <trkpt lat="46.113024" lon="13.389725">
        <ele>126.566314</ele>
        <time>2026-07-29T00:58:40.801Z</time>
      </trkpt>
      <trkpt lat="46.112630" lon="13.388051">
        <ele>124.793377</ele>
        <time>2026-07-29T00:58:54.946Z</time>
      </trkpt>
      <trkpt lat="46.112538" lon="13.387530">
        <ele>124.317740</ele>
        <time>2026-07-29T00:58:59.376Z</time>
      </trkpt>
      <trkpt lat="46.112236" lon="13.382870">
        <ele>120.164445</ele>
        <time>2026-07-29T00:59:37.723Z</time>
      </trkpt>
      <trkpt lat="46.112141" lon="13.381082">
        <ele>118.736440</ele>
        <time>2026-07-29T00:59:52.095Z</time>
      </trkpt>
      <trkpt lat="46.112053" lon="13.379077">
        <ele>117.889877</ele>
        <time>2026-07-29T01:00:10.454Z</time>
      </trkpt>
      <trkpt lat="46.112015" lon="13.378724">
        <ele>117.820851</ele>
        <time>2026-07-29T01:00:14.051Z</time>
      </trkpt>
      <trkpt lat="46.111765" lon="13.377405">
        <ele>117.562130</ele>
        <time>2026-07-29T01:00:28.529Z</time>
      </trkpt>
      <trkpt lat="46.111822" lon="13.374856">
        <ele>116.950178</ele>
        <time>2026-07-29T01:00:52.914Z</time>
      </trkpt>
      <trkpt lat="46.111882" lon="13.374460">
        <ele>116.688776</ele>
        <time>2026-07-29T01:00:56.308Z</time>
      </trkpt>
      <trkpt lat="46.112492" lon="13.371916">
        <ele>115.377916</ele>
        <time>2026-07-29T01:01:18.836Z</time>
      </trkpt>
      <trkpt lat="46.113025" lon="13.368879">
        <ele>115.383116</ele>
        <time>2026-07-29T01:01:53.367Z</time>
      </trkpt>
      <trkpt lat="46.113048" lon="13.368803">
        <ele>115.397980</ele>
        <time>2026-07-29T01:01:54.308Z</time>
      </trkpt>
      <trkpt lat="46.113395" lon="13.367620">
        <ele>115.613011</ele>
        <time>2026-07-29T01:02:08.127Z</time>
      </trkpt>
      <trkpt lat="46.113409" lon="13.367566">
        <ele>115.617450</ele>
        <time>2026-07-29T01:02:08.743Z</time>
      </trkpt>
      <trkpt lat="46.113441" lon="13.367434">
        <ele>115.628215</ele>
        <time>2026-07-29T01:02:10.271Z</time>
      </trkpt>
      <trkpt lat="46.113463" lon="13.367335">
        <ele>115.636219</ele>
        <time>2026-07-29T01:02:11.419Z</time>
      </trkpt>
      <trkpt lat="46.113565" lon="13.366722">
        <ele>115.684752</ele>
        <time>2026-07-29T01:02:18.791Z</time>
      </trkpt>
      <trkpt lat="46.113659" lon="13.365934">
        <ele>115.746309</ele>
        <time>2026-07-29T01:02:27.753Z</time>
      </trkpt>
      <trkpt lat="46.113906" lon="13.363195">
        <ele>115.433760</ele>
        <time>2026-07-29T01:02:53.158Z</time>
      </trkpt>
      <trkpt lat="46.113954" lon="13.362764">
        <ele>115.355413</ele>
        <time>2026-07-29T01:02:58.419Z</time>
      </trkpt>
      <trkpt lat="46.113959" lon="13.362352">
        <ele>115.362668</ele>
        <time>2026-07-29T01:03:03.432Z</time>
      </trkpt>
      <trkpt lat="46.113909" lon="13.361506">
        <ele>115.438752</ele>
        <time>2026-07-29T01:03:11.943Z</time>
      </trkpt>
      <trkpt lat="46.113702" lon="13.360493">
        <ele>115.533388</ele>
        <time>2026-07-29T01:03:22.998Z</time>
      </trkpt>
      <trkpt lat="46.113624" lon="13.360404">
        <ele>115.546244</ele>
        <time>2026-07-29T01:03:24.640Z</time>
      </trkpt>
      <trkpt lat="46.113560" lon="13.360273">
        <ele>115.560605</ele>
        <time>2026-07-29T01:03:26.502Z</time>
      </trkpt>
      <trkpt lat="46.113351" lon="13.359622">
        <ele>115.523533</ele>
        <time>2026-07-29T01:03:34.540Z</time>
      </trkpt>
      <trkpt lat="46.113328" lon="13.359571">
        <ele>115.519250</ele>
        <time>2026-07-29T01:03:35.150Z</time>
      </trkpt>
      <trkpt lat="46.112428" lon="13.358504">
        <ele>115.400969</ele>
        <time>2026-07-29T01:03:51.087Z</time>
      </trkpt>
      <trkpt lat="46.112325" lon="13.358357">
        <ele>115.386258</ele>
        <time>2026-07-29T01:03:53.137Z</time>
      </trkpt>
      <trkpt lat="46.112255" lon="13.358157">
        <ele>115.364869</ele>
        <time>2026-07-29T01:03:55.379Z</time>
      </trkpt>
      <trkpt lat="46.112252" lon="13.357964">
        <ele>115.346196</ele>
        <time>2026-07-29T01:03:57.350Z</time>
      </trkpt>
      <trkpt lat="46.112556" lon="13.355624">
        <ele>115.131193</ele>
        <time>2026-07-29T01:04:21.929Z</time>
      </trkpt>
      <trkpt lat="46.112574" lon="13.355273">
        <ele>115.125071</ele>
        <time>2026-07-29T01:04:24.869Z</time>
      </trkpt>
      <trkpt lat="46.112531" lon="13.354951">
        <ele>115.119368</ele>
        <time>2026-07-29T01:04:27.589Z</time>
      </trkpt>
      <trkpt lat="46.112474" lon="13.354738">
        <ele>115.115397</ele>
        <time>2026-07-29T01:04:29.538Z</time>
      </trkpt>
      <trkpt lat="46.112350" lon="13.354376">
        <ele>115.108374</ele>
        <time>2026-07-29T01:04:33.202Z</time>
      </trkpt>
      <trkpt lat="46.112298" lon="13.353981">
        <ele>115.101381</ele>
        <time>2026-07-29T01:04:37.907Z</time>
      </trkpt>
      <trkpt lat="46.112273" lon="13.352986">
        <ele>115.163792</ele>
        <time>2026-07-29T01:04:50.521Z</time>
      </trkpt>
      <trkpt lat="46.112218" lon="13.352627">
        <ele>115.252649</ele>
        <time>2026-07-29T01:04:55.723Z</time>
      </trkpt>
      <trkpt lat="46.112016" lon="13.351825">
        <ele>115.458874</ele>
        <time>2026-07-29T01:05:06.275Z</time>
      </trkpt>
      <trkpt lat="46.111973" lon="13.351390">
        <ele>115.565069</ele>
        <time>2026-07-29T01:05:10.164Z</time>
      </trkpt>
      <trkpt lat="46.111874" lon="13.350364">
        <ele>115.726462</ele>
        <time>2026-07-29T01:05:19.708Z</time>
      </trkpt>
      <trkpt lat="46.111712" lon="13.348834">
        <ele>115.764264</ele>
        <time>2026-07-29T01:05:37.791Z</time>
      </trkpt>
      <trkpt lat="46.111644" lon="13.348195">
        <ele>115.780446</ele>
        <time>2026-07-29T01:05:44.027Z</time>
      </trkpt>
      <trkpt lat="46.111594" lon="13.347915">
        <ele>115.799845</ele>
        <time>2026-07-29T01:05:46.619Z</time>
      </trkpt>
      <trkpt lat="46.111290" lon="13.346429">
        <ele>115.903793</ele>
        <time>2026-07-29T01:06:00.673Z</time>
      </trkpt>
      <trkpt lat="46.111275" lon="13.346370">
        <ele>115.908009</ele>
        <time>2026-07-29T01:06:01.379Z</time>
      </trkpt>
      <trkpt lat="46.111185" lon="13.345950">
        <ele>115.937503</ele>
        <time>2026-07-29T01:06:07.312Z</time>
      </trkpt>
      <trkpt lat="46.111095" lon="13.345493">
        <ele>116.115371</ele>
        <time>2026-07-29T01:06:14.021Z</time>
      </trkpt>
      <trkpt lat="46.111073" lon="13.345345">
        <ele>116.221292</ele>
        <time>2026-07-29T01:06:16.312Z</time>
      </trkpt>
      <trkpt lat="46.111034" lon="13.345091">
        <ele>116.403341</ele>
        <time>2026-07-29T01:06:20.535Z</time>
      </trkpt>
      <trkpt lat="46.111020" lon="13.344892">
        <ele>116.543312</ele>
        <time>2026-07-29T01:06:23.809Z</time>
      </trkpt>
      <trkpt lat="46.111023" lon="13.344648">
        <ele>116.714083</ele>
        <time>2026-07-29T01:06:27.696Z</time>
      </trkpt>
      <trkpt lat="46.111029" lon="13.344161">
        <ele>117.054927</ele>
        <time>2026-07-29T01:06:35.411Z</time>
      </trkpt>
      <trkpt lat="46.111046" lon="13.343272">
        <ele>117.677262</ele>
        <time>2026-07-29T01:06:44.699Z</time>
      </trkpt>
      <trkpt lat="46.111047" lon="13.343167">
        <ele>117.750745</ele>
        <time>2026-07-29T01:06:45.656Z</time>
      </trkpt>
      <trkpt lat="46.111065" lon="13.342423">
        <ele>117.924741</ele>
        <time>2026-07-29T01:06:52.436Z</time>
      </trkpt>
      <trkpt lat="46.111073" lon="13.342108">
        <ele>117.992949</ele>
        <time>2026-07-29T01:06:55.641Z</time>
      </trkpt>
      <trkpt lat="46.111079" lon="13.341909">
        <ele>118.036050</ele>
        <time>2026-07-29T01:06:57.964Z</time>
      </trkpt>
      <trkpt lat="46.111088" lon="13.341639">
        <ele>118.094542</ele>
        <time>2026-07-29T01:07:01.187Z</time>
      </trkpt>
      <trkpt lat="46.111122" lon="13.341412">
        <ele>118.144795</ele>
        <time>2026-07-29T01:07:04.066Z</time>
      </trkpt>
      <trkpt lat="46.111256" lon="13.340910">
        <ele>118.261194</ele>
        <time>2026-07-29T01:07:10.532Z</time>
      </trkpt>
      <trkpt lat="46.111400" lon="13.340518">
        <ele>118.384386</ele>
        <time>2026-07-29T01:07:15.562Z</time>
      </trkpt>
      <trkpt lat="46.111505" lon="13.340291">
        <ele>118.504370</ele>
        <time>2026-07-29T01:07:19.005Z</time>
      </trkpt>
      <trkpt lat="46.111866" lon="13.340103">
        <ele>118.747790</ele>
        <time>2026-07-29T01:07:27.213Z</time>
      </trkpt>
      <trkpt lat="46.112187" lon="13.340030">
        <ele>118.953891</ele>
        <time>2026-07-29T01:07:33.866Z</time>
      </trkpt>
      <trkpt lat="46.112340" lon="13.339807">
        <ele>119.091838</ele>
        <time>2026-07-29T01:07:37.774Z</time>
      </trkpt>
      <trkpt lat="46.112448" lon="13.339497">
        <ele>119.244380</ele>
        <time>2026-07-29T01:07:41.365Z</time>
      </trkpt>
      <trkpt lat="46.112673" lon="13.338314">
        <ele>119.075503</ele>
        <time>2026-07-29T01:07:52.941Z</time>
      </trkpt>
      <trkpt lat="46.112880" lon="13.337302">
        <ele>118.486869</ele>
        <time>2026-07-29T01:08:03.335Z</time>
      </trkpt>
      <trkpt lat="46.112910" lon="13.337130">
        <ele>118.387923</ele>
        <time>2026-07-29T01:08:04.739Z</time>
      </trkpt>
      <trkpt lat="46.112932" lon="13.336653">
        <ele>118.121228</ele>
        <time>2026-07-29T01:08:08.261Z</time>
      </trkpt>
      <trkpt lat="46.112887" lon="13.336278">
        <ele>117.988694</ele>
        <time>2026-07-29T01:08:10.984Z</time>
      </trkpt>
      <trkpt lat="46.112748" lon="13.335720">
        <ele>117.886933</ele>
        <time>2026-07-29T01:08:15.744Z</time>
      </trkpt>
      <trkpt lat="46.112591" lon="13.335204">
        <ele>117.790221</ele>
        <time>2026-07-29T01:08:23.347Z</time>
      </trkpt>
      <trkpt lat="46.112546" lon="13.335069">
        <ele>117.764512</ele>
        <time>2026-07-29T01:08:25.626Z</time>
      </trkpt>
      <trkpt lat="46.112499" lon="13.334926">
        <ele>117.737351</ele>
        <time>2026-07-29T01:08:27.947Z</time>
      </trkpt>
      <trkpt lat="46.112473" lon="13.334843">
        <ele>117.721719</ele>
        <time>2026-07-29T01:08:29.241Z</time>
      </trkpt>
      <trkpt lat="46.111103" lon="13.330684">
        <ele>117.077137</ele>
        <time>2026-07-29T01:09:13.634Z</time>
      </trkpt>
      <trkpt lat="46.110732" lon="13.329555">
        <ele>117.020280</ele>
        <time>2026-07-29T01:09:26.215Z</time>
      </trkpt>
      <trkpt lat="46.110507" lon="13.328871">
        <ele>117.337593</ele>
        <time>2026-07-29T01:09:33.933Z</time>
      </trkpt>
      <trkpt lat="46.109996" lon="13.327421">
        <ele>118.233758</ele>
        <time>2026-07-29T01:09:58.629Z</time>
      </trkpt>
      <trkpt lat="46.109782" lon="13.326785">
        <ele>118.338858</ele>
        <time>2026-07-29T01:10:05.370Z</time>
      </trkpt>
      <trkpt lat="46.109558" lon="13.326110">
        <ele>118.104035</ele>
        <time>2026-07-29T01:10:11.778Z</time>
      </trkpt>
      <trkpt lat="46.109412" lon="13.325765">
        <ele>117.977202</ele>
        <time>2026-07-29T01:10:15.516Z</time>
      </trkpt>
      <trkpt lat="46.109261" lon="13.325537">
        <ele>117.878260</ele>
        <time>2026-07-29T01:10:18.497Z</time>
      </trkpt>
      <trkpt lat="46.109085" lon="13.325375">
        <ele>117.783761</ele>
        <time>2026-07-29T01:10:21.336Z</time>
      </trkpt>
      <trkpt lat="46.108868" lon="13.325270">
        <ele>117.680165</ele>
        <time>2026-07-29T01:10:24.353Z</time>
      </trkpt>
      <trkpt lat="46.108695" lon="13.325251">
        <ele>117.586730</ele>
        <time>2026-07-29T01:10:26.573Z</time>
      </trkpt>
      <trkpt lat="46.107700" lon="13.325307">
        <ele>116.880856</ele>
        <time>2026-07-29T01:10:38.735Z</time>
      </trkpt>
      <trkpt lat="46.107430" lon="13.325283">
        <ele>116.689094</ele>
        <time>2026-07-29T01:10:41.568Z</time>
      </trkpt>
      <trkpt lat="46.107101" lon="13.325193">
        <ele>116.451715</ele>
        <time>2026-07-29T01:10:46.154Z</time>
      </trkpt>
      <trkpt lat="46.106739" lon="13.325093">
        <ele>116.366869</ele>
        <time>2026-07-29T01:10:53.334Z</time>
      </trkpt>
      <trkpt lat="46.106503" lon="13.325001">
        <ele>116.381727</ele>
        <time>2026-07-29T01:10:58.734Z</time>
      </trkpt>
      <trkpt lat="46.106321" lon="13.324885">
        <ele>116.393821</ele>
        <time>2026-07-29T01:11:01.649Z</time>
      </trkpt>
      <trkpt lat="46.106128" lon="13.324651">
        <ele>116.409145</ele>
        <time>2026-07-29T01:11:04.814Z</time>
      </trkpt>
      <trkpt lat="46.105186" lon="13.323101">
        <ele>116.657365</ele>
        <time>2026-07-29T01:11:25.448Z</time>
      </trkpt>
      <trkpt lat="46.105140" lon="13.323027">
        <ele>116.681579</ele>
        <time>2026-07-29T01:11:26.724Z</time>
      </trkpt>
      <trkpt lat="46.104897" lon="13.322566">
        <ele>116.822668</ele>
        <time>2026-07-29T01:11:34.275Z</time>
      </trkpt>
      <trkpt lat="46.104839" lon="13.322383">
        <ele>116.871690</ele>
        <time>2026-07-29T01:11:36.802Z</time>
      </trkpt>
      <trkpt lat="46.104433" lon="13.319751">
        <ele>118.011741</ele>
        <time>2026-07-29T01:12:06.625Z</time>
      </trkpt>
      <trkpt lat="46.104257" lon="13.318779">
        <ele>118.533028</ele>
        <time>2026-07-29T01:12:22.613Z</time>
      </trkpt>
      <trkpt lat="46.104270" lon="13.318610">
        <ele>118.624302</ele>
        <time>2026-07-29T01:12:24.922Z</time>
      </trkpt>
      <trkpt lat="46.104317" lon="13.318429">
        <ele>118.728051</ele>
        <time>2026-07-29T01:12:27.267Z</time>
      </trkpt>
      <trkpt lat="46.104456" lon="13.317823">
        <ele>119.070683</ele>
        <time>2026-07-29T01:12:33.976Z</time>
      </trkpt>
      <trkpt lat="46.104477" lon="13.317259">
        <ele>119.373868</ele>
        <time>2026-07-29T01:12:40.768Z</time>
      </trkpt>
      <trkpt lat="46.104376" lon="13.316513">
        <ele>119.781875</ele>
        <time>2026-07-29T01:12:50.810Z</time>
      </trkpt>
      <trkpt lat="46.104071" lon="13.314688">
        <ele>119.963071</ele>
        <time>2026-07-29T01:13:11.157Z</time>
      </trkpt>
      <trkpt lat="46.104012" lon="13.314177">
        <ele>120.003650</ele>
        <time>2026-07-29T01:13:16.087Z</time>
      </trkpt>
      <trkpt lat="46.103989" lon="13.313755">
        <ele>120.021905</ele>
        <time>2026-07-29T01:13:19.985Z</time>
      </trkpt>
      <trkpt lat="46.103992" lon="13.311587">
        <ele>119.976308</ele>
        <time>2026-07-29T01:13:40.913Z</time>
      </trkpt>
      <trkpt lat="46.104016" lon="13.310971">
        <ele>120.095111</ele>
        <time>2026-07-29T01:13:48.954Z</time>
      </trkpt>
      <trkpt lat="46.104044" lon="13.310768">
        <ele>120.170781</ele>
        <time>2026-07-29T01:13:51.868Z</time>
      </trkpt>
      <trkpt lat="46.104068" lon="13.310623">
        <ele>120.225281</ele>
        <time>2026-07-29T01:13:53.956Z</time>
      </trkpt>
      <trkpt lat="46.104180" lon="13.309897">
        <ele>120.497192</ele>
        <time>2026-07-29T01:14:03.621Z</time>
      </trkpt>
      <trkpt lat="46.104100" lon="13.308890">
        <ele>120.867753</ele>
        <time>2026-07-29T01:14:14.694Z</time>
      </trkpt>
      <trkpt lat="46.104050" lon="13.307550">
        <ele>121.306708</ele>
        <time>2026-07-29T01:14:28.257Z</time>
      </trkpt>
      <trkpt lat="46.103946" lon="13.306865">
        <ele>121.532944</ele>
        <time>2026-07-29T01:14:37.414Z</time>
      </trkpt>
      <trkpt lat="46.103935" lon="13.306718">
        <ele>121.580645</ele>
        <time>2026-07-29T01:14:39.212Z</time>
      </trkpt>
      <trkpt lat="46.103952" lon="13.306545">
        <ele>121.637018</ele>
        <time>2026-07-29T01:14:41.393Z</time>
      </trkpt>
      <trkpt lat="46.104075" lon="13.306287">
        <ele>121.738033</ele>
        <time>2026-07-29T01:14:45.241Z</time>
      </trkpt>
      <trkpt lat="46.104307" lon="13.306037">
        <ele>121.965526</ele>
        <time>2026-07-29T01:14:50.258Z</time>
      </trkpt>
      <trkpt lat="46.104712" lon="13.305707">
        <ele>122.353595</ele>
        <time>2026-07-29T01:14:58.889Z</time>
      </trkpt>
      <trkpt lat="46.104990" lon="13.305589">
        <ele>122.595356</ele>
        <time>2026-07-29T01:15:03.766Z</time>
      </trkpt>
      <trkpt lat="46.105531" lon="13.305414">
        <ele>123.057905</ele>
        <time>2026-07-29T01:15:13.886Z</time>
      </trkpt>
      <trkpt lat="46.106200" lon="13.305104">
        <ele>123.513678</ele>
        <time>2026-07-29T01:15:27.361Z</time>
      </trkpt>
      <trkpt lat="46.106407" lon="13.304961">
        <ele>123.640739</ele>
        <time>2026-07-29T01:15:31.599Z</time>
      </trkpt>
      <trkpt lat="46.106595" lon="13.304771">
        <ele>123.767822</ele>
        <time>2026-07-29T01:15:35.441Z</time>
      </trkpt>
      <trkpt lat="46.106820" lon="13.304403">
        <ele>123.956145</ele>
        <time>2026-07-29T01:15:40.785Z</time>
      </trkpt>
      <trkpt lat="46.106974" lon="13.304064">
        <ele>124.111703</ele>
        <time>2026-07-29T01:15:44.864Z</time>
      </trkpt>
      <trkpt lat="46.107435" lon="13.302444">
        <ele>124.655549</ele>
        <time>2026-07-29T01:16:04.784Z</time>
      </trkpt>
      <trkpt lat="46.107614" lon="13.301909">
        <ele>124.828546</ele>
        <time>2026-07-29T01:16:12.539Z</time>
      </trkpt>
      <trkpt lat="46.107801" lon="13.301530">
        <ele>124.964016</ele>
        <time>2026-07-29T01:16:18.312Z</time>
      </trkpt>
      <trkpt lat="46.108122" lon="13.301010">
        <ele>125.004198</ele>
        <time>2026-07-29T01:16:25.023Z</time>
      </trkpt>
      <trkpt lat="46.108277" lon="13.300800">
        <ele>125.002279</ele>
        <time>2026-07-29T01:16:27.743Z</time>
      </trkpt>
      <trkpt lat="46.108616" lon="13.300455">
        <ele>124.998533</ele>
        <time>2026-07-29T01:16:33.133Z</time>
      </trkpt>
      <trkpt lat="46.108906" lon="13.300240">
        <ele>124.995589</ele>
        <time>2026-07-29T01:16:37.915Z</time>
      </trkpt>
      <trkpt lat="46.109215" lon="13.300068">
        <ele>124.992599</ele>
        <time>2026-07-29T01:16:43.581Z</time>
      </trkpt>
      <trkpt lat="46.109507" lon="13.299948">
        <ele>125.055965</ele>
        <time>2026-07-29T01:16:48.984Z</time>
      </trkpt>
      <trkpt lat="46.109811" lon="13.299887">
        <ele>125.173465</ele>
        <time>2026-07-29T01:16:54.224Z</time>
      </trkpt>
      <trkpt lat="46.110562" lon="13.299845">
        <ele>125.461185</ele>
        <time>2026-07-29T01:17:05.128Z</time>
      </trkpt>
      <trkpt lat="46.113718" lon="13.299667">
        <ele>127.699553</ele>
        <time>2026-07-29T01:18:01.632Z</time>
      </trkpt>
      <trkpt lat="46.113684" lon="13.299729">
        <ele>127.743089</ele>
        <time>2026-07-29T01:18:02.591Z</time>
      </trkpt>
      <trkpt lat="46.113718" lon="13.299667">
        <ele>127.786625</ele>
        <time>2026-07-29T01:18:03.548Z</time>
      </trkpt>
      <trkpt lat="46.114268" lon="13.299636">
        <ele>128.223884</ele>
        <time>2026-07-29T01:18:13.338Z</time>
      </trkpt>
      <trkpt lat="46.115766" lon="13.299527">
        <ele>129.410584</ele>
        <time>2026-07-29T01:18:41.642Z</time>
      </trkpt>
      <trkpt lat="46.116441" lon="13.299464">
        <ele>129.910752</ele>
        <time>2026-07-29T01:18:53.765Z</time>
      </trkpt>
      <trkpt lat="46.116623" lon="13.299244">
        <ele>129.800573</ele>
        <time>2026-07-29T01:18:57.409Z</time>
      </trkpt>
      <trkpt lat="46.116266" lon="13.298754">
        <ele>129.571921</ele>
        <time>2026-07-29T01:19:06.069Z</time>
      </trkpt>
      <trkpt lat="46.115759" lon="13.298231">
        <ele>129.282707</ele>
        <time>2026-07-29T01:19:16.362Z</time>
      </trkpt>
      <trkpt lat="46.115593" lon="13.297990">
        <ele>129.173426</ele>
        <time>2026-07-29T01:19:20.748Z</time>
      </trkpt>
      <trkpt lat="46.115488" lon="13.297710">
        <ele>129.085654</ele>
        <time>2026-07-29T01:19:25.457Z</time>
      </trkpt>
      <trkpt lat="46.115431" lon="13.297156">
        <ele>129.053293</ele>
        <time>2026-07-29T01:19:34.764Z</time>
      </trkpt>
      <trkpt lat="46.115580" lon="13.296525">
        <ele>129.014775</ele>
        <time>2026-07-29T01:19:45.031Z</time>
      </trkpt>
      <trkpt lat="46.115715" lon="13.296231">
        <ele>128.994398</ele>
        <time>2026-07-29T01:19:49.590Z</time>
      </trkpt>
      <trkpt lat="46.115655" lon="13.296086">
        <ele>128.984641</ele>
        <time>2026-07-29T01:19:51.662Z</time>
      </trkpt>
      <trkpt lat="46.115543" lon="13.295560">
        <ele>128.952846</ele>
        <time>2026-07-29T01:19:58.421Z</time>
      </trkpt>
      <trkpt lat="46.115491" lon="13.295238">
        <ele>128.939082</ele>
        <time>2026-07-29T01:20:06.577Z</time>
      </trkpt>
      <trkpt lat="46.115424" lon="13.295056">
        <ele>128.939426</ele>
        <time>2026-07-29T01:20:11.775Z</time>
      </trkpt>
      <trkpt lat="46.115179" lon="13.294637">
        <ele>128.940342</ele>
        <time>2026-07-29T01:20:25.818Z</time>
      </trkpt>
      <trkpt lat="46.115007" lon="13.294133">
        <ele>128.941280</ele>
        <time>2026-07-29T01:20:40.600Z</time>
      </trkpt>
      <trkpt lat="46.114976" lon="13.294025">
        <ele>128.941475</ele>
        <time>2026-07-29T01:20:43.710Z</time>
      </trkpt>
      <trkpt lat="46.114946" lon="13.293916">
        <ele>128.941671</ele>
        <time>2026-07-29T01:20:46.848Z</time>
      </trkpt>
      <trkpt lat="46.114859" lon="13.293006">
        <ele>128.943206</ele>
        <time>2026-07-29T01:21:10.802Z</time>
      </trkpt>
      <trkpt lat="46.114807" lon="13.292765">
        <ele>129.003916</ele>
        <time>2026-07-29T01:21:17.199Z</time>
      </trkpt>
      <trkpt lat="46.114671" lon="13.292301">
        <ele>129.145139</ele>
        <time>2026-07-29T01:21:30.099Z</time>
      </trkpt>
      <trkpt lat="46.114375" lon="13.291472">
        <ele>129.406550</ele>
        <time>2026-07-29T01:21:55.487Z</time>
      </trkpt>
      <trkpt lat="46.114212" lon="13.290828">
        <ele>129.598741</ele>
        <time>2026-07-29T01:22:06.265Z</time>
      </trkpt>
      <trkpt lat="46.114071" lon="13.290577">
        <ele>129.695191</ele>
        <time>2026-07-29T01:22:11.190Z</time>
      </trkpt>
      <trkpt lat="46.114026" lon="13.290517">
        <ele>129.727773</ele>
        <time>2026-07-29T01:22:12.522Z</time>
      </trkpt>
      <trkpt lat="46.113922" lon="13.289648">
        <ele>130.052822</ele>
        <time>2026-07-29T01:22:26.260Z</time>
      </trkpt>
      <trkpt lat="46.113899" lon="13.289080">
        <ele>130.262542</ele>
        <time>2026-07-29T01:22:34.403Z</time>
      </trkpt>
      <trkpt lat="46.113975" lon="13.288539">
        <ele>130.466007</ele>
        <time>2026-07-29T01:22:42.222Z</time>
      </trkpt>
      <trkpt lat="46.113947" lon="13.286892">
        <ele>131.054237</ele>
        <time>2026-07-29T01:23:11.168Z</time>
      </trkpt>
      <trkpt lat="46.113863" lon="13.286736">
        <ele>131.123941</ele>
        <time>2026-07-29T01:23:14.263Z</time>
      </trkpt>
      <trkpt lat="46.113619" lon="13.285946">
        <ele>131.429134</ele>
        <time>2026-07-29T01:23:26.667Z</time>
      </trkpt>
      <trkpt lat="46.113519" lon="13.285463">
        <ele>131.536821</ele>
        <time>2026-07-29T01:23:33.182Z</time>
      </trkpt>
      <trkpt lat="46.113506" lon="13.285306">
        <ele>131.531852</ele>
        <time>2026-07-29T01:23:35.175Z</time>
      </trkpt>
      <trkpt lat="46.113552" lon="13.284505">
        <ele>131.506595</ele>
        <time>2026-07-29T01:23:42.548Z</time>
      </trkpt>
      <trkpt lat="46.113655" lon="13.283586">
        <ele>131.477342</ele>
        <time>2026-07-29T01:23:52.413Z</time>
      </trkpt>
      <trkpt lat="46.113689" lon="13.282893">
        <ele>131.415273</ele>
        <time>2026-07-29T01:24:00.478Z</time>
      </trkpt>
      <trkpt lat="46.113770" lon="13.282701">
        <ele>131.356708</ele>
        <time>2026-07-29T01:24:03.096Z</time>
      </trkpt>
      <trkpt lat="46.113587" lon="13.282072">
        <ele>131.178959</ele>
        <time>2026-07-29T01:24:10.477Z</time>
      </trkpt>
      <trkpt lat="46.113520" lon="13.281825">
        <ele>131.109846</ele>
        <time>2026-07-29T01:24:13.159Z</time>
      </trkpt>
      <trkpt lat="46.113412" lon="13.281392">
        <ele>130.989937</ele>
        <time>2026-07-29T01:24:17.378Z</time>
      </trkpt>
      <trkpt lat="46.113319" lon="13.281135">
        <ele>130.914395</ele>
        <time>2026-07-29T01:24:19.813Z</time>
      </trkpt>
      <trkpt lat="46.113293" lon="13.281069">
        <ele>130.894614</ele>
        <time>2026-07-29T01:24:20.424Z</time>
      </trkpt>
      <trkpt lat="46.113242" lon="13.281084">
        <ele>130.875050</ele>
        <time>2026-07-29T01:24:21.268Z</time>
      </trkpt>
      <trkpt lat="46.113198" lon="13.281049">
        <ele>130.856163</ele>
        <time>2026-07-29T01:24:22.069Z</time>
      </trkpt>
      <trkpt lat="46.112696" lon="13.280385">
        <ele>130.532502</ele>
        <time>2026-07-29T01:24:33.158Z</time>
      </trkpt>
      <trkpt lat="46.112532" lon="13.280030">
        <ele>130.380645</ele>
        <time>2026-07-29T01:24:39.449Z</time>
      </trkpt>
      <trkpt lat="46.112410" lon="13.279753">
        <ele>130.263825</ele>
        <time>2026-07-29T01:24:44.036Z</time>
      </trkpt>
      <trkpt lat="46.112221" lon="13.279323">
        <ele>130.082586</ele>
        <time>2026-07-29T01:24:51.100Z</time>
      </trkpt>
      <trkpt lat="46.112309" lon="13.279361">
        <ele>130.035418</ele>
        <time>2026-07-29T01:24:52.280Z</time>
      </trkpt>
      <trkpt lat="46.112433" lon="13.279670">
        <ele>129.908324</ele>
        <time>2026-07-29T01:24:55.575Z</time>
      </trkpt>
      <trkpt lat="46.112471" lon="13.279716">
        <ele>129.882852</ele>
        <time>2026-07-29T01:24:56.333Z</time>
      </trkpt>
      <trkpt lat="46.112657" lon="13.279698">
        <ele>129.839080</ele>
        <time>2026-07-29T01:24:59.360Z</time>
      </trkpt>
      <trkpt lat="46.112689" lon="13.279666">
        <ele>129.833074</ele>
        <time>2026-07-29T01:24:59.973Z</time>
      </trkpt>
      <trkpt lat="46.112698" lon="13.279604">
        <ele>129.826301</ele>
        <time>2026-07-29T01:25:00.624Z</time>
      </trkpt>
      <trkpt lat="46.112120" lon="13.278058">
        <ele>129.638487</ele>
        <time>2026-07-29T01:25:16.724Z</time>
      </trkpt>
      <trkpt lat="46.112060" lon="13.277900">
        <ele>129.619224</ele>
        <time>2026-07-29T01:25:18.517Z</time>
      </trkpt>
      <trkpt lat="46.111097" lon="13.275312">
        <ele>130.245042</ele>
        <time>2026-07-29T01:25:54.400Z</time>
      </trkpt>
      <trkpt lat="46.110265" lon="13.274376">
        <ele>129.671631</ele>
        <time>2026-07-29T01:26:06.744Z</time>
      </trkpt>
      <trkpt lat="46.108642" lon="13.272751">
        <ele>128.654504</ele>
        <time>2026-07-29T01:26:35.691Z</time>
      </trkpt>
      <trkpt lat="46.108455" lon="13.272673">
        <ele>128.557586</ele>
        <time>2026-07-29T01:26:38.039Z</time>
      </trkpt>
      <trkpt lat="46.108276" lon="13.272747">
        <ele>128.464877</ele>
        <time>2026-07-29T01:26:40.192Z</time>
      </trkpt>
      <trkpt lat="46.108256" lon="13.272748">
        <ele>128.454914</ele>
        <time>2026-07-29T01:26:40.410Z</time>
      </trkpt>
      <trkpt lat="46.108280" lon="13.272671">
        <ele>128.425773</ele>
        <time>2026-07-29T01:26:41.064Z</time>
      </trkpt>
      <trkpt lat="46.108366" lon="13.272419">
        <ele>128.276678</ele>
        <time>2026-07-29T01:26:43.267Z</time>
      </trkpt>
      <trkpt lat="46.108282" lon="13.272362">
        <ele>128.180387</ele>
        <time>2026-07-29T01:26:44.347Z</time>
      </trkpt>
      <trkpt lat="46.107046" lon="13.271176">
        <ele>126.640528</ele>
        <time>2026-07-29T01:27:01.908Z</time>
      </trkpt>
      <trkpt lat="46.106857" lon="13.270924">
        <ele>126.524031</ele>
        <time>2026-07-29T01:27:05.683Z</time>
      </trkpt>
      <trkpt lat="46.106313" lon="13.270009">
        <ele>126.604415</ele>
        <time>2026-07-29T01:27:19.797Z</time>
      </trkpt>
      <trkpt lat="46.106152" lon="13.269803">
        <ele>126.625116</ele>
        <time>2026-07-29T01:27:23.130Z</time>
      </trkpt>
      <trkpt lat="46.105854" lon="13.269619">
        <ele>126.656296</ele>
        <time>2026-07-29T01:27:27.877Z</time>
      </trkpt>
      <trkpt lat="46.103300" lon="13.268676">
        <ele>126.672196</ele>
        <time>2026-07-29T01:28:06.475Z</time>
      </trkpt>
      <trkpt lat="46.103209" lon="13.268623">
        <ele>126.681194</ele>
        <time>2026-07-29T01:28:07.956Z</time>
      </trkpt>
      <trkpt lat="46.103141" lon="13.268571">
        <ele>126.688251</ele>
        <time>2026-07-29T01:28:09.159Z</time>
      </trkpt>
      <trkpt lat="46.103074" lon="13.268521">
        <ele>126.695168</ele>
        <time>2026-07-29T01:28:10.327Z</time>
      </trkpt>
      <trkpt lat="46.102964" lon="13.268421">
        <ele>126.707089</ele>
        <time>2026-07-29T01:28:12.355Z</time>
      </trkpt>
      <trkpt lat="46.102867" lon="13.268257">
        <ele>126.720793</ele>
        <time>2026-07-29T01:28:14.688Z</time>
      </trkpt>
      <trkpt lat="46.102639" lon="13.267567">
        <ele>126.769384</ele>
        <time>2026-07-29T01:28:23.044Z</time>
      </trkpt>
      <trkpt lat="46.102593" lon="13.267390">
        <ele>126.781400</ele>
        <time>2026-07-29T01:28:25.081Z</time>
      </trkpt>
      <trkpt lat="46.102442" lon="13.266803">
        <ele>126.639604</ele>
        <time>2026-07-29T01:28:31.840Z</time>
      </trkpt>
      <trkpt lat="46.102302" lon="13.266425">
        <ele>126.522358</ele>
        <time>2026-07-29T01:28:36.316Z</time>
      </trkpt>
      <trkpt lat="46.102140" lon="13.266089">
        <ele>126.410392</ele>
        <time>2026-07-29T01:28:40.344Z</time>
      </trkpt>
      <trkpt lat="46.102114" lon="13.266027">
        <ele>126.390568</ele>
        <time>2026-07-29T01:28:41.030Z</time>
      </trkpt>
      <trkpt lat="46.101916" lon="13.265307">
        <ele>126.178656</ele>
        <time>2026-07-29T01:28:47.556Z</time>
      </trkpt>
      <trkpt lat="46.101805" lon="13.264878">
        <ele>126.054114</ele>
        <time>2026-07-29T01:28:51.208Z</time>
      </trkpt>
      <trkpt lat="46.101379" lon="13.263288">
        <ele>125.602119</ele>
        <time>2026-07-29T01:29:07.641Z</time>
      </trkpt>
      <trkpt lat="46.101169" lon="13.262675">
        <ele>125.420814</ele>
        <time>2026-07-29T01:29:15.232Z</time>
      </trkpt>
      <trkpt lat="46.100945" lon="13.262023">
        <ele>125.162941</ele>
        <time>2026-07-29T01:29:21.821Z</time>
      </trkpt>
      <trkpt lat="46.100733" lon="13.261392">
        <ele>124.902286</ele>
        <time>2026-07-29T01:29:27.712Z</time>
      </trkpt>
      <trkpt lat="46.100641" lon="13.261275">
        <ele>124.836525</ele>
        <time>2026-07-29T01:29:29.379Z</time>
      </trkpt>
      <trkpt lat="46.100504" lon="13.261139">
        <ele>124.747359</ele>
        <time>2026-07-29T01:29:31.806Z</time>
      </trkpt>
      <trkpt lat="46.100446" lon="13.261084">
        <ele>124.710144</ele>
        <time>2026-07-29T01:29:32.894Z</time>
      </trkpt>
      <trkpt lat="46.100291" lon="13.261107">
        <ele>124.626606</ele>
        <time>2026-07-29T01:29:35.436Z</time>
      </trkpt>
      <trkpt lat="46.099850" lon="13.261089">
        <ele>124.375693</ele>
        <time>2026-07-29T01:29:41.110Z</time>
      </trkpt>
      <trkpt lat="46.098256" lon="13.260791">
        <ele>123.160060</ele>
        <time>2026-07-29T01:30:00.695Z</time>
      </trkpt>
      <trkpt lat="46.097627" lon="13.260629">
        <ele>122.826192</ele>
        <time>2026-07-29T01:30:10.293Z</time>
      </trkpt>
      <trkpt lat="46.097320" lon="13.260472">
        <ele>122.674685</ele>
        <time>2026-07-29T01:30:15.092Z</time>
      </trkpt>
      <trkpt lat="46.097197" lon="13.260360">
        <ele>122.607024</ele>
        <time>2026-07-29T01:30:17.068Z</time>
      </trkpt>
      <trkpt lat="46.096826" lon="13.259696">
        <ele>122.331989</ele>
        <time>2026-07-29T01:30:24.643Z</time>
      </trkpt>
      <trkpt lat="46.096722" lon="13.259563">
        <ele>122.267335</ele>
        <time>2026-07-29T01:30:26.374Z</time>
      </trkpt>
      <trkpt lat="46.096615" lon="13.259478">
        <ele>122.205066</ele>
        <time>2026-07-29T01:30:27.901Z</time>
      </trkpt>
      <trkpt lat="46.096510" lon="13.259438">
        <ele>122.138994</ele>
        <time>2026-07-29T01:30:29.261Z</time>
      </trkpt>
      <trkpt lat="46.096315" lon="13.259433">
        <ele>122.020341</ele>
        <time>2026-07-29T01:30:31.706Z</time>
      </trkpt>
      <trkpt lat="46.095668" lon="13.259490">
        <ele>121.625985</ele>
        <time>2026-07-29T01:30:40.023Z</time>
      </trkpt>
      <trkpt lat="46.095341" lon="13.259436">
        <ele>121.425744</ele>
        <time>2026-07-29T01:30:44.445Z</time>
      </trkpt>
      <trkpt lat="46.095064" lon="13.259285">
        <ele>121.245583</ele>
        <time>2026-07-29T01:30:48.475Z</time>
      </trkpt>
      <trkpt lat="46.094597" lon="13.258812">
        <ele>120.942597</ele>
        <time>2026-07-29T01:30:55.881Z</time>
      </trkpt>
      <trkpt lat="46.094395" lon="13.258672">
        <ele>120.831836</ele>
        <time>2026-07-29T01:30:58.747Z</time>
      </trkpt>
      <trkpt lat="46.093922" lon="13.258460">
        <ele>120.587046</ele>
        <time>2026-07-29T01:31:05.172Z</time>
      </trkpt>
      <trkpt lat="46.091878" lon="13.257508">
        <ele>119.768355</ele>
        <time>2026-07-29T01:31:34.394Z</time>
      </trkpt>
      <trkpt lat="46.091607" lon="13.257403">
        <ele>119.676480</ele>
        <time>2026-07-29T01:31:38.324Z</time>
      </trkpt>
      <trkpt lat="46.091417" lon="13.257364">
        <ele>119.641366</ele>
        <time>2026-07-29T01:31:41.061Z</time>
      </trkpt>
      <trkpt lat="46.088110" lon="13.258269">
        <ele>119.084358</ele>
        <time>2026-07-29T01:32:29.920Z</time>
      </trkpt>
      <trkpt lat="46.088022" lon="13.258283">
        <ele>119.065219</ele>
        <time>2026-07-29T01:32:31.075Z</time>
      </trkpt>
      <trkpt lat="46.087393" lon="13.258044">
        <ele>118.360261</ele>
        <time>2026-07-29T01:32:39.055Z</time>
      </trkpt>
      <trkpt lat="46.085243" lon="13.257261">
        <ele>116.351654</ele>
        <time>2026-07-29T01:33:05.102Z</time>
      </trkpt>
      <trkpt lat="46.085193" lon="13.257239">
        <ele>116.315534</ele>
        <time>2026-07-29T01:33:05.781Z</time>
      </trkpt>
      <trkpt lat="46.085074" lon="13.257184">
        <ele>116.229190</ele>
        <time>2026-07-29T01:33:07.504Z</time>
      </trkpt>
      <trkpt lat="46.085032" lon="13.257160">
        <ele>116.197974</ele>
        <time>2026-07-29T01:33:08.162Z</time>
      </trkpt>
      <trkpt lat="46.084687" lon="13.256899">
        <ele>115.928775</ele>
        <time>2026-07-29T01:33:14.446Z</time>
      </trkpt>
      <trkpt lat="46.084077" lon="13.256296">
        <ele>115.782197</ele>
        <time>2026-07-29T01:33:26.844Z</time>
      </trkpt>
      <trkpt lat="46.083810" lon="13.256073">
        <ele>115.753509</ele>
        <time>2026-07-29T01:33:31.539Z</time>
      </trkpt>
      <trkpt lat="46.083605" lon="13.255950">
        <ele>115.732866</ele>
        <time>2026-07-29T01:33:34.587Z</time>
      </trkpt>
      <trkpt lat="46.083328" lon="13.255866">
        <ele>115.706549</ele>
        <time>2026-07-29T01:33:38.171Z</time>
      </trkpt>
      <trkpt lat="46.082876" lon="13.255826">
        <ele>115.649159</ele>
        <time>2026-07-29T01:33:43.961Z</time>
      </trkpt>
      <trkpt lat="46.082507" lon="13.255832">
        <ele>115.541918</ele>
        <time>2026-07-29T01:33:49.224Z</time>
      </trkpt>
      <trkpt lat="46.080867" lon="13.256120">
        <ele>115.006081</ele>
        <time>2026-07-29T01:34:12.168Z</time>
      </trkpt>
      <trkpt lat="46.080491" lon="13.256169">
        <ele>114.826215</ele>
        <time>2026-07-29T01:34:17.858Z</time>
      </trkpt>
      <trkpt lat="46.079957" lon="13.256188">
        <ele>114.571727</ele>
        <time>2026-07-29T01:34:26.705Z</time>
      </trkpt>
      <trkpt lat="46.079710" lon="13.256147">
        <ele>114.453273</ele>
        <time>2026-07-29T01:34:30.106Z</time>
      </trkpt>
      <trkpt lat="46.079475" lon="13.256040">
        <ele>114.335862</ele>
        <time>2026-07-29T01:34:33.030Z</time>
      </trkpt>
      <trkpt lat="46.079388" lon="13.255980">
        <ele>114.288318</ele>
        <time>2026-07-29T01:34:34.112Z</time>
      </trkpt>
      <trkpt lat="46.079185" lon="13.255785">
        <ele>114.084170</ele>
        <time>2026-07-29T01:34:36.612Z</time>
      </trkpt>
      <trkpt lat="46.079077" lon="13.255643">
        <ele>113.961841</ele>
        <time>2026-07-29T01:34:38.037Z</time>
      </trkpt>
      <trkpt lat="46.078924" lon="13.255116">
        <ele>113.630192</ele>
        <time>2026-07-29T01:34:42.419Z</time>
      </trkpt>
      <trkpt lat="46.078832" lon="13.254797">
        <ele>113.429638</ele>
        <time>2026-07-29T01:34:45.596Z</time>
      </trkpt>
      <trkpt lat="46.077765" lon="13.250777">
        <ele>113.611064</ele>
        <time>2026-07-29T01:35:34.146Z</time>
      </trkpt>
      <trkpt lat="46.077667" lon="13.250101">
        <ele>113.873185</ele>
        <time>2026-07-29T01:35:40.343Z</time>
      </trkpt>
      <trkpt lat="46.077649" lon="13.249312">
        <ele>114.172814</ele>
        <time>2026-07-29T01:35:50.418Z</time>
      </trkpt>
      <trkpt lat="46.077639" lon="13.249072">
        <ele>114.264071</ele>
        <time>2026-07-29T01:35:54.293Z</time>
      </trkpt>
      <trkpt lat="46.077602" lon="13.248870">
        <ele>114.343369</ele>
        <time>2026-07-29T01:35:57.717Z</time>
      </trkpt>
      <trkpt lat="46.077539" lon="13.248717">
        <ele>114.396429</ele>
        <time>2026-07-29T01:36:00.570Z</time>
      </trkpt>
      <trkpt lat="46.077440" lon="13.248532">
        <ele>114.456536</ele>
        <time>2026-07-29T01:36:03.953Z</time>
      </trkpt>
      <trkpt lat="46.077312" lon="13.248290">
        <ele>114.534823</ele>
        <time>2026-07-29T01:36:07.643Z</time>
      </trkpt>
      <trkpt lat="46.077084" lon="13.247857">
        <ele>114.674668</ele>
        <time>2026-07-29T01:36:12.506Z</time>
      </trkpt>
      <trkpt lat="46.076898" lon="13.247509">
        <ele>114.787683</ele>
        <time>2026-07-29T01:36:16.294Z</time>
      </trkpt>
      <trkpt lat="46.076827" lon="13.247448">
        <ele>114.818335</ele>
        <time>2026-07-29T01:36:17.422Z</time>
      </trkpt>
      <trkpt lat="46.076283" lon="13.246454">
        <ele>115.140790</ele>
        <time>2026-07-29T01:36:33.221Z</time>
      </trkpt>
      <trkpt lat="46.076230" lon="13.246320">
        <ele>115.179309</ele>
        <time>2026-07-29T01:36:35.194Z</time>
      </trkpt>
      <trkpt lat="46.076153" lon="13.245871">
        <ele>115.294807</ele>
        <time>2026-07-29T01:36:40.735Z</time>
      </trkpt>
      <trkpt lat="46.076112" lon="13.245210">
        <ele>115.460528</ele>
        <time>2026-07-29T01:36:48.100Z</time>
      </trkpt>
      <trkpt lat="46.076067" lon="13.244416">
        <ele>115.659463</ele>
        <time>2026-07-29T01:36:56.924Z</time>
      </trkpt>
      <trkpt lat="46.075985" lon="13.243009">
        <ele>115.810648</ele>
        <time>2026-07-29T01:37:10.460Z</time>
      </trkpt>
      <trkpt lat="46.075856" lon="13.241115">
        <ele>116.007908</ele>
        <time>2026-07-29T01:37:32.674Z</time>
      </trkpt>
      <trkpt lat="46.075269" lon="13.241189">
        <ele>116.105408</ele>
        <time>2026-07-29T01:37:41.452Z</time>
      </trkpt>
      <trkpt lat="46.075201" lon="13.240424">
        <ele>116.193938</ele>
        <time>2026-07-29T01:37:49.402Z</time>
      </trkpt>
      <trkpt lat="46.074740" lon="13.238983">
        <ele>116.249658</ele>
        <time>2026-07-29T01:38:06.110Z</time>
      </trkpt>
      <trkpt lat="46.074879" lon="13.238735">
        <ele>116.254080</ele>
        <time>2026-07-29T01:38:09.447Z</time>
      </trkpt>
      <trkpt lat="46.075176" lon="13.238343">
        <ele>116.262132</ele>
        <time>2026-07-29T01:38:15.510Z</time>
      </trkpt>
      <trkpt lat="46.075982" lon="13.237280">
        <ele>116.058199</ele>
        <time>2026-07-29T01:38:30.942Z</time>
      </trkpt>
      <trkpt lat="46.076013" lon="13.237284">
        <ele>116.049889</ele>
        <time>2026-07-29T01:38:31.346Z</time>
      </trkpt>
      <trkpt lat="46.076016" lon="13.237236">
        <ele>116.040964</ele>
        <time>2026-07-29T01:38:31.777Z</time>
      </trkpt>
      <trkpt lat="46.075986" lon="13.237231">
        <ele>116.032901</ele>
        <time>2026-07-29T01:38:32.168Z</time>
      </trkpt>
      <trkpt lat="46.075697" lon="13.236565">
        <ele>115.887414</ele>
        <time>2026-07-29T01:38:39.080Z</time>
      </trkpt>
      <trkpt lat="46.075608" lon="13.236351">
        <ele>115.841204</ele>
        <time>2026-07-29T01:38:41.419Z</time>
      </trkpt>
      <trkpt lat="46.075500" lon="13.235583">
        <ele>116.014098</ele>
        <time>2026-07-29T01:38:50.047Z</time>
      </trkpt>
      <trkpt lat="46.076008" lon="13.235587">
        <ele>116.347405</ele>
        <time>2026-07-29T01:38:58.755Z</time>
      </trkpt>
      <trkpt lat="46.076063" lon="13.235587">
        <ele>116.383491</ele>
        <time>2026-07-29T01:38:59.802Z</time>
      </trkpt>
      <trkpt lat="46.076059" lon="13.235542">
        <ele>116.404140</ele>
        <time>2026-07-29T01:39:00.402Z</time>
      </trkpt>
      <trkpt lat="46.076019" lon="13.235105">
        <ele>116.604761</ele>
        <time>2026-07-29T01:39:06.140Z</time>
      </trkpt>
      <trkpt lat="46.076019" lon="13.234981">
        <ele>116.661199</ele>
        <time>2026-07-29T01:39:07.725Z</time>
      </trkpt>
      <trkpt lat="46.075529" lon="13.234945">
        <ele>116.985787</ele>
        <time>2026-07-29T01:39:16.578Z</time>
      </trkpt>
      <trkpt lat="46.075397" lon="13.234936">
        <ele>117.088018</ele>
        <time>2026-07-29T01:39:18.978Z</time>
      </trkpt>
      <trkpt lat="46.075183" lon="13.234922">
        <ele>117.253743</ele>
        <time>2026-07-29T01:39:23.170Z</time>
      </trkpt>
      <trkpt lat="46.074603" lon="13.234877">
        <ele>117.703090</ele>
        <time>2026-07-29T01:39:35.482Z</time>
      </trkpt>
      <trkpt lat="46.074411" lon="13.234875">
        <ele>117.851628</ele>
        <time>2026-07-29T01:39:43.609Z</time>
      </trkpt>
      <trkpt lat="46.074366" lon="13.234875">
        <ele>117.886441</ele>
        <time>2026-07-29T01:39:45.493Z</time>
      </trkpt>
      <trkpt lat="46.074218" lon="13.234874">
        <ele>118.000938</ele>
        <time>2026-07-29T01:39:51.672Z</time>
      </trkpt>
      <trkpt lat="46.073770" lon="13.234869">
        <ele>118.347529</ele>
        <time>2026-07-29T01:39:59.200Z</time>
      </trkpt>
      <trkpt lat="46.073736" lon="13.234867">
        <ele>118.335953</ele>
        <time>2026-07-29T01:39:59.665Z</time>
      </trkpt>
      <trkpt lat="46.073644" lon="13.234861">
        <ele>118.217531</ele>
        <time>2026-07-29T01:40:00.848Z</time>
      </trkpt>
      <trkpt lat="46.073237" lon="13.234833">
        <ele>117.693581</ele>
        <time>2026-07-29T01:40:05.348Z</time>
      </trkpt>
      <trkpt lat="46.072810" lon="13.234805">
        <ele>117.143941</ele>
        <time>2026-07-29T01:40:09.848Z</time>
      </trkpt>
      <trkpt lat="46.072145" lon="13.234785">
        <ele>116.288642</ele>
        <time>2026-07-29T01:40:18.105Z</time>
      </trkpt>
      <trkpt lat="46.071881" lon="13.234784">
        <ele>116.020449</ele>
        <time>2026-07-29T01:40:27.446Z</time>
      </trkpt>
      <trkpt lat="46.071882" lon="13.234685">
        <ele>115.996629</ele>
        <time>2026-07-29T01:40:32.196Z</time>
      </trkpt>
      <trkpt lat="46.071790" lon="13.234685">
        <ele>115.964726</ele>
        <time>2026-07-29T01:40:33.228Z</time>
      </trkpt>
      <trkpt lat="46.071690" lon="13.234684">
        <ele>115.930047</ele>
        <time>2026-07-29T01:40:34.297Z</time>
      </trkpt>
      <trkpt lat="46.071498" lon="13.234682">
        <ele>115.863463</ele>
        <time>2026-07-29T01:40:36.240Z</time>
      </trkpt>
      <trkpt lat="46.071166" lon="13.234670">
        <ele>115.748295</ele>
        <time>2026-07-29T01:40:40.280Z</time>
      </trkpt>
      <trkpt lat="46.071099" lon="13.234667">
        <ele>115.725050</ele>
        <time>2026-07-29T01:40:41.690Z</time>
      </trkpt>
      <trkpt lat="46.070793" lon="13.234662">
        <ele>115.618928</ele>
        <time>2026-07-29T01:40:48.648Z</time>
      </trkpt>
      <trkpt lat="46.070712" lon="13.234660">
        <ele>115.590835</ele>
        <time>2026-07-29T01:40:50.494Z</time>
      </trkpt>
      <trkpt lat="46.070708" lon="13.234970">
        <ele>115.516240</ele>
        <time>2026-07-29T01:40:55.807Z</time>
      </trkpt>
      <trkpt lat="46.070614" lon="13.235097">
        <ele>115.471562</ele>
        <time>2026-07-29T01:40:57.531Z</time>
      </trkpt>
      <trkpt lat="46.070360" lon="13.235216">
        <ele>115.307160</ele>
        <time>2026-07-29T01:41:00.557Z</time>
      </trkpt>
      <trkpt lat="46.069653" lon="13.235536">
        <ele>114.631823</ele>
        <time>2026-07-29T01:41:10.846Z</time>
      </trkpt>
      <trkpt lat="46.069609" lon="13.235556">
        <ele>114.589778</ele>
        <time>2026-07-29T01:41:11.394Z</time>
      </trkpt>
      <trkpt lat="46.069333" lon="13.235719">
        <ele>114.317953</ele>
        <time>2026-07-29T01:41:14.848Z</time>
      </trkpt>
      <trkpt lat="46.069297" lon="13.235714">
        <ele>114.284993</ele>
        <time>2026-07-29T01:41:15.268Z</time>
      </trkpt>
      <trkpt lat="46.069248" lon="13.235756">
        <ele>114.233038</ele>
        <time>2026-07-29T01:41:15.908Z</time>
      </trkpt>
      <trkpt lat="46.068979" lon="13.235844">
        <ele>113.981653</ele>
        <time>2026-07-29T01:41:18.983Z</time>
      </trkpt>
      <trkpt lat="46.068874" lon="13.235872">
        <ele>113.884338</ele>
        <time>2026-07-29T01:41:20.255Z</time>
      </trkpt>
      <trkpt lat="46.068353" lon="13.235779">
        <ele>112.693989</ele>
        <time>2026-07-29T01:41:26.524Z</time>
      </trkpt>
      <trkpt lat="46.067926" lon="13.235634">
        <ele>111.541148</ele>
        <time>2026-07-29T01:41:31.301Z</time>
      </trkpt>
      <trkpt lat="46.067809" lon="13.235626">
        <ele>111.233336</ele>
        <time>2026-07-29T01:41:32.448Z</time>
      </trkpt>
      <trkpt lat="46.067752" lon="13.235637">
        <ele>111.082208</ele>
        <time>2026-07-29T01:41:33.000Z</time>
      </trkpt>
      <trkpt lat="46.067685" lon="13.235651">
        <ele>110.904298</ele>
        <time>2026-07-29T01:41:33.634Z</time>
      </trkpt>
      <trkpt lat="46.067245" lon="13.235839">
        <ele>109.698278</ele>
        <time>2026-07-29T01:41:37.877Z</time>
      </trkpt>
      <trkpt lat="46.066551" lon="13.236150">
        <ele>109.898829</ele>
        <time>2026-07-29T01:41:45.997Z</time>
      </trkpt>
      <trkpt lat="46.066384" lon="13.236244">
        <ele>110.211356</ele>
        <time>2026-07-29T01:41:51.901Z</time>
      </trkpt>
      <trkpt lat="46.066285" lon="13.236306">
        <ele>110.399520</ele>
        <time>2026-07-29T01:41:56.187Z</time>
      </trkpt>
      <trkpt lat="46.065956" lon="13.236503">
        <ele>111.020558</ele>
        <time>2026-07-29T01:42:12.425Z</time>
      </trkpt>
      <trkpt lat="46.065583" lon="13.236850">
        <ele>111.794457</ele>
        <time>2026-07-29T01:42:28.689Z</time>
      </trkpt>
      <trkpt lat="46.065475" lon="13.236987">
        <ele>112.045257</ele>
        <time>2026-07-29T01:42:30.892Z</time>
      </trkpt>
      <trkpt lat="46.064928" lon="13.237659">
        <ele>111.955080</ele>
        <time>2026-07-29T01:42:37.827Z</time>
      </trkpt>
      <trkpt lat="46.064858" lon="13.237727">
        <ele>111.923469</ele>
        <time>2026-07-29T01:42:38.662Z</time>
      </trkpt>
      <trkpt lat="46.064838" lon="13.237681">
        <ele>111.909365</ele>
        <time>2026-07-29T01:42:39.781Z</time>
      </trkpt>
      <trkpt lat="46.064684" lon="13.237825">
        <ele>111.840624</ele>
        <time>2026-07-29T01:42:52.505Z</time>
      </trkpt>
      <trkpt lat="46.064838" lon="13.237681">
        <ele>111.771883</ele>
        <time>2026-07-29T01:43:05.232Z</time>
      </trkpt>
      <trkpt lat="46.064858" lon="13.237727">
        <ele>111.757779</ele>
        <time>2026-07-29T01:43:06.954Z</time>
      </trkpt>
      <trkpt lat="46.064663" lon="13.237907">
        <ele>111.671066</ele>
        <time>2026-07-29T01:43:10.345Z</time>
      </trkpt>
      <trkpt lat="46.064294" lon="13.238269">
        <ele>111.542670</ele>
        <time>2026-07-29T01:43:20.499Z</time>
      </trkpt>
      <trkpt lat="46.064241" lon="13.238328">
        <ele>111.581786</ele>
        <time>2026-07-29T01:43:21.668Z</time>
      </trkpt>
      <trkpt lat="46.064215" lon="13.238431">
        <ele>111.626206</ele>
        <time>2026-07-29T01:43:23.016Z</time>
      </trkpt>
      <trkpt lat="46.064231" lon="13.238639">
        <ele>111.711020</ele>
        <time>2026-07-29T01:43:25.695Z</time>
      </trkpt>
      <trkpt lat="46.064232" lon="13.238746">
        <ele>111.754388</ele>
        <time>2026-07-29T01:43:27.183Z</time>
      </trkpt>
      <trkpt lat="46.064232" lon="13.238848">
        <ele>111.795726</ele>
        <time>2026-07-29T01:43:28.679Z</time>
      </trkpt>
      <trkpt lat="46.064232" lon="13.238912">
        <ele>111.821664</ele>
        <time>2026-07-29T01:43:29.672Z</time>
      </trkpt>
      <trkpt lat="46.064135" lon="13.239140">
        <ele>111.930053</ele>
        <time>2026-07-29T01:43:32.905Z</time>
      </trkpt>
      <trkpt lat="46.063949" lon="13.239420">
        <ele>112.087152</ele>
        <time>2026-07-29T01:43:36.196Z</time>
      </trkpt>
      <trkpt lat="46.063815" lon="13.239573">
        <ele>112.187006</ele>
        <time>2026-07-29T01:43:38.841Z</time>
      </trkpt>
      <trkpt lat="46.063793" lon="13.239598">
        <ele>112.203370</ele>
        <time>2026-07-29T01:43:39.278Z</time>
      </trkpt>
      <trkpt lat="46.063686" lon="13.239713">
        <ele>112.281333</ele>
        <time>2026-07-29T01:43:41.260Z</time>
      </trkpt>
      <trkpt lat="46.063386" lon="13.240042">
        <ele>112.501523</ele>
        <time>2026-07-29T01:43:47.527Z</time>
      </trkpt>
      <trkpt lat="46.063199" lon="13.240252">
        <ele>112.537038</ele>
        <time>2026-07-29T01:43:52.609Z</time>
      </trkpt>
      <trkpt lat="46.063144" lon="13.240312">
        <ele>112.518374</ele>
        <time>2026-07-29T01:43:54.124Z</time>
      </trkpt>
      <trkpt lat="46.062999" lon="13.240399">
        <ele>112.475875</ele>
        <time>2026-07-29T01:43:57.519Z</time>
      </trkpt>
      <trkpt lat="46.062859" lon="13.240442">
        <ele>112.437143</ele>
        <time>2026-07-29T01:44:00.371Z</time>
      </trkpt>
      <trkpt lat="46.062842" lon="13.240434">
        <ele>112.432304</ele>
        <time>2026-07-29T01:44:00.705Z</time>
      </trkpt>
      <trkpt lat="46.062223" lon="13.240152">
        <ele>112.256646</ele>
        <time>2026-07-29T01:44:08.161Z</time>
      </trkpt>
      <trkpt lat="46.061704" lon="13.239783">
        <ele>112.100056</ele>
        <time>2026-07-29T01:44:14.379Z</time>
      </trkpt>
      <trkpt lat="46.061572" lon="13.239691">
        <ele>112.152111</ele>
        <time>2026-07-29T01:44:16.728Z</time>
      </trkpt>
      <trkpt lat="46.061526" lon="13.239652">
        <ele>112.196352</ele>
        <time>2026-07-29T01:44:17.745Z</time>
      </trkpt>
      <trkpt lat="46.061413" lon="13.239563">
        <ele>112.303098</ele>
        <time>2026-07-29T01:44:20.866Z</time>
      </trkpt>
      <trkpt lat="46.061357" lon="13.239519">
        <ele>112.355969</ele>
        <time>2026-07-29T01:44:22.776Z</time>
      </trkpt>
      <trkpt lat="46.061274" lon="13.239451">
        <ele>112.435112</ele>
        <time>2026-07-29T01:44:25.990Z</time>
      </trkpt>
      <trkpt lat="46.061253" lon="13.239434">
        <ele>112.455078</ele>
        <time>2026-07-29T01:44:26.854Z</time>
      </trkpt>
      <trkpt lat="46.061182" lon="13.239369">
        <ele>112.524804</ele>
        <time>2026-07-29T01:44:29.861Z</time>
      </trkpt>
      <trkpt lat="46.061132" lon="13.239323">
        <ele>112.573977</ele>
        <time>2026-07-29T01:44:31.966Z</time>
      </trkpt>
      <trkpt lat="46.061052" lon="13.239250">
        <ele>112.652467</ele>
        <time>2026-07-29T01:44:35.151Z</time>
      </trkpt>
      <trkpt lat="46.060922" lon="13.239130">
        <ele>112.780440</ele>
        <time>2026-07-29T01:44:39.653Z</time>
      </trkpt>
      <trkpt lat="46.060156" lon="13.238388">
        <ele>113.545516</ele>
        <time>2026-07-29T01:44:54.382Z</time>
      </trkpt>
      <trkpt lat="46.060095" lon="13.238318">
        <ele>113.523041</ele>
        <time>2026-07-29T01:44:55.273Z</time>
      </trkpt>
      <trkpt lat="46.060031" lon="13.238210">
        <ele>113.408308</ele>
        <time>2026-07-29T01:44:56.377Z</time>
      </trkpt>
      <trkpt lat="46.059785" lon="13.237757">
        <ele>112.943610</ele>
        <time>2026-07-29T01:45:00.620Z</time>
      </trkpt>
      <trkpt lat="46.059579" lon="13.237277">
        <ele>112.487672</ele>
        <time>2026-07-29T01:45:04.606Z</time>
      </trkpt>
      <trkpt lat="46.059536" lon="13.237184">
        <ele>112.397391</ele>
        <time>2026-07-29T01:45:05.428Z</time>
      </trkpt>
      <trkpt lat="46.059502" lon="13.237095">
        <ele>112.315317</ele>
        <time>2026-07-29T01:45:06.194Z</time>
      </trkpt>
      <trkpt lat="46.059382" lon="13.236731">
        <ele>111.989760</ele>
        <time>2026-07-29T01:45:09.475Z</time>
      </trkpt>
      <trkpt lat="46.059347" lon="13.236018">
        <ele>111.469817</ele>
        <time>2026-07-29T01:45:18.175Z</time>
      </trkpt>
      <trkpt lat="46.059324" lon="13.235423">
        <ele>111.397730</ele>
        <time>2026-07-29T01:45:26.165Z</time>
      </trkpt>
      <trkpt lat="46.059322" lon="13.235336">
        <ele>111.387200</ele>
        <time>2026-07-29T01:45:27.312Z</time>
      </trkpt>
      <trkpt lat="46.059346" lon="13.233875">
        <ele>111.210418</ele>
        <time>2026-07-29T01:45:43.617Z</time>
      </trkpt>
      <trkpt lat="46.059350" lon="13.233806">
        <ele>111.202042</ele>
        <time>2026-07-29T01:45:44.148Z</time>
      </trkpt>
      <trkpt lat="46.059381" lon="13.233674">
        <ele>111.185185</ele>
        <time>2026-07-29T01:45:45.153Z</time>
      </trkpt>
      <trkpt lat="46.059460" lon="13.233546">
        <ele>111.163006</ele>
        <time>2026-07-29T01:45:46.321Z</time>
      </trkpt>
      <trkpt lat="46.059565" lon="13.233459">
        <ele>111.125956</ele>
        <time>2026-07-29T01:45:47.512Z</time>
      </trkpt>
      <trkpt lat="46.059705" lon="13.233426">
        <ele>111.082561</ele>
        <time>2026-07-29T01:45:48.913Z</time>
      </trkpt>
      <trkpt lat="46.059880" lon="13.233425">
        <ele>111.029028</ele>
        <time>2026-07-29T01:45:50.755Z</time>
      </trkpt>
      <trkpt lat="46.059995" lon="13.233490">
        <ele>110.991241</ele>
        <time>2026-07-29T01:45:52.249Z</time>
      </trkpt>
      <trkpt lat="46.060012" lon="13.233434">
        <ele>110.978266</ele>
        <time>2026-07-29T01:45:52.911Z</time>
      </trkpt>
      <trkpt lat="46.059691" lon="13.233235">
        <ele>110.871372</ele>
        <time>2026-07-29T01:46:02.684Z</time>
      </trkpt>
      <trkpt lat="46.059633" lon="13.233172">
        <ele>110.849154</ele>
        <time>2026-07-29T01:46:05.924Z</time>
      </trkpt>
      <trkpt lat="46.059624" lon="13.233162">
        <ele>110.845678</ele>
        <time>2026-07-29T01:46:06.463Z</time>
      </trkpt>
      <trkpt lat="46.059595" lon="13.233128">
        <ele>110.834242</ele>
        <time>2026-07-29T01:46:08.127Z</time>
      </trkpt>
      <trkpt lat="46.059583" lon="13.233112">
        <ele>110.829241</ele>
        <time>2026-07-29T01:46:08.860Z</time>
      </trkpt>
      <trkpt lat="46.059521" lon="13.233028">
        <ele>110.803210</ele>
        <time>2026-07-29T01:46:12.582Z</time>
      </trkpt>
      <trkpt lat="46.059396" lon="13.232859">
        <ele>110.750779</ele>
        <time>2026-07-29T01:46:19.633Z</time>
      </trkpt>
      <trkpt lat="46.059095" lon="13.232319">
        <ele>110.622895</ele>
        <time>2026-07-29T01:46:28.423Z</time>
      </trkpt>
      <trkpt lat="46.059076" lon="13.232291">
        <ele>110.627379</ele>
        <time>2026-07-29T01:46:29.389Z</time>
      </trkpt>
      <trkpt lat="46.059345" lon="13.231878">
        <ele>110.692232</ele>
        <time>2026-07-29T01:46:34.021Z</time>
      </trkpt>
      <trkpt lat="46.059518" lon="13.231531">
        <ele>110.741152</ele>
        <time>2026-07-29T01:46:37.798Z</time>
      </trkpt>
      <trkpt lat="46.059852" lon="13.230946">
        <ele>110.827888</ele>
        <time>2026-07-29T01:46:47.654Z</time>
      </trkpt>
      <trkpt lat="46.060421" lon="13.230111">
        <ele>111.254105</ele>
        <time>2026-07-29T01:47:03.221Z</time>
      </trkpt>
      <trkpt lat="46.060681" lon="13.229850">
        <ele>111.618683</ele>
        <time>2026-07-29T01:47:07.118Z</time>
      </trkpt>
      <trkpt lat="46.060715" lon="13.229821">
        <ele>111.664141</ele>
        <time>2026-07-29T01:47:08.415Z</time>
      </trkpt>
      <trkpt lat="46.060674" lon="13.229693">
        <ele>111.776699</ele>
        <time>2026-07-29T01:47:11.702Z</time>
      </trkpt>
      <trkpt lat="46.060607" lon="13.229490">
        <ele>111.956173</ele>
        <time>2026-07-29T01:47:17.312Z</time>
      </trkpt>
      <trkpt lat="46.060584" lon="13.229411">
        <ele>112.024573</ele>
        <time>2026-07-29T01:47:18.280Z</time>
      </trkpt>
      <trkpt lat="46.060668" lon="13.229352">
        <ele>112.132091</ele>
        <time>2026-07-29T01:47:20.035Z</time>
      </trkpt>
      <trkpt lat="46.060980" lon="13.229185">
        <ele>112.515039</ele>
        <time>2026-07-29T01:47:29.426Z</time>
      </trkpt>
      <trkpt lat="46.061114" lon="13.229179">
        <ele>112.669293</ele>
        <time>2026-07-29T01:47:33.991Z</time>
      </trkpt>
      <trkpt lat="46.061295" lon="13.229217">
        <ele>112.879750</ele>
        <time>2026-07-29T01:47:39.871Z</time>
      </trkpt>
      <trkpt lat="46.061484" lon="13.229256">
        <ele>112.962085</ele>
        <time>2026-07-29T01:47:44.771Z</time>
      </trkpt>
      <trkpt lat="46.061517" lon="13.229260">
        <ele>112.955442</ele>
        <time>2026-07-29T01:47:45.474Z</time>
      </trkpt>
      <trkpt lat="46.061692" lon="13.229240">
        <ele>112.920230</ele>
        <time>2026-07-29T01:47:48.298Z</time>
      </trkpt>
      <trkpt lat="46.062456" lon="13.228935">
        <ele>112.761212</ele>
        <time>2026-07-29T01:47:56.977Z</time>
      </trkpt>
      <trkpt lat="46.062762" lon="13.228813">
        <ele>112.697528</ele>
        <time>2026-07-29T01:48:00.681Z</time>
      </trkpt>
      <trkpt lat="46.062826" lon="13.228787">
        <ele>112.684190</ele>
        <time>2026-07-29T01:48:01.579Z</time>
      </trkpt>
      <trkpt lat="46.063255" lon="13.228600">
        <ele>112.611417</ele>
        <time>2026-07-29T01:48:09.844Z</time>
      </trkpt>
      <trkpt lat="46.063319" lon="13.228564">
        <ele>112.606249</ele>
        <time>2026-07-29T01:48:11.350Z</time>
      </trkpt>
      <trkpt lat="46.063834" lon="13.228156">
        <ele>112.562042</ele>
        <time>2026-07-29T01:48:21.937Z</time>
      </trkpt>
      <trkpt lat="46.064607" lon="13.227529">
        <ele>112.495319</ele>
        <time>2026-07-29T01:48:33.002Z</time>
      </trkpt>
      <trkpt lat="46.064667" lon="13.227479">
        <ele>112.490105</ele>
        <time>2026-07-29T01:48:33.997Z</time>
      </trkpt>
      <trkpt lat="46.065134" lon="13.227050">
        <ele>112.477313</ele>
        <time>2026-07-29T01:48:42.056Z</time>
      </trkpt>
      <trkpt lat="46.065257" lon="13.226934">
        <ele>112.474666</ele>
        <time>2026-07-29T01:48:44.057Z</time>
      </trkpt>
      <trkpt lat="46.065557" lon="13.226695">
        <ele>112.468495</ele>
        <time>2026-07-29T01:48:48.626Z</time>
      </trkpt>
      <trkpt lat="46.066341" lon="13.226385">
        <ele>112.462138</ele>
        <time>2026-07-29T01:49:01.699Z</time>
      </trkpt>
      <trkpt lat="46.066682" lon="13.226311">
        <ele>112.788826</ele>
        <time>2026-07-29T01:49:07.545Z</time>
      </trkpt>
      <trkpt lat="46.066963" lon="13.226375">
        <ele>113.058335</ele>
        <time>2026-07-29T01:49:12.863Z</time>
      </trkpt>
      <trkpt lat="46.067012" lon="13.226404">
        <ele>113.108516</ele>
        <time>2026-07-29T01:49:13.893Z</time>
      </trkpt>
      <trkpt lat="46.067051" lon="13.226458">
        <ele>113.159749</ele>
        <time>2026-07-29T01:49:14.967Z</time>
      </trkpt>
      <trkpt lat="46.067088" lon="13.226468">
        <ele>113.195412</ele>
        <time>2026-07-29T01:49:15.716Z</time>
      </trkpt>
      <trkpt lat="46.067540" lon="13.226584">
        <ele>113.630350</ele>
        <time>2026-07-29T01:49:25.393Z</time>
      </trkpt>
      <trkpt lat="46.068363" lon="13.226797">
        <ele>114.150524</ele>
        <time>2026-07-29T01:49:42.156Z</time>
      </trkpt>
      <trkpt lat="46.068861" lon="13.226930">
        <ele>114.137037</ele>
        <time>2026-07-29T01:49:48.259Z</time>
      </trkpt>
      <trkpt lat="46.068995" lon="13.227016">
        <ele>114.133132</ele>
        <time>2026-07-29T01:49:49.948Z</time>
      </trkpt>
      <trkpt lat="46.069145" lon="13.227202">
        <ele>114.127863</ele>
        <time>2026-07-29T01:49:52.406Z</time>
      </trkpt>
      <trkpt lat="46.069304" lon="13.227434">
        <ele>114.121839</ele>
        <time>2026-07-29T01:49:55.717Z</time>
      </trkpt>
      <trkpt lat="46.070017" lon="13.228527">
        <ele>114.097943</ele>
        <time>2026-07-29T01:50:13.691Z</time>
      </trkpt>
      <trkpt lat="46.070043" lon="13.228493">
        <ele>114.097232</ele>
        <time>2026-07-29T01:50:16.107Z</time>
      </trkpt>
      <trkpt lat="46.070133" lon="13.228362">
        <ele>114.094642</ele>
        <time>2026-07-29T01:50:20.370Z</time>
      </trkpt>
      <trkpt lat="46.070148" lon="13.228340">
        <ele>114.094209</ele>
        <time>2026-07-29T01:50:21.073Z</time>
      </trkpt>
      <trkpt lat="46.070169" lon="13.228307">
        <ele>114.093580</ele>
        <time>2026-07-29T01:50:23.215Z</time>
      </trkpt>
      <trkpt lat="46.070195" lon="13.228268">
        <ele>114.092820</ele>
        <time>2026-07-29T01:50:25.827Z</time>
      </trkpt>
      <trkpt lat="46.070210" lon="13.228246">
        <ele>114.092387</ele>
        <time>2026-07-29T01:50:26.495Z</time>
      </trkpt>
      <trkpt lat="46.070222" lon="13.228227">
        <ele>114.092026</ele>
        <time>2026-07-29T01:50:27.068Z</time>
      </trkpt>
      <trkpt lat="46.070232" lon="13.228208">
        <ele>114.091691</ele>
        <time>2026-07-29T01:50:28.241Z</time>
      </trkpt>
      <trkpt lat="46.070243" lon="13.228186">
        <ele>114.091310</ele>
        <time>2026-07-29T01:50:29.533Z</time>
      </trkpt>
      <trkpt lat="46.070253" lon="13.228163">
        <ele>114.090929</ele>
        <time>2026-07-29T01:50:30.126Z</time>
      </trkpt>
      <trkpt lat="46.070251" lon="13.228117">
        <ele>114.090281</ele>
        <time>2026-07-29T01:50:31.134Z</time>
      </trkpt>
      <trkpt lat="46.070250" lon="13.228072">
        <ele>114.089649</ele>
        <time>2026-07-29T01:50:32.144Z</time>
      </trkpt>
      <trkpt lat="46.070334" lon="13.228073">
        <ele>114.087948</ele>
        <time>2026-07-29T01:50:33.079Z</time>
      </trkpt>
      <trkpt lat="46.070544" lon="13.227964">
        <ele>114.083429</ele>
        <time>2026-07-29T01:50:35.742Z</time>
      </trkpt>
      <trkpt lat="46.070654" lon="13.227812">
        <ele>114.080343</ele>
        <time>2026-07-29T01:50:37.763Z</time>
      </trkpt>
      <trkpt lat="46.070938" lon="13.227422">
        <ele>114.097677</ele>
        <time>2026-07-29T01:50:45.237Z</time>
      </trkpt>
      <trkpt lat="46.071197" lon="13.227022">
        <ele>114.245843</ele>
        <time>2026-07-29T01:50:54.306Z</time>
      </trkpt>
      <trkpt lat="46.071396" lon="13.226715">
        <ele>114.359618</ele>
        <time>2026-07-29T01:51:00.559Z</time>
      </trkpt>
      <trkpt lat="46.072014" lon="13.225709">
        <ele>114.723487</ele>
        <time>2026-07-29T01:51:13.152Z</time>
      </trkpt>
      <trkpt lat="46.072396" lon="13.224887">
        <ele>114.700899</ele>
        <time>2026-07-29T01:51:22.827Z</time>
      </trkpt>
      <trkpt lat="46.072681" lon="13.224228">
        <ele>114.627965</ele>
        <time>2026-07-29T01:51:30.655Z</time>
      </trkpt>
      <trkpt lat="46.072721" lon="13.224124">
        <ele>114.616796</ele>
        <time>2026-07-29T01:51:31.925Z</time>
      </trkpt>
      <trkpt lat="46.072791" lon="13.223931">
        <ele>114.596342</ele>
        <time>2026-07-29T01:51:34.222Z</time>
      </trkpt>
      <trkpt lat="46.072570" lon="13.223799">
        <ele>114.563956</ele>
        <time>2026-07-29T01:51:37.808Z</time>
      </trkpt>
      <trkpt lat="46.071604" lon="13.221994">
        <ele>114.270827</ele>
        <time>2026-07-29T01:52:00.054Z</time>
      </trkpt>
      <trkpt lat="46.071525" lon="13.221885">
        <ele>114.249607</ele>
        <time>2026-07-29T01:52:01.614Z</time>
      </trkpt>
      <trkpt lat="46.070791" lon="13.221196">
        <ele>113.991981</ele>
        <time>2026-07-29T01:52:13.960Z</time>
      </trkpt>
      <trkpt lat="46.071054" lon="13.220602">
        <ele>113.816818</ele>
        <time>2026-07-29T01:52:19.947Z</time>
      </trkpt>
      <trkpt lat="46.071018" lon="13.220568">
        <ele>113.801396</ele>
        <time>2026-07-29T01:52:22.985Z</time>
      </trkpt>
      <trkpt lat="46.071064" lon="13.220469">
        <ele>113.771778</ele>
        <time>2026-07-29T01:52:23.966Z</time>
      </trkpt>
      <trkpt lat="46.071086" lon="13.220421">
        <ele>113.757477</ele>
        <time>2026-07-29T01:52:24.452Z</time>
      </trkpt>
      <trkpt lat="46.071191" lon="13.220403">
        <ele>113.719590</ele>
        <time>2026-07-29T01:52:28.061Z</time>
      </trkpt>
      <trkpt lat="46.071222" lon="13.220339">
        <ele>113.700187</ele>
        <time>2026-07-29T01:52:28.754Z</time>
      </trkpt>
      <trkpt lat="46.071267" lon="13.220246">
        <ele>113.672002</ele>
        <time>2026-07-29T01:52:29.787Z</time>
      </trkpt>
      <trkpt lat="46.071804" lon="13.219068">
        <ele>113.611248</ele>
        <time>2026-07-29T01:52:51.786Z</time>
      </trkpt>
      <trkpt lat="46.071974" lon="13.218695">
        <ele>113.648302</ele>
        <time>2026-07-29T01:52:58.381Z</time>
      </trkpt>
      <trkpt lat="46.072260" lon="13.218068">
        <ele>113.710603</ele>
        <time>2026-07-29T01:53:08.280Z</time>
      </trkpt>
      <trkpt lat="46.072612" lon="13.217296">
        <ele>113.779059</ele>
        <time>2026-07-29T01:53:21.163Z</time>
      </trkpt>
      <trkpt lat="46.072607" lon="13.217211">
        <ele>113.784389</ele>
        <time>2026-07-29T01:53:22.540Z</time>
      </trkpt>
      <trkpt lat="46.072601" lon="13.217147">
        <ele>113.788425</ele>
        <time>2026-07-29T01:53:23.323Z</time>
      </trkpt>
      <trkpt lat="46.072567" lon="13.217063">
        <ele>113.794501</ele>
        <time>2026-07-29T01:53:24.468Z</time>
      </trkpt>
      <trkpt lat="46.072298" lon="13.216802">
        <ele>113.823706</ele>
        <time>2026-07-29T01:53:29.303Z</time>
      </trkpt>
      <trkpt lat="46.072366" lon="13.216658">
        <ele>113.834590</ele>
        <time>2026-07-29T01:53:30.961Z</time>
      </trkpt>
      <trkpt lat="46.072596" lon="13.216198">
        <ele>113.870019</ele>
        <time>2026-07-29T01:53:36.573Z</time>
      </trkpt>
      <trkpt lat="46.072544" lon="13.215991">
        <ele>113.883775</ele>
        <time>2026-07-29T01:53:39.774Z</time>
      </trkpt>
      <trkpt lat="46.072555" lon="13.215918">
        <ele>113.888443</ele>
        <time>2026-07-29T01:53:40.930Z</time>
      </trkpt>
      <trkpt lat="46.073012" lon="13.214911">
        <ele>113.784188</ele>
        <time>2026-07-29T01:53:59.933Z</time>
      </trkpt>
      <trkpt lat="46.073173" lon="13.214788">
        <ele>113.738794</ele>
        <time>2026-07-29T01:54:03.059Z</time>
      </trkpt>
      <trkpt lat="46.073585" lon="13.214576">
        <ele>113.629811</ele>
        <time>2026-07-29T01:54:10.248Z</time>
      </trkpt>
      <trkpt lat="46.073621" lon="13.214554">
        <ele>113.620070</ele>
        <time>2026-07-29T01:54:10.692Z</time>
      </trkpt>
      <trkpt lat="46.073695" lon="13.214510">
        <ele>113.600128</ele>
        <time>2026-07-29T01:54:11.626Z</time>
      </trkpt>
      <trkpt lat="46.073714" lon="13.214353">
        <ele>113.572585</ele>
        <time>2026-07-29T01:54:12.990Z</time>
      </trkpt>
      <trkpt lat="46.073755" lon="13.214249">
        <ele>113.551911</ele>
        <time>2026-07-29T01:54:14.114Z</time>
      </trkpt>
      <trkpt lat="46.073775" lon="13.214211">
        <ele>113.543668</ele>
        <time>2026-07-29T01:54:14.596Z</time>
      </trkpt>
      <trkpt lat="46.073795" lon="13.214173">
        <ele>113.535424</ele>
        <time>2026-07-29T01:54:15.116Z</time>
      </trkpt>
      <trkpt lat="46.073848" lon="13.214069">
        <ele>113.513122</ele>
        <time>2026-07-29T01:54:16.598Z</time>
      </trkpt>
      <trkpt lat="46.073957" lon="13.213848">
        <ele>113.472658</ele>
        <time>2026-07-29T01:54:19.879Z</time>
      </trkpt>
      <trkpt lat="46.074008" lon="13.213748">
        <ele>113.534996</ele>
        <time>2026-07-29T01:54:21.398Z</time>
      </trkpt>
      <trkpt lat="46.074041" lon="13.213682">
        <ele>113.575858</ele>
        <time>2026-07-29T01:54:22.406Z</time>
      </trkpt>
      <trkpt lat="46.075432" lon="13.210865">
        <ele>115.134858</ele>
        <time>2026-07-29T01:55:06.052Z</time>
      </trkpt>
      <trkpt lat="46.075407" lon="13.210842">
        <ele>115.149297</ele>
        <time>2026-07-29T01:55:08.069Z</time>
      </trkpt>
      <trkpt lat="46.075540" lon="13.210606">
        <ele>115.251989</ele>
        <time>2026-07-29T01:55:11.084Z</time>
      </trkpt>
      <trkpt lat="46.076054" lon="13.210045">
        <ele>115.565865</ele>
        <time>2026-07-29T01:55:20.805Z</time>
      </trkpt>
      <trkpt lat="46.076137" lon="13.209954">
        <ele>115.616633</ele>
        <time>2026-07-29T01:55:22.701Z</time>
      </trkpt>
      <trkpt lat="46.076377" lon="13.209692">
        <ele>115.652457</ele>
        <time>2026-07-29T01:55:28.376Z</time>
      </trkpt>
      <trkpt lat="46.076561" lon="13.209491">
        <ele>115.658842</ele>
        <time>2026-07-29T01:55:32.476Z</time>
      </trkpt>
      <trkpt lat="46.076709" lon="13.209262">
        <ele>115.664846</ele>
        <time>2026-07-29T01:55:35.905Z</time>
      </trkpt>
      <trkpt lat="46.076857" lon="13.209034">
        <ele>115.670837</ele>
        <time>2026-07-29T01:55:38.835Z</time>
      </trkpt>
      <trkpt lat="46.077083" lon="13.208592">
        <ele>115.681371</ele>
        <time>2026-07-29T01:55:44.001Z</time>
      </trkpt>
      <trkpt lat="46.077367" lon="13.208005">
        <ele>115.695101</ele>
        <time>2026-07-29T01:55:51.595Z</time>
      </trkpt>
      <trkpt lat="46.077458" lon="13.207799">
        <ele>115.626011</ele>
        <time>2026-07-29T01:55:54.001Z</time>
      </trkpt>
      <trkpt lat="46.077554" lon="13.207592">
        <ele>115.547977</ele>
        <time>2026-07-29T01:55:56.296Z</time>
      </trkpt>
      <trkpt lat="46.077651" lon="13.207717">
        <ele>115.489198</ele>
        <time>2026-07-29T01:55:57.933Z</time>
      </trkpt>
      <trkpt lat="46.078242" lon="13.206609">
        <ele>115.051180</ele>
        <time>2026-07-29T01:56:09.932Z</time>
      </trkpt>
      <trkpt lat="46.078502" lon="13.206140">
        <ele>114.911671</ele>
        <time>2026-07-29T01:56:15.922Z</time>
      </trkpt>
      <trkpt lat="46.078725" lon="13.205735">
        <ele>115.145391</ele>
        <time>2026-07-29T01:56:22.035Z</time>
      </trkpt>
      <trkpt lat="46.078953" lon="13.205298">
        <ele>115.392548</ele>
        <time>2026-07-29T01:56:28.476Z</time>
      </trkpt>
      <trkpt lat="46.079180" lon="13.204860">
        <ele>115.639675</ele>
        <time>2026-07-29T01:56:34.728Z</time>
      </trkpt>
      <trkpt lat="46.080002" lon="13.204922">
        <ele>116.133782</ele>
        <time>2026-07-29T01:56:51.190Z</time>
      </trkpt>
      <trkpt lat="46.080161" lon="13.204935">
        <ele>116.201348</ele>
        <time>2026-07-29T01:56:54.204Z</time>
      </trkpt>
      <trkpt lat="46.080221" lon="13.204865">
        <ele>116.234095</ele>
        <time>2026-07-29T01:56:55.654Z</time>
      </trkpt>
      <trkpt lat="46.080234" lon="13.204721">
        <ele>116.276830</ele>
        <time>2026-07-29T01:56:57.537Z</time>
      </trkpt>
      <trkpt lat="46.080609" lon="13.204877">
        <ele>116.442420</ele>
        <time>2026-07-29T01:57:04.616Z</time>
      </trkpt>
      <trkpt lat="46.080821" lon="13.204902">
        <ele>116.532664</ele>
        <time>2026-07-29T01:57:08.469Z</time>
      </trkpt>
      <trkpt lat="46.081159" lon="13.204810">
        <ele>116.678598</ele>
        <time>2026-07-29T01:57:13.871Z</time>
      </trkpt>
      <trkpt lat="46.081432" lon="13.204664">
        <ele>116.802134</ele>
        <time>2026-07-29T01:57:17.711Z</time>
      </trkpt>
      <trkpt lat="46.081760" lon="13.204463">
        <ele>116.890323</ele>
        <time>2026-07-29T01:57:22.039Z</time>
      </trkpt>
      <trkpt lat="46.081984" lon="13.204372">
        <ele>116.943070</ele>
        <time>2026-07-29T01:57:24.744Z</time>
      </trkpt>
      <trkpt lat="46.082090" lon="13.204342">
        <ele>116.967553</ele>
        <time>2026-07-29T01:57:26.017Z</time>
      </trkpt>
      <trkpt lat="46.082208" lon="13.204363">
        <ele>116.994500</ele>
        <time>2026-07-29T01:57:27.419Z</time>
      </trkpt>
      <trkpt lat="46.082305" lon="13.204329">
        <ele>117.017126</ele>
        <time>2026-07-29T01:57:28.607Z</time>
      </trkpt>
      <trkpt lat="46.082381" lon="13.204263">
        <ele>117.037235</ele>
        <time>2026-07-29T01:57:29.673Z</time>
      </trkpt>
      <trkpt lat="46.082463" lon="13.204113">
        <ele>117.067260</ele>
        <time>2026-07-29T01:57:31.299Z</time>
      </trkpt>
      <trkpt lat="46.082813" lon="13.203832">
        <ele>117.158058</ele>
        <time>2026-07-29T01:57:38.590Z</time>
      </trkpt>
      <trkpt lat="46.082982" lon="13.203736">
        <ele>117.199227</ele>
        <time>2026-07-29T01:57:43.195Z</time>
      </trkpt>
      <trkpt lat="46.083431" lon="13.203468">
        <ele>117.608017</ele>
        <time>2026-07-29T01:57:57.721Z</time>
      </trkpt>
      <trkpt lat="46.083543" lon="13.203401">
        <ele>117.733604</ele>
        <time>2026-07-29T01:58:00.683Z</time>
      </trkpt>
      <trkpt lat="46.083685" lon="13.203382">
        <ele>117.881305</ele>
        <time>2026-07-29T01:58:03.845Z</time>
      </trkpt>
      <trkpt lat="46.083782" lon="13.203436">
        <ele>117.988997</ele>
        <time>2026-07-29T01:58:05.864Z</time>
      </trkpt>
      <trkpt lat="46.083822" lon="13.203468">
        <ele>118.036375</ele>
        <time>2026-07-29T01:58:06.691Z</time>
      </trkpt>
      <trkpt lat="46.083879" lon="13.203503">
        <ele>118.100541</ele>
        <time>2026-07-29T01:58:07.766Z</time>
      </trkpt>
      <trkpt lat="46.083931" lon="13.203597">
        <ele>118.186914</ele>
        <time>2026-07-29T01:58:09.138Z</time>
      </trkpt>
      <trkpt lat="46.083981" lon="13.203691">
        <ele>118.272010</ele>
        <time>2026-07-29T01:58:10.413Z</time>
      </trkpt>
      <trkpt lat="46.084087" lon="13.203891">
        <ele>118.452826</ele>
        <time>2026-07-29T01:58:13.014Z</time>
      </trkpt>
      <trkpt lat="46.084253" lon="13.203976">
        <ele>118.635273</ele>
        <time>2026-07-29T01:58:15.820Z</time>
      </trkpt>
      <trkpt lat="46.084454" lon="13.204199">
        <ele>118.897949</ele>
        <time>2026-07-29T01:58:19.893Z</time>
      </trkpt>
      <trkpt lat="46.084503" lon="13.204213">
        <ele>118.949685</ele>
        <time>2026-07-29T01:58:20.705Z</time>
      </trkpt>
      <trkpt lat="46.084639" lon="13.204372">
        <ele>119.086728</ele>
        <time>2026-07-29T01:58:23.336Z</time>
      </trkpt>
      <trkpt lat="46.084819" lon="13.204666">
        <ele>119.074612</ele>
        <time>2026-07-29T01:58:26.721Z</time>
      </trkpt>
      <trkpt lat="46.084909" lon="13.204596">
        <ele>119.070057</ele>
        <time>2026-07-29T01:58:27.950Z</time>
      </trkpt>
      <trkpt lat="46.085095" lon="13.204596">
        <ele>119.061771</ele>
        <time>2026-07-29T01:58:30.260Z</time>
      </trkpt>
      <trkpt lat="46.085177" lon="13.204662">
        <ele>119.057588</ele>
        <time>2026-07-29T01:58:31.442Z</time>
      </trkpt>
      <trkpt lat="46.085319" lon="13.204702">
        <ele>119.051143</ele>
        <time>2026-07-29T01:58:33.288Z</time>
      </trkpt>
      <trkpt lat="46.085600" lon="13.204670">
        <ele>119.038587</ele>
        <time>2026-07-29T01:58:37.547Z</time>
      </trkpt>
      <trkpt lat="46.085911" lon="13.204517">
        <ele>119.023950</ele>
        <time>2026-07-29T01:58:43.474Z</time>
      </trkpt>
      <trkpt lat="46.086003" lon="13.204567">
        <ele>119.019570</ele>
        <time>2026-07-29T01:58:45.197Z</time>
      </trkpt>
      <trkpt lat="46.086041" lon="13.204586">
        <ele>119.017778</ele>
        <time>2026-07-29T01:58:45.884Z</time>
      </trkpt>
      <trkpt lat="46.086335" lon="13.204660">
        <ele>119.061273</ele>
        <time>2026-07-29T01:58:50.845Z</time>
      </trkpt>
      <trkpt lat="46.086616" lon="13.204620">
        <ele>119.229497</ele>
        <time>2026-07-29T01:58:55.262Z</time>
      </trkpt>
      <trkpt lat="46.087105" lon="13.204482">
        <ele>119.526354</ele>
        <time>2026-07-29T01:59:03.258Z</time>
      </trkpt>
      <trkpt lat="46.087451" lon="13.204300">
        <ele>119.745778</ele>
        <time>2026-07-29T01:59:09.766Z</time>
      </trkpt>
      <trkpt lat="46.087491" lon="13.204275">
        <ele>119.771751</ele>
        <time>2026-07-29T01:59:10.588Z</time>
      </trkpt>
      <trkpt lat="46.088429" lon="13.203862">
        <ele>120.097744</ele>
        <time>2026-07-29T01:59:28.802Z</time>
      </trkpt>
      <trkpt lat="46.088434" lon="13.203733">
        <ele>120.101175</ele>
        <time>2026-07-29T01:59:30.262Z</time>
      </trkpt>
      <trkpt lat="46.088439" lon="13.203605">
        <ele>120.104580</ele>
        <time>2026-07-29T01:59:31.644Z</time>
      </trkpt>
      <trkpt lat="46.088508" lon="13.201857">
        <ele>120.181674</ele>
        <time>2026-07-29T01:59:47.768Z</time>
      </trkpt>
      <trkpt lat="46.088522" lon="13.201465">
        <ele>120.336940</ele>
        <time>2026-07-29T01:59:51.526Z</time>
      </trkpt>
      <trkpt lat="46.088546" lon="13.201373">
        <ele>120.375821</ele>
        <time>2026-07-29T01:59:52.569Z</time>
      </trkpt>
      <trkpt lat="46.088549" lon="13.201181">
        <ele>120.451789</ele>
        <time>2026-07-29T01:59:54.745Z</time>
      </trkpt>
      <trkpt lat="46.088570" lon="13.201148">
        <ele>120.469505</ele>
        <time>2026-07-29T01:59:55.284Z</time>
      </trkpt>
      <trkpt lat="46.088727" lon="13.201029">
        <ele>120.570668</ele>
        <time>2026-07-29T01:59:58.561Z</time>
      </trkpt>
      <trkpt lat="46.089381" lon="13.200801">
        <ele>120.954425</ele>
        <time>2026-07-29T02:00:12.446Z</time>
      </trkpt>
      <trkpt lat="46.089606" lon="13.200722">
        <ele>121.086503</ele>
        <time>2026-07-29T02:00:16.581Z</time>
      </trkpt>
      <trkpt lat="46.090273" lon="13.200486">
        <ele>121.380146</ele>
        <time>2026-07-29T02:00:26.746Z</time>
      </trkpt>
      <trkpt lat="46.090668" lon="13.200348">
        <ele>121.537048</ele>
        <time>2026-07-29T02:00:33.656Z</time>
      </trkpt>
      <trkpt lat="46.090984" lon="13.200238">
        <ele>121.662545</ele>
        <time>2026-07-29T02:00:39.495Z</time>
      </trkpt>
      <trkpt lat="46.091107" lon="13.200325">
        <ele>121.715434</ele>
        <time>2026-07-29T02:00:41.923Z</time>
      </trkpt>
      <trkpt lat="46.091205" lon="13.200439">
        <ele>121.764044</ele>
        <time>2026-07-29T02:00:44.195Z</time>
      </trkpt>
      <trkpt lat="46.091260" lon="13.200563">
        <ele>121.803451</ele>
        <time>2026-07-29T02:00:45.964Z</time>
      </trkpt>
      <trkpt lat="46.091296" lon="13.200601">
        <ele>121.820675</ele>
        <time>2026-07-29T02:00:46.714Z</time>
      </trkpt>
      <trkpt lat="46.091337" lon="13.200595">
        <ele>121.836585</ele>
        <time>2026-07-29T02:00:47.368Z</time>
      </trkpt>
      <trkpt lat="46.091366" lon="13.200547">
        <ele>121.853628</ele>
        <time>2026-07-29T02:00:48.073Z</time>
      </trkpt>
      <trkpt lat="46.091366" lon="13.200492">
        <ele>121.868353</ele>
        <time>2026-07-29T02:00:48.651Z</time>
      </trkpt>
      <trkpt lat="46.091336" lon="13.200443">
        <ele>121.834034</ele>
        <time>2026-07-29T02:00:49.324Z</time>
      </trkpt>
      <trkpt lat="46.091270" lon="13.200366">
        <ele>121.765474</ele>
        <time>2026-07-29T02:00:50.524Z</time>
      </trkpt>
      <trkpt lat="46.091206" lon="13.200216">
        <ele>121.666841</ele>
        <time>2026-07-29T02:00:52.187Z</time>
      </trkpt>
      <trkpt lat="46.091171" lon="13.200107">
        <ele>121.599569</ele>
        <time>2026-07-29T02:00:53.306Z</time>
      </trkpt>
      <trkpt lat="46.091146" lon="13.199986">
        <ele>121.528860</ele>
        <time>2026-07-29T02:00:54.441Z</time>
      </trkpt>
      <trkpt lat="46.091031" lon="13.199491">
        <ele>121.236492</ele>
        <time>2026-07-29T02:00:58.810Z</time>
      </trkpt>
      <trkpt lat="46.090937" lon="13.199120">
        <ele>121.015280</ele>
        <time>2026-07-29T02:01:02.122Z</time>
      </trkpt>
      <trkpt lat="46.090860" lon="13.198833">
        <ele>120.842935</ele>
        <time>2026-07-29T02:01:04.840Z</time>
      </trkpt>
      <trkpt lat="46.090823" lon="13.198664">
        <ele>120.743682</ele>
        <time>2026-07-29T02:01:06.404Z</time>
      </trkpt>
      <trkpt lat="46.090790" lon="13.198326">
        <ele>120.552516</ele>
        <time>2026-07-29T02:01:09.295Z</time>
      </trkpt>
      <trkpt lat="46.090792" lon="13.197558">
        <ele>120.069156</ele>
        <time>2026-07-29T02:01:15.384Z</time>
      </trkpt>
      <trkpt lat="46.090788" lon="13.197292">
        <ele>119.893183</ele>
        <time>2026-07-29T02:01:17.493Z</time>
      </trkpt>
      <trkpt lat="46.090788" lon="13.197223">
        <ele>119.847546</ele>
        <time>2026-07-29T02:01:18.033Z</time>
      </trkpt>
      <trkpt lat="46.090821" lon="13.197067">
        <ele>119.739675</ele>
        <time>2026-07-29T02:01:19.306Z</time>
      </trkpt>
      <trkpt lat="46.090856" lon="13.197031">
        <ele>119.698674</ele>
        <time>2026-07-29T02:01:19.788Z</time>
      </trkpt>
      <trkpt lat="46.090864" lon="13.196940">
        <ele>119.638005</ele>
        <time>2026-07-29T02:01:20.511Z</time>
      </trkpt>
      <trkpt lat="46.090853" lon="13.196912">
        <ele>119.616721</ele>
        <time>2026-07-29T02:01:20.766Z</time>
      </trkpt>
      <trkpt lat="46.090879" lon="13.196793">
        <ele>119.534201</ele>
        <time>2026-07-29T02:01:21.803Z</time>
      </trkpt>
      <trkpt lat="46.090972" lon="13.196434">
        <ele>119.280736</ele>
        <time>2026-07-29T02:01:25.310Z</time>
      </trkpt>
      <trkpt lat="46.091088" lon="13.195951">
        <ele>118.942669</ele>
        <time>2026-07-29T02:01:30.267Z</time>
      </trkpt>
      <trkpt lat="46.091129" lon="13.195969">
        <ele>118.901795</ele>
        <time>2026-07-29T02:01:30.926Z</time>
      </trkpt>
      <trkpt lat="46.091351" lon="13.195037">
        <ele>118.318619</ele>
        <time>2026-07-29T02:01:40.121Z</time>
      </trkpt>
      <trkpt lat="46.091505" lon="13.194418">
        <ele>117.949787</ele>
        <time>2026-07-29T02:01:45.342Z</time>
      </trkpt>
      <trkpt lat="46.091596" lon="13.194169">
        <ele>117.791930</ele>
        <time>2026-07-29T02:01:47.572Z</time>
      </trkpt>
      <trkpt lat="46.091774" lon="13.193919">
        <ele>117.590978</ele>
        <time>2026-07-29T02:01:50.999Z</time>
      </trkpt>
      <trkpt lat="46.091862" lon="13.193921">
        <ele>117.519802</ele>
        <time>2026-07-29T02:01:52.329Z</time>
      </trkpt>
      <trkpt lat="46.091911" lon="13.193844">
        <ele>117.461191</ele>
        <time>2026-07-29T02:01:53.416Z</time>
      </trkpt>
      <trkpt lat="46.091932" lon="13.193810">
        <ele>117.435655</ele>
        <time>2026-07-29T02:01:53.887Z</time>
      </trkpt>
      <trkpt lat="46.091900" lon="13.193729">
        <ele>117.383373</ele>
        <time>2026-07-29T02:01:54.850Z</time>
      </trkpt>
      <trkpt lat="46.091967" lon="13.193617">
        <ele>117.300417</ele>
        <time>2026-07-29T02:01:56.338Z</time>
      </trkpt>
      <trkpt lat="46.091936" lon="13.193579">
        <ele>117.267512</ele>
        <time>2026-07-29T02:01:56.914Z</time>
      </trkpt>
      <trkpt lat="46.092539" lon="13.192755">
        <ele>117.706645</ele>
        <time>2026-07-29T02:02:06.849Z</time>
      </trkpt>
      <trkpt lat="46.092816" lon="13.192393">
        <ele>117.920276</ele>
        <time>2026-07-29T02:02:13.020Z</time>
      </trkpt>
      <trkpt lat="46.092904" lon="13.192273">
        <ele>117.989489</ele>
        <time>2026-07-29T02:02:15.675Z</time>
      </trkpt>
      <trkpt lat="46.092950" lon="13.192210">
        <ele>118.025743</ele>
        <time>2026-07-29T02:02:17.169Z</time>
      </trkpt>
      <trkpt lat="46.092985" lon="13.192164">
        <ele>118.052805</ele>
        <time>2026-07-29T02:02:18.304Z</time>
      </trkpt>
      <trkpt lat="46.093267" lon="13.191783">
        <ele>118.273639</ele>
        <time>2026-07-29T02:02:28.134Z</time>
      </trkpt>
      <trkpt lat="46.093884" lon="13.190950">
        <ele>120.291160</ele>
        <time>2026-07-29T02:02:50.519Z</time>
      </trkpt>
      <trkpt lat="46.094202" lon="13.190505">
        <ele>121.350309</ele>
        <time>2026-07-29T02:03:01.568Z</time>
      </trkpt>
      <trkpt lat="46.094203" lon="13.190503">
        <ele>121.354396</ele>
        <time>2026-07-29T02:03:01.618Z</time>
      </trkpt>
      <trkpt lat="46.094302" lon="13.190328">
        <ele>121.728742</ele>
        <time>2026-07-29T02:03:05.058Z</time>
      </trkpt>
      <trkpt lat="46.094372" lon="13.190162">
        <ele>122.050771</ele>
        <time>2026-07-29T02:03:07.785Z</time>
      </trkpt>
      <trkpt lat="46.094437" lon="13.189918">
        <ele>122.484025</ele>
        <time>2026-07-29T02:03:11.114Z</time>
      </trkpt>
      <trkpt lat="46.094549" lon="13.189308">
        <ele>123.507946</ele>
        <time>2026-07-29T02:03:20.382Z</time>
      </trkpt>
      <trkpt lat="46.094585" lon="13.189124">
        <ele>123.817543</ele>
        <time>2026-07-29T02:03:24.114Z</time>
      </trkpt>
      <trkpt lat="46.094670" lon="13.188709">
        <ele>124.518283</ele>
        <time>2026-07-29T02:03:33.354Z</time>
      </trkpt>
      <trkpt lat="46.094745" lon="13.188474">
        <ele>124.937203</ele>
        <time>2026-07-29T02:03:39.062Z</time>
      </trkpt>
      <trkpt lat="46.094943" lon="13.188013">
        <ele>125.815319</ele>
        <time>2026-07-29T02:03:48.427Z</time>
      </trkpt>
      <trkpt lat="46.095462" lon="13.186851">
        <ele>127.723040</ele>
        <time>2026-07-29T02:04:06.484Z</time>
      </trkpt>
      <trkpt lat="46.095508" lon="13.186741">
        <ele>127.877332</ele>
        <time>2026-07-29T02:04:08.712Z</time>
      </trkpt>
      <trkpt lat="46.095788" lon="13.186112">
        <ele>128.775128</ele>
        <time>2026-07-29T02:04:23.013Z</time>
      </trkpt>
      <trkpt lat="46.095993" lon="13.185669">
        <ele>129.414835</ele>
        <time>2026-07-29T02:04:31.510Z</time>
      </trkpt>
      <trkpt lat="46.096195" lon="13.185525">
        <ele>129.805142</ele>
        <time>2026-07-29T02:04:35.489Z</time>
      </trkpt>
      <trkpt lat="46.096277" lon="13.185495">
        <ele>129.906739</ele>
        <time>2026-07-29T02:04:36.901Z</time>
      </trkpt>
      <trkpt lat="46.096362" lon="13.185510">
        <ele>129.948302</ele>
        <time>2026-07-29T02:04:38.272Z</time>
      </trkpt>
      <trkpt lat="46.096488" lon="13.185463">
        <ele>130.011469</ele>
        <time>2026-07-29T02:04:40.304Z</time>
      </trkpt>
      <trkpt lat="46.097546" lon="13.185126">
        <ele>130.537352</ele>
        <time>2026-07-29T02:04:57.466Z</time>
      </trkpt>
      <trkpt lat="46.098152" lon="13.184928">
        <ele>130.822808</ele>
        <time>2026-07-29T02:05:08.292Z</time>
      </trkpt>
      <trkpt lat="46.098187" lon="13.184919">
        <ele>130.836436</ele>
        <time>2026-07-29T02:05:08.897Z</time>
      </trkpt>
      <trkpt lat="46.099762" lon="13.184416">
        <ele>131.456592</ele>
        <time>2026-07-29T02:05:34.822Z</time>
      </trkpt>
      <trkpt lat="46.100311" lon="13.184238">
        <ele>131.795547</ele>
        <time>2026-07-29T02:05:44.151Z</time>
      </trkpt>
      <trkpt lat="46.101288" lon="13.183911">
        <ele>132.399703</ele>
        <time>2026-07-29T02:06:01.732Z</time>
      </trkpt>
      <trkpt lat="46.101745" lon="13.183768">
        <ele>132.741832</ele>
        <time>2026-07-29T02:06:09.412Z</time>
      </trkpt>
      <trkpt lat="46.102275" lon="13.183595">
        <ele>133.204453</ele>
        <time>2026-07-29T02:06:20.675Z</time>
      </trkpt>
      <trkpt lat="46.102912" lon="13.183405">
        <ele>133.758232</ele>
        <time>2026-07-29T02:06:32.203Z</time>
      </trkpt>
      <trkpt lat="46.102924" lon="13.183404">
        <ele>133.768465</ele>
        <time>2026-07-29T02:06:32.428Z</time>
      </trkpt>
      <trkpt lat="46.103140" lon="13.183373">
        <ele>133.953262</ele>
        <time>2026-07-29T02:06:36.616Z</time>
      </trkpt>
      <trkpt lat="46.103759" lon="13.183357">
        <ele>134.022542</ele>
        <time>2026-07-29T02:06:47.817Z</time>
      </trkpt>
      <trkpt lat="46.103769" lon="13.183356">
        <ele>134.021638</ele>
        <time>2026-07-29T02:06:47.953Z</time>
      </trkpt>
      <trkpt lat="46.103768" lon="13.183243">
        <ele>134.014568</ele>
        <time>2026-07-29T02:06:48.911Z</time>
      </trkpt>
      <trkpt lat="46.103564" lon="13.182510">
        <ele>133.965155</ele>
        <time>2026-07-29T02:06:55.291Z</time>
      </trkpt>
      <trkpt lat="46.103405" lon="13.181953">
        <ele>133.927471</ele>
        <time>2026-07-29T02:07:02.340Z</time>
      </trkpt>
      <trkpt lat="46.102954" lon="13.180401">
        <ele>134.316001</ele>
        <time>2026-07-29T02:07:19.972Z</time>
      </trkpt>
      <trkpt lat="46.102865" lon="13.180092">
        <ele>134.421237</ele>
        <time>2026-07-29T02:07:23.509Z</time>
      </trkpt>
      <trkpt lat="46.103088" lon="13.180027">
        <ele>134.524437</ele>
        <time>2026-07-29T02:07:27.568Z</time>
      </trkpt>
      <trkpt lat="46.103293" lon="13.179967">
        <ele>134.619321</ele>
        <time>2026-07-29T02:07:31.734Z</time>
      </trkpt>
      <trkpt lat="46.103461" lon="13.179917">
        <ele>134.697133</ele>
        <time>2026-07-29T02:07:35.336Z</time>
      </trkpt>
      <trkpt lat="46.103849" lon="13.179803">
        <ele>134.918916</ele>
        <time>2026-07-29T02:07:42.909Z</time>
      </trkpt>
      <trkpt lat="46.104942" lon="13.179376">
        <ele>135.570759</ele>
        <time>2026-07-29T02:08:00.662Z</time>
      </trkpt>
      <trkpt lat="46.105078" lon="13.179329">
        <ele>135.651262</ele>
        <time>2026-07-29T02:08:02.829Z</time>
      </trkpt>
      <trkpt lat="46.105252" lon="13.179272">
        <ele>135.753974</ele>
        <time>2026-07-29T02:08:05.788Z</time>
      </trkpt>
      <trkpt lat="46.105451" lon="13.179214">
        <ele>135.909418</ele>
        <time>2026-07-29T02:08:09.437Z</time>
      </trkpt>
      <trkpt lat="46.105865" lon="13.179092">
        <ele>136.233912</ele>
        <time>2026-07-29T02:08:18.627Z</time>
      </trkpt>
      <trkpt lat="46.106084" lon="13.179057">
        <ele>136.403119</ele>
        <time>2026-07-29T02:08:23.493Z</time>
      </trkpt>
      <trkpt lat="46.106038" lon="13.178273">
        <ele>136.822037</ele>
        <time>2026-07-29T02:08:34.519Z</time>
      </trkpt>
      <trkpt lat="46.105964" lon="13.177733">
        <ele>137.115112</ele>
        <time>2026-07-29T02:08:39.747Z</time>
      </trkpt>
      <trkpt lat="46.105666" lon="13.176768">
        <ele>137.186916</ele>
        <time>2026-07-29T02:08:48.637Z</time>
      </trkpt>
      <trkpt lat="46.105537" lon="13.176232">
        <ele>137.215010</ele>
        <time>2026-07-29T02:08:55.067Z</time>
      </trkpt>
      <trkpt lat="46.105502" lon="13.174565">
        <ele>137.627996</ele>
        <time>2026-07-29T02:09:14.902Z</time>
      </trkpt>
      <trkpt lat="46.105471" lon="13.174269">
        <ele>137.793378</ele>
        <time>2026-07-29T02:09:19.112Z</time>
      </trkpt>
      <trkpt lat="46.105254" lon="13.173141">
        <ele>138.440091</ele>
        <time>2026-07-29T02:09:34.237Z</time>
      </trkpt>
      <trkpt lat="46.105184" lon="13.172926">
        <ele>138.571314</ele>
        <time>2026-07-29T02:09:37.097Z</time>
      </trkpt>
      <trkpt lat="46.105661" lon="13.172162">
        <ele>139.021883</ele>
        <time>2026-07-29T02:09:49.721Z</time>
      </trkpt>
      <trkpt lat="46.105921" lon="13.171823">
        <ele>139.226811</ele>
        <time>2026-07-29T02:09:55.459Z</time>
      </trkpt>
      <trkpt lat="46.106051" lon="13.171693">
        <ele>139.319302</ele>
        <time>2026-07-29T02:09:57.911Z</time>
      </trkpt>
      <trkpt lat="46.106341" lon="13.171468">
        <ele>139.511838</ele>
        <time>2026-07-29T02:10:03.174Z</time>
      </trkpt>
      <trkpt lat="46.106520" lon="13.171375">
        <ele>139.623080</ele>
        <time>2026-07-29T02:10:06.372Z</time>
      </trkpt>
      <trkpt lat="46.106736" lon="13.171299">
        <ele>139.751233</ele>
        <time>2026-07-29T02:10:10.254Z</time>
      </trkpt>
      <trkpt lat="46.107227" lon="13.171196">
        <ele>139.873719</ele>
        <time>2026-07-29T02:10:19.839Z</time>
      </trkpt>
      <trkpt lat="46.107072" lon="13.170590">
        <ele>139.984272</ele>
        <time>2026-07-29T02:10:27.780Z</time>
      </trkpt>
      <trkpt lat="46.106827" lon="13.169782">
        <ele>140.135213</ele>
        <time>2026-07-29T02:10:35.342Z</time>
      </trkpt>
      <trkpt lat="46.106373" lon="13.168290">
        <ele>140.423386</ele>
        <time>2026-07-29T02:10:53.469Z</time>
      </trkpt>
      <trkpt lat="46.106152" lon="13.167587">
        <ele>140.561079</ele>
        <time>2026-07-29T02:11:02.859Z</time>
      </trkpt>
      <trkpt lat="46.105745" lon="13.167052">
        <ele>140.539388</ele>
        <time>2026-07-29T02:11:12.130Z</time>
      </trkpt>
      <trkpt lat="46.105603" lon="13.166940">
        <ele>140.433402</ele>
        <time>2026-07-29T02:11:14.290Z</time>
      </trkpt>
      <trkpt lat="46.105520" lon="13.166932">
        <ele>140.378927</ele>
        <time>2026-07-29T02:11:15.337Z</time>
      </trkpt>
      <trkpt lat="46.104814" lon="13.167133">
        <ele>139.907677</ele>
        <time>2026-07-29T02:11:23.682Z</time>
      </trkpt>
      <trkpt lat="46.104692" lon="13.166127">
        <ele>139.491648</ele>
        <time>2026-07-29T02:11:32.718Z</time>
      </trkpt>
      <trkpt lat="46.104658" lon="13.165849">
        <ele>139.538826</ele>
        <time>2026-07-29T02:11:35.424Z</time>
      </trkpt>
      <trkpt lat="46.104528" lon="13.164770">
        <ele>139.721858</ele>
        <time>2026-07-29T02:11:47.430Z</time>
      </trkpt>
      <trkpt lat="46.104353" lon="13.163286">
        <ele>140.134993</ele>
        <time>2026-07-29T02:12:05.217Z</time>
      </trkpt>
      <trkpt lat="46.104430" lon="13.163267">
        <ele>140.203644</ele>
        <time>2026-07-29T02:12:06.687Z</time>
      </trkpt>
      <trkpt lat="46.104638" lon="13.163132">
        <ele>140.404090</ele>
        <time>2026-07-29T02:12:10.997Z</time>
      </trkpt>
      <trkpt lat="46.105041" lon="13.163053">
        <ele>140.761502</ele>
        <time>2026-07-29T02:12:19.105Z</time>
      </trkpt>
      <trkpt lat="46.105101" lon="13.163037">
        <ele>140.815124</ele>
        <time>2026-07-29T02:12:20.240Z</time>
      </trkpt>
      <trkpt lat="46.105379" lon="13.162962">
        <ele>141.063668</ele>
        <time>2026-07-29T02:12:25.243Z</time>
      </trkpt>
      <trkpt lat="46.106070" lon="13.162736">
        <ele>142.241748</ele>
        <time>2026-07-29T02:12:36.725Z</time>
      </trkpt>
      <trkpt lat="46.106118" lon="13.162663">
        <ele>142.479170</ele>
        <time>2026-07-29T02:12:38.083Z</time>
      </trkpt>
      <trkpt lat="46.106206" lon="13.161818">
        <ele>144.495624</ele>
        <time>2026-07-29T02:12:53.234Z</time>
      </trkpt>
      <trkpt lat="46.106204" lon="13.161605">
        <ele>144.998321</ele>
        <time>2026-07-29T02:12:58.147Z</time>
      </trkpt>
      <trkpt lat="46.106733" lon="13.161855">
        <ele>146.893063</ele>
        <time>2026-07-29T02:13:20.551Z</time>
      </trkpt>
      <trkpt lat="46.106894" lon="13.161989">
        <ele>147.525750</ele>
        <time>2026-07-29T02:13:27.632Z</time>
      </trkpt>
      <trkpt lat="46.106958" lon="13.162006">
        <ele>147.726957</ele>
        <time>2026-07-29T02:13:29.836Z</time>
      </trkpt>
      <trkpt lat="46.106993" lon="13.161954">
        <ele>147.871730</ele>
        <time>2026-07-29T02:13:31.463Z</time>
      </trkpt>
      <trkpt lat="46.107090" lon="13.161110">
        <ele>149.580709</ele>
        <time>2026-07-29T02:13:45.177Z</time>
      </trkpt>
      <trkpt lat="46.107146" lon="13.160903">
        <ele>150.024575</ele>
        <time>2026-07-29T02:13:48.380Z</time>
      </trkpt>
      <trkpt lat="46.107414" lon="13.160517">
        <ele>151.115810</ele>
        <time>2026-07-29T02:13:57.392Z</time>
      </trkpt>
      <trkpt lat="46.107533" lon="13.160549">
        <ele>151.464584</ele>
        <time>2026-07-29T02:14:00.496Z</time>
      </trkpt>
      <trkpt lat="46.107738" lon="13.160481">
        <ele>152.070655</ele>
        <time>2026-07-29T02:14:05.899Z</time>
      </trkpt>
      <trkpt lat="46.107790" lon="13.160444">
        <ele>152.237717</ele>
        <time>2026-07-29T02:14:07.372Z</time>
      </trkpt>
      <trkpt lat="46.108893" lon="13.159462">
        <ele>156.420122</ele>
        <time>2026-07-29T02:14:42.074Z</time>
      </trkpt>
      <trkpt lat="46.109227" lon="13.159102">
        <ele>157.790877</ele>
        <time>2026-07-29T02:14:54.227Z</time>
      </trkpt>
      <trkpt lat="46.109729" lon="13.158495">
        <ele>160.694825</ele>
        <time>2026-07-29T02:15:14.374Z</time>
      </trkpt>
      <trkpt lat="46.109816" lon="13.158349">
        <ele>161.400476</ele>
        <time>2026-07-29T02:15:18.459Z</time>
      </trkpt>
      <trkpt lat="46.110023" lon="13.157827">
        <ele>163.604665</ele>
        <time>2026-07-29T02:15:32.692Z</time>
      </trkpt>
      <trkpt lat="46.110064" lon="13.157547">
        <ele>164.653597</ele>
        <time>2026-07-29T02:15:40.275Z</time>
      </trkpt>
      <trkpt lat="46.110082" lon="13.156813">
        <ele>167.345627</ele>
        <time>2026-07-29T02:16:01.384Z</time>
      </trkpt>
      <trkpt lat="46.110156" lon="13.156460">
        <ele>168.791647</ele>
        <time>2026-07-29T02:16:11.767Z</time>
      </trkpt>
      <trkpt lat="46.110506" lon="13.155886">
        <ele>172.146935</ele>
        <time>2026-07-29T02:16:32.889Z</time>
      </trkpt>
      <trkpt lat="46.110908" lon="13.155414">
        <ele>175.428682</ele>
        <time>2026-07-29T02:16:54.278Z</time>
      </trkpt>
      <trkpt lat="46.110988" lon="13.155232">
        <ele>176.374560</ele>
        <time>2026-07-29T02:17:00.569Z</time>
      </trkpt>
      <trkpt lat="46.111091" lon="13.154766">
        <ele>178.521375</ele>
        <time>2026-07-29T02:17:15.067Z</time>
      </trkpt>
      <trkpt lat="46.111285" lon="13.154405">
        <ele>180.048489</ele>
        <time>2026-07-29T02:17:28.205Z</time>
      </trkpt>
      <trkpt lat="46.111383" lon="13.154318">
        <ele>180.398195</ele>
        <time>2026-07-29T02:17:32.488Z</time>
      </trkpt>
      <trkpt lat="46.111512" lon="13.154291">
        <ele>180.794332</ele>
        <time>2026-07-29T02:17:37.002Z</time>
      </trkpt>
      <trkpt lat="46.111979" lon="13.156251">
        <ele>185.093602</ele>
        <time>2026-07-29T02:18:10.897Z</time>
      </trkpt>
      <trkpt lat="46.112187" lon="13.156844">
        <ele>185.414717</ele>
        <time>2026-07-29T02:18:19.070Z</time>
      </trkpt>
      <trkpt lat="46.112492" lon="13.157349">
        <ele>185.738335</ele>
        <time>2026-07-29T02:18:25.754Z</time>
      </trkpt>
      <trkpt lat="46.112777" lon="13.157719">
        <ele>186.005577</ele>
        <time>2026-07-29T02:18:31.707Z</time>
      </trkpt>
      <trkpt lat="46.113067" lon="13.157942">
        <ele>186.234627</ele>
        <time>2026-07-29T02:18:38.219Z</time>
      </trkpt>
      <trkpt lat="46.113164" lon="13.158010">
        <ele>186.309795</ele>
        <time>2026-07-29T02:18:40.514Z</time>
      </trkpt>
      <trkpt lat="46.113429" lon="13.158102">
        <ele>186.316435</ele>
        <time>2026-07-29T02:18:46.017Z</time>
      </trkpt>
      <trkpt lat="46.113625" lon="13.158230">
        <ele>186.307044</ele>
        <time>2026-07-29T02:18:49.688Z</time>
      </trkpt>
      <trkpt lat="46.114221" lon="13.158995">
        <ele>186.272223</ele>
        <time>2026-07-29T02:18:59.495Z</time>
      </trkpt>
      <trkpt lat="46.114367" lon="13.159132">
        <ele>186.264620</ele>
        <time>2026-07-29T02:19:01.582Z</time>
      </trkpt>
      <trkpt lat="46.114463" lon="13.159184">
        <ele>186.260144</ele>
        <time>2026-07-29T02:19:02.872Z</time>
      </trkpt>
      <trkpt lat="46.117162" lon="13.159548">
        <ele>187.865413</ele>
        <time>2026-07-29T02:19:50.929Z</time>
      </trkpt>
      <trkpt lat="46.117314" lon="13.159550">
        <ele>187.984874</ele>
        <time>2026-07-29T02:19:53.762Z</time>
      </trkpt>
      <trkpt lat="46.117399" lon="13.159521">
        <ele>188.053517</ele>
        <time>2026-07-29T02:19:55.423Z</time>
      </trkpt>
      <trkpt lat="46.117703" lon="13.159311">
        <ele>188.318406</ele>
        <time>2026-07-29T02:20:01.973Z</time>
      </trkpt>
      <trkpt lat="46.117898" lon="13.159238">
        <ele>188.476731</ele>
        <time>2026-07-29T02:20:05.934Z</time>
      </trkpt>
      <trkpt lat="46.118359" lon="13.159292">
        <ele>189.060188</ele>
        <time>2026-07-29T02:20:13.729Z</time>
      </trkpt>
      <trkpt lat="46.118892" lon="13.159441">
        <ele>190.779252</ele>
        <time>2026-07-29T02:20:21.713Z</time>
      </trkpt>
      <trkpt lat="46.119213" lon="13.159132">
        <ele>192.001144</ele>
        <time>2026-07-29T02:20:31.264Z</time>
      </trkpt>
      <trkpt lat="46.119874" lon="13.158609">
        <ele>194.388217</ele>
        <time>2026-07-29T02:20:59.888Z</time>
      </trkpt>
      <trkpt lat="46.120037" lon="13.158578">
        <ele>195.407929</ele>
        <time>2026-07-29T02:21:06.191Z</time>
      </trkpt>
      <trkpt lat="46.120311" lon="13.158602">
        <ele>197.249740</ele>
        <time>2026-07-29T02:21:16.692Z</time>
      </trkpt>
      <trkpt lat="46.120733" lon="13.158674">
        <ele>200.100914</ele>
        <time>2026-07-29T02:21:34.814Z</time>
      </trkpt>
      <trkpt lat="46.120814" lon="13.158665">
        <ele>200.646000</ele>
        <time>2026-07-29T02:21:38.654Z</time>
      </trkpt>
      <trkpt lat="46.120869" lon="13.158626">
        <ele>201.057191</ele>
        <time>2026-07-29T02:21:41.545Z</time>
      </trkpt>
      <trkpt lat="46.120986" lon="13.158441">
        <ele>202.221881</ele>
        <time>2026-07-29T02:21:49.787Z</time>
      </trkpt>
      <trkpt lat="46.121695" lon="13.157033">
        <ele>209.985118</ele>
        <time>2026-07-29T02:22:40.041Z</time>
      </trkpt>
      <trkpt lat="46.121900" lon="13.156525">
        <ele>212.480177</ele>
        <time>2026-07-29T02:22:54.114Z</time>
      </trkpt>
      <trkpt lat="46.121989" lon="13.156019">
        <ele>214.695993</ele>
        <time>2026-07-29T02:23:06.315Z</time>
      </trkpt>
      <trkpt lat="46.121988" lon="13.154336">
        <ele>221.791767</ele>
        <time>2026-07-29T02:23:56.601Z</time>
      </trkpt>
      <trkpt lat="46.122170" lon="13.153682">
        <ele>224.749782</ele>
        <time>2026-07-29T02:24:27.415Z</time>
      </trkpt>
      <trkpt lat="46.122199" lon="13.153593">
        <ele>225.162560</ele>
        <time>2026-07-29T02:24:30.868Z</time>
      </trkpt>
      <trkpt lat="46.122296" lon="13.153433">
        <ele>226.054766</ele>
        <time>2026-07-29T02:24:36.774Z</time>
      </trkpt>
      <trkpt lat="46.122308" lon="13.153442">
        <ele>226.136666</ele>
        <time>2026-07-29T02:24:37.208Z</time>
      </trkpt>
      <trkpt lat="46.122388" lon="13.153433">
        <ele>226.622585</ele>
        <time>2026-07-29T02:24:39.460Z</time>
      </trkpt>
      <trkpt lat="46.122412" lon="13.153401">
        <ele>226.820479</ele>
        <time>2026-07-29T02:24:40.198Z</time>
      </trkpt>
      <trkpt lat="46.122608" lon="13.153373">
        <ele>228.013184</ele>
        <time>2026-07-29T02:24:42.793Z</time>
      </trkpt>
      <trkpt lat="46.123229" lon="13.153320">
        <ele>226.718653</ele>
        <time>2026-07-29T02:24:49.111Z</time>
      </trkpt>
      <trkpt lat="46.123580" lon="13.153393">
        <ele>225.614637</ele>
        <time>2026-07-29T02:24:52.610Z</time>
      </trkpt>
      <trkpt lat="46.123911" lon="13.153406">
        <ele>224.583798</ele>
        <time>2026-07-29T02:24:55.702Z</time>
      </trkpt>
      <trkpt lat="46.124511" lon="13.153335">
        <ele>222.858219</ele>
        <time>2026-07-29T02:25:01.223Z</time>
      </trkpt>
      <trkpt lat="46.124679" lon="13.153286">
        <ele>222.943191</ele>
        <time>2026-07-29T02:25:02.996Z</time>
      </trkpt>
      <trkpt lat="46.124867" lon="13.153159">
        <ele>223.046103</ele>
        <time>2026-07-29T02:25:06.302Z</time>
      </trkpt>
      <trkpt lat="46.125003" lon="13.153009">
        <ele>223.130970</ele>
        <time>2026-07-29T02:25:11.213Z</time>
      </trkpt>
      <trkpt lat="46.125288" lon="13.152498">
        <ele>223.356340</ele>
        <time>2026-07-29T02:25:29.656Z</time>
      </trkpt>
      <trkpt lat="46.125335" lon="13.152347">
        <ele>223.413216</ele>
        <time>2026-07-29T02:25:34.103Z</time>
      </trkpt>
      <trkpt lat="46.125354" lon="13.152146">
        <ele>223.482919</ele>
        <time>2026-07-29T02:25:38.426Z</time>
      </trkpt>
      <trkpt lat="46.125344" lon="13.151881">
        <ele>223.574108</ele>
        <time>2026-07-29T02:25:42.205Z</time>
      </trkpt>
      <trkpt lat="46.125458" lon="13.151166">
        <ele>223.107843</ele>
        <time>2026-07-29T02:25:47.198Z</time>
      </trkpt>
      <trkpt lat="46.125532" lon="13.150888">
        <ele>222.450049</ele>
        <time>2026-07-29T02:25:49.092Z</time>
      </trkpt>
      <trkpt lat="46.125654" lon="13.150640">
        <ele>221.778291</ele>
        <time>2026-07-29T02:25:51.049Z</time>
      </trkpt>
      <trkpt lat="46.125867" lon="13.150412">
        <ele>220.933041</ele>
        <time>2026-07-29T02:25:53.553Z</time>
      </trkpt>
      <trkpt lat="46.126409" lon="13.149966">
        <ele>218.944503</ele>
        <time>2026-07-29T02:25:59.947Z</time>
      </trkpt>
      <trkpt lat="46.126871" lon="13.149843">
        <ele>217.574402</ele>
        <time>2026-07-29T02:26:05.434Z</time>
      </trkpt>
      <trkpt lat="46.127563" lon="13.149603">
        <ele>215.830620</ele>
        <time>2026-07-29T02:26:13.365Z</time>
      </trkpt>
      <trkpt lat="46.127900" lon="13.149546">
        <ele>214.999272</ele>
        <time>2026-07-29T02:26:16.871Z</time>
      </trkpt>
      <trkpt lat="46.128580" lon="13.149525">
        <ele>213.281621</ele>
        <time>2026-07-29T02:26:23.704Z</time>
      </trkpt>
      <trkpt lat="46.128869" lon="13.149571">
        <ele>212.427634</ele>
        <time>2026-07-29T02:26:26.710Z</time>
      </trkpt>
      <trkpt lat="46.129141" lon="13.149669">
        <ele>211.604198</ele>
        <time>2026-07-29T02:26:29.753Z</time>
      </trkpt>
      <trkpt lat="46.129480" lon="13.149841">
        <ele>210.548740</ele>
        <time>2026-07-29T02:26:33.743Z</time>
      </trkpt>
      <trkpt lat="46.129835" lon="13.149927">
        <ele>209.491457</ele>
        <time>2026-07-29T02:26:37.535Z</time>
      </trkpt>
      <trkpt lat="46.130945" lon="13.149876">
        <ele>205.995971</ele>
        <time>2026-07-29T02:26:48.330Z</time>
      </trkpt>
      <trkpt lat="46.131169" lon="13.149842">
        <ele>205.260047</ele>
        <time>2026-07-29T02:26:50.460Z</time>
      </trkpt>
      <trkpt lat="46.131401" lon="13.149738">
        <ele>204.466285</ele>
        <time>2026-07-29T02:26:52.740Z</time>
      </trkpt>
      <trkpt lat="46.131791" lon="13.149503">
        <ele>203.085381</ele>
        <time>2026-07-29T02:26:57.064Z</time>
      </trkpt>
      <trkpt lat="46.132167" lon="13.149289">
        <ele>202.574692</ele>
        <time>2026-07-29T02:27:03.230Z</time>
      </trkpt>
      <trkpt lat="46.133420" lon="13.148702">
        <ele>203.506287</ele>
        <time>2026-07-29T02:27:26.369Z</time>
      </trkpt>
      <trkpt lat="46.133666" lon="13.148672">
        <ele>203.680869</ele>
        <time>2026-07-29T02:27:31.707Z</time>
      </trkpt>
      <trkpt lat="46.134415" lon="13.148676">
        <ele>205.152047</ele>
        <time>2026-07-29T02:27:52.015Z</time>
      </trkpt>
      <trkpt lat="46.134673" lon="13.148625">
        <ele>205.677482</ele>
        <time>2026-07-29T02:27:59.566Z</time>
      </trkpt>
      <trkpt lat="46.134869" lon="13.148526">
        <ele>206.096482</ele>
        <time>2026-07-29T02:28:04.946Z</time>
      </trkpt>
      <trkpt lat="46.135236" lon="13.148301">
        <ele>206.901044</ele>
        <time>2026-07-29T02:28:13.164Z</time>
      </trkpt>
      <trkpt lat="46.135639" lon="13.148156">
        <ele>207.192968</ele>
        <time>2026-07-29T02:28:19.400Z</time>
      </trkpt>
      <trkpt lat="46.137011" lon="13.147800">
        <ele>206.235265</ele>
        <time>2026-07-29T02:28:38.726Z</time>
      </trkpt>
      <trkpt lat="46.137561" lon="13.147634">
        <ele>204.979939</ele>
        <time>2026-07-29T02:28:44.384Z</time>
      </trkpt>
      <trkpt lat="46.137693" lon="13.147546">
        <ele>204.528123</ele>
        <time>2026-07-29T02:28:45.800Z</time>
      </trkpt>
      <trkpt lat="46.138560" lon="13.146761">
        <ele>201.347768</ele>
        <time>2026-07-29T02:28:55.875Z</time>
      </trkpt>
      <trkpt lat="46.138817" lon="13.146625">
        <ele>200.505678</ele>
        <time>2026-07-29T02:28:58.662Z</time>
      </trkpt>
      <trkpt lat="46.138852" lon="13.145982">
        <ele>200.314663</ele>
        <time>2026-07-29T02:29:03.710Z</time>
      </trkpt>
      <trkpt lat="46.138915" lon="13.145552">
        <ele>200.184501</ele>
        <time>2026-07-29T02:29:07.838Z</time>
      </trkpt>
      <trkpt lat="46.139004" lon="13.145156">
        <ele>200.061209</ele>
        <time>2026-07-29T02:29:12.034Z</time>
      </trkpt>
      <trkpt lat="46.140089" lon="13.142090">
        <ele>201.017583</ele>
        <time>2026-07-29T02:29:55.238Z</time>
      </trkpt>
      <trkpt lat="46.140153" lon="13.141839">
        <ele>201.140084</ele>
        <time>2026-07-29T02:29:58.959Z</time>
      </trkpt>
      <trkpt lat="46.140203" lon="13.141328">
        <ele>200.926144</ele>
        <time>2026-07-29T02:30:05.210Z</time>
      </trkpt>
      <trkpt lat="46.140218" lon="13.141044">
        <ele>200.808069</ele>
        <time>2026-07-29T02:30:07.993Z</time>
      </trkpt>
      <trkpt lat="46.140305" lon="13.140595">
        <ele>200.614793</ele>
        <time>2026-07-29T02:30:11.911Z</time>
      </trkpt>
      <trkpt lat="46.141318" lon="13.137961">
        <ele>198.962487</ele>
        <time>2026-07-29T02:30:36.652Z</time>
      </trkpt>
      <trkpt lat="46.142221" lon="13.134817">
        <ele>198.080296</ele>
        <time>2026-07-29T02:31:08.697Z</time>
      </trkpt>
      <trkpt lat="46.142258" lon="13.134690">
        <ele>198.103487</ele>
        <time>2026-07-29T02:31:10.381Z</time>
      </trkpt>
      <trkpt lat="46.142796" lon="13.132781">
        <ele>199.291165</ele>
        <time>2026-07-29T02:31:38.574Z</time>
      </trkpt>
      <trkpt lat="46.142802" lon="13.132400">
        <ele>199.510790</ele>
        <time>2026-07-29T02:31:42.758Z</time>
      </trkpt>
      <trkpt lat="46.142763" lon="13.132070">
        <ele>199.835477</ele>
        <time>2026-07-29T02:31:46.227Z</time>
      </trkpt>
      <trkpt lat="46.142647" lon="13.131514">
        <ele>200.491644</ele>
        <time>2026-07-29T02:31:53.099Z</time>
      </trkpt>
      <trkpt lat="46.142254" lon="13.130306">
        <ele>201.999728</ele>
        <time>2026-07-29T02:32:13.222Z</time>
      </trkpt>
      <trkpt lat="46.141525" lon="13.128313">
        <ele>205.626116</ele>
        <time>2026-07-29T02:32:55.890Z</time>
      </trkpt>
      <trkpt lat="46.141062" lon="13.127579">
        <ele>207.009585</ele>
        <time>2026-07-29T02:33:10.428Z</time>
      </trkpt>
      <trkpt lat="46.140928" lon="13.127318">
        <ele>207.053900</ele>
        <time>2026-07-29T02:33:14.648Z</time>
      </trkpt>
      <trkpt lat="46.140671" lon="13.126720">
        <ele>207.149899</ele>
        <time>2026-07-29T02:33:22.795Z</time>
      </trkpt>
      <trkpt lat="46.140454" lon="13.126041">
        <ele>207.251909</ele>
        <time>2026-07-29T02:33:29.894Z</time>
      </trkpt>
      <trkpt lat="46.140171" lon="13.125099">
        <ele>206.954348</ele>
        <time>2026-07-29T02:33:38.947Z</time>
      </trkpt>
      <trkpt lat="46.140068" lon="13.124483">
        <ele>206.372141</ele>
        <time>2026-07-29T02:33:44.333Z</time>
      </trkpt>
      <trkpt lat="46.139965" lon="13.123491">
        <ele>205.450545</ele>
        <time>2026-07-29T02:33:52.524Z</time>
      </trkpt>
      <trkpt lat="46.139909" lon="13.123238">
        <ele>205.206524</ele>
        <time>2026-07-29T02:33:54.620Z</time>
      </trkpt>
      <trkpt lat="46.139824" lon="13.122991">
        <ele>204.953140</ele>
        <time>2026-07-29T02:33:56.748Z</time>
      </trkpt>
      <trkpt lat="46.139384" lon="13.122069">
        <ele>203.528999</ele>
        <time>2026-07-29T02:34:04.895Z</time>
      </trkpt>
      <trkpt lat="46.139221" lon="13.121891">
        <ele>203.153458</ele>
        <time>2026-07-29T02:34:07.005Z</time>
      </trkpt>
      <trkpt lat="46.139021" lon="13.121767">
        <ele>202.753535</ele>
        <time>2026-07-29T02:34:09.309Z</time>
      </trkpt>
      <trkpt lat="46.137343" lon="13.121238">
        <ele>200.990660</ele>
        <time>2026-07-29T02:34:31.008Z</time>
      </trkpt>
      <trkpt lat="46.136901" lon="13.121016">
        <ele>200.715562</ele>
        <time>2026-07-29T02:34:38.135Z</time>
      </trkpt>
      <trkpt lat="46.136795" lon="13.120939">
        <ele>200.645806</ele>
        <time>2026-07-29T02:34:39.947Z</time>
      </trkpt>
      <trkpt lat="46.136740" lon="13.120830">
        <ele>200.590885</ele>
        <time>2026-07-29T02:34:41.358Z</time>
      </trkpt>
      <trkpt lat="46.136598" lon="13.120334">
        <ele>200.118177</ele>
        <time>2026-07-29T02:34:46.311Z</time>
      </trkpt>
      <trkpt lat="46.136588" lon="13.120301">
        <ele>200.086273</ele>
        <time>2026-07-29T02:34:46.614Z</time>
      </trkpt>
      <trkpt lat="46.135048" lon="13.115045">
        <ele>194.181181</ele>
        <time>2026-07-29T02:35:31.535Z</time>
      </trkpt>
      <trkpt lat="46.134064" lon="13.112669">
        <ele>191.369008</ele>
        <time>2026-07-29T02:35:53.696Z</time>
      </trkpt>
      <trkpt lat="46.133927" lon="13.112401">
        <ele>191.050399</ele>
        <time>2026-07-29T02:35:56.483Z</time>
      </trkpt>
      <trkpt lat="46.133840" lon="13.112287">
        <ele>190.888162</ele>
        <time>2026-07-29T02:35:57.899Z</time>
      </trkpt>
      <trkpt lat="46.133157" lon="13.111581">
        <ele>189.722247</ele>
        <time>2026-07-29T02:36:07.773Z</time>
      </trkpt>
      <trkpt lat="46.132592" lon="13.111062">
        <ele>188.782012</ele>
        <time>2026-07-29T02:36:15.206Z</time>
      </trkpt>
      <trkpt lat="46.132347" lon="13.110677">
        <ele>188.273505</ele>
        <time>2026-07-29T02:36:19.330Z</time>
      </trkpt>
      <trkpt lat="46.132074" lon="13.110152">
        <ele>187.634959</ele>
        <time>2026-07-29T02:36:24.793Z</time>
      </trkpt>
      <trkpt lat="46.131958" lon="13.109993">
        <ele>187.448959</ele>
        <time>2026-07-29T02:36:26.839Z</time>
      </trkpt>
      <trkpt lat="46.131718" lon="13.109483">
        <ele>187.002595</ele>
        <time>2026-07-29T02:36:32.340Z</time>
      </trkpt>
      <trkpt lat="46.131622" lon="13.109216">
        <ele>186.784798</ele>
        <time>2026-07-29T02:36:34.971Z</time>
      </trkpt>
      <trkpt lat="46.130863" lon="13.106288">
        <ele>185.183275</ele>
        <time>2026-07-29T02:37:00.843Z</time>
      </trkpt>
      <trkpt lat="46.130583" lon="13.105169">
        <ele>184.871560</ele>
        <time>2026-07-29T02:37:15.075Z</time>
      </trkpt>
      <trkpt lat="46.130549" lon="13.105032">
        <ele>184.869350</ele>
        <time>2026-07-29T02:37:17.098Z</time>
      </trkpt>
      <trkpt lat="46.130149" lon="13.103256">
        <ele>184.840996</ele>
        <time>2026-07-29T02:37:40.169Z</time>
      </trkpt>
      <trkpt lat="46.130047" lon="13.102937">
        <ele>184.835662</ele>
        <time>2026-07-29T02:37:42.900Z</time>
      </trkpt>
      <trkpt lat="46.129813" lon="13.102447">
        <ele>183.652277</ele>
        <time>2026-07-29T02:37:47.052Z</time>
      </trkpt>
      <trkpt lat="46.129108" lon="13.101287">
        <ele>180.401443</ele>
        <time>2026-07-29T02:37:57.616Z</time>
      </trkpt>
      <trkpt lat="46.128552" lon="13.100049">
        <ele>179.106852</ele>
        <time>2026-07-29T02:38:08.238Z</time>
      </trkpt>
      <trkpt lat="46.128462" lon="13.099863">
        <ele>179.046940</ele>
        <time>2026-07-29T02:38:09.986Z</time>
      </trkpt>
      <trkpt lat="46.128358" lon="13.099635">
        <ele>178.974852</ele>
        <time>2026-07-29T02:38:12.358Z</time>
      </trkpt>
      <trkpt lat="46.127398" lon="13.097458">
        <ele>180.156565</ele>
        <time>2026-07-29T02:38:55.434Z</time>
      </trkpt>
      <trkpt lat="46.127168" lon="13.096952">
        <ele>180.764249</ele>
        <time>2026-07-29T02:39:05.668Z</time>
      </trkpt>
      <trkpt lat="46.127020" lon="13.096504">
        <ele>181.262646</ele>
        <time>2026-07-29T02:39:11.156Z</time>
      </trkpt>
      <trkpt lat="46.126956" lon="13.096285">
        <ele>181.037908</ele>
        <time>2026-07-29T02:39:13.033Z</time>
      </trkpt>
      <trkpt lat="46.126529" lon="13.094714">
        <ele>179.058559</ele>
        <time>2026-07-29T02:39:24.801Z</time>
      </trkpt>
      <trkpt lat="46.126462" lon="13.094661">
        <ele>178.929244</ele>
        <time>2026-07-29T02:39:25.691Z</time>
      </trkpt>
      <trkpt lat="46.125698" lon="13.094569">
        <ele>178.254951</ele>
        <time>2026-07-29T02:39:38.116Z</time>
      </trkpt>
      <trkpt lat="46.125650" lon="13.094535">
        <ele>178.256641</ele>
        <time>2026-07-29T02:39:39.086Z</time>
      </trkpt>
      <trkpt lat="46.125602" lon="13.094450">
        <ele>178.259044</ele>
        <time>2026-07-29T02:39:40.473Z</time>
      </trkpt>
      <trkpt lat="46.125402" lon="13.093720">
        <ele>178.276244</ele>
        <time>2026-07-29T02:39:49.394Z</time>
      </trkpt>
      <trkpt lat="46.125172" lon="13.093099">
        <ele>178.291672</ele>
        <time>2026-07-29T02:39:56.179Z</time>
      </trkpt>
      <trkpt lat="46.124638" lon="13.092092">
        <ele>178.311035</ele>
        <time>2026-07-29T02:40:08.827Z</time>
      </trkpt>
      <trkpt lat="46.124147" lon="13.090369">
        <ele>178.324902</ele>
        <time>2026-07-29T02:40:28.203Z</time>
      </trkpt>
      <trkpt lat="46.124098" lon="13.089981">
        <ele>178.304225</ele>
        <time>2026-07-29T02:40:32.666Z</time>
      </trkpt>
      <trkpt lat="46.124143" lon="13.089304">
        <ele>178.268568</ele>
        <time>2026-07-29T02:40:40.236Z</time>
      </trkpt>
      <trkpt lat="46.124140" lon="13.089033">
        <ele>178.254358</ele>
        <time>2026-07-29T02:40:42.958Z</time>
      </trkpt>
      <trkpt lat="46.123984" lon="13.087385">
        <ele>177.956804</ele>
        <time>2026-07-29T02:40:58.443Z</time>
      </trkpt>
      <trkpt lat="46.123859" lon="13.086613">
        <ele>177.613040</ele>
        <time>2026-07-29T02:41:06.620Z</time>
      </trkpt>
      <trkpt lat="46.123792" lon="13.085850">
        <ele>177.279547</ele>
        <time>2026-07-29T02:41:13.708Z</time>
      </trkpt>
      <trkpt lat="46.123679" lon="13.084018">
        <ele>176.098356</ele>
        <time>2026-07-29T02:41:27.984Z</time>
      </trkpt>
      <trkpt lat="46.123692" lon="13.083797">
        <ele>175.939515</ele>
        <time>2026-07-29T02:41:29.804Z</time>
      </trkpt>
      <trkpt lat="46.123547" lon="13.083756">
        <ele>175.786841</ele>
        <time>2026-07-29T02:41:31.650Z</time>
      </trkpt>
      <trkpt lat="46.123324" lon="13.083693">
        <ele>175.552047</ele>
        <time>2026-07-29T02:41:34.756Z</time>
      </trkpt>
      <trkpt lat="46.122957" lon="13.083590">
        <ele>175.209656</ele>
        <time>2026-07-29T02:41:40.794Z</time>
      </trkpt>
      <trkpt lat="46.120806" lon="13.082943">
        <ele>174.657236</ele>
        <time>2026-07-29T02:42:13.111Z</time>
      </trkpt>
      <trkpt lat="46.120827" lon="13.082614">
        <ele>174.426084</ele>
        <time>2026-07-29T02:42:15.769Z</time>
      </trkpt>
      <trkpt lat="46.120990" lon="13.081447">
        <ele>173.593202</ele>
        <time>2026-07-29T02:42:25.409Z</time>
      </trkpt>
      <trkpt lat="46.121092" lon="13.080567">
        <ele>173.728239</ele>
        <time>2026-07-29T02:42:32.352Z</time>
      </trkpt>
      <trkpt lat="46.121099" lon="13.080041">
        <ele>174.231727</ele>
        <time>2026-07-29T02:42:37.375Z</time>
      </trkpt>
      <trkpt lat="46.121073" lon="13.079727">
        <ele>174.534369</ele>
        <time>2026-07-29T02:42:42.193Z</time>
      </trkpt>
      <trkpt lat="46.121003" lon="13.079559">
        <ele>174.721964</ele>
        <time>2026-07-29T02:42:45.741Z</time>
      </trkpt>
      <trkpt lat="46.121143" lon="13.078840">
        <ele>175.436700</ele>
        <time>2026-07-29T02:43:01.181Z</time>
      </trkpt>
      <trkpt lat="46.121251" lon="13.078574">
        <ele>175.731727</ele>
        <time>2026-07-29T02:43:07.282Z</time>
      </trkpt>
      <trkpt lat="46.121399" lon="13.078368">
        <ele>175.952600</ele>
        <time>2026-07-29T02:43:13.090Z</time>
      </trkpt>
      <trkpt lat="46.121427" lon="13.078290">
        <ele>176.014813</ele>
        <time>2026-07-29T02:43:14.664Z</time>
      </trkpt>
      <trkpt lat="46.121416" lon="13.077965">
        <ele>176.245267</ele>
        <time>2026-07-29T02:43:20.083Z</time>
      </trkpt>
      <trkpt lat="46.122101" lon="13.077425">
        <ele>177.042875</ele>
        <time>2026-07-29T02:43:33.653Z</time>
      </trkpt>
      <trkpt lat="46.122085" lon="13.077393">
        <ele>177.070820</ele>
        <time>2026-07-29T02:43:34.617Z</time>
      </trkpt>
      <trkpt lat="46.122848" lon="13.076791">
        <ele>178.288344</ele>
        <time>2026-07-29T02:43:45.538Z</time>
      </trkpt>
      <trkpt lat="46.122938" lon="13.076634">
        <ele>178.568819</ele>
        <time>2026-07-29T02:43:48.015Z</time>
      </trkpt>
      <trkpt lat="46.123280" lon="13.076323">
        <ele>179.371751</ele>
        <time>2026-07-29T02:44:00.394Z</time>
      </trkpt>
      <trkpt lat="46.123362" lon="13.076197">
        <ele>179.609682</ele>
        <time>2026-07-29T02:44:03.541Z</time>
      </trkpt>
      <trkpt lat="46.123479" lon="13.075892">
        <ele>180.089569</ele>
        <time>2026-07-29T02:44:08.055Z</time>
      </trkpt>
      <trkpt lat="46.123535" lon="13.075894">
        <ele>180.200828</ele>
        <time>2026-07-29T02:44:09.525Z</time>
      </trkpt>
      <trkpt lat="46.123717" lon="13.075883">
        <ele>180.562626</ele>
        <time>2026-07-29T02:44:14.244Z</time>
      </trkpt>
      <trkpt lat="46.123783" lon="13.075844">
        <ele>180.704281</ele>
        <time>2026-07-29T02:44:15.847Z</time>
      </trkpt>
      <trkpt lat="46.123887" lon="13.075679">
        <ele>181.011299</ele>
        <time>2026-07-29T02:44:18.390Z</time>
      </trkpt>
      <trkpt lat="46.124480" lon="13.075313">
        <ele>184.096950</ele>
        <time>2026-07-29T02:44:39.412Z</time>
      </trkpt>
      <trkpt lat="46.124734" lon="13.075101">
        <ele>185.628118</ele>
        <time>2026-07-29T02:44:50.426Z</time>
      </trkpt>
      <trkpt lat="46.124846" lon="13.074978">
        <ele>186.362574</ele>
        <time>2026-07-29T02:44:56.178Z</time>
      </trkpt>
      <trkpt lat="46.125025" lon="13.074706">
        <ele>187.719068</ele>
        <time>2026-07-29T02:45:07.279Z</time>
      </trkpt>
      <trkpt lat="46.125414" lon="13.074067">
        <ele>190.713488</ele>
        <time>2026-07-29T02:45:31.715Z</time>
      </trkpt>
      <trkpt lat="46.125630" lon="13.073548">
        <ele>192.115074</ele>
        <time>2026-07-29T02:45:45.618Z</time>
      </trkpt>
      <trkpt lat="46.126555" lon="13.070218">
        <ele>197.049752</ele>
        <time>2026-07-29T02:46:47.012Z</time>
      </trkpt>
      <trkpt lat="46.126598" lon="13.070157">
        <ele>197.074530</ele>
        <time>2026-07-29T02:46:47.851Z</time>
      </trkpt>
      <trkpt lat="46.126669" lon="13.070139">
        <ele>197.104149</ele>
        <time>2026-07-29T02:46:48.756Z</time>
      </trkpt>
      <trkpt lat="46.126676" lon="13.070111">
        <ele>197.112626</ele>
        <time>2026-07-29T02:46:48.997Z</time>
      </trkpt>
      <trkpt lat="46.126697" lon="13.070026">
        <ele>197.138323</ele>
        <time>2026-07-29T02:46:49.720Z</time>
      </trkpt>
      <trkpt lat="46.126714" lon="13.069960">
        <ele>197.158374</ele>
        <time>2026-07-29T02:46:50.251Z</time>
      </trkpt>
      <trkpt lat="46.126700" lon="13.069852">
        <ele>197.189662</ele>
        <time>2026-07-29T02:46:51.056Z</time>
      </trkpt>
      <trkpt lat="46.126785" lon="13.069400">
        <ele>197.292821</ele>
        <time>2026-07-29T02:46:54.216Z</time>
      </trkpt>
      <trkpt lat="46.126922" lon="13.068901">
        <ele>196.790450</ele>
        <time>2026-07-29T02:46:57.749Z</time>
      </trkpt>
      <trkpt lat="46.127087" lon="13.068417">
        <ele>196.285594</ele>
        <time>2026-07-29T02:47:01.420Z</time>
      </trkpt>
      <trkpt lat="46.127311" lon="13.067966">
        <ele>195.766260</ele>
        <time>2026-07-29T02:47:05.777Z</time>
      </trkpt>
      <trkpt lat="46.128234" lon="13.066492">
        <ele>195.045639</ele>
        <time>2026-07-29T02:47:35.077Z</time>
      </trkpt>
      <trkpt lat="46.128457" lon="13.066221">
        <ele>195.109419</ele>
        <time>2026-07-29T02:47:40.091Z</time>
      </trkpt>
      <trkpt lat="46.128675" lon="13.066057">
        <ele>195.163201</ele>
        <time>2026-07-29T02:47:43.250Z</time>
      </trkpt>
      <trkpt lat="46.129046" lon="13.065689">
        <ele>195.261687</ele>
        <time>2026-07-29T02:47:48.303Z</time>
      </trkpt>
      <trkpt lat="46.130541" lon="13.063305">
        <ele>193.912137</ele>
        <time>2026-07-29T02:48:16.524Z</time>
      </trkpt>
      <trkpt lat="46.130683" lon="13.063129">
        <ele>193.981766</ele>
        <time>2026-07-29T02:48:18.919Z</time>
      </trkpt>
      <trkpt lat="46.130816" lon="13.063014">
        <ele>194.039439</ele>
        <time>2026-07-29T02:48:20.884Z</time>
      </trkpt>
      <trkpt lat="46.131431" lon="13.062787">
        <ele>194.275563</ele>
        <time>2026-07-29T02:48:30.031Z</time>
      </trkpt>
      <trkpt lat="46.131788" lon="13.062542">
        <ele>194.422607</ele>
        <time>2026-07-29T02:48:39.685Z</time>
      </trkpt>
      <trkpt lat="46.131766" lon="13.062473">
        <ele>194.442186</ele>
        <time>2026-07-29T02:48:41.125Z</time>
      </trkpt>
      <trkpt lat="46.133538" lon="13.060405">
        <ele>199.488571</ele>
        <time>2026-07-29T02:49:35.333Z</time>
      </trkpt>
      <trkpt lat="46.134027" lon="13.059901">
        <ele>200.956943</ele>
        <time>2026-07-29T02:49:49.461Z</time>
      </trkpt>
      <trkpt lat="46.136509" lon="13.057705">
        <ele>208.349425</ele>
        <time>2026-07-29T02:51:04.728Z</time>
      </trkpt>
      <trkpt lat="46.136620" lon="13.057614">
        <ele>208.579120</ele>
        <time>2026-07-29T02:51:07.655Z</time>
      </trkpt>
      <trkpt lat="46.137779" lon="13.056734">
        <ele>210.922277</ele>
        <time>2026-07-29T02:51:35.822Z</time>
      </trkpt>
      <trkpt lat="46.137999" lon="13.056522">
        <ele>210.615432</ele>
        <time>2026-07-29T02:51:41.514Z</time>
      </trkpt>
      <trkpt lat="46.138140" lon="13.056332">
        <ele>210.391670</ele>
        <time>2026-07-29T02:51:44.885Z</time>
      </trkpt>
      <trkpt lat="46.139088" lon="13.054726">
        <ele>208.595572</ele>
        <time>2026-07-29T02:52:00.653Z</time>
      </trkpt>
      <trkpt lat="46.140960" lon="13.052181">
        <ele>203.789412</ele>
        <time>2026-07-29T02:52:29.065Z</time>
      </trkpt>
      <trkpt lat="46.141062" lon="13.052085">
        <ele>203.583077</ele>
        <time>2026-07-29T02:52:30.389Z</time>
      </trkpt>
      <trkpt lat="46.141559" lon="13.051726">
        <ele>202.641359</ele>
        <time>2026-07-29T02:52:36.582Z</time>
      </trkpt>
      <trkpt lat="46.143088" lon="13.050656">
        <ele>201.856384</ele>
        <time>2026-07-29T02:52:58.202Z</time>
      </trkpt>
      <trkpt lat="46.143250" lon="13.050277">
        <ele>201.771242</ele>
        <time>2026-07-29T02:53:04.032Z</time>
      </trkpt>
      <trkpt lat="46.143431" lon="13.046934">
        <ele>206.451322</ele>
        <time>2026-07-29T02:54:11.471Z</time>
      </trkpt>
      <trkpt lat="46.143775" lon="13.040804">
        <ele>216.446106</ele>
        <time>2026-07-29T02:56:14.094Z</time>
      </trkpt>
      <trkpt lat="46.143841" lon="13.039606">
        <ele>218.130174</ele>
        <time>2026-07-29T02:56:45.686Z</time>
      </trkpt>
      <trkpt lat="46.143827" lon="13.039097">
        <ele>217.965251</ele>
        <time>2026-07-29T02:56:57.667Z</time>
      </trkpt>
      <trkpt lat="46.143791" lon="13.038814">
        <ele>217.872096</ele>
        <time>2026-07-29T02:57:03.299Z</time>
      </trkpt>
      <trkpt lat="46.143621" lon="13.038168">
        <ele>217.648370</ele>
        <time>2026-07-29T02:57:13.175Z</time>
      </trkpt>
      <trkpt lat="46.143462" lon="13.037929">
        <ele>217.541096</ele>
        <time>2026-07-29T02:57:16.597Z</time>
      </trkpt>
      <trkpt lat="46.143129" lon="13.037685">
        <ele>216.918404</ele>
        <time>2026-07-29T02:57:21.424Z</time>
      </trkpt>
      <trkpt lat="46.142894" lon="13.037501">
        <ele>214.085532</ele>
        <time>2026-07-29T02:57:24.799Z</time>
      </trkpt>
      <trkpt lat="46.142834" lon="13.037383">
        <ele>213.010974</ele>
        <time>2026-07-29T02:57:26.087Z</time>
      </trkpt>
      <trkpt lat="46.142792" lon="13.037241">
        <ele>211.877455</ele>
        <time>2026-07-29T02:57:27.432Z</time>
      </trkpt>
      <trkpt lat="46.142789" lon="13.037127">
        <ele>211.039912</ele>
        <time>2026-07-29T02:57:28.418Z</time>
      </trkpt>
      <trkpt lat="46.142934" lon="13.036651">
        <ele>207.222490</ele>
        <time>2026-07-29T02:57:32.876Z</time>
      </trkpt>
      <trkpt lat="46.142961" lon="13.036452">
        <ele>205.733773</ele>
        <time>2026-07-29T02:57:34.565Z</time>
      </trkpt>
      <trkpt lat="46.142919" lon="13.036106">
        <ele>203.154906</ele>
        <time>2026-07-29T02:57:37.426Z</time>
      </trkpt>
      <trkpt lat="46.142710" lon="13.035295">
        <ele>197.152225</ele>
        <time>2026-07-29T02:57:44.388Z</time>
      </trkpt>
      <trkpt lat="46.142699" lon="13.034996">
        <ele>195.457798</ele>
        <time>2026-07-29T02:57:46.815Z</time>
      </trkpt>
      <trkpt lat="46.142705" lon="13.034883">
        <ele>194.816455</ele>
        <time>2026-07-29T02:57:47.740Z</time>
      </trkpt>
      <trkpt lat="46.142712" lon="13.034771">
        <ele>194.180072</ele>
        <time>2026-07-29T02:57:48.668Z</time>
      </trkpt>
      <trkpt lat="46.142792" lon="13.034340">
        <ele>191.655036</ele>
        <time>2026-07-29T02:57:52.433Z</time>
      </trkpt>
      <trkpt lat="46.143075" lon="13.033539">
        <ele>186.566878</ele>
        <time>2026-07-29T02:58:00.602Z</time>
      </trkpt>
      <trkpt lat="46.143123" lon="13.033262">
        <ele>184.951062</ele>
        <time>2026-07-29T02:58:03.470Z</time>
      </trkpt>
      <trkpt lat="46.143142" lon="13.032967">
        <ele>183.656816</ele>
        <time>2026-07-29T02:58:06.708Z</time>
      </trkpt>
      <trkpt lat="46.143055" lon="13.031469">
        <ele>184.088726</ele>
        <time>2026-07-29T02:58:28.079Z</time>
      </trkpt>
      <trkpt lat="46.143071" lon="13.031097">
        <ele>184.195813</ele>
        <time>2026-07-29T02:58:35.437Z</time>
      </trkpt>
      <trkpt lat="46.143109" lon="13.030859">
        <ele>184.265987</ele>
        <time>2026-07-29T02:58:40.689Z</time>
      </trkpt>
      <trkpt lat="46.143194" lon="13.030598">
        <ele>184.348848</ele>
        <time>2026-07-29T02:58:47.185Z</time>
      </trkpt>
      <trkpt lat="46.143307" lon="13.030376">
        <ele>183.992090</ele>
        <time>2026-07-29T02:58:53.543Z</time>
      </trkpt>
      <trkpt lat="46.143423" lon="13.030277">
        <ele>183.491643</ele>
        <time>2026-07-29T02:58:57.555Z</time>
      </trkpt>
      <trkpt lat="46.143647" lon="13.030174">
        <ele>182.618615</ele>
        <time>2026-07-29T02:59:03.731Z</time>
      </trkpt>
      <trkpt lat="46.144249" lon="13.029925">
        <ele>180.293075</ele>
        <time>2026-07-29T02:59:13.953Z</time>
      </trkpt>
      <trkpt lat="46.144661" lon="13.029772">
        <ele>178.713265</ele>
        <time>2026-07-29T02:59:19.382Z</time>
      </trkpt>
      <trkpt lat="46.144744" lon="13.029672">
        <ele>178.311768</ele>
        <time>2026-07-29T02:59:20.702Z</time>
      </trkpt>
      <trkpt lat="46.144760" lon="13.029531">
        <ele>177.944158</ele>
        <time>2026-07-29T02:59:21.897Z</time>
      </trkpt>
      <trkpt lat="46.144738" lon="13.029457">
        <ele>177.736976</ele>
        <time>2026-07-29T02:59:22.564Z</time>
      </trkpt>
      <trkpt lat="46.144677" lon="13.029382">
        <ele>176.863190</ele>
        <time>2026-07-29T02:59:23.520Z</time>
      </trkpt>
      <trkpt lat="46.144346" lon="13.029174">
        <ele>172.612663</ele>
        <time>2026-07-29T02:59:27.812Z</time>
      </trkpt>
      <trkpt lat="46.144281" lon="13.029076">
        <ele>171.505959</ele>
        <time>2026-07-29T02:59:28.903Z</time>
      </trkpt>
      <trkpt lat="46.144235" lon="13.028947">
        <ele>170.322443</ele>
        <time>2026-07-29T02:59:30.083Z</time>
      </trkpt>
      <trkpt lat="46.144139" lon="13.028566">
        <ele>167.015274</ele>
        <time>2026-07-29T02:59:33.352Z</time>
      </trkpt>
      <trkpt lat="46.144108" lon="13.028333">
        <ele>165.079838</ele>
        <time>2026-07-29T02:59:35.274Z</time>
      </trkpt>
      <trkpt lat="46.144108" lon="13.028038">
        <ele>162.673362</ele>
        <time>2026-07-29T02:59:37.687Z</time>
      </trkpt>
      <trkpt lat="46.144145" lon="13.027739">
        <ele>160.195659</ele>
        <time>2026-07-29T02:59:40.203Z</time>
      </trkpt>
      <trkpt lat="46.144177" lon="13.027538">
        <ele>158.513263</ele>
        <time>2026-07-29T02:59:41.954Z</time>
      </trkpt>
      <trkpt lat="46.144273" lon="13.027042">
        <ele>155.706856</ele>
        <time>2026-07-29T02:59:46.443Z</time>
      </trkpt>
      <trkpt lat="46.144391" lon="13.026581">
        <ele>154.221455</ele>
        <time>2026-07-29T02:59:50.848Z</time>
      </trkpt>
      <trkpt lat="46.144506" lon="13.026294">
        <ele>153.219388</ele>
        <time>2026-07-29T02:59:53.995Z</time>
      </trkpt>
      <trkpt lat="46.144666" lon="13.026252">
        <ele>152.509954</ele>
        <time>2026-07-29T02:59:56.339Z</time>
      </trkpt>
      <trkpt lat="46.145262" lon="13.026367">
        <ele>149.886835</ele>
        <time>2026-07-29T03:00:05.879Z</time>
      </trkpt>
      <trkpt lat="46.145301" lon="13.026325">
        <ele>149.674563</ele>
        <time>2026-07-29T03:00:06.664Z</time>
      </trkpt>
      <trkpt lat="46.145337" lon="13.026151">
        <ele>149.125716</ele>
        <time>2026-07-29T03:00:08.692Z</time>
      </trkpt>
      <trkpt lat="46.145377" lon="13.026093">
        <ele>148.878373</ele>
        <time>2026-07-29T03:00:09.606Z</time>
      </trkpt>
      <trkpt lat="46.145393" lon="13.026089">
        <ele>148.807535</ele>
        <time>2026-07-29T03:00:09.869Z</time>
      </trkpt>
      <trkpt lat="46.145820" lon="13.026068">
        <ele>148.662259</ele>
        <time>2026-07-29T03:00:16.457Z</time>
      </trkpt>
      <trkpt lat="46.145873" lon="13.026004">
        <ele>148.658949</ele>
        <time>2026-07-29T03:00:17.526Z</time>
      </trkpt>
      <trkpt lat="46.145908" lon="13.025533">
        <ele>148.643230</ele>
        <time>2026-07-29T03:00:23.040Z</time>
      </trkpt>
      <trkpt lat="46.145932" lon="13.025388">
        <ele>148.638283</ele>
        <time>2026-07-29T03:00:24.925Z</time>
      </trkpt>
      <trkpt lat="46.145982" lon="13.025266">
        <ele>148.633580</ele>
        <time>2026-07-29T03:00:26.904Z</time>
      </trkpt>
      <trkpt lat="46.146010" lon="13.025199">
        <ele>148.630983</ele>
        <time>2026-07-29T03:00:28.090Z</time>
      </trkpt>
      <trkpt lat="46.146148" lon="13.024878">
        <ele>148.618448</ele>
        <time>2026-07-29T03:00:34.622Z</time>
      </trkpt>
      <trkpt lat="46.146512" lon="13.024007">
        <ele>149.464982</ele>
        <time>2026-07-29T03:00:53.737Z</time>
      </trkpt>
      <trkpt lat="46.146844" lon="13.023388">
        <ele>151.617677</ele>
        <time>2026-07-29T03:01:12.101Z</time>
      </trkpt>
      <trkpt lat="46.146975" lon="13.023005">
        <ele>152.792262</ele>
        <time>2026-07-29T03:01:23.180Z</time>
      </trkpt>
      <trkpt lat="46.147264" lon="13.022369">
        <ele>154.883837</ele>
        <time>2026-07-29T03:01:44.224Z</time>
      </trkpt>
      <trkpt lat="46.147538" lon="13.021856">
        <ele>157.373664</ele>
        <time>2026-07-29T03:02:02.973Z</time>
      </trkpt>
      <trkpt lat="46.147680" lon="13.021544">
        <ele>159.181765</ele>
        <time>2026-07-29T03:02:14.085Z</time>
      </trkpt>
      <trkpt lat="46.147714" lon="13.021405">
        <ele>159.895745</ele>
        <time>2026-07-29T03:02:18.681Z</time>
      </trkpt>
      <trkpt lat="46.147737" lon="13.021298">
        <ele>160.438374</ele>
        <time>2026-07-29T03:02:22.295Z</time>
      </trkpt>
      <trkpt lat="46.147854" lon="13.020197">
        <ele>165.833453</ele>
        <time>2026-07-29T03:03:01.161Z</time>
      </trkpt>
      <trkpt lat="46.147918" lon="13.019984">
        <ele>166.957970</ele>
        <time>2026-07-29T03:03:09.642Z</time>
      </trkpt>
      <trkpt lat="46.148153" lon="13.019425">
        <ele>170.111895</ele>
        <time>2026-07-29T03:03:34.074Z</time>
      </trkpt>
      <trkpt lat="46.148205" lon="13.019140">
        <ele>171.529081</ele>
        <time>2026-07-29T03:03:45.287Z</time>
      </trkpt>
      <trkpt lat="46.148204" lon="13.018768">
        <ele>173.317900</ele>
        <time>2026-07-29T03:03:59.151Z</time>
      </trkpt>
      <trkpt lat="46.148181" lon="13.018534">
        <ele>174.454384</ele>
        <time>2026-07-29T03:04:07.679Z</time>
      </trkpt>
      <trkpt lat="46.148069" lon="13.017830">
        <ele>177.927764</ele>
        <time>2026-07-29T03:04:31.218Z</time>
      </trkpt>
      <trkpt lat="46.148086" lon="13.017659">
        <ele>178.758462</ele>
        <time>2026-07-29T03:04:36.292Z</time>
      </trkpt>
      <trkpt lat="46.148139" lon="13.017551">
        <ele>179.394883</ele>
        <time>2026-07-29T03:04:40.095Z</time>
      </trkpt>
      <trkpt lat="46.148359" lon="13.017321">
        <ele>181.072335</ele>
        <time>2026-07-29T03:04:50.792Z</time>
      </trkpt>
      <trkpt lat="46.148543" lon="13.017074">
        <ele>182.071551</ele>
        <time>2026-07-29T03:05:00.334Z</time>
      </trkpt>
      <trkpt lat="46.148708" lon="13.016695">
        <ele>183.304732</ele>
        <time>2026-07-29T03:05:12.058Z</time>
      </trkpt>
      <trkpt lat="46.148707" lon="13.016621">
        <ele>183.508638</ele>
        <time>2026-07-29T03:05:13.966Z</time>
      </trkpt>
      <trkpt lat="46.148942" lon="13.016507">
        <ele>184.494508</ele>
        <time>2026-07-29T03:05:21.584Z</time>
      </trkpt>
      <trkpt lat="46.149117" lon="13.016378">
        <ele>185.275911</ele>
        <time>2026-07-29T03:05:27.642Z</time>
      </trkpt>
      <trkpt lat="46.149364" lon="13.016156">
        <ele>186.432983</ele>
        <time>2026-07-29T03:05:36.162Z</time>
      </trkpt>
      <trkpt lat="46.149451" lon="13.016032">
        <ele>186.919183</ele>
        <time>2026-07-29T03:05:39.574Z</time>
      </trkpt>
      <trkpt lat="46.149722" lon="13.015623">
        <ele>188.446212</ele>
        <time>2026-07-29T03:05:49.904Z</time>
      </trkpt>
      <trkpt lat="46.149970" lon="13.015335">
        <ele>189.635598</ele>
        <time>2026-07-29T03:05:57.915Z</time>
      </trkpt>
      <trkpt lat="46.150384" lon="13.014957">
        <ele>191.466104</ele>
        <time>2026-07-29T03:06:12.155Z</time>
      </trkpt>
      <trkpt lat="46.150469" lon="13.014881">
        <ele>191.839723</ele>
        <time>2026-07-29T03:06:15.563Z</time>
      </trkpt>
      <trkpt lat="46.151079" lon="13.014304">
        <ele>194.564928</ele>
        <time>2026-07-29T03:06:41.806Z</time>
      </trkpt>
      <trkpt lat="46.151444" lon="13.013990">
        <ele>194.562072</ele>
        <time>2026-07-29T03:06:52.604Z</time>
      </trkpt>
      <trkpt lat="46.151849" lon="13.013826">
        <ele>194.451188</ele>
        <time>2026-07-29T03:06:59.403Z</time>
      </trkpt>
      <trkpt lat="46.152293" lon="13.013564">
        <ele>194.324742</ele>
        <time>2026-07-29T03:07:04.984Z</time>
      </trkpt>
      <trkpt lat="46.152525" lon="13.013365">
        <ele>194.253602</ele>
        <time>2026-07-29T03:07:07.799Z</time>
      </trkpt>
      <trkpt lat="46.152762" lon="13.013055">
        <ele>194.065577</ele>
        <time>2026-07-29T03:07:10.951Z</time>
      </trkpt>
      <trkpt lat="46.152878" lon="13.012935">
        <ele>193.861576</ele>
        <time>2026-07-29T03:07:12.344Z</time>
      </trkpt>
      <trkpt lat="46.152907" lon="13.012915">
        <ele>193.815633</ele>
        <time>2026-07-29T03:07:12.665Z</time>
      </trkpt>
      <trkpt lat="46.152922" lon="13.012858">
        <ele>193.755254</ele>
        <time>2026-07-29T03:07:13.080Z</time>
      </trkpt>
      <trkpt lat="46.152972" lon="13.012573">
        <ele>193.464124</ele>
        <time>2026-07-29T03:07:15.097Z</time>
      </trkpt>
      <trkpt lat="46.153035" lon="13.012038">
        <ele>192.926744</ele>
        <time>2026-07-29T03:07:19.219Z</time>
      </trkpt>
      <trkpt lat="46.153104" lon="13.011527">
        <ele>192.411206</ele>
        <time>2026-07-29T03:07:24.494Z</time>
      </trkpt>
      <trkpt lat="46.153188" lon="13.010596">
        <ele>191.729143</ele>
        <time>2026-07-29T03:07:35.175Z</time>
      </trkpt>
      <trkpt lat="46.153175" lon="13.009628">
        <ele>192.464673</ele>
        <time>2026-07-29T03:07:43.825Z</time>
      </trkpt>
      <trkpt lat="46.153196" lon="13.009327">
        <ele>192.694500</ele>
        <time>2026-07-29T03:07:46.965Z</time>
      </trkpt>
      <trkpt lat="46.153247" lon="13.009050">
        <ele>192.912243</ele>
        <time>2026-07-29T03:07:50.526Z</time>
      </trkpt>
      <trkpt lat="46.153292" lon="13.008895">
        <ele>193.039919</ele>
        <time>2026-07-29T03:07:53.005Z</time>
      </trkpt>
      <trkpt lat="46.153367" lon="13.008719">
        <ele>193.196900</ele>
        <time>2026-07-29T03:07:56.362Z</time>
      </trkpt>
      <trkpt lat="46.153630" lon="13.008261">
        <ele>193.561300</ele>
        <time>2026-07-29T03:08:08.435Z</time>
      </trkpt>
      <trkpt lat="46.153953" lon="13.007655">
        <ele>193.212227</ele>
        <time>2026-07-29T03:08:25.586Z</time>
      </trkpt>
      <trkpt lat="46.154017" lon="13.007454">
        <ele>193.111235</ele>
        <time>2026-07-29T03:08:28.490Z</time>
      </trkpt>
      <trkpt lat="46.154050" lon="13.007189">
        <ele>192.988316</ele>
        <time>2026-07-29T03:08:30.550Z</time>
      </trkpt>
      <trkpt lat="46.154074" lon="13.006824">
        <ele>192.820935</ele>
        <time>2026-07-29T03:08:32.946Z</time>
      </trkpt>
      <trkpt lat="46.154082" lon="13.006728">
        <ele>192.776792</ele>
        <time>2026-07-29T03:08:33.564Z</time>
      </trkpt>
      <trkpt lat="46.154123" lon="13.006519">
        <ele>192.677626</ele>
        <time>2026-07-29T03:08:34.973Z</time>
      </trkpt>
      <trkpt lat="46.154170" lon="13.006398">
        <ele>192.614295</ele>
        <time>2026-07-29T03:08:35.889Z</time>
      </trkpt>
      <trkpt lat="46.154587" lon="13.006198">
        <ele>192.189360</ele>
        <time>2026-07-29T03:08:40.527Z</time>
      </trkpt>
      <trkpt lat="46.154639" lon="13.006179">
        <ele>192.097108</ele>
        <time>2026-07-29T03:08:41.159Z</time>
      </trkpt>
      <trkpt lat="46.154574" lon="13.005610">
        <ele>191.410072</ele>
        <time>2026-07-29T03:08:45.787Z</time>
      </trkpt>
      <trkpt lat="46.154522" lon="13.005389">
        <ele>191.132008</ele>
        <time>2026-07-29T03:08:47.585Z</time>
      </trkpt>
      <trkpt lat="46.154487" lon="13.005332">
        <ele>191.041263</ele>
        <time>2026-07-29T03:08:48.184Z</time>
      </trkpt>
      <trkpt lat="46.153909" lon="13.005049">
        <ele>189.991578</ele>
        <time>2026-07-29T03:08:55.376Z</time>
      </trkpt>
      <trkpt lat="46.153334" lon="13.004693">
        <ele>189.199200</ele>
        <time>2026-07-29T03:09:02.600Z</time>
      </trkpt>
      <trkpt lat="46.153104" lon="13.004490">
        <ele>189.064438</ele>
        <time>2026-07-29T03:09:05.733Z</time>
      </trkpt>
      <trkpt lat="46.152982" lon="13.004312">
        <ele>188.977727</ele>
        <time>2026-07-29T03:09:07.857Z</time>
      </trkpt>
      <trkpt lat="46.152460" lon="13.003368">
        <ele>188.559451</ele>
        <time>2026-07-29T03:09:20.549Z</time>
      </trkpt>
      <trkpt lat="46.152332" lon="13.003169">
        <ele>188.465414</ele>
        <time>2026-07-29T03:09:23.454Z</time>
      </trkpt>
      <trkpt lat="46.151912" lon="13.002083">
        <ele>187.774193</ele>
        <time>2026-07-29T03:09:35.437Z</time>
      </trkpt>
      <trkpt lat="46.151698" lon="13.001428">
        <ele>187.352204</ele>
        <time>2026-07-29T03:09:41.161Z</time>
      </trkpt>
      <trkpt lat="46.151658" lon="13.001234">
        <ele>187.234259</ele>
        <time>2026-07-29T03:09:42.735Z</time>
      </trkpt>
      <trkpt lat="46.151655" lon="13.001215">
        <ele>187.222904</ele>
        <time>2026-07-29T03:09:42.887Z</time>
      </trkpt>
      <trkpt lat="46.151685" lon="13.001197">
        <ele>187.195576</ele>
        <time>2026-07-29T03:09:43.261Z</time>
      </trkpt>
      <trkpt lat="46.151699" lon="13.000740">
        <ele>186.929020</ele>
        <time>2026-07-29T03:09:46.897Z</time>
      </trkpt>
      <trkpt lat="46.151748" lon="13.000426">
        <ele>186.854889</ele>
        <time>2026-07-29T03:09:49.671Z</time>
      </trkpt>
      <trkpt lat="46.151783" lon="13.000324">
        <ele>186.835024</ele>
        <time>2026-07-29T03:09:50.691Z</time>
      </trkpt>
      <trkpt lat="46.151954" lon="12.999640">
        <ele>186.708115</ele>
        <time>2026-07-29T03:09:57.919Z</time>
      </trkpt>
      <trkpt lat="46.152098" lon="12.999060">
        <ele>186.600588</ele>
        <time>2026-07-29T03:10:05.088Z</time>
      </trkpt>
      <trkpt lat="46.152537" lon="12.999223">
        <ele>186.486392</ele>
        <time>2026-07-29T03:10:12.256Z</time>
      </trkpt>
      <trkpt lat="46.152552" lon="12.999161">
        <ele>186.474931</ele>
        <time>2026-07-29T03:10:12.916Z</time>
      </trkpt>
      <trkpt lat="46.152073" lon="12.998934">
        <ele>186.175761</ele>
        <time>2026-07-29T03:11:07.734Z</time>
      </trkpt>
      <trkpt lat="46.152260" lon="12.998168">
        <ele>185.795568</ele>
        <time>2026-07-29T03:11:14.439Z</time>
      </trkpt>
      <trkpt lat="46.152499" lon="12.997135">
        <ele>185.285747</ele>
        <time>2026-07-29T03:11:24.121Z</time>
      </trkpt>
      <trkpt lat="46.152587" lon="12.996876">
        <ele>185.176030</ele>
        <time>2026-07-29T03:11:26.957Z</time>
      </trkpt>
      <trkpt lat="46.152675" lon="12.996720">
        <ele>185.110201</ele>
        <time>2026-07-29T03:11:28.898Z</time>
      </trkpt>
      <trkpt lat="46.152693" lon="12.996430">
        <ele>185.014929</ele>
        <time>2026-07-29T03:11:31.611Z</time>
      </trkpt>
      <trkpt lat="46.152332" lon="12.996144">
        <ele>184.820419</ele>
        <time>2026-07-29T03:11:37.205Z</time>
      </trkpt>
      <trkpt lat="46.152452" lon="12.995348">
        <ele>184.553860</ele>
        <time>2026-07-29T03:11:48.883Z</time>
      </trkpt>
      <trkpt lat="46.152464" lon="12.995139">
        <ele>184.485237</ele>
        <time>2026-07-29T03:11:51.660Z</time>
      </trkpt>
      <trkpt lat="46.152233" lon="12.994378">
        <ele>183.791742</ele>
        <time>2026-07-29T03:12:01.267Z</time>
      </trkpt>
      <trkpt lat="46.151830" lon="12.992532">
        <ele>181.604851</ele>
        <time>2026-07-29T03:12:22.616Z</time>
      </trkpt>
      <trkpt lat="46.151352" lon="12.990523">
        <ele>178.988191</ele>
        <time>2026-07-29T03:12:46.275Z</time>
      </trkpt>
      <trkpt lat="46.151065" lon="12.989632">
        <ele>177.804850</ele>
        <time>2026-07-29T03:12:57.106Z</time>
      </trkpt>
      <trkpt lat="46.150914" lon="12.988103">
        <ele>176.031302</ele>
        <time>2026-07-29T03:13:14.049Z</time>
      </trkpt>
      <trkpt lat="46.150865" lon="12.987827">
        <ele>175.704121</ele>
        <time>2026-07-29T03:13:17.397Z</time>
      </trkpt>
      <trkpt lat="46.150577" lon="12.986741">
        <ele>174.280928</ele>
        <time>2026-07-29T03:13:31.631Z</time>
      </trkpt>
      <trkpt lat="46.150423" lon="12.985406">
        <ele>172.572518</ele>
        <time>2026-07-29T03:13:46.270Z</time>
      </trkpt>
      <trkpt lat="46.150364" lon="12.984904">
        <ele>171.934996</ele>
        <time>2026-07-29T03:13:51.579Z</time>
      </trkpt>
      <trkpt lat="46.150266" lon="12.984349">
        <ele>171.292978</ele>
        <time>2026-07-29T03:13:57.683Z</time>
      </trkpt>
      <trkpt lat="46.150125" lon="12.983816">
        <ele>170.653432</ele>
        <time>2026-07-29T03:14:04.084Z</time>
      </trkpt>
      <trkpt lat="46.149945" lon="12.983303">
        <ele>170.008830</ele>
        <time>2026-07-29T03:14:10.709Z</time>
      </trkpt>
      <trkpt lat="46.149049" lon="12.981503">
        <ele>168.180419</ele>
        <time>2026-07-29T03:14:36.998Z</time>
      </trkpt>
      <trkpt lat="46.148722" lon="12.980773">
        <ele>167.620668</ele>
        <time>2026-07-29T03:14:47.509Z</time>
      </trkpt>
      <trkpt lat="46.148410" lon="12.980003">
        <ele>167.449206</ele>
        <time>2026-07-29T03:14:58.960Z</time>
      </trkpt>
      <trkpt lat="46.148668" lon="12.979320">
        <ele>167.528194</ele>
        <time>2026-07-29T03:15:07.125Z</time>
      </trkpt>
      <trkpt lat="46.148811" lon="12.978709">
        <ele>167.593677</ele>
        <time>2026-07-29T03:15:14.719Z</time>
      </trkpt>
      <trkpt lat="46.148933" lon="12.978025">
        <ele>167.680483</ele>
        <time>2026-07-29T03:15:23.859Z</time>
      </trkpt>
      <trkpt lat="46.148949" lon="12.977931">
        <ele>167.710200</ele>
        <time>2026-07-29T03:15:24.984Z</time>
      </trkpt>
      <trkpt lat="46.149061" lon="12.977175">
        <ele>167.947547</ele>
        <time>2026-07-29T03:15:32.617Z</time>
      </trkpt>
      <trkpt lat="46.149289" lon="12.975600">
        <ele>168.441529</ele>
        <time>2026-07-29T03:15:51.278Z</time>
      </trkpt>
      <trkpt lat="46.149341" lon="12.975266">
        <ele>168.567519</ele>
        <time>2026-07-29T03:15:55.789Z</time>
      </trkpt>
      <trkpt lat="46.149643" lon="12.973335">
        <ele>169.313855</ele>
        <time>2026-07-29T03:16:19.278Z</time>
      </trkpt>
      <trkpt lat="46.149901" lon="12.971519">
        <ele>169.368123</ele>
        <time>2026-07-29T03:16:39.885Z</time>
      </trkpt>
      <trkpt lat="46.149869" lon="12.971104">
        <ele>169.350252</ele>
        <time>2026-07-29T03:16:43.803Z</time>
      </trkpt>
      <trkpt lat="46.149639" lon="12.969495">
        <ele>169.154235</ele>
        <time>2026-07-29T03:16:58.118Z</time>
      </trkpt>
      <trkpt lat="46.149527" lon="12.968633">
        <ele>169.006422</ele>
        <time>2026-07-29T03:17:06.546Z</time>
      </trkpt>
      <trkpt lat="46.149479" lon="12.967138">
        <ele>169.044452</ele>
        <time>2026-07-29T03:17:24.022Z</time>
      </trkpt>
      <trkpt lat="46.149471" lon="12.967035">
        <ele>169.065699</ele>
        <time>2026-07-29T03:17:25.253Z</time>
      </trkpt>
      <trkpt lat="46.149427" lon="12.966935">
        <ele>169.089985</ele>
        <time>2026-07-29T03:17:26.644Z</time>
      </trkpt>
      <trkpt lat="46.149297" lon="12.966857">
        <ele>169.131645</ele>
        <time>2026-07-29T03:17:28.996Z</time>
      </trkpt>
      <trkpt lat="46.148907" lon="12.966872">
        <ele>169.247093</ele>
        <time>2026-07-29T03:17:35.293Z</time>
      </trkpt>
      <trkpt lat="46.148799" lon="12.966802">
        <ele>169.282125</ele>
        <time>2026-07-29T03:17:37.118Z</time>
      </trkpt>
      <trkpt lat="46.148761" lon="12.966661">
        <ele>169.313141</ele>
        <time>2026-07-29T03:17:38.721Z</time>
      </trkpt>
      <trkpt lat="46.148763" lon="12.965965">
        <ele>169.434300</ele>
        <time>2026-07-29T03:17:45.965Z</time>
      </trkpt>
      <trkpt lat="46.148768" lon="12.965035">
        <ele>169.518162</ele>
        <time>2026-07-29T03:17:55.620Z</time>
      </trkpt>
      <trkpt lat="46.148789" lon="12.964923">
        <ele>169.528625</ele>
        <time>2026-07-29T03:17:56.908Z</time>
      </trkpt>
      <trkpt lat="46.148871" lon="12.964819">
        <ele>169.542832</ele>
        <time>2026-07-29T03:17:58.713Z</time>
      </trkpt>
      <trkpt lat="46.148946" lon="12.964784">
        <ele>169.553092</ele>
        <time>2026-07-29T03:18:00.065Z</time>
      </trkpt>
      <trkpt lat="46.149301" lon="12.964756">
        <ele>169.599367</ele>
        <time>2026-07-29T03:18:06.041Z</time>
      </trkpt>
      <trkpt lat="46.149426" lon="12.964681">
        <ele>169.616986</ele>
        <time>2026-07-29T03:18:08.041Z</time>
      </trkpt>
      <trkpt lat="46.149481" lon="12.964503">
        <ele>169.634561</ele>
        <time>2026-07-29T03:18:09.967Z</time>
      </trkpt>
      <trkpt lat="46.149488" lon="12.964247">
        <ele>169.658756</ele>
        <time>2026-07-29T03:18:12.393Z</time>
      </trkpt>
      <trkpt lat="46.149480" lon="12.962349">
        <ele>169.860301</ele>
        <time>2026-07-29T03:18:30.766Z</time>
      </trkpt>
      <trkpt lat="46.149531" lon="12.962198">
        <ele>169.878139</ele>
        <time>2026-07-29T03:18:32.801Z</time>
      </trkpt>
      <trkpt lat="46.149637" lon="12.962142">
        <ele>169.895440</ele>
        <time>2026-07-29T03:18:34.862Z</time>
      </trkpt>
      <trkpt lat="46.151375" lon="12.962343">
        <ele>171.729921</ele>
        <time>2026-07-29T03:19:09.932Z</time>
      </trkpt>
      <trkpt lat="46.151713" lon="12.962387">
        <ele>172.110648</ele>
        <time>2026-07-29T03:19:16.463Z</time>
      </trkpt>
      <trkpt lat="46.151920" lon="12.962448">
        <ele>172.310698</ele>
        <time>2026-07-29T03:19:20.376Z</time>
      </trkpt>
      <trkpt lat="46.152720" lon="12.962830">
        <ele>173.108585</ele>
        <time>2026-07-29T03:19:35.650Z</time>
      </trkpt>
      <trkpt lat="46.153848" lon="12.963557">
        <ele>174.172550</ele>
        <time>2026-07-29T03:19:58.661Z</time>
      </trkpt>
      <trkpt lat="46.155353" lon="12.964688">
        <ele>175.442916</ele>
        <time>2026-07-29T03:20:28.441Z</time>
      </trkpt>
      <trkpt lat="46.156543" lon="12.965395">
        <ele>176.365948</ele>
        <time>2026-07-29T03:20:51.904Z</time>
      </trkpt>
      <trkpt lat="46.157241" lon="12.965740">
        <ele>176.747461</ele>
        <time>2026-07-29T03:21:03.529Z</time>
      </trkpt>
      <trkpt lat="46.157386" lon="12.965806">
        <ele>176.824056</ele>
        <time>2026-07-29T03:21:06.107Z</time>
      </trkpt>
      <trkpt lat="46.157536" lon="12.965830">
        <ele>176.900088</ele>
        <time>2026-07-29T03:21:08.728Z</time>
      </trkpt>
      <trkpt lat="46.158923" lon="12.965783">
        <ele>177.511742</ele>
        <time>2026-07-29T03:21:32.325Z</time>
      </trkpt>
      <trkpt lat="46.159322" lon="12.965816">
        <ele>177.653285</ele>
        <time>2026-07-29T03:21:39.006Z</time>
      </trkpt>
      <trkpt lat="46.160747" lon="12.966165">
        <ele>178.426498</ele>
        <time>2026-07-29T03:22:01.652Z</time>
      </trkpt>
      <trkpt lat="46.161016" lon="12.966206">
        <ele>178.634528</ele>
        <time>2026-07-29T03:22:04.936Z</time>
      </trkpt>
      <trkpt lat="46.162433" lon="12.966436">
        <ele>179.949039</ele>
        <time>2026-07-29T03:22:36.063Z</time>
      </trkpt>
      <trkpt lat="46.163292" lon="12.966580">
        <ele>180.971208</ele>
        <time>2026-07-29T03:22:50.228Z</time>
      </trkpt>
      <trkpt lat="46.164307" lon="12.966831">
        <ele>182.334013</ele>
        <time>2026-07-29T03:23:12.297Z</time>
      </trkpt>
      <trkpt lat="46.164587" lon="12.966983">
        <ele>182.757446</ele>
        <time>2026-07-29T03:23:18.752Z</time>
      </trkpt>
      <trkpt lat="46.164865" lon="12.967258">
        <ele>183.234456</ele>
        <time>2026-07-29T03:23:25.533Z</time>
      </trkpt>
      <trkpt lat="46.165260" lon="12.967659">
        <ele>183.917957</ele>
        <time>2026-07-29T03:23:34.817Z</time>
      </trkpt>
      <trkpt lat="46.166423" lon="12.968618">
        <ele>185.693401</ele>
        <time>2026-07-29T03:24:01.897Z</time>
      </trkpt>
      <trkpt lat="46.166864" lon="12.969041">
        <ele>186.393061</ele>
        <time>2026-07-29T03:24:12.527Z</time>
      </trkpt>
      <trkpt lat="46.168711" lon="12.971240">
        <ele>189.851471</ele>
        <time>2026-07-29T03:25:00.657Z</time>
      </trkpt>
      <trkpt lat="46.168772" lon="12.971310">
        <ele>189.993932</ele>
        <time>2026-07-29T03:25:02.470Z</time>
      </trkpt>
      <trkpt lat="46.169666" lon="12.972298">
        <ele>192.058303</ele>
        <time>2026-07-29T03:25:29.561Z</time>
      </trkpt>
      <trkpt lat="46.169708" lon="12.972312">
        <ele>192.155371</ele>
        <time>2026-07-29T03:25:30.458Z</time>
      </trkpt>
      <trkpt lat="46.169839" lon="12.972300">
        <ele>192.450965</ele>
        <time>2026-07-29T03:25:33.161Z</time>
      </trkpt>
      <trkpt lat="46.170381" lon="12.972072">
        <ele>193.722241</ele>
        <time>2026-07-29T03:25:44.133Z</time>
      </trkpt>
      <trkpt lat="46.170579" lon="12.972057">
        <ele>194.168734</ele>
        <time>2026-07-29T03:25:48.520Z</time>
      </trkpt>
      <trkpt lat="46.170767" lon="12.972091">
        <ele>194.595402</ele>
        <time>2026-07-29T03:25:53.137Z</time>
      </trkpt>
      <trkpt lat="46.171833" lon="12.972349">
        <ele>197.406392</ele>
        <time>2026-07-29T03:26:22.887Z</time>
      </trkpt>
      <trkpt lat="46.171975" lon="12.972424">
        <ele>197.881594</ele>
        <time>2026-07-29T03:26:27.006Z</time>
      </trkpt>
      <trkpt lat="46.172158" lon="12.972566">
        <ele>198.534515</ele>
        <time>2026-07-29T03:26:32.617Z</time>
      </trkpt>
      <trkpt lat="46.172355" lon="12.972736">
        <ele>199.255787</ele>
        <time>2026-07-29T03:26:38.849Z</time>
      </trkpt>
      <trkpt lat="46.173122" lon="12.973363">
        <ele>202.008132</ele>
        <time>2026-07-29T03:27:03.225Z</time>
      </trkpt>
      <trkpt lat="46.173358" lon="12.973454">
        <ele>202.730026</ele>
        <time>2026-07-29T03:27:09.690Z</time>
      </trkpt>
      <trkpt lat="46.173814" lon="12.973533">
        <ele>204.087320</ele>
        <time>2026-07-29T03:27:22.140Z</time>
      </trkpt>
      <trkpt lat="46.174011" lon="12.973642">
        <ele>204.710790</ele>
        <time>2026-07-29T03:27:27.842Z</time>
      </trkpt>
      <trkpt lat="46.174131" lon="12.973765">
        <ele>205.145682</ele>
        <time>2026-07-29T03:27:31.813Z</time>
      </trkpt>
      <trkpt lat="46.174423" lon="12.974132">
        <ele>206.289699</ele>
        <time>2026-07-29T03:27:41.946Z</time>
      </trkpt>
      <trkpt lat="46.174788" lon="12.974653">
        <ele>207.863303</ele>
        <time>2026-07-29T03:27:54.952Z</time>
      </trkpt>
      <trkpt lat="46.174963" lon="12.974833">
        <ele>208.545721</ele>
        <time>2026-07-29T03:28:00.548Z</time>
      </trkpt>
      <trkpt lat="46.175853" lon="12.975347">
        <ele>211.590243</ele>
        <time>2026-07-29T03:28:26.379Z</time>
      </trkpt>
      <trkpt lat="46.175966" lon="12.975411">
        <ele>211.975774</ele>
        <time>2026-07-29T03:28:29.976Z</time>
      </trkpt>
      <trkpt lat="46.176620" lon="12.975756">
        <ele>213.620276</ele>
        <time>2026-07-29T03:28:51.866Z</time>
      </trkpt>
      <trkpt lat="46.177122" lon="12.975917">
        <ele>214.605621</ele>
        <time>2026-07-29T03:29:06.105Z</time>
      </trkpt>
      <trkpt lat="46.177262" lon="12.975615">
        <ele>215.087826</ele>
        <time>2026-07-29T03:29:11.551Z</time>
      </trkpt>
      <trkpt lat="46.177310" lon="12.975647">
        <ele>215.189128</ele>
        <time>2026-07-29T03:29:12.524Z</time>
      </trkpt>
      <trkpt lat="46.177518" lon="12.975631">
        <ele>215.588254</ele>
        <time>2026-07-29T03:29:16.868Z</time>
      </trkpt>
      <trkpt lat="46.178197" lon="12.975037">
        <ele>216.214940</ele>
        <time>2026-07-29T03:29:30.497Z</time>
      </trkpt>
      <trkpt lat="46.178344" lon="12.974957">
        <ele>216.218400</ele>
        <time>2026-07-29T03:29:33.294Z</time>
      </trkpt>
      <trkpt lat="46.178489" lon="12.974928">
        <ele>216.221624</ele>
        <time>2026-07-29T03:29:36.040Z</time>
      </trkpt>
      <trkpt lat="46.179114" lon="12.974911">
        <ele>216.235393</ele>
        <time>2026-07-29T03:29:49.646Z</time>
      </trkpt>
      <trkpt lat="46.179978" lon="12.974883">
        <ele>216.468588</ele>
        <time>2026-07-29T03:30:10.353Z</time>
      </trkpt>
      <trkpt lat="46.180014" lon="12.974881">
        <ele>216.485925</ele>
        <time>2026-07-29T03:30:11.074Z</time>
      </trkpt>
      <trkpt lat="46.180271" lon="12.974782">
        <ele>216.613920</ele>
        <time>2026-07-29T03:30:15.986Z</time>
      </trkpt>
      <trkpt lat="46.180647" lon="12.974576">
        <ele>216.807436</ele>
        <time>2026-07-29T03:30:23.154Z</time>
      </trkpt>
      <trkpt lat="46.180743" lon="12.974576">
        <ele>216.853633</ele>
        <time>2026-07-29T03:30:24.974Z</time>
      </trkpt>
      <trkpt lat="46.181084" lon="12.974155">
        <ele>217.069509</ele>
        <time>2026-07-29T03:30:33.301Z</time>
      </trkpt>
      <trkpt lat="46.181445" lon="12.973552">
        <ele>215.697542</ele>
        <time>2026-07-29T03:30:46.845Z</time>
      </trkpt>
      <trkpt lat="46.181612" lon="12.973321">
        <ele>215.000477</ele>
        <time>2026-07-29T03:30:52.241Z</time>
      </trkpt>
      <trkpt lat="46.181941" lon="12.972963">
        <ele>213.758722</ele>
        <time>2026-07-29T03:30:56.582Z</time>
      </trkpt>
      <trkpt lat="46.182569" lon="12.972228">
        <ele>211.425271</ele>
        <time>2026-07-29T03:31:03.522Z</time>
      </trkpt>
      <trkpt lat="46.182685" lon="12.972157">
        <ele>211.152708</ele>
        <time>2026-07-29T03:31:04.670Z</time>
      </trkpt>
      <trkpt lat="46.182827" lon="12.972160">
        <ele>210.845468</ele>
        <time>2026-07-29T03:31:06.117Z</time>
      </trkpt>
      <trkpt lat="46.182916" lon="12.972221">
        <ele>210.632342</ele>
        <time>2026-07-29T03:31:07.501Z</time>
      </trkpt>
      <trkpt lat="46.182969" lon="12.972317">
        <ele>210.448428</ele>
        <time>2026-07-29T03:31:09.438Z</time>
      </trkpt>
      <trkpt lat="46.183070" lon="12.973004">
        <ele>209.396447</ele>
        <time>2026-07-29T03:31:24.563Z</time>
      </trkpt>
      <trkpt lat="46.183130" lon="12.973180">
        <ele>209.102598</ele>
        <time>2026-07-29T03:31:27.134Z</time>
      </trkpt>
      <trkpt lat="46.183259" lon="12.973293">
        <ele>208.776199</ele>
        <time>2026-07-29T03:31:28.885Z</time>
      </trkpt>
      <trkpt lat="46.183385" lon="12.973263">
        <ele>208.499927</ele>
        <time>2026-07-29T03:31:30.174Z</time>
      </trkpt>
      <trkpt lat="46.183645" lon="12.973085">
        <ele>207.877445</ele>
        <time>2026-07-29T03:31:32.874Z</time>
      </trkpt>
      <trkpt lat="46.183719" lon="12.972928">
        <ele>207.581346</ele>
        <time>2026-07-29T03:31:34.108Z</time>
      </trkpt>
      <trkpt lat="46.183720" lon="12.972736">
        <ele>207.277330</ele>
        <time>2026-07-29T03:31:35.400Z</time>
      </trkpt>
      <trkpt lat="46.183601" lon="12.972278">
        <ele>206.502761</ele>
        <time>2026-07-29T03:31:38.823Z</time>
      </trkpt>
      <trkpt lat="46.183613" lon="12.971649">
        <ele>205.506440</ele>
        <time>2026-07-29T03:31:43.218Z</time>
      </trkpt>
      <trkpt lat="46.183587" lon="12.971427">
        <ele>205.149937</ele>
        <time>2026-07-29T03:31:44.778Z</time>
      </trkpt>
      <trkpt lat="46.183328" lon="12.970706">
        <ele>203.863805</ele>
        <time>2026-07-29T03:31:50.793Z</time>
      </trkpt>
      <trkpt lat="46.183263" lon="12.970407">
        <ele>204.080255</ele>
        <time>2026-07-29T03:31:54.804Z</time>
      </trkpt>
      <trkpt lat="46.183197" lon="12.969885">
        <ele>205.138826</ele>
        <time>2026-07-29T03:32:06.208Z</time>
      </trkpt>
      <trkpt lat="46.183197" lon="12.969389">
        <ele>206.128307</ele>
        <time>2026-07-29T03:32:18.568Z</time>
      </trkpt>
      <trkpt lat="46.183301" lon="12.968375">
        <ele>208.173232</ele>
        <time>2026-07-29T03:32:40.788Z</time>
      </trkpt>
      <trkpt lat="46.183311" lon="12.968230">
        <ele>208.463927</ele>
        <time>2026-07-29T03:32:43.271Z</time>
      </trkpt>
      <trkpt lat="46.183324" lon="12.968030">
        <ele>208.864665</ele>
        <time>2026-07-29T03:32:46.369Z</time>
      </trkpt>
      <trkpt lat="46.183332" lon="12.967590">
        <ele>209.134121</ele>
        <time>2026-07-29T03:32:51.755Z</time>
      </trkpt>
      <trkpt lat="46.183310" lon="12.967034">
        <ele>209.474344</ele>
        <time>2026-07-29T03:32:59.008Z</time>
      </trkpt>
      <trkpt lat="46.183319" lon="12.966858">
        <ele>209.582158</ele>
        <time>2026-07-29T03:33:01.901Z</time>
      </trkpt>
      <trkpt lat="46.183371" lon="12.966652">
        <ele>209.716109</ele>
        <time>2026-07-29T03:33:05.384Z</time>
      </trkpt>
      <trkpt lat="46.183511" lon="12.966410">
        <ele>209.908768</ele>
        <time>2026-07-29T03:33:10.100Z</time>
      </trkpt>
      <trkpt lat="46.183931" lon="12.965884">
        <ele>210.399278</ele>
        <time>2026-07-29T03:33:17.358Z</time>
      </trkpt>
      <trkpt lat="46.184138" lon="12.965471">
        <ele>210.381267</ele>
        <time>2026-07-29T03:33:21.552Z</time>
      </trkpt>
      <trkpt lat="46.184233" lon="12.965184">
        <ele>210.327616</ele>
        <time>2026-07-29T03:33:24.305Z</time>
      </trkpt>
      <trkpt lat="46.184241" lon="12.965150">
        <ele>210.321560</ele>
        <time>2026-07-29T03:33:24.628Z</time>
      </trkpt>
      <trkpt lat="46.184370" lon="12.964459">
        <ele>210.200860</ele>
        <time>2026-07-29T03:33:33.832Z</time>
      </trkpt>
      <trkpt lat="46.184492" lon="12.963805">
        <ele>210.086628</ele>
        <time>2026-07-29T03:33:45.267Z</time>
      </trkpt>
      <trkpt lat="46.184504" lon="12.963633">
        <ele>210.057474</ele>
        <time>2026-07-29T03:33:47.420Z</time>
      </trkpt>
      <trkpt lat="46.184475" lon="12.963403">
        <ele>210.018046</ele>
        <time>2026-07-29T03:33:49.341Z</time>
      </trkpt>
      <trkpt lat="46.184330" lon="12.963103">
        <ele>208.808508</ele>
        <time>2026-07-29T03:33:51.790Z</time>
      </trkpt>
      <trkpt lat="46.183849" lon="12.962290">
        <ele>205.062939</ele>
        <time>2026-07-29T03:33:58.536Z</time>
      </trkpt>
      <trkpt lat="46.183369" lon="12.961490">
        <ele>201.355164</ele>
        <time>2026-07-29T03:34:05.410Z</time>
      </trkpt>
      <trkpt lat="46.183163" lon="12.961205">
        <ele>200.138384</ele>
        <time>2026-07-29T03:34:07.967Z</time>
      </trkpt>
      <trkpt lat="46.183001" lon="12.961076">
        <ele>199.413639</ele>
        <time>2026-07-29T03:34:09.606Z</time>
      </trkpt>
      <trkpt lat="46.182845" lon="12.961026">
        <ele>198.787600</ele>
        <time>2026-07-29T03:34:11.028Z</time>
      </trkpt>
      <trkpt lat="46.182395" lon="12.960973">
        <ele>197.018753</ele>
        <time>2026-07-29T03:34:15.157Z</time>
      </trkpt>
      <trkpt lat="46.182274" lon="12.960869">
        <ele>196.467114</ele>
        <time>2026-07-29T03:34:16.743Z</time>
      </trkpt>
      <trkpt lat="46.182208" lon="12.960697">
        <ele>195.933697</ele>
        <time>2026-07-29T03:34:18.964Z</time>
      </trkpt>
      <trkpt lat="46.182207" lon="12.960504">
        <ele>195.410163</ele>
        <time>2026-07-29T03:34:21.657Z</time>
      </trkpt>
      <trkpt lat="46.182278" lon="12.960329">
        <ele>194.859974</ele>
        <time>2026-07-29T03:34:25.030Z</time>
      </trkpt>
      <trkpt lat="46.182383" lon="12.960247">
        <ele>194.392325</ele>
        <time>2026-07-29T03:34:28.300Z</time>
      </trkpt>
      <trkpt lat="46.182451" lon="12.960218">
        <ele>194.114546</ele>
        <time>2026-07-29T03:34:30.230Z</time>
      </trkpt>
      <trkpt lat="46.182746" lon="12.960128">
        <ele>192.296997</ele>
        <time>2026-07-29T03:34:34.027Z</time>
      </trkpt>
      <trkpt lat="46.182799" lon="12.960088">
        <ele>191.903341</ele>
        <time>2026-07-29T03:34:34.570Z</time>
      </trkpt>
      <trkpt lat="46.182864" lon="12.959998">
        <ele>191.310590</ele>
        <time>2026-07-29T03:34:35.366Z</time>
      </trkpt>
      <trkpt lat="46.182897" lon="12.959873">
        <ele>190.700859</ele>
        <time>2026-07-29T03:34:36.181Z</time>
      </trkpt>
      <trkpt lat="46.182894" lon="12.959693">
        <ele>189.880225</ele>
        <time>2026-07-29T03:34:37.264Z</time>
      </trkpt>
      <trkpt lat="46.182869" lon="12.959592">
        <ele>189.391358</ele>
        <time>2026-07-29T03:34:37.904Z</time>
      </trkpt>
      <trkpt lat="46.182819" lon="12.959495">
        <ele>188.840184</ele>
        <time>2026-07-29T03:34:38.616Z</time>
      </trkpt>
      <trkpt lat="46.182719" lon="12.959402">
        <ele>188.057229</ele>
        <time>2026-07-29T03:34:39.629Z</time>
      </trkpt>
      <trkpt lat="46.182553" lon="12.959387">
        <ele>186.962325</ele>
        <time>2026-07-29T03:34:41.065Z</time>
      </trkpt>
      <trkpt lat="46.182372" lon="12.959432">
        <ele>185.753289</ele>
        <time>2026-07-29T03:34:42.705Z</time>
      </trkpt>
      <trkpt lat="46.181542" lon="12.959811">
        <ele>179.288208</ele>
        <time>2026-07-29T03:34:50.610Z</time>
      </trkpt>
      <trkpt lat="46.180697" lon="12.960399">
        <ele>170.851643</ele>
        <time>2026-07-29T03:34:58.563Z</time>
      </trkpt>
      <trkpt lat="46.180539" lon="12.960435">
        <ele>169.412925</ele>
        <time>2026-07-29T03:34:59.917Z</time>
      </trkpt>
      <trkpt lat="46.180424" lon="12.960355">
        <ele>168.264814</ele>
        <time>2026-07-29T03:35:01.005Z</time>
      </trkpt>
      <trkpt lat="46.180344" lon="12.960228">
        <ele>167.195545</ele>
        <time>2026-07-29T03:35:02.027Z</time>
      </trkpt>
      <trkpt lat="46.180319" lon="12.960005">
        <ele>165.826619</ele>
        <time>2026-07-29T03:35:03.404Z</time>
      </trkpt>
      <trkpt lat="46.180365" lon="12.959823">
        <ele>165.363338</ele>
        <time>2026-07-29T03:35:04.671Z</time>
      </trkpt>
      <trkpt lat="46.180428" lon="12.959730">
        <ele>165.052229</ele>
        <time>2026-07-29T03:35:05.630Z</time>
      </trkpt>
      <trkpt lat="46.180511" lon="12.959665">
        <ele>164.726161</ele>
        <time>2026-07-29T03:35:06.884Z</time>
      </trkpt>
      <trkpt lat="46.181018" lon="12.959395">
        <ele>162.860003</ele>
        <time>2026-07-29T03:35:17.857Z</time>
      </trkpt>
      <trkpt lat="46.182070" lon="12.958866">
        <ele>159.964981</ele>
        <time>2026-07-29T03:35:28.168Z</time>
      </trkpt>
      <trkpt lat="46.182266" lon="12.958807">
        <ele>160.325615</ele>
        <time>2026-07-29T03:35:31.118Z</time>
      </trkpt>
      <trkpt lat="46.182405" lon="12.958815">
        <ele>160.576190</ele>
        <time>2026-07-29T03:35:36.200Z</time>
      </trkpt>
      <trkpt lat="46.182420" lon="12.958820">
        <ele>160.603919</ele>
        <time>2026-07-29T03:35:36.833Z</time>
      </trkpt>
      <trkpt lat="46.182511" lon="12.958855">
        <ele>160.773547</ele>
        <time>2026-07-29T03:35:40.729Z</time>
      </trkpt>
      <trkpt lat="46.182614" lon="12.958898">
        <ele>160.966672</ele>
        <time>2026-07-29T03:35:45.040Z</time>
      </trkpt>
      <trkpt lat="46.182710" lon="12.958931">
        <ele>161.144424</ele>
        <time>2026-07-29T03:35:48.706Z</time>
      </trkpt>
      <trkpt lat="46.182760" lon="12.958940">
        <ele>161.235184</ele>
        <time>2026-07-29T03:35:50.475Z</time>
      </trkpt>
      <trkpt lat="46.182806" lon="12.958941">
        <ele>161.318051</ele>
        <time>2026-07-29T03:35:52.042Z</time>
      </trkpt>
      <trkpt lat="46.182853" lon="12.958931">
        <ele>161.403624</ele>
        <time>2026-07-29T03:35:53.565Z</time>
      </trkpt>
      <trkpt lat="46.182890" lon="12.958913">
        <ele>161.473950</ele>
        <time>2026-07-29T03:35:54.829Z</time>
      </trkpt>
      <trkpt lat="46.183115" lon="12.958750">
        <ele>161.927358</ele>
        <time>2026-07-29T03:36:02.072Z</time>
      </trkpt>
      <trkpt lat="46.183253" lon="12.958721">
        <ele>162.178550</ele>
        <time>2026-07-29T03:36:04.222Z</time>
      </trkpt>
      <trkpt lat="46.183481" lon="12.958776">
        <ele>162.594927</ele>
        <time>2026-07-29T03:36:08.522Z</time>
      </trkpt>
      <trkpt lat="46.183888" lon="12.958863">
        <ele>162.500326</ele>
        <time>2026-07-29T03:36:20.402Z</time>
      </trkpt>
      <trkpt lat="46.184165" lon="12.958875">
        <ele>162.087733</ele>
        <time>2026-07-29T03:36:28.635Z</time>
      </trkpt>
      <trkpt lat="46.184407" lon="12.958747">
        <ele>161.704036</ele>
        <time>2026-07-29T03:36:35.150Z</time>
      </trkpt>
      <trkpt lat="46.184802" lon="12.958632">
        <ele>161.104118</ele>
        <time>2026-07-29T03:36:38.930Z</time>
      </trkpt>
      <trkpt lat="46.184930" lon="12.958474">
        <ele>160.853436</ele>
        <time>2026-07-29T03:36:40.386Z</time>
      </trkpt>
      <trkpt lat="46.184962" lon="12.958381">
        <ele>160.746388</ele>
        <time>2026-07-29T03:36:41.004Z</time>
      </trkpt>
      <trkpt lat="46.184965" lon="12.958296">
        <ele>160.658659</ele>
        <time>2026-07-29T03:36:41.512Z</time>
      </trkpt>
      <trkpt lat="46.184551" lon="12.956003">
        <ele>159.152502</ele>
        <time>2026-07-29T03:36:59.378Z</time>
      </trkpt>
      <trkpt lat="46.184525" lon="12.955910">
        <ele>159.097903</ele>
        <time>2026-07-29T03:37:02.355Z</time>
      </trkpt>
      <trkpt lat="46.184436" lon="12.955804">
        <ele>159.007199</ele>
        <time>2026-07-29T03:37:07.178Z</time>
      </trkpt>
      <trkpt lat="46.184322" lon="12.955754">
        <ele>158.913519</ele>
        <time>2026-07-29T03:37:12.118Z</time>
      </trkpt>
      <trkpt lat="46.184236" lon="12.955720">
        <ele>158.843410</ele>
        <time>2026-07-29T03:37:15.744Z</time>
      </trkpt>
      <trkpt lat="46.183734" lon="12.955422">
        <ele>159.139816</ele>
        <time>2026-07-29T03:37:25.065Z</time>
      </trkpt>
      <trkpt lat="46.183568" lon="12.955239">
        <ele>159.296815</ele>
        <time>2026-07-29T03:37:29.611Z</time>
      </trkpt>
      <trkpt lat="46.183398" lon="12.954936">
        <ele>159.499818</ele>
        <time>2026-07-29T03:37:34.031Z</time>
      </trkpt>
      <trkpt lat="46.183244" lon="12.954820">
        <ele>159.630396</ele>
        <time>2026-07-29T03:37:36.201Z</time>
      </trkpt>
      <trkpt lat="46.182986" lon="12.954650">
        <ele>159.843596</ele>
        <time>2026-07-29T03:37:39.171Z</time>
      </trkpt>
      <trkpt lat="46.182741" lon="12.954502">
        <ele>160.043252</ele>
        <time>2026-07-29T03:37:41.930Z</time>
      </trkpt>
      <trkpt lat="46.182565" lon="12.954433">
        <ele>160.453434</ele>
        <time>2026-07-29T03:37:44.888Z</time>
      </trkpt>
      <trkpt lat="46.182496" lon="12.954368">
        <ele>160.920253</ele>
        <time>2026-07-29T03:37:46.997Z</time>
      </trkpt>
      <trkpt lat="46.182437" lon="12.954258">
        <ele>161.466183</ele>
        <time>2026-07-29T03:37:49.870Z</time>
      </trkpt>
      <trkpt lat="46.182405" lon="12.954125">
        <ele>162.018609</ele>
        <time>2026-07-29T03:37:53.309Z</time>
      </trkpt>
      <trkpt lat="46.182415" lon="12.953952">
        <ele>162.699724</ele>
        <time>2026-07-29T03:37:58.402Z</time>
      </trkpt>
      <trkpt lat="46.182479" lon="12.953830">
        <ele>163.300260</ele>
        <time>2026-07-29T03:38:03.532Z</time>
      </trkpt>
      <trkpt lat="46.182606" lon="12.953717">
        <ele>164.145532</ele>
        <time>2026-07-29T03:38:11.198Z</time>
      </trkpt>
      <trkpt lat="46.182654" lon="12.953680">
        <ele>164.453847</ele>
        <time>2026-07-29T03:38:14.201Z</time>
      </trkpt>
      <trkpt lat="46.182809" lon="12.953569">
        <ele>165.434225</ele>
        <time>2026-07-29T03:38:23.916Z</time>
      </trkpt>
      <trkpt lat="46.182934" lon="12.953480">
        <ele>166.223954</ele>
        <time>2026-07-29T03:38:31.548Z</time>
      </trkpt>
      <trkpt lat="46.183017" lon="12.953423">
        <ele>166.744751</ele>
        <time>2026-07-29T03:38:36.365Z</time>
      </trkpt>
      <trkpt lat="46.183499" lon="12.952893">
        <ele>170.177556</ele>
        <time>2026-07-29T03:38:58.895Z</time>
      </trkpt>
      <trkpt lat="46.183515" lon="12.952868">
        <ele>170.311126</ele>
        <time>2026-07-29T03:38:59.553Z</time>
      </trkpt>
      <trkpt lat="46.183528" lon="12.952846">
        <ele>170.396149</ele>
        <time>2026-07-29T03:39:00.106Z</time>
      </trkpt>
      <trkpt lat="46.183548" lon="12.952809">
        <ele>170.524342</ele>
        <time>2026-07-29T03:39:01.033Z</time>
      </trkpt>
      <trkpt lat="46.183566" lon="12.952768">
        <ele>170.656924</ele>
        <time>2026-07-29T03:39:01.964Z</time>
      </trkpt>
      <trkpt lat="46.183573" lon="12.952745">
        <ele>170.725537</ele>
        <time>2026-07-29T03:39:02.444Z</time>
      </trkpt>
      <trkpt lat="46.183577" lon="12.952729">
        <ele>170.771993</ele>
        <time>2026-07-29T03:39:02.766Z</time>
      </trkpt>
      <trkpt lat="46.183580" lon="12.952709">
        <ele>170.827879</ele>
        <time>2026-07-29T03:39:03.166Z</time>
      </trkpt>
      <trkpt lat="46.183582" lon="12.952687">
        <ele>170.888476</ele>
        <time>2026-07-29T03:39:03.584Z</time>
      </trkpt>
      <trkpt lat="46.183583" lon="12.952664">
        <ele>170.951411</ele>
        <time>2026-07-29T03:39:04.017Z</time>
      </trkpt>
      <trkpt lat="46.183582" lon="12.952642">
        <ele>171.011621</ele>
        <time>2026-07-29T03:39:04.439Z</time>
      </trkpt>
      <trkpt lat="46.183580" lon="12.952619">
        <ele>171.074926</ele>
        <time>2026-07-29T03:39:04.877Z</time>
      </trkpt>
      <trkpt lat="46.183577" lon="12.952602">
        <ele>171.122837</ele>
        <time>2026-07-29T03:39:05.200Z</time>
      </trkpt>
      <trkpt lat="46.183573" lon="12.952587">
        <ele>171.166734</ele>
        <time>2026-07-29T03:39:05.509Z</time>
      </trkpt>
      <trkpt lat="46.183358" lon="12.951974">
        <ele>173.043358</ele>
        <time>2026-07-29T03:39:20.480Z</time>
      </trkpt>
      <trkpt lat="46.183299" lon="12.951868">
        <ele>173.414787</ele>
        <time>2026-07-29T03:39:23.597Z</time>
      </trkpt>
      <trkpt lat="46.183231" lon="12.951819">
        <ele>173.714537</ele>
        <time>2026-07-29T03:39:25.937Z</time>
      </trkpt>
      <trkpt lat="46.183124" lon="12.951803">
        <ele>174.138850</ele>
        <time>2026-07-29T03:39:28.925Z</time>
      </trkpt>
      <trkpt lat="46.182447" lon="12.951928">
        <ele>176.830976</ele>
        <time>2026-07-29T03:39:40.891Z</time>
      </trkpt>
      <trkpt lat="46.182314" lon="12.951909">
        <ele>177.358149</ele>
        <time>2026-07-29T03:39:45.383Z</time>
      </trkpt>
      <trkpt lat="46.182224" lon="12.951845">
        <ele>177.988270</ele>
        <time>2026-07-29T03:39:49.879Z</time>
      </trkpt>
      <trkpt lat="46.182156" lon="12.951731">
        <ele>178.692740</ele>
        <time>2026-07-29T03:39:55.164Z</time>
      </trkpt>
      <trkpt lat="46.182132" lon="12.951510">
        <ele>179.740051</ele>
        <time>2026-07-29T03:40:03.757Z</time>
      </trkpt>
      <trkpt lat="46.182170" lon="12.951366">
        <ele>180.461527</ele>
        <time>2026-07-29T03:40:10.137Z</time>
      </trkpt>
      <trkpt lat="46.182265" lon="12.951262">
        <ele>181.267581</ele>
        <time>2026-07-29T03:40:17.648Z</time>
      </trkpt>
      <trkpt lat="46.182866" lon="12.950979">
        <ele>185.542007</ele>
        <time>2026-07-29T03:40:48.385Z</time>
      </trkpt>
      <trkpt lat="46.183224" lon="12.950804">
        <ele>188.097651</ele>
        <time>2026-07-29T03:41:01.955Z</time>
      </trkpt>
      <trkpt lat="46.183541" lon="12.950589">
        <ele>190.340355</ele>
        <time>2026-07-29T03:41:12.831Z</time>
      </trkpt>
      <trkpt lat="46.183663" lon="12.950505">
        <ele>191.123714</ele>
        <time>2026-07-29T03:41:17.092Z</time>
      </trkpt>
      <trkpt lat="46.183890" lon="12.950303">
        <ele>192.669091</ele>
        <time>2026-07-29T03:41:26.164Z</time>
      </trkpt>
      <trkpt lat="46.183984" lon="12.950154">
        <ele>193.478013</ele>
        <time>2026-07-29T03:41:31.428Z</time>
      </trkpt>
      <trkpt lat="46.184119" lon="12.949864">
        <ele>194.880352</ele>
        <time>2026-07-29T03:41:41.989Z</time>
      </trkpt>
      <trkpt lat="46.184188" lon="12.949605">
        <ele>195.993980</ele>
        <time>2026-07-29T03:41:51.365Z</time>
      </trkpt>
      <trkpt lat="46.184213" lon="12.949447">
        <ele>196.644363</ele>
        <time>2026-07-29T03:41:56.991Z</time>
      </trkpt>
      <trkpt lat="46.184224" lon="12.949349">
        <ele>197.042760</ele>
        <time>2026-07-29T03:42:00.491Z</time>
      </trkpt>
      <trkpt lat="46.184291" lon="12.949091">
        <ele>198.148518</ele>
        <time>2026-07-29T03:42:10.129Z</time>
      </trkpt>
      <trkpt lat="46.184376" lon="12.948918">
        <ele>198.999796</ele>
        <time>2026-07-29T03:42:17.049Z</time>
      </trkpt>
      <trkpt lat="46.184511" lon="12.948779">
        <ele>199.960729</ele>
        <time>2026-07-29T03:42:23.661Z</time>
      </trkpt>
      <trkpt lat="46.184701" lon="12.948686">
        <ele>199.372543</ele>
        <time>2026-07-29T03:42:29.886Z</time>
      </trkpt>
      <trkpt lat="46.185090" lon="12.948695">
        <ele>198.072008</ele>
        <time>2026-07-29T03:42:34.694Z</time>
      </trkpt>
      <trkpt lat="46.185437" lon="12.948689">
        <ele>196.911957</ele>
        <time>2026-07-29T03:42:37.711Z</time>
      </trkpt>
      <trkpt lat="46.185568" lon="12.948756">
        <ele>196.447402</ele>
        <time>2026-07-29T03:42:38.875Z</time>
      </trkpt>
      <trkpt lat="46.185775" lon="12.948977">
        <ele>195.586925</ele>
        <time>2026-07-29T03:42:41.083Z</time>
      </trkpt>
      <trkpt lat="46.185865" lon="12.948964">
        <ele>195.284568</ele>
        <time>2026-07-29T03:42:41.893Z</time>
      </trkpt>
      <trkpt lat="46.185913" lon="12.948890">
        <ele>195.049885</ele>
        <time>2026-07-29T03:42:42.548Z</time>
      </trkpt>
      <trkpt lat="46.185944" lon="12.948743">
        <ele>194.694247</ele>
        <time>2026-07-29T03:42:43.676Z</time>
      </trkpt>
      <trkpt lat="46.186041" lon="12.948092">
        <ele>192.420531</ele>
        <time>2026-07-29T03:42:54.373Z</time>
      </trkpt>
      <trkpt lat="46.186435" lon="12.946839">
        <ele>186.481836</ele>
        <time>2026-07-29T03:43:03.407Z</time>
      </trkpt>
      <trkpt lat="46.186549" lon="12.946658">
        <ele>185.425901</ele>
        <time>2026-07-29T03:43:04.867Z</time>
      </trkpt>
      <trkpt lat="46.186688" lon="12.946576">
        <ele>184.490016</ele>
        <time>2026-07-29T03:43:06.140Z</time>
      </trkpt>
      <trkpt lat="46.186878" lon="12.946585">
        <ele>183.305077</ele>
        <time>2026-07-29T03:43:07.736Z</time>
      </trkpt>
      <trkpt lat="46.187036" lon="12.946714">
        <ele>182.395860</ele>
        <time>2026-07-29T03:43:09.262Z</time>
      </trkpt>
      <trkpt lat="46.187126" lon="12.946857">
        <ele>181.862841</ele>
        <time>2026-07-29T03:43:10.385Z</time>
      </trkpt>
      <trkpt lat="46.187506" lon="12.947841">
        <ele>178.755253</ele>
        <time>2026-07-29T03:43:17.235Z</time>
      </trkpt>
      <trkpt lat="46.187934" lon="12.949015">
        <ele>175.520002</ele>
        <time>2026-07-29T03:43:41.999Z</time>
      </trkpt>
      <trkpt lat="46.188018" lon="12.949231">
        <ele>175.385858</ele>
        <time>2026-07-29T03:43:47.998Z</time>
      </trkpt>
      <trkpt lat="46.188170" lon="12.949557">
        <ele>175.173043</ele>
        <time>2026-07-29T03:43:56.815Z</time>
      </trkpt>
      <trkpt lat="46.188491" lon="12.950042">
        <ele>174.809735</ele>
        <time>2026-07-29T03:44:06.057Z</time>
      </trkpt>
      <trkpt lat="46.189092" lon="12.950686">
        <ele>174.224469</ele>
        <time>2026-07-29T03:44:13.202Z</time>
      </trkpt>
      <trkpt lat="46.189281" lon="12.950872">
        <ele>172.659658</ele>
        <time>2026-07-29T03:44:15.222Z</time>
      </trkpt>
      <trkpt lat="46.189459" lon="12.950900">
        <ele>171.386357</ele>
        <time>2026-07-29T03:44:16.785Z</time>
      </trkpt>
      <trkpt lat="46.190533" lon="12.950504">
        <ele>163.503905</ele>
        <time>2026-07-29T03:44:26.747Z</time>
      </trkpt>
      <trkpt lat="46.190679" lon="12.950484">
        <ele>162.460993</ele>
        <time>2026-07-29T03:44:28.074Z</time>
      </trkpt>
      <trkpt lat="46.190766" lon="12.950510">
        <ele>161.829205</ele>
        <time>2026-07-29T03:44:28.882Z</time>
      </trkpt>
      <trkpt lat="46.190850" lon="12.950583">
        <ele>161.124823</ele>
        <time>2026-07-29T03:44:29.764Z</time>
      </trkpt>
      <trkpt lat="46.191142" lon="12.950960">
        <ele>158.271024</ele>
        <time>2026-07-29T03:44:33.176Z</time>
      </trkpt>
      <trkpt lat="46.191062" lon="12.951185">
        <ele>156.995070</ele>
        <time>2026-07-29T03:44:34.667Z</time>
      </trkpt>
      <trkpt lat="46.190813" lon="12.951662">
        <ele>153.981427</ele>
        <time>2026-07-29T03:44:38.203Z</time>
      </trkpt>
      <trkpt lat="46.190795" lon="12.951838">
        <ele>153.083965</ele>
        <time>2026-07-29T03:44:39.284Z</time>
      </trkpt>
      <trkpt lat="46.190847" lon="12.952050">
        <ele>151.949393</ele>
        <time>2026-07-29T03:44:40.674Z</time>
      </trkpt>
      <trkpt lat="46.190916" lon="12.952158">
        <ele>151.208032</ele>
        <time>2026-07-29T03:44:41.609Z</time>
      </trkpt>
      <trkpt lat="46.191102" lon="12.952319">
        <ele>149.627958</ele>
        <time>2026-07-29T03:44:43.702Z</time>
      </trkpt>
      <trkpt lat="46.191195" lon="12.952463">
        <ele>148.634523</ele>
        <time>2026-07-29T03:44:45.098Z</time>
      </trkpt>
      <trkpt lat="46.191297" lon="12.952765">
        <ele>147.712446</ele>
        <time>2026-07-29T03:44:47.621Z</time>
      </trkpt>
      <trkpt lat="46.191594" lon="12.953480">
        <ele>145.862235</ele>
        <time>2026-07-29T03:44:54.508Z</time>
      </trkpt>
      <trkpt lat="46.192116" lon="12.953685">
        <ele>144.128325</ele>
        <time>2026-07-29T03:45:00.683Z</time>
      </trkpt>
      <trkpt lat="46.192387" lon="12.953908">
        <ele>143.128637</ele>
        <time>2026-07-29T03:45:03.656Z</time>
      </trkpt>
      <trkpt lat="46.192617" lon="12.954140">
        <ele>142.361315</ele>
        <time>2026-07-29T03:45:06.162Z</time>
      </trkpt>
      <trkpt lat="46.192943" lon="12.954588">
        <ele>141.504584</ele>
        <time>2026-07-29T03:45:10.184Z</time>
      </trkpt>
      <trkpt lat="46.193041" lon="12.954661">
        <ele>141.294638</ele>
        <time>2026-07-29T03:45:11.247Z</time>
      </trkpt>
      <trkpt lat="46.193715" lon="12.955037">
        <ele>139.918924</ele>
        <time>2026-07-29T03:45:20.753Z</time>
      </trkpt>
      <trkpt lat="46.193773" lon="12.955069">
        <ele>139.800707</ele>
        <time>2026-07-29T03:45:22.118Z</time>
      </trkpt>
      <trkpt lat="46.193893" lon="12.955134">
        <ele>139.556684</ele>
        <time>2026-07-29T03:45:25.081Z</time>
      </trkpt>
      <trkpt lat="46.194249" lon="12.955326">
        <ele>139.222237</ele>
        <time>2026-07-29T03:45:34.621Z</time>
      </trkpt>
      <trkpt lat="46.194502" lon="12.955462">
        <ele>139.383125</ele>
        <time>2026-07-29T03:45:41.295Z</time>
      </trkpt>
      <trkpt lat="46.194780" lon="12.955609">
        <ele>139.559563</ele>
        <time>2026-07-29T03:45:47.591Z</time>
      </trkpt>
      <trkpt lat="46.194806" lon="12.955623">
        <ele>139.576100</ele>
        <time>2026-07-29T03:45:48.118Z</time>
      </trkpt>
      <trkpt lat="46.195088" lon="12.955780">
        <ele>139.756220</ele>
        <time>2026-07-29T03:45:53.273Z</time>
      </trkpt>
      <trkpt lat="46.196679" lon="12.956512">
        <ele>140.057641</ele>
        <time>2026-07-29T03:46:14.681Z</time>
      </trkpt>
      <trkpt lat="46.197483" lon="12.956882">
        <ele>139.926110</ele>
        <time>2026-07-29T03:46:27.591Z</time>
      </trkpt>
      <trkpt lat="46.198420" lon="12.957304">
        <ele>141.980166</ele>
        <time>2026-07-29T03:46:46.152Z</time>
      </trkpt>
      <trkpt lat="46.198840" lon="12.957367">
        <ele>142.896050</ele>
        <time>2026-07-29T03:46:57.016Z</time>
      </trkpt>
      <trkpt lat="46.199279" lon="12.957379">
        <ele>143.868429</ele>
        <time>2026-07-29T03:47:10.308Z</time>
      </trkpt>
      <trkpt lat="46.199552" lon="12.957377">
        <ele>144.915694</ele>
        <time>2026-07-29T03:47:20.571Z</time>
      </trkpt>
      <trkpt lat="46.199710" lon="12.957329">
        <ele>145.535050</ele>
        <time>2026-07-29T03:47:26.384Z</time>
      </trkpt>
      <trkpt lat="46.199800" lon="12.957279">
        <ele>145.904943</ele>
        <time>2026-07-29T03:47:29.692Z</time>
      </trkpt>
      <trkpt lat="46.199853" lon="12.957249">
        <ele>146.123302</ele>
        <time>2026-07-29T03:47:31.567Z</time>
      </trkpt>
      <trkpt lat="46.200245" lon="12.957579">
        <ele>147.863693</ele>
        <time>2026-07-29T03:47:44.113Z</time>
      </trkpt>
      <trkpt lat="46.200400" lon="12.957653">
        <ele>148.489908</ele>
        <time>2026-07-29T03:47:47.458Z</time>
      </trkpt>
      <trkpt lat="46.200562" lon="12.957682">
        <ele>149.116106</ele>
        <time>2026-07-29T03:47:51.139Z</time>
      </trkpt>
      <trkpt lat="46.200748" lon="12.957652">
        <ele>149.834051</ele>
        <time>2026-07-29T03:47:55.837Z</time>
      </trkpt>
      <trkpt lat="46.200865" lon="12.957587">
        <ele>150.314910</ele>
        <time>2026-07-29T03:47:59.447Z</time>
      </trkpt>
      <trkpt lat="46.200981" lon="12.957443">
        <ele>150.815050</ele>
        <time>2026-07-29T03:48:04.452Z</time>
      </trkpt>
      <trkpt lat="46.201025" lon="12.957325">
        <ele>150.999304</ele>
        <time>2026-07-29T03:48:07.799Z</time>
      </trkpt>
      <trkpt lat="46.201009" lon="12.957131">
        <ele>151.267877</ele>
        <time>2026-07-29T03:48:13.100Z</time>
      </trkpt>
      <trkpt lat="46.200933" lon="12.956614">
        <ele>151.994437</ele>
        <time>2026-07-29T03:48:28.750Z</time>
      </trkpt>
      <trkpt lat="46.200910" lon="12.956053">
        <ele>152.766983</ele>
        <time>2026-07-29T03:48:43.417Z</time>
      </trkpt>
      <trkpt lat="46.200943" lon="12.955744">
        <ele>153.196784</ele>
        <time>2026-07-29T03:48:47.960Z</time>
      </trkpt>
      <trkpt lat="46.200995" lon="12.955591">
        <ele>153.431099</ele>
        <time>2026-07-29T03:48:49.466Z</time>
      </trkpt>
      <trkpt lat="46.201709" lon="12.954276">
        <ele>152.096056</ele>
        <time>2026-07-29T03:49:00.524Z</time>
      </trkpt>
      <trkpt lat="46.201750" lon="12.954206">
        <ele>151.902816</ele>
        <time>2026-07-29T03:49:01.191Z</time>
      </trkpt>
      <trkpt lat="46.201918" lon="12.953919">
        <ele>151.110730</ele>
        <time>2026-07-29T03:49:04.105Z</time>
      </trkpt>
      <trkpt lat="46.202202" lon="12.953503">
        <ele>149.879416</ele>
        <time>2026-07-29T03:49:08.746Z</time>
      </trkpt>
      <trkpt lat="46.202666" lon="12.953072">
        <ele>148.869315</ele>
        <time>2026-07-29T03:49:14.247Z</time>
      </trkpt>
      <trkpt lat="46.202924" lon="12.952891">
        <ele>148.941406</ele>
        <time>2026-07-29T03:49:17.188Z</time>
      </trkpt>
      <trkpt lat="46.203291" lon="12.952651">
        <ele>149.042662</ele>
        <time>2026-07-29T03:49:22.424Z</time>
      </trkpt>
      <trkpt lat="46.203439" lon="12.952555">
        <ele>149.083440</ele>
        <time>2026-07-29T03:49:26.013Z</time>
      </trkpt>
      <trkpt lat="46.203796" lon="12.952402">
        <ele>149.177039</ele>
        <time>2026-07-29T03:49:35.901Z</time>
      </trkpt>
      <trkpt lat="46.204517" lon="12.952232">
        <ele>149.177665</ele>
        <time>2026-07-29T03:49:55.415Z</time>
      </trkpt>
      <trkpt lat="46.204808" lon="12.952176">
        <ele>149.101904</ele>
        <time>2026-07-29T03:50:00.354Z</time>
      </trkpt>
      <trkpt lat="46.205710" lon="12.952091">
        <ele>148.868632</ele>
        <time>2026-07-29T03:50:10.142Z</time>
      </trkpt>
      <trkpt lat="46.206844" lon="12.952084">
        <ele>148.985277</ele>
        <time>2026-07-29T03:50:25.210Z</time>
      </trkpt>
      <trkpt lat="46.207496" lon="12.952126">
        <ele>149.116292</ele>
        <time>2026-07-29T03:50:38.473Z</time>
      </trkpt>
      <trkpt lat="46.207932" lon="12.952131">
        <ele>149.151287</ele>
        <time>2026-07-29T03:50:46.956Z</time>
      </trkpt>
      <trkpt lat="46.207944" lon="12.952139">
        <ele>149.150128</ele>
        <time>2026-07-29T03:50:47.163Z</time>
      </trkpt>
      <trkpt lat="46.208198" lon="12.952280">
        <ele>149.126255</ele>
        <time>2026-07-29T03:50:51.027Z</time>
      </trkpt>
      <trkpt lat="46.208650" lon="12.952471">
        <ele>149.084938</ele>
        <time>2026-07-29T03:50:57.270Z</time>
      </trkpt>
      <trkpt lat="46.208893" lon="12.952575">
        <ele>149.062704</ele>
        <time>2026-07-29T03:51:00.535Z</time>
      </trkpt>
      <trkpt lat="46.209035" lon="12.952634">
        <ele>149.049740</ele>
        <time>2026-07-29T03:51:02.337Z</time>
      </trkpt>
      <trkpt lat="46.209283" lon="12.952761">
        <ele>149.026656</ele>
        <time>2026-07-29T03:51:05.782Z</time>
      </trkpt>
      <trkpt lat="46.209381" lon="12.952826">
        <ele>149.017196</ele>
        <time>2026-07-29T03:51:07.122Z</time>
      </trkpt>
      <trkpt lat="46.209571" lon="12.952974">
        <ele>149.196030</ele>
        <time>2026-07-29T03:51:09.833Z</time>
      </trkpt>
      <trkpt lat="46.209649" lon="12.953049">
        <ele>149.332936</ele>
        <time>2026-07-29T03:51:11.355Z</time>
      </trkpt>
      <trkpt lat="46.209819" lon="12.953238">
        <ele>149.646365</ele>
        <time>2026-07-29T03:51:15.541Z</time>
      </trkpt>
      <trkpt lat="46.210207" lon="12.953787">
        <ele>150.439877</ele>
        <time>2026-07-29T03:51:26.736Z</time>
      </trkpt>
      <trkpt lat="46.210227" lon="12.953816">
        <ele>150.481278</ele>
        <time>2026-07-29T03:51:27.390Z</time>
      </trkpt>
      <trkpt lat="46.211293" lon="12.955332">
        <ele>153.054710</ele>
        <time>2026-07-29T03:52:04.203Z</time>
      </trkpt>
      <trkpt lat="46.211417" lon="12.955478">
        <ele>153.376543</ele>
        <time>2026-07-29T03:52:06.758Z</time>
      </trkpt>
      <trkpt lat="46.211554" lon="12.955590">
        <ele>153.693254</ele>
        <time>2026-07-29T03:52:10.288Z</time>
      </trkpt>
      <trkpt lat="46.211516" lon="12.955827">
        <ele>154.031988</ele>
        <time>2026-07-29T03:52:15.371Z</time>
      </trkpt>
      <trkpt lat="46.211455" lon="12.956321">
        <ele>154.730684</ele>
        <time>2026-07-29T03:52:23.346Z</time>
      </trkpt>
      <trkpt lat="46.211456" lon="12.956411">
        <ele>154.856014</ele>
        <time>2026-07-29T03:52:25.176Z</time>
      </trkpt>
      <trkpt lat="46.211036" lon="12.956672">
        <ele>154.926370</ele>
        <time>2026-07-29T03:52:36.897Z</time>
      </trkpt>
      <trkpt lat="46.210621" lon="12.956915">
        <ele>154.352856</ele>
        <time>2026-07-29T03:52:41.640Z</time>
      </trkpt>
      <trkpt lat="46.210577" lon="12.956941">
        <ele>154.291971</ele>
        <time>2026-07-29T03:52:42.116Z</time>
      </trkpt>
      <trkpt lat="46.209804" lon="12.957414">
        <ele>153.216800</ele>
        <time>2026-07-29T03:52:50.930Z</time>
      </trkpt>
      <trkpt lat="46.208600" lon="12.958113">
        <ele>151.013700</ele>
        <time>2026-07-29T03:53:05.907Z</time>
      </trkpt>
      <trkpt lat="46.208332" lon="12.958273">
        <ele>150.498542</ele>
        <time>2026-07-29T03:53:09.028Z</time>
      </trkpt>
      <trkpt lat="46.208155" lon="12.958419">
        <ele>150.136462</ele>
        <time>2026-07-29T03:53:11.211Z</time>
      </trkpt>
      <trkpt lat="46.208114" lon="12.958465">
        <ele>150.044245</ele>
        <time>2026-07-29T03:53:11.769Z</time>
      </trkpt>
      <trkpt lat="46.206390" lon="12.960790">
        <ele>146.532242</ele>
        <time>2026-07-29T03:53:38.701Z</time>
      </trkpt>
      <trkpt lat="46.206361" lon="12.960829">
        <ele>146.499219</ele>
        <time>2026-07-29T03:53:39.157Z</time>
      </trkpt>
      <trkpt lat="46.205064" lon="12.962577">
        <ele>146.252371</ele>
        <time>2026-07-29T03:54:01.606Z</time>
      </trkpt>
      <trkpt lat="46.205051" lon="12.962591">
        <ele>146.287225</ele>
        <time>2026-07-29T03:54:01.955Z</time>
      </trkpt>
      <trkpt lat="46.205346" lon="12.963153">
        <ele>147.336623</ele>
        <time>2026-07-29T03:54:15.995Z</time>
      </trkpt>
      <trkpt lat="46.205512" lon="12.963698">
        <ele>148.222493</ele>
        <time>2026-07-29T03:54:29.462Z</time>
      </trkpt>
      <trkpt lat="46.205538" lon="12.964089">
        <ele>148.806877</ele>
        <time>2026-07-29T03:54:36.892Z</time>
      </trkpt>
      <trkpt lat="46.205500" lon="12.964283">
        <ele>149.106835</ele>
        <time>2026-07-29T03:54:40.287Z</time>
      </trkpt>
      <trkpt lat="46.205370" lon="12.964616">
        <ele>149.820675</ele>
        <time>2026-07-29T03:54:45.939Z</time>
      </trkpt>
      <trkpt lat="46.205313" lon="12.964845">
        <ele>150.300946</ele>
        <time>2026-07-29T03:54:49.159Z</time>
      </trkpt>
      <trkpt lat="46.205287" lon="12.965689">
        <ele>151.968225</ele>
        <time>2026-07-29T03:55:00.926Z</time>
      </trkpt>
      <trkpt lat="46.205042" lon="12.966623">
        <ele>153.939432</ele>
        <time>2026-07-29T03:55:19.805Z</time>
      </trkpt>
      <trkpt lat="46.205012" lon="12.966848">
        <ele>154.397149</ele>
        <time>2026-07-29T03:55:25.461Z</time>
      </trkpt>
      <trkpt lat="46.205037" lon="12.966990">
        <ele>154.737268</ele>
        <time>2026-07-29T03:55:29.327Z</time>
      </trkpt>
      <trkpt lat="46.205102" lon="12.967124">
        <ele>155.117113</ele>
        <time>2026-07-29T03:55:33.858Z</time>
      </trkpt>
      <trkpt lat="46.205785" lon="12.968257">
        <ele>158.604903</ele>
        <time>2026-07-29T03:56:14.491Z</time>
      </trkpt>
      <trkpt lat="46.206798" lon="12.969834">
        <ele>157.698962</ele>
        <time>2026-07-29T03:56:31.566Z</time>
      </trkpt>
      <trkpt lat="46.207165" lon="12.970566">
        <ele>155.935899</ele>
        <time>2026-07-29T03:56:37.516Z</time>
      </trkpt>
      <trkpt lat="46.207419" lon="12.970981">
        <ele>154.684055</ele>
        <time>2026-07-29T03:56:41.174Z</time>
      </trkpt>
      <trkpt lat="46.207610" lon="12.971232">
        <ele>153.690441</ele>
        <time>2026-07-29T03:56:43.666Z</time>
      </trkpt>
      <trkpt lat="46.207772" lon="12.971297">
        <ele>153.043376</ele>
        <time>2026-07-29T03:56:45.299Z</time>
      </trkpt>
      <trkpt lat="46.207807" lon="12.971489">
        <ele>152.514557</ele>
        <time>2026-07-29T03:56:46.651Z</time>
      </trkpt>
      <trkpt lat="46.208011" lon="12.971756">
        <ele>151.455258</ele>
        <time>2026-07-29T03:56:49.356Z</time>
      </trkpt>
      <trkpt lat="46.208288" lon="12.972049">
        <ele>150.134091</ele>
        <time>2026-07-29T03:56:52.763Z</time>
      </trkpt>
      <trkpt lat="46.208437" lon="12.972386">
        <ele>149.068984</ele>
        <time>2026-07-29T03:56:55.507Z</time>
      </trkpt>
      <trkpt lat="46.208528" lon="12.972674">
        <ele>148.312536</ele>
        <time>2026-07-29T03:56:57.684Z</time>
      </trkpt>
      <trkpt lat="46.208515" lon="12.972710">
        <ele>148.257784</ele>
        <time>2026-07-29T03:56:57.965Z</time>
      </trkpt>
      <trkpt lat="46.208472" lon="12.972812">
        <ele>148.096740</ele>
        <time>2026-07-29T03:56:58.798Z</time>
      </trkpt>
      <trkpt lat="46.208465" lon="12.972898">
        <ele>147.979981</ele>
        <time>2026-07-29T03:56:59.397Z</time>
      </trkpt>
      <trkpt lat="46.208493" lon="12.972976">
        <ele>147.861500</ele>
        <time>2026-07-29T03:57:00.018Z</time>
      </trkpt>
      <trkpt lat="46.208801" lon="12.973353">
        <ele>147.075028</ele>
        <time>2026-07-29T03:57:04.347Z</time>
      </trkpt>
      <trkpt lat="46.209223" lon="12.974036">
        <ele>145.840452</ele>
        <time>2026-07-29T03:57:11.944Z</time>
      </trkpt>
      <trkpt lat="46.209384" lon="12.974339">
        <ele>145.325362</ele>
        <time>2026-07-29T03:57:15.017Z</time>
      </trkpt>
      <trkpt lat="46.209669" lon="12.975332">
        <ele>144.620523</ele>
        <time>2026-07-29T03:57:23.434Z</time>
      </trkpt>
      <trkpt lat="46.209768" lon="12.975560">
        <ele>144.522255</ele>
        <time>2026-07-29T03:57:25.755Z</time>
      </trkpt>
      <trkpt lat="46.210375" lon="12.976723">
        <ele>143.990443</ele>
        <time>2026-07-29T03:57:41.373Z</time>
      </trkpt>
      <trkpt lat="46.210653" lon="12.977359">
        <ele>143.853692</ele>
        <time>2026-07-29T03:57:49.117Z</time>
      </trkpt>
      <trkpt lat="46.210777" lon="12.977843">
        <ele>143.777105</ele>
        <time>2026-07-29T03:57:53.766Z</time>
      </trkpt>
      <trkpt lat="46.210959" lon="12.978753">
        <ele>143.636541</ele>
        <time>2026-07-29T03:58:02.065Z</time>
      </trkpt>
      <trkpt lat="46.211340" lon="12.980891">
        <ele>143.990184</ele>
        <time>2026-07-29T03:58:27.648Z</time>
      </trkpt>
      <trkpt lat="46.211520" lon="12.982048">
        <ele>144.276583</ele>
        <time>2026-07-29T03:58:40.897Z</time>
      </trkpt>
      <trkpt lat="46.211831" lon="12.983984">
        <ele>144.703118</ele>
        <time>2026-07-29T03:59:02.646Z</time>
      </trkpt>
      <trkpt lat="46.212402" lon="12.986638">
        <ele>145.191301</ele>
        <time>2026-07-29T03:59:33.649Z</time>
      </trkpt>
      <trkpt lat="46.212606" lon="12.987901">
        <ele>145.605901</ele>
        <time>2026-07-29T03:59:46.733Z</time>
      </trkpt>
      <trkpt lat="46.212716" lon="12.988561">
        <ele>145.834840</ele>
        <time>2026-07-29T03:59:54.483Z</time>
      </trkpt>
      <trkpt lat="46.212858" lon="12.989139">
        <ele>146.041680</ele>
        <time>2026-07-29T04:00:02.799Z</time>
      </trkpt>
      <trkpt lat="46.212952" lon="12.989404">
        <ele>146.173867</ele>
        <time>2026-07-29T04:00:07.214Z</time>
      </trkpt>
      <trkpt lat="46.213160" lon="12.989830">
        <ele>146.459365</ele>
        <time>2026-07-29T04:00:14.663Z</time>
      </trkpt>
      <trkpt lat="46.213286" lon="12.990263">
        <ele>146.716583</ele>
        <time>2026-07-29T04:00:19.669Z</time>
      </trkpt>
      <trkpt lat="46.213312" lon="12.990383">
        <ele>146.785439</ele>
        <time>2026-07-29T04:00:20.763Z</time>
      </trkpt>
      <trkpt lat="46.213366" lon="12.990924">
        <ele>147.084750</ele>
        <time>2026-07-29T04:00:26.282Z</time>
      </trkpt>
      <trkpt lat="46.213405" lon="12.990994">
        <ele>147.133961</ele>
        <time>2026-07-29T04:00:27.452Z</time>
      </trkpt>
      <trkpt lat="46.213472" lon="12.991030">
        <ele>147.190527</ele>
        <time>2026-07-29T04:00:28.879Z</time>
      </trkpt>
      <trkpt lat="46.213526" lon="12.991025">
        <ele>147.233347</ele>
        <time>2026-07-29T04:00:30.038Z</time>
      </trkpt>
      <trkpt lat="46.213668" lon="12.990986">
        <ele>147.347728</ele>
        <time>2026-07-29T04:00:33.322Z</time>
      </trkpt>
      <trkpt lat="46.213829" lon="12.990983">
        <ele>147.475144</ele>
        <time>2026-07-29T04:00:37.098Z</time>
      </trkpt>
      <trkpt lat="46.213926" lon="12.991019">
        <ele>147.571307</ele>
        <time>2026-07-29T04:00:39.431Z</time>
      </trkpt>
      <trkpt lat="46.213978" lon="12.991062">
        <ele>147.638826</ele>
        <time>2026-07-29T04:00:40.732Z</time>
      </trkpt>
      <trkpt lat="46.214034" lon="12.991172">
        <ele>147.745321</ele>
        <time>2026-07-29T04:00:42.565Z</time>
      </trkpt>
      <trkpt lat="46.214068" lon="12.991389">
        <ele>147.918828</ele>
        <time>2026-07-29T04:00:45.066Z</time>
      </trkpt>
      <trkpt lat="46.214115" lon="12.992651">
        <ele>148.904394</ele>
        <time>2026-07-29T04:00:57.758Z</time>
      </trkpt>
      <trkpt lat="46.214175" lon="12.992940">
        <ele>149.139689</ele>
        <time>2026-07-29T04:01:02.262Z</time>
      </trkpt>
      <trkpt lat="46.214410" lon="12.993578">
        <ele>149.664321</ele>
        <time>2026-07-29T04:01:15.882Z</time>
      </trkpt>
      <trkpt lat="46.214484" lon="12.993771">
        <ele>149.794912</ele>
        <time>2026-07-29T04:01:20.089Z</time>
      </trkpt>
      <trkpt lat="46.214573" lon="12.993995">
        <ele>149.947787</ele>
        <time>2026-07-29T04:01:24.657Z</time>
      </trkpt>
      <trkpt lat="46.214779" lon="12.994457">
        <ele>150.273074</ele>
        <time>2026-07-29T04:01:32.429Z</time>
      </trkpt>
      <trkpt lat="46.215486" lon="12.995792">
        <ele>151.019655</ele>
        <time>2026-07-29T04:01:48.459Z</time>
      </trkpt>
      <trkpt lat="46.215532" lon="12.995879">
        <ele>150.998874</ele>
        <time>2026-07-29T04:01:49.443Z</time>
      </trkpt>
      <trkpt lat="46.215872" lon="12.996486">
        <ele>150.850655</ele>
        <time>2026-07-29T04:01:56.278Z</time>
      </trkpt>
      <trkpt lat="46.215911" lon="12.996554">
        <ele>150.833893</ele>
        <time>2026-07-29T04:01:57.077Z</time>
      </trkpt>
      <trkpt lat="46.215962" lon="12.996646">
        <ele>150.811519</ele>
        <time>2026-07-29T04:01:58.146Z</time>
      </trkpt>
      <trkpt lat="46.216804" lon="12.998135">
        <ele>150.878620</ele>
        <time>2026-07-29T04:02:18.032Z</time>
      </trkpt>
      <trkpt lat="46.217240" lon="12.998830">
        <ele>151.249794</ele>
        <time>2026-07-29T04:02:29.218Z</time>
      </trkpt>
      <trkpt lat="46.217730" lon="12.999773">
        <ele>152.030832</ele>
        <time>2026-07-29T04:02:43.516Z</time>
      </trkpt>
      <trkpt lat="46.218024" lon="13.000184">
        <ele>152.990913</ele>
        <time>2026-07-29T04:02:52.676Z</time>
      </trkpt>
      <trkpt lat="46.218891" lon="13.001297">
        <ele>155.712799</ele>
        <time>2026-07-29T04:03:24.011Z</time>
      </trkpt>
      <trkpt lat="46.219437" lon="13.001923">
        <ele>157.077622</ele>
        <time>2026-07-29T04:03:41.607Z</time>
      </trkpt>
      <trkpt lat="46.219590" lon="13.002136">
        <ele>157.486855</ele>
        <time>2026-07-29T04:03:46.365Z</time>
      </trkpt>
      <trkpt lat="46.220059" lon="13.003041">
        <ele>158.993938</ele>
        <time>2026-07-29T04:04:02.383Z</time>
      </trkpt>
      <trkpt lat="46.220555" lon="13.003902">
        <ele>160.068036</ele>
        <time>2026-07-29T04:04:17.600Z</time>
      </trkpt>
      <trkpt lat="46.221111" lon="13.004616">
        <ele>160.994148</ele>
        <time>2026-07-29T04:04:34.381Z</time>
      </trkpt>
      <trkpt lat="46.221679" lon="13.005526">
        <ele>160.766519</ele>
        <time>2026-07-29T04:04:50.387Z</time>
      </trkpt>
      <trkpt lat="46.221781" lon="13.005736">
        <ele>160.429702</ele>
        <time>2026-07-29T04:04:52.194Z</time>
      </trkpt>
      <trkpt lat="46.221966" lon="13.006372">
        <ele>159.524041</ele>
        <time>2026-07-29T04:04:56.543Z</time>
      </trkpt>
      <trkpt lat="46.222094" lon="13.006718">
        <ele>159.008997</ele>
        <time>2026-07-29T04:04:59.180Z</time>
      </trkpt>
      <trkpt lat="46.222152" lon="13.006815">
        <ele>158.840702</ele>
        <time>2026-07-29T04:05:00.173Z</time>
      </trkpt>
      <trkpt lat="46.222571" lon="13.007227">
        <ele>158.368464</ele>
        <time>2026-07-29T04:05:09.387Z</time>
      </trkpt>
      <trkpt lat="46.222791" lon="13.007518">
        <ele>158.911643</ele>
        <time>2026-07-29T04:05:14.673Z</time>
      </trkpt>
      <trkpt lat="46.222924" lon="13.007784">
        <ele>159.325218</ele>
        <time>2026-07-29T04:05:18.129Z</time>
      </trkpt>
      <trkpt lat="46.223219" lon="13.008553">
        <ele>160.433270</ele>
        <time>2026-07-29T04:05:31.747Z</time>
      </trkpt>
      <trkpt lat="46.223292" lon="13.008676">
        <ele>160.637484</ele>
        <time>2026-07-29T04:05:35.745Z</time>
      </trkpt>
      <trkpt lat="46.223368" lon="13.008756">
        <ele>160.808730</ele>
        <time>2026-07-29T04:05:39.276Z</time>
      </trkpt>
      <trkpt lat="46.223510" lon="13.008818">
        <ele>161.078914</ele>
        <time>2026-07-29T04:05:44.688Z</time>
      </trkpt>
      <trkpt lat="46.223646" lon="13.008873">
        <ele>161.336139</ele>
        <time>2026-07-29T04:05:49.642Z</time>
      </trkpt>
      <trkpt lat="46.223756" lon="13.008963">
        <ele>161.370938</ele>
        <time>2026-07-29T04:05:53.795Z</time>
      </trkpt>
      <trkpt lat="46.224156" lon="13.009731">
        <ele>161.116138</ele>
        <time>2026-07-29T04:06:05.925Z</time>
      </trkpt>
      <trkpt lat="46.224444" lon="13.010398">
        <ele>160.907738</ele>
        <time>2026-07-29T04:06:12.799Z</time>
      </trkpt>
      <trkpt lat="46.224565" lon="13.010851">
        <ele>160.779030</ele>
        <time>2026-07-29T04:06:16.351Z</time>
      </trkpt>
      <trkpt lat="46.224674" lon="13.012093">
        <ele>159.198677</ele>
        <time>2026-07-29T04:06:24.632Z</time>
      </trkpt>
      <trkpt lat="46.224810" lon="13.012878">
        <ele>157.987217</ele>
        <time>2026-07-29T04:06:30.409Z</time>
      </trkpt>
      <trkpt lat="46.224832" lon="13.013253">
        <ele>157.423815</ele>
        <time>2026-07-29T04:06:34.033Z</time>
      </trkpt>
      <trkpt lat="46.224820" lon="13.013671">
        <ele>156.831808</ele>
        <time>2026-07-29T04:06:39.546Z</time>
      </trkpt>
      <trkpt lat="46.224881" lon="13.013956">
        <ele>156.968510</ele>
        <time>2026-07-29T04:06:43.917Z</time>
      </trkpt>
      <trkpt lat="46.225553" lon="13.014929">
        <ele>157.598508</ele>
        <time>2026-07-29T04:07:03.516Z</time>
      </trkpt>
      <trkpt lat="46.225643" lon="13.015087">
        <ele>157.692291</ele>
        <time>2026-07-29T04:07:05.918Z</time>
      </trkpt>
      <trkpt lat="46.225692" lon="13.015228">
        <ele>157.764594</ele>
        <time>2026-07-29T04:07:07.609Z</time>
      </trkpt>
      <trkpt lat="46.225704" lon="13.015345">
        <ele>157.818792</ele>
        <time>2026-07-29T04:07:08.796Z</time>
      </trkpt>
      <trkpt lat="46.225673" lon="13.015505">
        <ele>157.894928</ele>
        <time>2026-07-29T04:07:10.355Z</time>
      </trkpt>
      <trkpt lat="46.225392" lon="13.016206">
        <ele>158.009046</ele>
        <time>2026-07-29T04:07:17.585Z</time>
      </trkpt>
      <trkpt lat="46.225341" lon="13.016420">
        <ele>158.006547</ele>
        <time>2026-07-29T04:07:19.644Z</time>
      </trkpt>
      <trkpt lat="46.225349" lon="13.016709">
        <ele>158.003354</ele>
        <time>2026-07-29T04:07:22.350Z</time>
      </trkpt>
      <trkpt lat="46.225473" lon="13.017196">
        <ele>157.997625</ele>
        <time>2026-07-29T04:07:27.680Z</time>
      </trkpt>
      <trkpt lat="46.225612" lon="13.017693">
        <ele>157.991707</ele>
        <time>2026-07-29T04:07:33.551Z</time>
      </trkpt>
      <trkpt lat="46.225806" lon="13.018381">
        <ele>158.410706</ele>
        <time>2026-07-29T04:07:41.680Z</time>
      </trkpt>
      <trkpt lat="46.226027" lon="13.019181">
        <ele>159.807904</ele>
        <time>2026-07-29T04:07:52.808Z</time>
      </trkpt>
      <trkpt lat="46.226343" lon="13.020382">
        <ele>161.892005</ele>
        <time>2026-07-29T04:08:17.145Z</time>
      </trkpt>
      <trkpt lat="46.226364" lon="13.020589">
        <ele>162.251893</ele>
        <time>2026-07-29T04:08:21.592Z</time>
      </trkpt>
      <trkpt lat="46.226356" lon="13.020773">
        <ele>162.770258</ele>
        <time>2026-07-29T04:08:25.645Z</time>
      </trkpt>
      <trkpt lat="46.226258" lon="13.021269">
        <ele>164.220601</ele>
        <time>2026-07-29T04:08:38.411Z</time>
      </trkpt>
      <trkpt lat="46.226219" lon="13.021603">
        <ele>165.172978</ele>
        <time>2026-07-29T04:08:47.255Z</time>
      </trkpt>
      <trkpt lat="46.226230" lon="13.021936">
        <ele>166.110328</ele>
        <time>2026-07-29T04:08:56.194Z</time>
      </trkpt>
      <trkpt lat="46.226297" lon="13.022500">
        <ele>167.719313</ele>
        <time>2026-07-29T04:09:09.853Z</time>
      </trkpt>
      <trkpt lat="46.226394" lon="13.022833">
        <ele>168.735205</ele>
        <time>2026-07-29T04:09:16.771Z</time>
      </trkpt>
      <trkpt lat="46.226700" lon="13.023522">
        <ele>170.792893</ele>
        <time>2026-07-29T04:09:27.290Z</time>
      </trkpt>
      <trkpt lat="46.226866" lon="13.023856">
        <ele>171.763775</ele>
        <time>2026-07-29T04:09:32.406Z</time>
      </trkpt>
      <trkpt lat="46.226997" lon="13.024003">
        <ele>172.329699</ele>
        <time>2026-07-29T04:09:36.598Z</time>
      </trkpt>
      <trkpt lat="46.227147" lon="13.024055">
        <ele>172.856083</ele>
        <time>2026-07-29T04:09:41.455Z</time>
      </trkpt>
      <trkpt lat="46.227714" lon="13.024144">
        <ele>174.802326</ele>
        <time>2026-07-29T04:10:04.738Z</time>
      </trkpt>
      <trkpt lat="46.228054" lon="13.024316">
        <ele>175.614079</ele>
        <time>2026-07-29T04:10:16.645Z</time>
      </trkpt>
      <trkpt lat="46.228365" lon="13.024697">
        <ele>175.478455</ele>
        <time>2026-07-29T04:10:25.992Z</time>
      </trkpt>
      <trkpt lat="46.228507" lon="13.024830">
        <ele>175.422163</ele>
        <time>2026-07-29T04:10:28.737Z</time>
      </trkpt>
      <trkpt lat="46.229210" lon="13.025222">
        <ele>175.171489</ele>
        <time>2026-07-29T04:10:36.938Z</time>
      </trkpt>
      <trkpt lat="46.229616" lon="13.025648">
        <ele>174.969617</ele>
        <time>2026-07-29T04:10:41.887Z</time>
      </trkpt>
      <trkpt lat="46.229739" lon="13.025705">
        <ele>174.895465</ele>
        <time>2026-07-29T04:10:43.216Z</time>
      </trkpt>
      <trkpt lat="46.229873" lon="13.025719">
        <ele>174.818337</ele>
        <time>2026-07-29T04:10:44.664Z</time>
      </trkpt>
      <trkpt lat="46.230409" lon="13.025747">
        <ele>174.510426</ele>
        <time>2026-07-29T04:10:52.173Z</time>
      </trkpt>
      <trkpt lat="46.230600" lon="13.025813">
        <ele>174.397686</ele>
        <time>2026-07-29T04:10:54.853Z</time>
      </trkpt>
      <trkpt lat="46.230791" lon="13.025925">
        <ele>174.279358</ele>
        <time>2026-07-29T04:10:57.616Z</time>
      </trkpt>
      <trkpt lat="46.231082" lon="13.026331">
        <ele>174.047184</ele>
        <time>2026-07-29T04:11:04.170Z</time>
      </trkpt>
      <trkpt lat="46.231403" lon="13.026723">
        <ele>174.078614</ele>
        <time>2026-07-29T04:11:14.883Z</time>
      </trkpt>
      <trkpt lat="46.231655" lon="13.027044">
        <ele>174.131177</ele>
        <time>2026-07-29T04:11:22.368Z</time>
      </trkpt>
      <trkpt lat="46.232016" lon="13.027427">
        <ele>174.201255</ele>
        <time>2026-07-29T04:11:28.302Z</time>
      </trkpt>
      <trkpt lat="46.232562" lon="13.028138">
        <ele>174.304938</ele>
        <time>2026-07-29T04:11:37.207Z</time>
      </trkpt>
      <trkpt lat="46.233756" lon="13.029375">
        <ele>174.356178</ele>
        <time>2026-07-29T04:11:55.090Z</time>
      </trkpt>
      <trkpt lat="46.233984" lon="13.029495">
        <ele>174.375886</ele>
        <time>2026-07-29T04:12:01.145Z</time>
      </trkpt>
      <trkpt lat="46.234934" lon="13.029697">
        <ele>176.202799</ele>
        <time>2026-07-29T04:12:36.002Z</time>
      </trkpt>
      <trkpt lat="46.235244" lon="13.029854">
        <ele>176.827748</ele>
        <time>2026-07-29T04:12:42.922Z</time>
      </trkpt>
      <trkpt lat="46.236274" lon="13.030590">
        <ele>177.549777</ele>
        <time>2026-07-29T04:12:55.411Z</time>
      </trkpt>
      <trkpt lat="46.237689" lon="13.031380">
        <ele>177.603210</ele>
        <time>2026-07-29T04:13:21.056Z</time>
      </trkpt>
      <trkpt lat="46.238251" lon="13.031895">
        <ele>178.476811</ele>
        <time>2026-07-29T04:13:32.791Z</time>
      </trkpt>
      <trkpt lat="46.239106" lon="13.032467">
        <ele>179.165295</ele>
        <time>2026-07-29T04:13:58.152Z</time>
      </trkpt>
      <trkpt lat="46.239335" lon="13.032553">
        <ele>178.721696</ele>
        <time>2026-07-29T04:14:02.066Z</time>
      </trkpt>
      <trkpt lat="46.240004" lon="13.032691">
        <ele>177.454691</ele>
        <time>2026-07-29T04:14:08.897Z</time>
      </trkpt>
      <trkpt lat="46.240219" lon="13.032782">
        <ele>177.034671</ele>
        <time>2026-07-29T04:14:11.086Z</time>
      </trkpt>
      <trkpt lat="46.240393" lon="13.032913">
        <ele>176.666861</ele>
        <time>2026-07-29T04:14:13.012Z</time>
      </trkpt>
      <trkpt lat="46.240936" lon="13.033428">
        <ele>175.905852</ele>
        <time>2026-07-29T04:14:19.498Z</time>
      </trkpt>
      <trkpt lat="46.241435" lon="13.033687">
        <ele>175.592951</ele>
        <time>2026-07-29T04:14:25.966Z</time>
      </trkpt>
      <trkpt lat="46.242561" lon="13.034565">
        <ele>176.294224</ele>
        <time>2026-07-29T04:14:48.385Z</time>
      </trkpt>
      <trkpt lat="46.243056" lon="13.034869">
        <ele>178.115498</ele>
        <time>2026-07-29T04:15:06.716Z</time>
      </trkpt>
      <trkpt lat="46.243731" lon="13.035404">
        <ele>180.722306</ele>
        <time>2026-07-29T04:15:29.583Z</time>
      </trkpt>
      <trkpt lat="46.244004" lon="13.035569">
        <ele>181.861640</ele>
        <time>2026-07-29T04:15:38.713Z</time>
      </trkpt>
      <trkpt lat="46.244640" lon="13.036027">
        <ele>184.838232</ele>
        <time>2026-07-29T04:16:04.721Z</time>
      </trkpt>
      <trkpt lat="46.245066" lon="13.036083">
        <ele>186.630266</ele>
        <time>2026-07-29T04:16:21.967Z</time>
      </trkpt>
      <trkpt lat="46.245586" lon="13.036269">
        <ele>188.651470</ele>
        <time>2026-07-29T04:16:37.816Z</time>
      </trkpt>
      <trkpt lat="46.245844" lon="13.036320">
        <ele>188.488752</ele>
        <time>2026-07-29T04:16:41.284Z</time>
      </trkpt>
      <trkpt lat="46.246237" lon="13.036589">
        <ele>188.217051</ele>
        <time>2026-07-29T04:16:45.581Z</time>
      </trkpt>
      <trkpt lat="46.246726" lon="13.036689">
        <ele>187.908445</ele>
        <time>2026-07-29T04:16:50.516Z</time>
      </trkpt>
      <trkpt lat="46.247012" lon="13.036713">
        <ele>187.729429</ele>
        <time>2026-07-29T04:16:55.535Z</time>
      </trkpt>
      <trkpt lat="46.247276" lon="13.036691">
        <ele>187.564187</ele>
        <time>2026-07-29T04:17:02.751Z</time>
      </trkpt>
      <trkpt lat="46.247639" lon="13.036324">
        <ele>186.615778</ele>
        <time>2026-07-29T04:17:12.444Z</time>
      </trkpt>
      <trkpt lat="46.247835" lon="13.036232">
        <ele>186.165579</ele>
        <time>2026-07-29T04:17:14.751Z</time>
      </trkpt>
      <trkpt lat="46.248655" lon="13.036090">
        <ele>184.361309</ele>
        <time>2026-07-29T04:17:22.630Z</time>
      </trkpt>
      <trkpt lat="46.249328" lon="13.035878">
        <ele>182.825467</ele>
        <time>2026-07-29T04:17:30.097Z</time>
      </trkpt>
      <trkpt lat="46.249474" lon="13.035890">
        <ele>182.493110</ele>
        <time>2026-07-29T04:17:31.577Z</time>
      </trkpt>
      <trkpt lat="46.249585" lon="13.035951">
        <ele>182.223231</ele>
        <time>2026-07-29T04:17:32.732Z</time>
      </trkpt>
      <trkpt lat="46.249900" lon="13.036317">
        <ele>181.304853</ele>
        <time>2026-07-29T04:17:36.539Z</time>
      </trkpt>
      <trkpt lat="46.250169" lon="13.036569">
        <ele>180.576408</ele>
        <time>2026-07-29T04:17:39.840Z</time>
      </trkpt>
      <trkpt lat="46.250441" lon="13.036694">
        <ele>179.927754</ele>
        <time>2026-07-29T04:17:44.409Z</time>
      </trkpt>
      <trkpt lat="46.250788" lon="13.036751">
        <ele>179.432036</ele>
        <time>2026-07-29T04:17:52.146Z</time>
      </trkpt>
      <trkpt lat="46.251405" lon="13.036604">
        <ele>179.056479</ele>
        <time>2026-07-29T04:18:03.165Z</time>
      </trkpt>
      <trkpt lat="46.251590" lon="13.036589">
        <ele>178.945195</ele>
        <time>2026-07-29T04:18:05.448Z</time>
      </trkpt>
      <trkpt lat="46.252407" lon="13.036769">
        <ele>178.469539</ele>
        <time>2026-07-29T04:18:14.469Z</time>
      </trkpt>
      <trkpt lat="46.253118" lon="13.037160">
        <ele>178.960352</ele>
        <time>2026-07-29T04:18:23.747Z</time>
      </trkpt>
      <trkpt lat="46.253288" lon="13.037220">
        <ele>179.073262</ele>
        <time>2026-07-29T04:18:27.019Z</time>
      </trkpt>
      <trkpt lat="46.254113" lon="13.037260">
        <ele>179.605882</ele>
        <time>2026-07-29T04:18:48.679Z</time>
      </trkpt>
      <trkpt lat="46.254439" lon="13.037401">
        <ele>179.865249</ele>
        <time>2026-07-29T04:18:56.765Z</time>
      </trkpt>
      <trkpt lat="46.255410" lon="13.037962">
        <ele>180.670277</ele>
        <time>2026-07-29T04:19:11.767Z</time>
      </trkpt>
      <trkpt lat="46.255627" lon="13.038183">
        <ele>180.874614</ele>
        <time>2026-07-29T04:19:15.739Z</time>
      </trkpt>
      <trkpt lat="46.256155" lon="13.039241">
        <ele>182.631253</ele>
        <time>2026-07-29T04:19:33.903Z</time>
      </trkpt>
      <trkpt lat="46.256296" lon="13.039463">
        <ele>183.093341</ele>
        <time>2026-07-29T04:19:38.968Z</time>
      </trkpt>
      <trkpt lat="46.256514" lon="13.039662">
        <ele>183.664866</ele>
        <time>2026-07-29T04:19:45.847Z</time>
      </trkpt>
      <trkpt lat="46.256762" lon="13.039802">
        <ele>184.255081</ele>
        <time>2026-07-29T04:19:53.148Z</time>
      </trkpt>
      <trkpt lat="46.256848" lon="13.039843">
        <ele>184.455835</ele>
        <time>2026-07-29T04:19:55.675Z</time>
      </trkpt>
      <trkpt lat="46.257002" lon="13.039911">
        <ele>184.812810</ele>
        <time>2026-07-29T04:20:00.179Z</time>
      </trkpt>
      <trkpt lat="46.257995" lon="13.040429">
        <ele>188.076797</ele>
        <time>2026-07-29T04:20:30.285Z</time>
      </trkpt>
      <trkpt lat="46.258414" lon="13.040641">
        <ele>189.481503</ele>
        <time>2026-07-29T04:20:42.565Z</time>
      </trkpt>
      <trkpt lat="46.258859" lon="13.040867">
        <ele>190.966725</ele>
        <time>2026-07-29T04:20:54.537Z</time>
      </trkpt>
      <trkpt lat="46.258894" lon="13.040886">
        <ele>191.082069</ele>
        <time>2026-07-29T04:20:55.468Z</time>
      </trkpt>
      <trkpt lat="46.259445" lon="13.041138">
        <ele>192.865080</ele>
        <time>2026-07-29T04:21:10.096Z</time>
      </trkpt>
      <trkpt lat="46.259632" lon="13.041118">
        <ele>193.443621</ele>
        <time>2026-07-29T04:21:15.748Z</time>
      </trkpt>
      <trkpt lat="46.259757" lon="13.041018">
        <ele>193.884357</ele>
        <time>2026-07-29T04:21:20.279Z</time>
      </trkpt>
      <trkpt lat="46.260000" lon="13.040782">
        <ele>194.787444</ele>
        <time>2026-07-29T04:21:29.588Z</time>
      </trkpt>
      <trkpt lat="46.260240" lon="13.040573">
        <ele>195.651791</ele>
        <time>2026-07-29T04:21:38.047Z</time>
      </trkpt>
      <trkpt lat="46.260446" lon="13.040445">
        <ele>196.212726</ele>
        <time>2026-07-29T04:21:43.792Z</time>
      </trkpt>
      <trkpt lat="46.260650" lon="13.040429">
        <ele>196.097023</ele>
        <time>2026-07-29T04:21:48.422Z</time>
      </trkpt>
      <trkpt lat="46.261230" lon="13.040617">
        <ele>195.760399</ele>
        <time>2026-07-29T04:21:59.083Z</time>
      </trkpt>
      <trkpt lat="46.261415" lon="13.040700">
        <ele>195.650702</ele>
        <time>2026-07-29T04:22:01.456Z</time>
      </trkpt>
      <trkpt lat="46.261644" lon="13.040857">
        <ele>195.507178</ele>
        <time>2026-07-29T04:22:04.212Z</time>
      </trkpt>
      <trkpt lat="46.261962" lon="13.041232">
        <ele>195.274813</ele>
        <time>2026-07-29T04:22:08.290Z</time>
      </trkpt>
      <trkpt lat="46.262362" lon="13.041915">
        <ele>195.138398</ele>
        <time>2026-07-29T04:22:14.478Z</time>
      </trkpt>
      <trkpt lat="46.263016" lon="13.042931">
        <ele>194.996018</ele>
        <time>2026-07-29T04:22:33.059Z</time>
      </trkpt>
      <trkpt lat="46.263192" lon="13.043089">
        <ele>194.965288</ele>
        <time>2026-07-29T04:22:37.565Z</time>
      </trkpt>
      <trkpt lat="46.263424" lon="13.043242">
        <ele>194.942077</ele>
        <time>2026-07-29T04:22:43.192Z</time>
      </trkpt>
      <trkpt lat="46.263875" lon="13.043476">
        <ele>194.922739</ele>
        <time>2026-07-29T04:22:53.052Z</time>
      </trkpt>
      <trkpt lat="46.264254" lon="13.043682">
        <ele>194.906398</ele>
        <time>2026-07-29T04:22:58.992Z</time>
      </trkpt>
      <trkpt lat="46.264493" lon="13.043914">
        <ele>194.894780</ele>
        <time>2026-07-29T04:23:02.441Z</time>
      </trkpt>
      <trkpt lat="46.265986" lon="13.046045">
        <ele>191.754439</ele>
        <time>2026-07-29T04:23:26.835Z</time>
      </trkpt>
      <trkpt lat="46.266450" lon="13.046793">
        <ele>189.294820</ele>
        <time>2026-07-29T04:23:33.563Z</time>
      </trkpt>
      <trkpt lat="46.266737" lon="13.047355">
        <ele>187.288811</ele>
        <time>2026-07-29T04:23:38.120Z</time>
      </trkpt>
      <trkpt lat="46.266990" lon="13.048053">
        <ele>185.026107</ele>
        <time>2026-07-29T04:23:43.283Z</time>
      </trkpt>
      <trkpt lat="46.267266" lon="13.049134">
        <ele>183.323124</ele>
        <time>2026-07-29T04:23:51.174Z</time>
      </trkpt>
      <trkpt lat="46.267419" lon="13.049749">
        <ele>182.820592</ele>
        <time>2026-07-29T04:23:56.769Z</time>
      </trkpt>
      <trkpt lat="46.267635" lon="13.050593">
        <ele>182.128641</ele>
        <time>2026-07-29T04:24:07.710Z</time>
      </trkpt>
      <trkpt lat="46.268175" lon="13.052676">
        <ele>182.663332</ele>
        <time>2026-07-29T04:24:34.689Z</time>
      </trkpt>
      <trkpt lat="46.268512" lon="13.053617">
        <ele>182.909027</ele>
        <time>2026-07-29T04:24:46.818Z</time>
      </trkpt>
      <trkpt lat="46.268677" lon="13.053960">
        <ele>182.897167</ele>
        <time>2026-07-29T04:24:51.049Z</time>
      </trkpt>
      <trkpt lat="46.268891" lon="13.054316">
        <ele>182.883778</ele>
        <time>2026-07-29T04:24:55.483Z</time>
      </trkpt>
      <trkpt lat="46.269360" lon="13.054925">
        <ele>182.857904</ele>
        <time>2026-07-29T04:25:03.960Z</time>
      </trkpt>
      <trkpt lat="46.269679" lon="13.055235">
        <ele>182.860595</ele>
        <time>2026-07-29T04:25:09.706Z</time>
      </trkpt>
      <trkpt lat="46.270336" lon="13.055693">
        <ele>182.957687</ele>
        <time>2026-07-29T04:25:21.799Z</time>
      </trkpt>
      <trkpt lat="46.275732" lon="13.059097">
        <ele>183.576432</ele>
        <time>2026-07-29T04:26:51.468Z</time>
      </trkpt>
      <trkpt lat="46.276177" lon="13.059364">
        <ele>183.580001</ele>
        <time>2026-07-29T04:26:58.449Z</time>
      </trkpt>
      <trkpt lat="46.276370" lon="13.059447">
        <ele>183.567655</ele>
        <time>2026-07-29T04:27:01.233Z</time>
      </trkpt>
      <trkpt lat="46.276825" lon="13.059558">
        <ele>183.539363</ele>
        <time>2026-07-29T04:27:07.553Z</time>
      </trkpt>
      <trkpt lat="46.283081" lon="13.060453">
        <ele>183.410579</ele>
        <time>2026-07-29T04:28:39.968Z</time>
      </trkpt>
      <trkpt lat="46.283369" lon="13.060482">
        <ele>183.469625</ele>
        <time>2026-07-29T04:28:44.835Z</time>
      </trkpt>
      <trkpt lat="46.283835" lon="13.060447">
        <ele>183.777859</ele>
        <time>2026-07-29T04:28:53.288Z</time>
      </trkpt>
      <trkpt lat="46.284831" lon="13.060147">
        <ele>184.449876</ele>
        <time>2026-07-29T04:29:12.188Z</time>
      </trkpt>
      <trkpt lat="46.284967" lon="13.060212">
        <ele>184.544485</ele>
        <time>2026-07-29T04:29:14.680Z</time>
      </trkpt>
      <trkpt lat="46.285082" lon="13.060232">
        <ele>184.620996</ele>
        <time>2026-07-29T04:29:16.620Z</time>
      </trkpt>
      <trkpt lat="46.285169" lon="13.060140">
        <ele>184.602056</ele>
        <time>2026-07-29T04:29:18.336Z</time>
      </trkpt>
      <trkpt lat="46.285241" lon="13.059589">
        <ele>184.524580</ele>
        <time>2026-07-29T04:29:23.733Z</time>
      </trkpt>
      <trkpt lat="46.285466" lon="13.058481">
        <ele>184.365025</ele>
        <time>2026-07-29T04:29:33.653Z</time>
      </trkpt>
      <trkpt lat="46.285483" lon="13.058277">
        <ele>184.336636</ele>
        <time>2026-07-29T04:29:35.639Z</time>
      </trkpt>
      <trkpt lat="46.285474" lon="13.057609">
        <ele>184.249482</ele>
        <time>2026-07-29T04:29:43.372Z</time>
      </trkpt>
      <trkpt lat="46.285516" lon="13.057476">
        <ele>184.234739</ele>
        <time>2026-07-29T04:29:45.165Z</time>
      </trkpt>
      <trkpt lat="46.285555" lon="13.057440">
        <ele>184.227990</ele>
        <time>2026-07-29T04:29:45.964Z</time>
      </trkpt>
      <trkpt lat="46.285831" lon="13.057330">
        <ele>184.186225</ele>
        <time>2026-07-29T04:29:50.668Z</time>
      </trkpt>
      <trkpt lat="46.286107" lon="13.057142">
        <ele>184.141720</ele>
        <time>2026-07-29T04:29:54.935Z</time>
      </trkpt>
      <trkpt lat="46.286306" lon="13.056954">
        <ele>184.107048</ele>
        <time>2026-07-29T04:29:57.735Z</time>
      </trkpt>
      <trkpt lat="46.286386" lon="13.056836">
        <ele>184.090382</ele>
        <time>2026-07-29T04:29:59.017Z</time>
      </trkpt>
      <trkpt lat="46.286493" lon="13.056553">
        <ele>184.057859</ele>
        <time>2026-07-29T04:30:01.555Z</time>
      </trkpt>
      <trkpt lat="46.286528" lon="13.056378">
        <ele>184.039491</ele>
        <time>2026-07-29T04:30:03.028Z</time>
      </trkpt>
      <trkpt lat="46.286610" lon="13.056195">
        <ele>184.017502</ele>
        <time>2026-07-29T04:30:04.872Z</time>
      </trkpt>
      <trkpt lat="46.287334" lon="13.055107">
        <ele>189.090968</ele>
        <time>2026-07-29T04:30:28.778Z</time>
      </trkpt>
      <trkpt lat="46.288169" lon="13.053835">
        <ele>192.989236</ele>
        <time>2026-07-29T04:31:40.108Z</time>
      </trkpt>
      <trkpt lat="46.288348" lon="13.053600">
        <ele>192.393057</ele>
        <time>2026-07-29T04:31:47.034Z</time>
      </trkpt>
      <trkpt lat="46.288462" lon="13.053525">
        <ele>192.084152</ele>
        <time>2026-07-29T04:31:48.180Z</time>
      </trkpt>
      <trkpt lat="46.288587" lon="13.053504">
        <ele>191.773738</ele>
        <time>2026-07-29T04:31:49.237Z</time>
      </trkpt>
      <trkpt lat="46.289017" lon="13.053658">
        <ele>190.681037</ele>
        <time>2026-07-29T04:31:52.894Z</time>
      </trkpt>
      <trkpt lat="46.289150" lon="13.053676">
        <ele>190.351528</ele>
        <time>2026-07-29T04:31:54.015Z</time>
      </trkpt>
      <trkpt lat="46.289443" lon="13.053557">
        <ele>189.600847</ele>
        <time>2026-07-29T04:31:56.908Z</time>
      </trkpt>
      <trkpt lat="46.289666" lon="13.053391">
        <ele>189.945192</ele>
        <time>2026-07-29T04:32:03.286Z</time>
      </trkpt>
      <trkpt lat="46.289855" lon="13.053189">
        <ele>190.695665</ele>
        <time>2026-07-29T04:32:11.275Z</time>
      </trkpt>
      <trkpt lat="46.290131" lon="13.052819">
        <ele>191.897359</ele>
        <time>2026-07-29T04:32:27.356Z</time>
      </trkpt>
      <trkpt lat="46.290785" lon="13.052191">
        <ele>194.404317</ele>
        <time>2026-07-29T04:33:02.211Z</time>
      </trkpt>
      <trkpt lat="46.290896" lon="13.052089">
        <ele>194.824296</ele>
        <time>2026-07-29T04:33:05.216Z</time>
      </trkpt>
      <trkpt lat="46.291062" lon="13.051905">
        <ele>194.918122</ele>
        <time>2026-07-29T04:33:07.882Z</time>
      </trkpt>
      <trkpt lat="46.291228" lon="13.051721">
        <ele>194.475638</ele>
        <time>2026-07-29T04:33:09.938Z</time>
      </trkpt>
      <trkpt lat="46.291566" lon="13.051213">
        <ele>193.444427</ele>
        <time>2026-07-29T04:33:14.500Z</time>
      </trkpt>
      <trkpt lat="46.291849" lon="13.050971">
        <ele>192.748817</ele>
        <time>2026-07-29T04:33:17.555Z</time>
      </trkpt>
      <trkpt lat="46.291903" lon="13.050897">
        <ele>192.591442</ele>
        <time>2026-07-29T04:33:18.292Z</time>
      </trkpt>
      <trkpt lat="46.291979" lon="13.050708">
        <ele>192.271688</ele>
        <time>2026-07-29T04:33:19.860Z</time>
      </trkpt>
      <trkpt lat="46.292015" lon="13.050455">
        <ele>191.893979</ele>
        <time>2026-07-29T04:33:21.972Z</time>
      </trkpt>
      <trkpt lat="46.292033" lon="13.050115">
        <ele>191.395361</ele>
        <time>2026-07-29T04:33:25.728Z</time>
      </trkpt>
      <trkpt lat="46.292080" lon="13.049993">
        <ele>191.475436</ele>
        <time>2026-07-29T04:33:27.387Z</time>
      </trkpt>
      <trkpt lat="46.292344" lon="13.049952">
        <ele>191.981928</ele>
        <time>2026-07-29T04:33:31.809Z</time>
      </trkpt>
      <trkpt lat="46.292498" lon="13.049965">
        <ele>192.276194</ele>
        <time>2026-07-29T04:33:34.780Z</time>
      </trkpt>
      <trkpt lat="46.292607" lon="13.049983">
        <ele>192.485470</ele>
        <time>2026-07-29T04:33:37.180Z</time>
      </trkpt>
      <trkpt lat="46.292666" lon="13.050010">
        <ele>192.603509</ele>
        <time>2026-07-29T04:33:38.627Z</time>
      </trkpt>
      <trkpt lat="46.292773" lon="13.050058">
        <ele>192.817201</ele>
        <time>2026-07-29T04:33:41.351Z</time>
      </trkpt>
      <trkpt lat="46.292987" lon="13.050005">
        <ele>193.231357</ele>
        <time>2026-07-29T04:33:47.163Z</time>
      </trkpt>
      <trkpt lat="46.293548" lon="13.049948">
        <ele>194.304142</ele>
        <time>2026-07-29T04:34:02.981Z</time>
      </trkpt>
      <trkpt lat="46.293608" lon="13.049942">
        <ele>194.418870</ele>
        <time>2026-07-29T04:34:04.544Z</time>
      </trkpt>
      <trkpt lat="46.294481" lon="13.049876">
        <ele>195.994809</ele>
        <time>2026-07-29T04:34:25.347Z</time>
      </trkpt>
      <trkpt lat="46.294750" lon="13.049936">
        <ele>196.477815</ele>
        <time>2026-07-29T04:34:30.370Z</time>
      </trkpt>
      <trkpt lat="46.294932" lon="13.050032">
        <ele>196.821575</ele>
        <time>2026-07-29T04:34:33.848Z</time>
      </trkpt>
      <trkpt lat="46.295142" lon="13.050211">
        <ele>197.254072</ele>
        <time>2026-07-29T04:34:38.648Z</time>
      </trkpt>
      <trkpt lat="46.295871" lon="13.050740">
        <ele>197.555582</ele>
        <time>2026-07-29T04:34:58.112Z</time>
      </trkpt>
      <trkpt lat="46.296211" lon="13.050889">
        <ele>197.206903</ele>
        <time>2026-07-29T04:35:02.884Z</time>
      </trkpt>
      <trkpt lat="46.296410" lon="13.050785">
        <ele>196.999237</ele>
        <time>2026-07-29T04:35:05.023Z</time>
      </trkpt>
      <trkpt lat="46.296646" lon="13.050742">
        <ele>196.765771</ele>
        <time>2026-07-29T04:35:07.271Z</time>
      </trkpt>
      <trkpt lat="46.297112" lon="13.050909">
        <ele>196.294570</ele>
        <time>2026-07-29T04:35:11.846Z</time>
      </trkpt>
      <trkpt lat="46.297285" lon="13.050897">
        <ele>196.045722</ele>
        <time>2026-07-29T04:35:15.879Z</time>
      </trkpt>
      <trkpt lat="46.297429" lon="13.050799">
        <ele>195.722232</ele>
        <time>2026-07-29T04:35:20.458Z</time>
      </trkpt>
      <trkpt lat="46.297537" lon="13.050648">
        <ele>195.416964</ele>
        <time>2026-07-29T04:35:24.517Z</time>
      </trkpt>
      <trkpt lat="46.297640" lon="13.050574">
        <ele>195.183194</ele>
        <time>2026-07-29T04:35:27.612Z</time>
      </trkpt>
      <trkpt lat="46.297792" lon="13.050564">
        <ele>194.873869</ele>
        <time>2026-07-29T04:35:31.330Z</time>
      </trkpt>
      <trkpt lat="46.298608" lon="13.050593">
        <ele>193.214494</ele>
        <time>2026-07-29T04:35:39.083Z</time>
      </trkpt>
      <trkpt lat="46.299160" lon="13.050727">
        <ele>192.397754</ele>
        <time>2026-07-29T04:35:44.985Z</time>
      </trkpt>
      <trkpt lat="46.299211" lon="13.050735">
        <ele>192.365482</ele>
        <time>2026-07-29T04:35:45.655Z</time>
      </trkpt>
      <trkpt lat="46.299589" lon="13.050834">
        <ele>192.123820</ele>
        <time>2026-07-29T04:35:50.864Z</time>
      </trkpt>
      <trkpt lat="46.299799" lon="13.050888">
        <ele>191.989640</ele>
        <time>2026-07-29T04:35:53.798Z</time>
      </trkpt>
      <trkpt lat="46.300583" lon="13.051044">
        <ele>191.491785</ele>
        <time>2026-07-29T04:36:03.988Z</time>
      </trkpt>
      <trkpt lat="46.300999" lon="13.051050">
        <ele>192.021445</ele>
        <time>2026-07-29T04:36:12.489Z</time>
      </trkpt>
      <trkpt lat="46.302474" lon="13.050956">
        <ele>195.174885</ele>
        <time>2026-07-29T04:36:51.923Z</time>
      </trkpt>
      <trkpt lat="46.303332" lon="13.050852">
        <ele>196.203752</ele>
        <time>2026-07-29T04:37:06.870Z</time>
      </trkpt>
      <trkpt lat="46.303879" lon="13.050780">
        <ele>196.837545</ele>
        <time>2026-07-29T04:37:16.215Z</time>
      </trkpt>
      <trkpt lat="46.304669" lon="13.050613">
        <ele>197.889861</ele>
        <time>2026-07-29T04:37:32.866Z</time>
      </trkpt>
      <trkpt lat="46.306005" lon="13.050121">
        <ele>199.963666</ele>
        <time>2026-07-29T04:38:03.793Z</time>
      </trkpt>
      <trkpt lat="46.306727" lon="13.049794">
        <ele>199.914112</ele>
        <time>2026-07-29T04:38:15.316Z</time>
      </trkpt>
      <trkpt lat="46.307019" lon="13.049739">
        <ele>199.864835</ele>
        <time>2026-07-29T04:38:18.668Z</time>
      </trkpt>
      <trkpt lat="46.307260" lon="13.049780">
        <ele>199.824227</ele>
        <time>2026-07-29T04:38:21.424Z</time>
      </trkpt>
      <trkpt lat="46.308452" lon="13.050173">
        <ele>200.510873</ele>
        <time>2026-07-29T04:38:39.853Z</time>
      </trkpt>
      <trkpt lat="46.308989" lon="13.050508">
        <ele>201.189185</ele>
        <time>2026-07-29T04:38:53.533Z</time>
      </trkpt>
      <trkpt lat="46.309567" lon="13.050806">
        <ele>201.869955</ele>
        <time>2026-07-29T04:39:07.320Z</time>
      </trkpt>
      <trkpt lat="46.309822" lon="13.050894">
        <ele>202.059803</ele>
        <time>2026-07-29T04:39:12.597Z</time>
      </trkpt>
      <trkpt lat="46.310081" lon="13.050934">
        <ele>202.248438</ele>
        <time>2026-07-29T04:39:17.783Z</time>
      </trkpt>
      <trkpt lat="46.310831" lon="13.051049">
        <ele>202.794634</ele>
        <time>2026-07-29T04:39:31.473Z</time>
      </trkpt>
      <trkpt lat="46.311305" lon="13.051123">
        <ele>203.120727</ele>
        <time>2026-07-29T04:39:37.240Z</time>
      </trkpt>
      <trkpt lat="46.311650" lon="13.051119">
        <ele>203.116124</ele>
        <time>2026-07-29T04:39:42.620Z</time>
      </trkpt>
      <trkpt lat="46.311786" lon="13.051086">
        <ele>203.114284</ele>
        <time>2026-07-29T04:39:45.447Z</time>
      </trkpt>
      <trkpt lat="46.312471" lon="13.050764">
        <ele>203.104676</ele>
        <time>2026-07-29T04:39:57.627Z</time>
      </trkpt>
      <trkpt lat="46.312744" lon="13.050717">
        <ele>203.101008</ele>
        <time>2026-07-29T04:40:01.346Z</time>
      </trkpt>
      <trkpt lat="46.313109" lon="13.050744">
        <ele>203.093638</ele>
        <time>2026-07-29T04:40:06.159Z</time>
      </trkpt>
      <trkpt lat="46.313390" lon="13.050800">
        <ele>203.079870</ele>
        <time>2026-07-29T04:40:10.014Z</time>
      </trkpt>
      <trkpt lat="46.313731" lon="13.050873">
        <ele>203.063139</ele>
        <time>2026-07-29T04:40:13.807Z</time>
      </trkpt>
      <trkpt lat="46.313846" lon="13.050969">
        <ele>203.056696</ele>
        <time>2026-07-29T04:40:15.251Z</time>
      </trkpt>
      <trkpt lat="46.313991" lon="13.051221">
        <ele>203.045701</ele>
        <time>2026-07-29T04:40:17.931Z</time>
      </trkpt>
      <trkpt lat="46.314361" lon="13.051989">
        <ele>203.014310</ele>
        <time>2026-07-29T04:40:32.059Z</time>
      </trkpt>
      <trkpt lat="46.314381" lon="13.052033">
        <ele>203.012544</ele>
        <time>2026-07-29T04:40:32.987Z</time>
      </trkpt>
      <trkpt lat="46.314449" lon="13.052179">
        <ele>203.033534</ele>
        <time>2026-07-29T04:40:35.827Z</time>
      </trkpt>
      <trkpt lat="46.314641" lon="13.052581">
        <ele>203.157628</ele>
        <time>2026-07-29T04:40:42.205Z</time>
      </trkpt>
      <trkpt lat="46.314653" lon="13.052689">
        <ele>203.185402</ele>
        <time>2026-07-29T04:40:43.333Z</time>
      </trkpt>
      <trkpt lat="46.314864" lon="13.052705">
        <ele>203.263072</ele>
        <time>2026-07-29T04:40:46.210Z</time>
      </trkpt>
      <trkpt lat="46.314921" lon="13.052709">
        <ele>203.284050</ele>
        <time>2026-07-29T04:40:46.975Z</time>
      </trkpt>
      <trkpt lat="46.315363" lon="13.052683">
        <ele>203.446663</ele>
        <time>2026-07-29T04:40:53.185Z</time>
      </trkpt>
      <trkpt lat="46.315497" lon="13.052726">
        <ele>203.497117</ele>
        <time>2026-07-29T04:40:55.242Z</time>
      </trkpt>
      <trkpt lat="46.315831" lon="13.052954">
        <ele>203.632858</ele>
        <time>2026-07-29T04:41:00.979Z</time>
      </trkpt>
      <trkpt lat="46.316256" lon="13.053177">
        <ele>203.494836</ele>
        <time>2026-07-29T04:41:08.314Z</time>
      </trkpt>
      <trkpt lat="46.316660" lon="13.053366">
        <ele>203.280210</ele>
        <time>2026-07-29T04:41:15.638Z</time>
      </trkpt>
      <trkpt lat="46.316938" lon="13.053412">
        <ele>203.138761</ele>
        <time>2026-07-29T04:41:19.818Z</time>
      </trkpt>
      <trkpt lat="46.317090" lon="13.053491">
        <ele>203.057121</ele>
        <time>2026-07-29T04:41:21.831Z</time>
      </trkpt>
      <trkpt lat="46.317181" lon="13.053749">
        <ele>202.955976</ele>
        <time>2026-07-29T04:41:24.140Z</time>
      </trkpt>
      <trkpt lat="46.317221" lon="13.054013">
        <ele>202.861610</ele>
        <time>2026-07-29T04:41:26.198Z</time>
      </trkpt>
      <trkpt lat="46.317247" lon="13.054117">
        <ele>202.822993</ele>
        <time>2026-07-29T04:41:27.018Z</time>
      </trkpt>
      <trkpt lat="46.317325" lon="13.054325">
        <ele>202.719387</ele>
        <time>2026-07-29T04:41:28.776Z</time>
      </trkpt>
      <trkpt lat="46.317522" lon="13.054634">
        <ele>202.428384</ele>
        <time>2026-07-29T04:41:31.962Z</time>
      </trkpt>
      <trkpt lat="46.317752" lon="13.054870">
        <ele>202.145936</ele>
        <time>2026-07-29T04:41:35.142Z</time>
      </trkpt>
      <trkpt lat="46.317988" lon="13.055034">
        <ele>201.883653</ele>
        <time>2026-07-29T04:41:38.275Z</time>
      </trkpt>
      <trkpt lat="46.318660" lon="13.055141">
        <ele>201.206288</ele>
        <time>2026-07-29T04:41:47.798Z</time>
      </trkpt>
      <trkpt lat="46.318899" lon="13.055212">
        <ele>200.961836</ele>
        <time>2026-07-29T04:41:50.970Z</time>
      </trkpt>
      <trkpt lat="46.319026" lon="13.055350">
        <ele>200.970730</ele>
        <time>2026-07-29T04:41:52.953Z</time>
      </trkpt>
      <trkpt lat="46.319612" lon="13.056225">
        <ele>201.030734</ele>
        <time>2026-07-29T04:42:04.241Z</time>
      </trkpt>
      <trkpt lat="46.320135" lon="13.056539">
        <ele>201.071092</ele>
        <time>2026-07-29T04:42:14.962Z</time>
      </trkpt>
      <trkpt lat="46.320315" lon="13.056705">
        <ele>201.086305</ele>
        <time>2026-07-29T04:42:18.713Z</time>
      </trkpt>
      <trkpt lat="46.320403" lon="13.056843">
        <ele>201.114074</ele>
        <time>2026-07-29T04:42:20.816Z</time>
      </trkpt>
      <trkpt lat="46.320650" lon="13.057381">
        <ele>201.221720</ele>
        <time>2026-07-29T04:42:27.592Z</time>
      </trkpt>
      <trkpt lat="46.320988" lon="13.058281">
        <ele>201.392423</ele>
        <time>2026-07-29T04:42:38.693Z</time>
      </trkpt>
      <trkpt lat="46.321243" lon="13.058777">
        <ele>201.495455</ele>
        <time>2026-07-29T04:42:45.206Z</time>
      </trkpt>
      <trkpt lat="46.321373" lon="13.058952">
        <ele>201.566853</ele>
        <time>2026-07-29T04:42:47.853Z</time>
      </trkpt>
      <trkpt lat="46.322359" lon="13.059929">
        <ele>202.353187</ele>
        <time>2026-07-29T04:43:06.306Z</time>
      </trkpt>
      <trkpt lat="46.322814" lon="13.060268">
        <ele>202.689961</ele>
        <time>2026-07-29T04:43:17.100Z</time>
      </trkpt>
      <trkpt lat="46.323315" lon="13.060685">
        <ele>202.355866</ele>
        <time>2026-07-29T04:43:30.842Z</time>
      </trkpt>
      <trkpt lat="46.323446" lon="13.060809">
        <ele>202.257126</ele>
        <time>2026-07-29T04:43:33.885Z</time>
      </trkpt>
      <trkpt lat="46.323551" lon="13.060982">
        <ele>202.156778</ele>
        <time>2026-07-29T04:43:36.249Z</time>
      </trkpt>
      <trkpt lat="46.323652" lon="13.061400">
        <ele>201.963833</ele>
        <time>2026-07-29T04:43:39.514Z</time>
      </trkpt>
      <trkpt lat="46.323774" lon="13.062141">
        <ele>201.631937</ele>
        <time>2026-07-29T04:43:44.613Z</time>
      </trkpt>
      <trkpt lat="46.323908" lon="13.062366">
        <ele>201.625330</ele>
        <time>2026-07-29T04:43:46.792Z</time>
      </trkpt>
      <trkpt lat="46.324089" lon="13.062470">
        <ele>201.723545</ele>
        <time>2026-07-29T04:43:49.098Z</time>
      </trkpt>
      <trkpt lat="46.324539" lon="13.062660">
        <ele>201.959963</ele>
        <time>2026-07-29T04:43:58.240Z</time>
      </trkpt>
      <trkpt lat="46.324904" lon="13.062827">
        <ele>202.153029</ele>
        <time>2026-07-29T04:44:05.965Z</time>
      </trkpt>
      <trkpt lat="46.324918" lon="13.062835">
        <ele>202.160620</ele>
        <time>2026-07-29T04:44:06.261Z</time>
      </trkpt>
      <trkpt lat="46.325422" lon="13.063141">
        <ele>202.436261</ele>
        <time>2026-07-29T04:44:12.828Z</time>
      </trkpt>
      <trkpt lat="46.325812" lon="13.063275">
        <ele>202.720541</ele>
        <time>2026-07-29T04:44:24.123Z</time>
      </trkpt>
      <trkpt lat="46.326218" lon="13.063436">
        <ele>203.041484</ele>
        <time>2026-07-29T04:44:47.729Z</time>
      </trkpt>
      <trkpt lat="46.326350" lon="13.063551">
        <ele>203.158935</ele>
        <time>2026-07-29T04:44:55.813Z</time>
      </trkpt>
      <trkpt lat="46.326950" lon="13.064453">
        <ele>203.818325</ele>
        <time>2026-07-29T04:45:04.823Z</time>
      </trkpt>
      <trkpt lat="46.327217" lon="13.065110">
        <ele>201.969045</ele>
        <time>2026-07-29T04:45:09.335Z</time>
      </trkpt>
      <trkpt lat="46.328232" lon="13.065953">
        <ele>197.440615</ele>
        <time>2026-07-29T04:45:21.208Z</time>
      </trkpt>
      <trkpt lat="46.328357" lon="13.066077">
        <ele>196.889052</ele>
        <time>2026-07-29T04:45:22.973Z</time>
      </trkpt>
      <trkpt lat="46.328578" lon="13.066394">
        <ele>196.919635</ele>
        <time>2026-07-29T04:45:29.238Z</time>
      </trkpt>
      <trkpt lat="46.328916" lon="13.066641">
        <ele>196.956858</ele>
        <time>2026-07-29T04:45:35.713Z</time>
      </trkpt>
      <trkpt lat="46.329000" lon="13.066740">
        <ele>196.967506</ele>
        <time>2026-07-29T04:45:36.996Z</time>
      </trkpt>
      <trkpt lat="46.329074" lon="13.066867">
        <ele>196.978787</ele>
        <time>2026-07-29T04:45:38.194Z</time>
      </trkpt>
      <trkpt lat="46.329374" lon="13.067289">
        <ele>197.019907</ele>
        <time>2026-07-29T04:45:42.088Z</time>
      </trkpt>
      <trkpt lat="46.329622" lon="13.067670">
        <ele>197.055454</ele>
        <time>2026-07-29T04:45:48.397Z</time>
      </trkpt>
      <trkpt lat="46.330133" lon="13.068647">
        <ele>199.843242</ele>
        <time>2026-07-29T04:46:32.963Z</time>
      </trkpt>
      <trkpt lat="46.330604" lon="13.069341">
        <ele>202.335843</ele>
        <time>2026-07-29T04:47:05.702Z</time>
      </trkpt>
      <trkpt lat="46.330619" lon="13.069421">
        <ele>202.548184</ele>
        <time>2026-07-29T04:47:06.374Z</time>
      </trkpt>
      <trkpt lat="46.330596" lon="13.069624">
        <ele>203.075123</ele>
        <time>2026-07-29T04:47:07.728Z</time>
      </trkpt>
      <trkpt lat="46.330553" lon="13.069692">
        <ele>203.311311</ele>
        <time>2026-07-29T04:47:08.290Z</time>
      </trkpt>
      <trkpt lat="46.330481" lon="13.069764">
        <ele>203.635893</ele>
        <time>2026-07-29T04:47:09.039Z</time>
      </trkpt>
      <trkpt lat="46.330295" lon="13.069796">
        <ele>203.459878</ele>
        <time>2026-07-29T04:47:10.613Z</time>
      </trkpt>
      <trkpt lat="46.330182" lon="13.069874">
        <ele>203.242704</ele>
        <time>2026-07-29T04:47:11.677Z</time>
      </trkpt>
      <trkpt lat="46.330147" lon="13.070065">
        <ele>203.005974</ele>
        <time>2026-07-29T04:47:12.887Z</time>
      </trkpt>
      <trkpt lat="46.330180" lon="13.070274">
        <ele>202.749139</ele>
        <time>2026-07-29T04:47:14.271Z</time>
      </trkpt>
      <trkpt lat="46.330335" lon="13.070562">
        <ele>202.311708</ele>
        <time>2026-07-29T04:47:16.740Z</time>
      </trkpt>
      <trkpt lat="46.330368" lon="13.070698">
        <ele>202.139020</ele>
        <time>2026-07-29T04:47:17.828Z</time>
      </trkpt>
      <trkpt lat="46.330350" lon="13.071111">
        <ele>201.643281</ele>
        <time>2026-07-29T04:47:21.155Z</time>
      </trkpt>
      <trkpt lat="46.330371" lon="13.071250">
        <ele>201.472827</ele>
        <time>2026-07-29T04:47:22.227Z</time>
      </trkpt>
      <trkpt lat="46.330433" lon="13.071381">
        <ele>201.282570</ele>
        <time>2026-07-29T04:47:23.491Z</time>
      </trkpt>
      <trkpt lat="46.331026" lon="13.072097">
        <ele>199.888857</ele>
        <time>2026-07-29T04:47:51.755Z</time>
      </trkpt>
      <trkpt lat="46.331173" lon="13.072209">
        <ele>199.577478</ele>
        <time>2026-07-29T04:47:58.319Z</time>
      </trkpt>
      <trkpt lat="46.331414" lon="13.072376">
        <ele>199.076640</ele>
        <time>2026-07-29T04:48:04.157Z</time>
      </trkpt>
      <trkpt lat="46.331469" lon="13.072458">
        <ele>198.928666</ele>
        <time>2026-07-29T04:48:05.053Z</time>
      </trkpt>
      <trkpt lat="46.331500" lon="13.072585">
        <ele>198.754307</ele>
        <time>2026-07-29T04:48:05.950Z</time>
      </trkpt>
      <trkpt lat="46.331501" lon="13.072772">
        <ele>198.512246</ele>
        <time>2026-07-29T04:48:07.101Z</time>
      </trkpt>
      <trkpt lat="46.331296" lon="13.073836">
        <ele>197.612311</ele>
        <time>2026-07-29T04:48:13.718Z</time>
      </trkpt>
      <trkpt lat="46.331280" lon="13.074011">
        <ele>198.127949</ele>
        <time>2026-07-29T04:48:14.831Z</time>
      </trkpt>
      <trkpt lat="46.331312" lon="13.074413">
        <ele>199.309970</ele>
        <time>2026-07-29T04:48:17.663Z</time>
      </trkpt>
      <trkpt lat="46.331360" lon="13.074548">
        <ele>199.753515</ele>
        <time>2026-07-29T04:48:19.570Z</time>
      </trkpt>
      <trkpt lat="46.331508" lon="13.074722">
        <ele>200.559935</ele>
        <time>2026-07-29T04:48:25.143Z</time>
      </trkpt>
      <trkpt lat="46.332097" lon="13.074864">
        <ele>203.085899</ele>
        <time>2026-07-29T04:48:57.636Z</time>
      </trkpt>
      <trkpt lat="46.332461" lon="13.074836">
        <ele>204.627917</ele>
        <time>2026-07-29T04:49:22.315Z</time>
      </trkpt>
      <trkpt lat="46.333077" lon="13.074637">
        <ele>205.312104</ele>
        <time>2026-07-29T04:49:56.936Z</time>
      </trkpt>
      <trkpt lat="46.333290" lon="13.074607">
        <ele>205.481806</ele>
        <time>2026-07-29T04:50:01.886Z</time>
      </trkpt>
      <trkpt lat="46.334444" lon="13.074617">
        <ele>206.302298</ele>
        <time>2026-07-29T04:50:12.566Z</time>
      </trkpt>
      <trkpt lat="46.334851" lon="13.074704">
        <ele>206.363841</ele>
        <time>2026-07-29T04:50:16.481Z</time>
      </trkpt>
      <trkpt lat="46.334976" lon="13.074693">
        <ele>206.382575</ele>
        <time>2026-07-29T04:50:17.785Z</time>
      </trkpt>
      <trkpt lat="46.335468" lon="13.074506">
        <ele>206.458666</ele>
        <time>2026-07-29T04:50:26.008Z</time>
      </trkpt>
      <trkpt lat="46.335814" lon="13.074325">
        <ele>206.513697</ele>
        <time>2026-07-29T04:50:37.395Z</time>
      </trkpt>
      <trkpt lat="46.335969" lon="13.074209">
        <ele>206.539796</ele>
        <time>2026-07-29T04:50:43.968Z</time>
      </trkpt>
      <trkpt lat="46.336412" lon="13.073775">
        <ele>209.824550</ele>
        <time>2026-07-29T04:51:06.196Z</time>
      </trkpt>
      <trkpt lat="46.336853" lon="13.073020">
        <ele>214.573455</ele>
        <time>2026-07-29T04:51:38.832Z</time>
      </trkpt>
      <trkpt lat="46.337044" lon="13.072397">
        <ele>217.846758</ele>
        <time>2026-07-29T04:52:00.746Z</time>
      </trkpt>
      <trkpt lat="46.337184" lon="13.072036">
        <ele>219.409798</ele>
        <time>2026-07-29T04:52:12.365Z</time>
      </trkpt>
      <trkpt lat="46.337666" lon="13.071335">
        <ele>221.556666</ele>
        <time>2026-07-29T04:52:35.387Z</time>
      </trkpt>
      <trkpt lat="46.337810" lon="13.071076">
        <ele>222.278276</ele>
        <time>2026-07-29T04:52:43.495Z</time>
      </trkpt>
      <trkpt lat="46.337972" lon="13.070573">
        <ele>223.482698</ele>
        <time>2026-07-29T04:52:52.949Z</time>
      </trkpt>
      <trkpt lat="46.338106" lon="13.070389">
        <ele>224.063047</ele>
        <time>2026-07-29T04:52:55.449Z</time>
      </trkpt>
      <trkpt lat="46.338333" lon="13.070210">
        <ele>224.513748</ele>
        <time>2026-07-29T04:52:58.195Z</time>
      </trkpt>
      <trkpt lat="46.339472" lon="13.069876">
        <ele>220.059775</ele>
        <time>2026-07-29T04:53:11.340Z</time>
      </trkpt>
      <trkpt lat="46.339538" lon="13.069833">
        <ele>219.782409</ele>
        <time>2026-07-29T04:53:12.036Z</time>
      </trkpt>
      <trkpt lat="46.339647" lon="13.069761">
        <ele>219.323258</ele>
        <time>2026-07-29T04:53:13.148Z</time>
      </trkpt>
      <trkpt lat="46.339969" lon="13.069683">
        <ele>218.072000</ele>
        <time>2026-07-29T04:53:16.008Z</time>
      </trkpt>
      <trkpt lat="46.340382" lon="13.069560">
        <ele>215.211759</ele>
        <time>2026-07-29T04:53:19.578Z</time>
      </trkpt>
      <trkpt lat="46.340617" lon="13.069441">
        <ele>213.386543</ele>
        <time>2026-07-29T04:53:21.744Z</time>
      </trkpt>
      <trkpt lat="46.340908" lon="13.069175">
        <ele>210.863692</ele>
        <time>2026-07-29T04:53:25.114Z</time>
      </trkpt>
      <trkpt lat="46.341200" lon="13.068818">
        <ele>208.062165</ele>
        <time>2026-07-29T04:53:29.125Z</time>
      </trkpt>
      <trkpt lat="46.341257" lon="13.068757">
        <ele>207.542570</ele>
        <time>2026-07-29T04:53:29.810Z</time>
      </trkpt>
      <trkpt lat="46.341628" lon="13.068485">
        <ele>204.552904</ele>
        <time>2026-07-29T04:53:33.377Z</time>
      </trkpt>
      <trkpt lat="46.342071" lon="13.068283">
        <ele>202.606477</ele>
        <time>2026-07-29T04:53:37.287Z</time>
      </trkpt>
      <trkpt lat="46.342388" lon="13.068138">
        <ele>201.213268</ele>
        <time>2026-07-29T04:53:40.326Z</time>
      </trkpt>
      <trkpt lat="46.343857" lon="13.066902">
        <ele>197.220680</ele>
        <time>2026-07-29T04:54:04.801Z</time>
      </trkpt>
      <trkpt lat="46.344654" lon="13.066235">
        <ele>197.384204</ele>
        <time>2026-07-29T04:54:21.420Z</time>
      </trkpt>
      <trkpt lat="46.345061" lon="13.066104">
        <ele>197.445617</ele>
        <time>2026-07-29T04:54:26.754Z</time>
      </trkpt>
      <trkpt lat="46.345411" lon="13.066097">
        <ele>197.490398</ele>
        <time>2026-07-29T04:54:30.915Z</time>
      </trkpt>
      <trkpt lat="46.345664" lon="13.066223">
        <ele>197.524625</ele>
        <time>2026-07-29T04:54:34.539Z</time>
      </trkpt>
      <trkpt lat="46.345936" lon="13.066557">
        <ele>197.570242</ele>
        <time>2026-07-29T04:54:40.197Z</time>
      </trkpt>
      <trkpt lat="46.345985" lon="13.066645">
        <ele>197.580227</ele>
        <time>2026-07-29T04:54:41.525Z</time>
      </trkpt>
      <trkpt lat="46.346042" lon="13.066752">
        <ele>197.592163</ele>
        <time>2026-07-29T04:54:43.130Z</time>
      </trkpt>
      <trkpt lat="46.346292" lon="13.067180">
        <ele>197.641677</ele>
        <time>2026-07-29T04:54:49.649Z</time>
      </trkpt>
      <trkpt lat="46.346513" lon="13.067360">
        <ele>198.318199</ele>
        <time>2026-07-29T04:54:54.480Z</time>
      </trkpt>
      <trkpt lat="46.346679" lon="13.067486">
        <ele>198.841057</ele>
        <time>2026-07-29T04:54:58.868Z</time>
      </trkpt>
      <trkpt lat="46.346752" lon="13.067544">
        <ele>199.073347</ele>
        <time>2026-07-29T04:55:01.003Z</time>
      </trkpt>
      <trkpt lat="46.346869" lon="13.067635">
        <ele>199.443846</ele>
        <time>2026-07-29T04:55:04.581Z</time>
      </trkpt>
      <trkpt lat="46.347007" lon="13.067250">
        <ele>200.279318</ele>
        <time>2026-07-29T04:55:13.279Z</time>
      </trkpt>
      <trkpt lat="46.347181" lon="13.067082">
        <ele>200.862715</ele>
        <time>2026-07-29T04:55:18.961Z</time>
      </trkpt>
      <trkpt lat="46.347324" lon="13.066939">
        <ele>201.347504</ele>
        <time>2026-07-29T04:55:23.147Z</time>
      </trkpt>
      <trkpt lat="46.347807" lon="13.066440">
        <ele>203.643184</ele>
        <time>2026-07-29T04:55:37.783Z</time>
      </trkpt>
      <trkpt lat="46.347821" lon="13.066425">
        <ele>203.782944</ele>
        <time>2026-07-29T04:55:38.374Z</time>
      </trkpt>
      <trkpt lat="46.347851" lon="13.066389">
        <ele>204.095607</ele>
        <time>2026-07-29T04:55:39.747Z</time>
      </trkpt>
      <trkpt lat="46.347944" lon="13.066291">
        <ele>205.018623</ele>
        <time>2026-07-29T04:55:44.098Z</time>
      </trkpt>
      <trkpt lat="46.348066" lon="13.066162">
        <ele>206.230900</ele>
        <time>2026-07-29T04:55:50.551Z</time>
      </trkpt>
      <trkpt lat="46.348237" lon="13.066069">
        <ele>207.696906</ele>
        <time>2026-07-29T04:55:59.568Z</time>
      </trkpt>
      <trkpt lat="46.348422" lon="13.066061">
        <ele>209.182411</ele>
        <time>2026-07-29T04:56:09.597Z</time>
      </trkpt>
      <trkpt lat="46.348629" lon="13.066165">
        <ele>210.940907</ele>
        <time>2026-07-29T04:56:21.757Z</time>
      </trkpt>
      <trkpt lat="46.348750" lon="13.066324">
        <ele>212.252068</ele>
        <time>2026-07-29T04:56:31.061Z</time>
      </trkpt>
      <trkpt lat="46.349089" lon="13.067000">
        <ele>216.881267</ele>
        <time>2026-07-29T04:57:03.602Z</time>
      </trkpt>
      <trkpt lat="46.349098" lon="13.067077">
        <ele>217.383499</ele>
        <time>2026-07-29T04:57:05.761Z</time>
      </trkpt>
      <trkpt lat="46.349110" lon="13.067185">
        <ele>218.184406</ele>
        <time>2026-07-29T04:57:08.837Z</time>
      </trkpt>
      <trkpt lat="46.349052" lon="13.067363">
        <ele>219.625552</ele>
        <time>2026-07-29T04:57:15.009Z</time>
      </trkpt>
      <trkpt lat="46.348914" lon="13.067551">
        <ele>221.634833</ele>
        <time>2026-07-29T04:57:23.961Z</time>
      </trkpt>
      <trkpt lat="46.348898" lon="13.067645">
        <ele>222.343677</ele>
        <time>2026-07-29T04:57:27.082Z</time>
      </trkpt>
      <trkpt lat="46.348915" lon="13.067749">
        <ele>223.126181</ele>
        <time>2026-07-29T04:57:30.406Z</time>
      </trkpt>
      <trkpt lat="46.348972" lon="13.067828">
        <ele>223.962893</ele>
        <time>2026-07-29T04:57:34.045Z</time>
      </trkpt>
      <trkpt lat="46.349135" lon="13.067825">
        <ele>225.691960</ele>
        <time>2026-07-29T04:57:42.588Z</time>
      </trkpt>
      <trkpt lat="46.350225" lon="13.067439">
        <ele>237.667644</ele>
        <time>2026-07-29T04:58:52.470Z</time>
      </trkpt>
      <trkpt lat="46.350401" lon="13.067253">
        <ele>240.098533</ele>
        <time>2026-07-29T04:59:07.498Z</time>
      </trkpt>
      <trkpt lat="46.350695" lon="13.066660">
        <ele>245.721960</ele>
        <time>2026-07-29T04:59:46.668Z</time>
      </trkpt>
      <trkpt lat="46.350928" lon="13.066342">
        <ele>249.293863</ele>
        <time>2026-07-29T05:00:09.684Z</time>
      </trkpt>
      <trkpt lat="46.350978" lon="13.066277">
        <ele>250.043471</ele>
        <time>2026-07-29T05:00:13.956Z</time>
      </trkpt>
      <trkpt lat="46.351310" lon="13.065900">
        <ele>254.750430</ele>
        <time>2026-07-29T05:00:34.063Z</time>
      </trkpt>
      <trkpt lat="46.351537" lon="13.065714">
        <ele>256.668628</ele>
        <time>2026-07-29T05:00:41.827Z</time>
      </trkpt>
      <trkpt lat="46.351980" lon="13.065455">
        <ele>258.261873</ele>
        <time>2026-07-29T05:00:53.866Z</time>
      </trkpt>
      <trkpt lat="46.352085" lon="13.065351">
        <ele>258.686081</ele>
        <time>2026-07-29T05:00:56.806Z</time>
      </trkpt>
      <trkpt lat="46.352213" lon="13.065149">
        <ele>259.317330</ele>
        <time>2026-07-29T05:01:01.104Z</time>
      </trkpt>
      <trkpt lat="46.352818" lon="13.063998">
        <ele>262.655918</ele>
        <time>2026-07-29T05:01:26.301Z</time>
      </trkpt>
      <trkpt lat="46.353092" lon="13.063647">
        <ele>263.900399</ele>
        <time>2026-07-29T05:01:38.429Z</time>
      </trkpt>
      <trkpt lat="46.353456" lon="13.063249">
        <ele>265.452068</ele>
        <time>2026-07-29T05:01:50.606Z</time>
      </trkpt>
      <trkpt lat="46.353667" lon="13.063088">
        <ele>266.263497</ele>
        <time>2026-07-29T05:01:55.737Z</time>
      </trkpt>
      <trkpt lat="46.353875" lon="13.062965">
        <ele>267.027918</ele>
        <time>2026-07-29T05:02:00.642Z</time>
      </trkpt>
      <trkpt lat="46.354076" lon="13.062897">
        <ele>267.730239</ele>
        <time>2026-07-29T05:02:06.356Z</time>
      </trkpt>
      <trkpt lat="46.354824" lon="13.062879">
        <ele>271.692527</ele>
        <time>2026-07-29T05:02:34.563Z</time>
      </trkpt>
      <trkpt lat="46.354998" lon="13.062902">
        <ele>272.727781</ele>
        <time>2026-07-29T05:02:42.739Z</time>
      </trkpt>
      <trkpt lat="46.355140" lon="13.063031">
        <ele>273.720857</ele>
        <time>2026-07-29T05:02:51.374Z</time>
      </trkpt>
      <trkpt lat="46.355348" lon="13.063481">
        <ele>275.935667</ele>
        <time>2026-07-29T05:03:09.701Z</time>
      </trkpt>
      <trkpt lat="46.355400" lon="13.063550">
        <ele>276.353459</ele>
        <time>2026-07-29T05:03:12.840Z</time>
      </trkpt>
      <trkpt lat="46.355519" lon="13.063621">
        <ele>277.115991</ele>
        <time>2026-07-29T05:03:18.036Z</time>
      </trkpt>
      <trkpt lat="46.355658" lon="13.063603">
        <ele>277.942868</ele>
        <time>2026-07-29T05:03:22.707Z</time>
      </trkpt>
      <trkpt lat="46.355716" lon="13.063560">
        <ele>278.328901</ele>
        <time>2026-07-29T05:03:24.539Z</time>
      </trkpt>
      <trkpt lat="46.355793" lon="13.063451">
        <ele>278.966740</ele>
        <time>2026-07-29T05:03:27.088Z</time>
      </trkpt>
      <trkpt lat="46.355846" lon="13.063263">
        <ele>280.005106</ele>
        <time>2026-07-29T05:03:29.831Z</time>
      </trkpt>
      <trkpt lat="46.355889" lon="13.062494">
        <ele>284.006110</ele>
        <time>2026-07-29T05:03:42.755Z</time>
      </trkpt>
      <trkpt lat="46.356253" lon="13.060543">
        <ele>295.552120</ele>
        <time>2026-07-29T05:04:56.731Z</time>
      </trkpt>
      <trkpt lat="46.356346" lon="13.060179">
        <ele>298.664348</ele>
        <time>2026-07-29T05:05:17.633Z</time>
      </trkpt>
      <trkpt lat="46.356656" lon="13.059223">
        <ele>307.133723</ele>
        <time>2026-07-29T05:06:17.668Z</time>
      </trkpt>
      <trkpt lat="46.357095" lon="13.057042">
        <ele>311.551884</ele>
        <time>2026-07-29T05:07:18.347Z</time>
      </trkpt>
      <trkpt lat="46.357282" lon="13.056258">
        <ele>310.502082</ele>
        <time>2026-07-29T05:07:23.125Z</time>
      </trkpt>
      <trkpt lat="46.357313" lon="13.056031">
        <ele>310.209225</ele>
        <time>2026-07-29T05:07:24.450Z</time>
      </trkpt>
      <trkpt lat="46.357318" lon="13.055764">
        <ele>308.528649</ele>
        <time>2026-07-29T05:07:26.006Z</time>
      </trkpt>
      <trkpt lat="46.357270" lon="13.055193">
        <ele>304.090405</ele>
        <time>2026-07-29T05:07:29.521Z</time>
      </trkpt>
      <trkpt lat="46.357259" lon="13.054750">
        <ele>300.670123</ele>
        <time>2026-07-29T05:07:32.298Z</time>
      </trkpt>
      <trkpt lat="46.357310" lon="13.054451">
        <ele>298.293707</ele>
        <time>2026-07-29T05:07:34.116Z</time>
      </trkpt>
      <trkpt lat="46.357374" lon="13.054293">
        <ele>296.880164</ele>
        <time>2026-07-29T05:07:35.183Z</time>
      </trkpt>
      <trkpt lat="46.357538" lon="13.054046">
        <ele>294.235626</ele>
        <time>2026-07-29T05:07:37.161Z</time>
      </trkpt>
      <trkpt lat="46.358257" lon="13.053417">
        <ele>286.766158</ele>
        <time>2026-07-29T05:07:44.145Z</time>
      </trkpt>
      <trkpt lat="46.358867" lon="13.052717">
        <ele>281.291367</ele>
        <time>2026-07-29T05:07:51.164Z</time>
      </trkpt>
      <trkpt lat="46.358910" lon="13.052905">
        <ele>280.329667</ele>
        <time>2026-07-29T05:07:52.749Z</time>
      </trkpt>
      <trkpt lat="46.358934" lon="13.053209">
        <ele>278.843907</ele>
        <time>2026-07-29T05:07:55.664Z</time>
      </trkpt>
      <trkpt lat="46.358976" lon="13.054601">
        <ele>276.334269</ele>
        <time>2026-07-29T05:08:07.439Z</time>
      </trkpt>
      <trkpt lat="46.359051" lon="13.054748">
        <ele>276.160331</ele>
        <time>2026-07-29T05:08:08.833Z</time>
      </trkpt>
      <trkpt lat="46.359387" lon="13.054858">
        <ele>275.685419</ele>
        <time>2026-07-29T05:08:12.614Z</time>
      </trkpt>
      <trkpt lat="46.359522" lon="13.054947">
        <ele>275.480939</ele>
        <time>2026-07-29T05:08:14.214Z</time>
      </trkpt>
      <trkpt lat="46.359815" lon="13.055309">
        <ele>274.950081</ele>
        <time>2026-07-29T05:08:18.553Z</time>
      </trkpt>
      <trkpt lat="46.359882" lon="13.055639">
        <ele>275.069106</ele>
        <time>2026-07-29T05:08:21.619Z</time>
      </trkpt>
      <trkpt lat="46.359866" lon="13.055805">
        <ele>275.174300</ele>
        <time>2026-07-29T05:08:23.346Z</time>
      </trkpt>
      <trkpt lat="46.359797" lon="13.055977">
        <ele>275.299162</ele>
        <time>2026-07-29T05:08:25.639Z</time>
      </trkpt>
      <trkpt lat="46.359681" lon="13.056174">
        <ele>275.461689</ele>
        <time>2026-07-29T05:08:28.871Z</time>
      </trkpt>
      <trkpt lat="46.359377" lon="13.056973">
        <ele>276.034311</ele>
        <time>2026-07-29T05:08:39.667Z</time>
      </trkpt>
      <trkpt lat="46.359023" lon="13.057665">
        <ele>276.996134</ele>
        <time>2026-07-29T05:08:49.563Z</time>
      </trkpt>
      <trkpt lat="46.358837" lon="13.057973">
        <ele>279.530578</ele>
        <time>2026-07-29T05:08:58.455Z</time>
      </trkpt>
      <trkpt lat="46.358207" lon="13.058549">
        <ele>286.214874</ele>
        <time>2026-07-29T05:09:41.704Z</time>
      </trkpt>
      <trkpt lat="46.358040" lon="13.058907">
        <ele>288.890793</ele>
        <time>2026-07-29T05:10:04.523Z</time>
      </trkpt>
      <trkpt lat="46.357917" lon="13.059307">
        <ele>291.602639</ele>
        <time>2026-07-29T05:10:27.536Z</time>
      </trkpt>
      <trkpt lat="46.357846" lon="13.059699">
        <ele>292.946401</ele>
        <time>2026-07-29T05:10:43.411Z</time>
      </trkpt>
      <trkpt lat="46.357843" lon="13.060938">
        <ele>294.430922</ele>
        <time>2026-07-29T05:11:01.746Z</time>
      </trkpt>
      <trkpt lat="46.357870" lon="13.061466">
        <ele>295.065281</ele>
        <time>2026-07-29T05:11:05.346Z</time>
      </trkpt>
      <trkpt lat="46.357971" lon="13.061986">
        <ele>295.712523</ele>
        <time>2026-07-29T05:11:09.012Z</time>
      </trkpt>
      <trkpt lat="46.357947" lon="13.062930">
        <ele>295.587804</ele>
        <time>2026-07-29T05:11:18.240Z</time>
      </trkpt>
      <trkpt lat="46.357923" lon="13.063278">
        <ele>295.507794</ele>
        <time>2026-07-29T05:11:23.430Z</time>
      </trkpt>
      <trkpt lat="46.357875" lon="13.063564">
        <ele>295.440457</ele>
        <time>2026-07-29T05:11:28.033Z</time>
      </trkpt>
      <trkpt lat="46.357842" lon="13.064274">
        <ele>295.277659</ele>
        <time>2026-07-29T05:11:37.254Z</time>
      </trkpt>
      <trkpt lat="46.357748" lon="13.064873">
        <ele>294.942410</ele>
        <time>2026-07-29T05:11:42.083Z</time>
      </trkpt>
      <trkpt lat="46.357755" lon="13.065656">
        <ele>294.139395</ele>
        <time>2026-07-29T05:11:47.469Z</time>
      </trkpt>
      <trkpt lat="46.357783" lon="13.066089">
        <ele>293.693419</ele>
        <time>2026-07-29T05:11:50.531Z</time>
      </trkpt>
      <trkpt lat="46.357765" lon="13.066359">
        <ele>293.415252</ele>
        <time>2026-07-29T05:11:52.598Z</time>
      </trkpt>
      <trkpt lat="46.357695" lon="13.066594">
        <ele>293.152778</ele>
        <time>2026-07-29T05:11:54.728Z</time>
      </trkpt>
      <trkpt lat="46.357572" lon="13.067553">
        <ele>292.986668</ele>
        <time>2026-07-29T05:12:05.274Z</time>
      </trkpt>
      <trkpt lat="46.357494" lon="13.067823">
        <ele>293.366913</ele>
        <time>2026-07-29T05:12:09.203Z</time>
      </trkpt>
      <trkpt lat="46.357431" lon="13.068314">
        <ele>294.015699</ele>
        <time>2026-07-29T05:12:17.753Z</time>
      </trkpt>
      <trkpt lat="46.357440" lon="13.068564">
        <ele>294.340915</ele>
        <time>2026-07-29T05:12:23.107Z</time>
      </trkpt>
      <trkpt lat="46.357509" lon="13.069113">
        <ele>295.065849</ele>
        <time>2026-07-29T05:12:34.976Z</time>
      </trkpt>
      <trkpt lat="46.357852" lon="13.070275">
        <ele>294.624347</ele>
        <time>2026-07-29T05:12:52.988Z</time>
      </trkpt>
      <trkpt lat="46.357926" lon="13.070600">
        <ele>293.913401</ele>
        <time>2026-07-29T05:12:55.657Z</time>
      </trkpt>
      <trkpt lat="46.357920" lon="13.070963">
        <ele>293.159093</ele>
        <time>2026-07-29T05:12:58.185Z</time>
      </trkpt>
      <trkpt lat="46.358188" lon="13.071951">
        <ele>290.953797</ele>
        <time>2026-07-29T05:13:05.057Z</time>
      </trkpt>
      <trkpt lat="46.358380" lon="13.073101">
        <ele>288.765175</ele>
        <time>2026-07-29T05:13:12.332Z</time>
      </trkpt>
      <trkpt lat="46.358510" lon="13.074553">
        <ele>286.133845</ele>
        <time>2026-07-29T05:13:23.916Z</time>
      </trkpt>
      <trkpt lat="46.358622" lon="13.075234">
        <ele>286.983055</ele>
        <time>2026-07-29T05:13:39.077Z</time>
      </trkpt>
      <trkpt lat="46.358742" lon="13.075608">
        <ele>287.916557</ele>
        <time>2026-07-29T05:13:49.915Z</time>
      </trkpt>
      <trkpt lat="46.358810" lon="13.076061">
        <ele>288.965825</ele>
        <time>2026-07-29T05:14:01.439Z</time>
      </trkpt>
      <trkpt lat="46.358826" lon="13.076262">
        <ele>289.423773</ele>
        <time>2026-07-29T05:14:06.172Z</time>
      </trkpt>
      <trkpt lat="46.358807" lon="13.076456">
        <ele>289.867260</ele>
        <time>2026-07-29T05:14:10.595Z</time>
      </trkpt>
      <trkpt lat="46.358700" lon="13.076891">
        <ele>290.912482</ele>
        <time>2026-07-29T05:14:20.233Z</time>
      </trkpt>
      <trkpt lat="46.358717" lon="13.077608">
        <ele>290.786359</ele>
        <time>2026-07-29T05:14:31.400Z</time>
      </trkpt>
      <trkpt lat="46.358800" lon="13.079139">
        <ele>286.926284</ele>
        <time>2026-07-29T05:14:42.284Z</time>
      </trkpt>
      <trkpt lat="46.358878" lon="13.079664">
        <ele>285.576448</ele>
        <time>2026-07-29T05:14:45.591Z</time>
      </trkpt>
      <trkpt lat="46.358979" lon="13.079955">
        <ele>284.202580</ele>
        <time>2026-07-29T05:14:47.528Z</time>
      </trkpt>
      <trkpt lat="46.359036" lon="13.080205">
        <ele>282.619208</ele>
        <time>2026-07-29T05:14:49.071Z</time>
      </trkpt>
      <trkpt lat="46.359428" lon="13.080895">
        <ele>277.244593</ele>
        <time>2026-07-29T05:14:54.319Z</time>
      </trkpt>
      <trkpt lat="46.359653" lon="13.081442">
        <ele>273.415101</ele>
        <time>2026-07-29T05:14:58.112Z</time>
      </trkpt>
      <trkpt lat="46.359808" lon="13.081631">
        <ele>271.649847</ele>
        <time>2026-07-29T05:14:59.911Z</time>
      </trkpt>
      <trkpt lat="46.359917" lon="13.081722">
        <ele>270.553657</ele>
        <time>2026-07-29T05:15:01.043Z</time>
      </trkpt>
      <trkpt lat="46.360158" lon="13.081740">
        <ele>269.187088</ele>
        <time>2026-07-29T05:15:03.300Z</time>
      </trkpt>
      <trkpt lat="46.360293" lon="13.081700">
        <ele>268.842749</ele>
        <time>2026-07-29T05:15:04.651Z</time>
      </trkpt>
      <trkpt lat="46.360423" lon="13.081710">
        <ele>268.517428</ele>
        <time>2026-07-29T05:15:05.964Z</time>
      </trkpt>
      <trkpt lat="46.360542" lon="13.081819">
        <ele>268.165622</ele>
        <time>2026-07-29T05:15:07.439Z</time>
      </trkpt>
      <trkpt lat="46.360725" lon="13.082272">
        <ele>267.260387</ele>
        <time>2026-07-29T05:15:11.651Z</time>
      </trkpt>
      <trkpt lat="46.360899" lon="13.082400">
        <ele>266.772746</ele>
        <time>2026-07-29T05:15:14.227Z</time>
      </trkpt>
      <trkpt lat="46.361006" lon="13.082427">
        <ele>266.501334</ele>
        <time>2026-07-29T05:15:15.664Z</time>
      </trkpt>
      <trkpt lat="46.361222" lon="13.082759">
        <ele>265.714461</ele>
        <time>2026-07-29T05:15:19.539Z</time>
      </trkpt>
      <trkpt lat="46.361255" lon="13.082859">
        <ele>265.523303</ele>
        <time>2026-07-29T05:15:20.395Z</time>
      </trkpt>
      <trkpt lat="46.361258" lon="13.083327">
        <ele>265.106270</ele>
        <time>2026-07-29T05:15:23.852Z</time>
      </trkpt>
      <trkpt lat="46.361432" lon="13.083677">
        <ele>265.428320</ele>
        <time>2026-07-29T05:15:27.059Z</time>
      </trkpt>
      <trkpt lat="46.361484" lon="13.083878">
        <ele>265.588582</ele>
        <time>2026-07-29T05:15:28.788Z</time>
      </trkpt>
      <trkpt lat="46.361402" lon="13.084241">
        <ele>265.873744</ele>
        <time>2026-07-29T05:15:32.528Z</time>
      </trkpt>
      <trkpt lat="46.361270" lon="13.084540">
        <ele>266.138744</ele>
        <time>2026-07-29T05:15:37.750Z</time>
      </trkpt>
      <trkpt lat="46.361128" lon="13.084777">
        <ele>266.373070</ele>
        <time>2026-07-29T05:15:43.785Z</time>
      </trkpt>
      <trkpt lat="46.360660" lon="13.085358">
        <ele>267.159501</ele>
        <time>2026-07-29T05:16:03.630Z</time>
      </trkpt>
      <trkpt lat="46.360603" lon="13.085674">
        <ele>267.680048</ele>
        <time>2026-07-29T05:16:09.855Z</time>
      </trkpt>
      <trkpt lat="46.360623" lon="13.086012">
        <ele>268.220714</ele>
        <time>2026-07-29T05:16:15.235Z</time>
      </trkpt>
      <trkpt lat="46.360613" lon="13.086255">
        <ele>268.608685</ele>
        <time>2026-07-29T05:16:18.557Z</time>
      </trkpt>
      <trkpt lat="46.360586" lon="13.086365">
        <ele>268.794757</ele>
        <time>2026-07-29T05:16:20.093Z</time>
      </trkpt>
      <trkpt lat="46.360545" lon="13.086459">
        <ele>268.971984</ele>
        <time>2026-07-29T05:16:21.577Z</time>
      </trkpt>
      <trkpt lat="46.360330" lon="13.086724">
        <ele>269.623836</ele>
        <time>2026-07-29T05:16:27.474Z</time>
      </trkpt>
      <trkpt lat="46.360248" lon="13.086992">
        <ele>270.091063</ele>
        <time>2026-07-29T05:16:32.533Z</time>
      </trkpt>
      <trkpt lat="46.360259" lon="13.087593">
        <ele>271.049254</ele>
        <time>2026-07-29T05:16:44.519Z</time>
      </trkpt>
      <trkpt lat="46.360205" lon="13.088155">
        <ele>270.783582</ele>
        <time>2026-07-29T05:16:53.745Z</time>
      </trkpt>
      <trkpt lat="46.360271" lon="13.089784">
        <ele>269.868691</ele>
        <time>2026-07-29T05:17:05.590Z</time>
      </trkpt>
      <trkpt lat="46.360318" lon="13.090180">
        <ele>269.643410</ele>
        <time>2026-07-29T05:17:08.155Z</time>
      </trkpt>
      <trkpt lat="46.360344" lon="13.090304">
        <ele>269.837023</ele>
        <time>2026-07-29T05:17:09.108Z</time>
      </trkpt>
      <trkpt lat="46.360366" lon="13.090424">
        <ele>270.097960</ele>
        <time>2026-07-29T05:17:10.177Z</time>
      </trkpt>
      <trkpt lat="46.360353" lon="13.090760">
        <ele>270.805202</ele>
        <time>2026-07-29T05:17:16.193Z</time>
      </trkpt>
      <trkpt lat="46.360304" lon="13.090949">
        <ele>271.229505</ele>
        <time>2026-07-29T05:17:22.525Z</time>
      </trkpt>
      <trkpt lat="46.360241" lon="13.091047">
        <ele>271.510973</ele>
        <time>2026-07-29T05:17:27.692Z</time>
      </trkpt>
      <trkpt lat="46.360207" lon="13.091201">
        <ele>271.850777</ele>
        <time>2026-07-29T05:17:34.095Z</time>
      </trkpt>
      <trkpt lat="46.360193" lon="13.091772">
        <ele>273.051542</ele>
        <time>2026-07-29T05:17:51.082Z</time>
      </trkpt>
      <trkpt lat="46.360250" lon="13.094417">
        <ele>277.244369</ele>
        <time>2026-07-29T05:18:27.626Z</time>
      </trkpt>
      <trkpt lat="46.360223" lon="13.094980">
        <ele>277.967809</ele>
        <time>2026-07-29T05:18:37.739Z</time>
      </trkpt>
      <trkpt lat="46.360263" lon="13.095597">
        <ele>278.659208</ele>
        <time>2026-07-29T05:18:49.270Z</time>
      </trkpt>
      <trkpt lat="46.360265" lon="13.096211">
        <ele>279.190664</ele>
        <time>2026-07-29T05:18:59.218Z</time>
      </trkpt>
      <trkpt lat="46.360329" lon="13.097279">
        <ele>280.118552</ele>
        <time>2026-07-29T05:19:16.035Z</time>
      </trkpt>
      <trkpt lat="46.360218" lon="13.098179">
        <ele>280.260797</ele>
        <time>2026-07-29T05:19:28.367Z</time>
      </trkpt>
      <trkpt lat="46.360200" lon="13.098527">
        <ele>279.624593</ele>
        <time>2026-07-29T05:19:30.658Z</time>
      </trkpt>
      <trkpt lat="46.360211" lon="13.098967">
        <ele>278.821921</ele>
        <time>2026-07-29T05:19:33.286Z</time>
      </trkpt>
      <trkpt lat="46.360217" lon="13.099158">
        <ele>278.473357</ele>
        <time>2026-07-29T05:19:34.401Z</time>
      </trkpt>
      <trkpt lat="46.360299" lon="13.099678">
        <ele>277.500934</ele>
        <time>2026-07-29T05:19:37.644Z</time>
      </trkpt>
      <trkpt lat="46.360364" lon="13.100819">
        <ele>278.032800</ele>
        <time>2026-07-29T05:19:56.827Z</time>
      </trkpt>
      <trkpt lat="46.360396" lon="13.100972">
        <ele>279.166020</ele>
        <time>2026-07-29T05:20:01.140Z</time>
      </trkpt>
      <trkpt lat="46.360662" lon="13.101650">
        <ele>284.694187</ele>
        <time>2026-07-29T05:20:27.651Z</time>
      </trkpt>
      <trkpt lat="46.360783" lon="13.101890">
        <ele>286.800979</ele>
        <time>2026-07-29T05:20:41.315Z</time>
      </trkpt>
      <trkpt lat="46.360955" lon="13.102095">
        <ele>289.088432</ele>
        <time>2026-07-29T05:20:58.933Z</time>
      </trkpt>
      <trkpt lat="46.360992" lon="13.102240">
        <ele>290.184232</ele>
        <time>2026-07-29T05:21:08.345Z</time>
      </trkpt>
      <trkpt lat="46.360953" lon="13.102796">
        <ele>294.145586</ele>
        <time>2026-07-29T05:21:44.280Z</time>
      </trkpt>
      <trkpt lat="46.360820" lon="13.103225">
        <ele>294.416049</ele>
        <time>2026-07-29T05:22:08.715Z</time>
      </trkpt>
      <trkpt lat="46.360819" lon="13.103334">
        <ele>294.414141</ele>
        <time>2026-07-29T05:22:12.887Z</time>
      </trkpt>
      <trkpt lat="46.360923" lon="13.103922">
        <ele>294.403516</ele>
        <time>2026-07-29T05:22:17.428Z</time>
      </trkpt>
      <trkpt lat="46.360919" lon="13.104102">
        <ele>294.400364</ele>
        <time>2026-07-29T05:22:18.475Z</time>
      </trkpt>
      <trkpt lat="46.360880" lon="13.104361">
        <ele>294.395724</ele>
        <time>2026-07-29T05:22:20.022Z</time>
      </trkpt>
      <trkpt lat="46.360851" lon="13.104611">
        <ele>294.391287</ele>
        <time>2026-07-29T05:22:21.596Z</time>
      </trkpt>
      <trkpt lat="46.360822" lon="13.104862">
        <ele>294.386832</ele>
        <time>2026-07-29T05:22:23.236Z</time>
      </trkpt>
      <trkpt lat="46.360740" lon="13.105004">
        <ele>294.383591</ele>
        <time>2026-07-29T05:22:24.732Z</time>
      </trkpt>
      <trkpt lat="46.360689" lon="13.105123">
        <ele>294.381139</ele>
        <time>2026-07-29T05:22:26.084Z</time>
      </trkpt>
      <trkpt lat="46.360547" lon="13.105617">
        <ele>292.939559</ele>
        <time>2026-07-29T05:22:30.453Z</time>
      </trkpt>
      <trkpt lat="46.360161" lon="13.106691">
        <ele>288.024154</ele>
        <time>2026-07-29T05:22:37.992Z</time>
      </trkpt>
      <trkpt lat="46.360117" lon="13.106835">
        <ele>287.384889</ele>
        <time>2026-07-29T05:22:38.982Z</time>
      </trkpt>
      <trkpt lat="46.360082" lon="13.107013">
        <ele>286.633584</ele>
        <time>2026-07-29T05:22:40.139Z</time>
      </trkpt>
      <trkpt lat="46.359978" lon="13.107128">
        <ele>285.864091</ele>
        <time>2026-07-29T05:22:41.313Z</time>
      </trkpt>
      <trkpt lat="46.359767" lon="13.107486">
        <ele>283.953029</ele>
        <time>2026-07-29T05:22:44.244Z</time>
      </trkpt>
      <trkpt lat="46.359544" lon="13.108149">
        <ele>283.729641</ele>
        <time>2026-07-29T05:22:48.769Z</time>
      </trkpt>
      <trkpt lat="46.359528" lon="13.108303">
        <ele>283.714316</ele>
        <time>2026-07-29T05:22:49.772Z</time>
      </trkpt>
      <trkpt lat="46.359568" lon="13.108669">
        <ele>283.677853</ele>
        <time>2026-07-29T05:22:52.564Z</time>
      </trkpt>
      <trkpt lat="46.359564" lon="13.109191">
        <ele>283.626484</ele>
        <time>2026-07-29T05:23:04.161Z</time>
      </trkpt>
      <trkpt lat="46.359541" lon="13.109433">
        <ele>283.602446</ele>
        <time>2026-07-29T05:23:12.771Z</time>
      </trkpt>
      <trkpt lat="46.359390" lon="13.109864">
        <ele>283.554883</ele>
        <time>2026-07-29T05:23:27.696Z</time>
      </trkpt>
      <trkpt lat="46.359275" lon="13.110720">
        <ele>284.156766</ele>
        <time>2026-07-29T05:23:39.506Z</time>
      </trkpt>
      <trkpt lat="46.359156" lon="13.111354">
        <ele>284.701653</ele>
        <time>2026-07-29T05:23:46.652Z</time>
      </trkpt>
      <trkpt lat="46.358859" lon="13.111994">
        <ele>285.341253</ele>
        <time>2026-07-29T05:24:09.801Z</time>
      </trkpt>
      <trkpt lat="46.358768" lon="13.112357">
        <ele>285.661543</ele>
        <time>2026-07-29T05:24:15.035Z</time>
      </trkpt>
      <trkpt lat="46.358629" lon="13.112730">
        <ele>283.186948</ele>
        <time>2026-07-29T05:24:17.583Z</time>
      </trkpt>
      <trkpt lat="46.358616" lon="13.112868">
        <ele>282.248386</ele>
        <time>2026-07-29T05:24:18.386Z</time>
      </trkpt>
      <trkpt lat="46.358652" lon="13.113018">
        <ele>281.178207</ele>
        <time>2026-07-29T05:24:19.294Z</time>
      </trkpt>
      <trkpt lat="46.358822" lon="13.113369">
        <ele>278.288598</ele>
        <time>2026-07-29T05:24:21.727Z</time>
      </trkpt>
      <trkpt lat="46.358850" lon="13.113527">
        <ele>277.189348</ele>
        <time>2026-07-29T05:24:22.659Z</time>
      </trkpt>
      <trkpt lat="46.358853" lon="13.113841">
        <ele>275.073206</ele>
        <time>2026-07-29T05:24:24.469Z</time>
      </trkpt>
      <trkpt lat="46.358393" lon="13.115305">
        <ele>266.574511</ele>
        <time>2026-07-29T05:24:34.219Z</time>
      </trkpt>
      <trkpt lat="46.358355" lon="13.115448">
        <ele>266.160542</ele>
        <time>2026-07-29T05:24:35.191Z</time>
      </trkpt>
      <trkpt lat="46.358328" lon="13.115695">
        <ele>265.484942</ele>
        <time>2026-07-29T05:24:36.780Z</time>
      </trkpt>
      <trkpt lat="46.358461" lon="13.116889">
        <ele>262.217555</ele>
        <time>2026-07-29T05:24:44.692Z</time>
      </trkpt>
      <trkpt lat="46.358471" lon="13.117141">
        <ele>261.535643</ele>
        <time>2026-07-29T05:24:46.909Z</time>
      </trkpt>
      <trkpt lat="46.358422" lon="13.117540">
        <ele>262.364982</ele>
        <time>2026-07-29T05:24:54.314Z</time>
      </trkpt>
      <trkpt lat="46.358337" lon="13.117786">
        <ele>263.789949</ele>
        <time>2026-07-29T05:25:02.612Z</time>
      </trkpt>
      <trkpt lat="46.358275" lon="13.117897">
        <ele>264.529598</ele>
        <time>2026-07-29T05:25:07.852Z</time>
      </trkpt>
      <trkpt lat="46.358069" lon="13.118089">
        <ele>266.367892</ele>
        <time>2026-07-29T05:25:22.659Z</time>
      </trkpt>
      <trkpt lat="46.357972" lon="13.118234">
        <ele>267.413867</ele>
        <time>2026-07-29T05:25:31.788Z</time>
      </trkpt>
      <trkpt lat="46.357841" lon="13.118611">
        <ele>269.600151</ele>
        <time>2026-07-29T05:25:51.190Z</time>
      </trkpt>
      <trkpt lat="46.357557" lon="13.119215">
        <ele>273.385771</ele>
        <time>2026-07-29T05:26:21.257Z</time>
      </trkpt>
      <trkpt lat="46.357234" lon="13.119541">
        <ele>272.632692</ele>
        <time>2026-07-29T05:26:36.173Z</time>
      </trkpt>
      <trkpt lat="46.356991" lon="13.119900">
        <ele>269.689682</ele>
        <time>2026-07-29T05:26:39.841Z</time>
      </trkpt>
      <trkpt lat="46.356826" lon="13.120225">
        <ele>267.328310</ele>
        <time>2026-07-29T05:26:42.211Z</time>
      </trkpt>
      <trkpt lat="46.356801" lon="13.120295">
        <ele>266.867010</ele>
        <time>2026-07-29T05:26:42.662Z</time>
      </trkpt>
      <trkpt lat="46.356794" lon="13.120481">
        <ele>265.776773</ele>
        <time>2026-07-29T05:26:43.724Z</time>
      </trkpt>
      <trkpt lat="46.356949" lon="13.121035">
        <ele>262.278031</ele>
        <time>2026-07-29T05:26:47.100Z</time>
      </trkpt>
      <trkpt lat="46.356962" lon="13.121385">
        <ele>260.226594</ele>
        <time>2026-07-29T05:26:49.095Z</time>
      </trkpt>
      <trkpt lat="46.356945" lon="13.121518">
        <ele>259.434938</ele>
        <time>2026-07-29T05:26:49.869Z</time>
      </trkpt>
      <trkpt lat="46.356847" lon="13.121863">
        <ele>257.609604</ele>
        <time>2026-07-29T05:26:52.045Z</time>
      </trkpt>
      <trkpt lat="46.356291" lon="13.123206">
        <ele>250.010760</ele>
        <time>2026-07-29T05:27:01.645Z</time>
      </trkpt>
      <trkpt lat="46.356233" lon="13.123290">
        <ele>249.434229</ele>
        <time>2026-07-29T05:27:02.397Z</time>
      </trkpt>
      <trkpt lat="46.356080" lon="13.123512">
        <ele>247.911957</ele>
        <time>2026-07-29T05:27:04.504Z</time>
      </trkpt>
      <trkpt lat="46.355932" lon="13.123635">
        <ele>246.712455</ele>
        <time>2026-07-29T05:27:06.458Z</time>
      </trkpt>
      <trkpt lat="46.355731" lon="13.123698">
        <ele>247.531302</ele>
        <time>2026-07-29T05:27:10.664Z</time>
      </trkpt>
      <trkpt lat="46.355126" lon="13.123730">
        <ele>249.993159</ele>
        <time>2026-07-29T05:27:33.890Z</time>
      </trkpt>
      <trkpt lat="46.354287" lon="13.123776">
        <ele>253.407375</ele>
        <time>2026-07-29T05:28:15.852Z</time>
      </trkpt>
      <trkpt lat="46.354058" lon="13.123917">
        <ele>253.668161</ele>
        <time>2026-07-29T05:28:22.273Z</time>
      </trkpt>
      <trkpt lat="46.353963" lon="13.124049">
        <ele>253.207489</ele>
        <time>2026-07-29T05:28:23.755Z</time>
      </trkpt>
      <trkpt lat="46.353896" lon="13.124294">
        <ele>252.570903</ele>
        <time>2026-07-29T05:28:25.459Z</time>
      </trkpt>
      <trkpt lat="46.353794" lon="13.124880">
        <ele>251.111033</ele>
        <time>2026-07-29T05:28:29.091Z</time>
      </trkpt>
      <trkpt lat="46.353629" lon="13.125451">
        <ele>249.615708</ele>
        <time>2026-07-29T05:28:32.858Z</time>
      </trkpt>
      <trkpt lat="46.352841" lon="13.127452">
        <ele>246.065331</ele>
        <time>2026-07-29T05:28:51.067Z</time>
      </trkpt>
      <trkpt lat="46.352385" lon="13.128346">
        <ele>244.870363</ele>
        <time>2026-07-29T05:28:59.825Z</time>
      </trkpt>
      <trkpt lat="46.352198" lon="13.129154">
        <ele>244.493715</ele>
        <time>2026-07-29T05:29:07.069Z</time>
      </trkpt>
      <trkpt lat="46.352080" lon="13.129370">
        <ele>244.371967</ele>
        <time>2026-07-29T05:29:10.239Z</time>
      </trkpt>
      <trkpt lat="46.351908" lon="13.129481">
        <ele>244.251399</ele>
        <time>2026-07-29T05:29:13.515Z</time>
      </trkpt>
      <trkpt lat="46.351375" lon="13.129706">
        <ele>243.895915</ele>
        <time>2026-07-29T05:29:21.136Z</time>
      </trkpt>
      <trkpt lat="46.351045" lon="13.129801">
        <ele>243.516248</ele>
        <time>2026-07-29T05:29:25.111Z</time>
      </trkpt>
      <trkpt lat="46.350884" lon="13.129761">
        <ele>243.062530</ele>
        <time>2026-07-29T05:29:27.252Z</time>
      </trkpt>
      <trkpt lat="46.350801" lon="13.129732">
        <ele>242.825382</ele>
        <time>2026-07-29T05:29:28.353Z</time>
      </trkpt>
      <trkpt lat="46.350516" lon="13.129631">
        <ele>242.010433</ele>
        <time>2026-07-29T05:29:31.822Z</time>
      </trkpt>
      <trkpt lat="46.350411" lon="13.129663">
        <ele>241.712405</ele>
        <time>2026-07-29T05:29:32.985Z</time>
      </trkpt>
      <trkpt lat="46.350264" lon="13.129812">
        <ele>241.214091</ele>
        <time>2026-07-29T05:29:34.810Z</time>
      </trkpt>
      <trkpt lat="46.349649" lon="13.130605">
        <ele>238.927286</ele>
        <time>2026-07-29T05:29:42.595Z</time>
      </trkpt>
      <trkpt lat="46.349359" lon="13.131003">
        <ele>238.227724</ele>
        <time>2026-07-29T05:29:46.728Z</time>
      </trkpt>
      <trkpt lat="46.349205" lon="13.131153">
        <ele>237.942970</ele>
        <time>2026-07-29T05:29:48.881Z</time>
      </trkpt>
      <trkpt lat="46.348063" lon="13.131873">
        <ele>236.031834</ele>
        <time>2026-07-29T05:30:04.775Z</time>
      </trkpt>
      <trkpt lat="46.347634" lon="13.132110">
        <ele>235.536045</ele>
        <time>2026-07-29T05:30:10.335Z</time>
      </trkpt>
      <trkpt lat="46.346714" lon="13.132555">
        <ele>234.528254</ele>
        <time>2026-07-29T05:30:21.911Z</time>
      </trkpt>
      <trkpt lat="46.346406" lon="13.132639">
        <ele>234.202608</ele>
        <time>2026-07-29T05:30:25.727Z</time>
      </trkpt>
      <trkpt lat="46.345763" lon="13.132715">
        <ele>234.176616</ele>
        <time>2026-07-29T05:30:33.901Z</time>
      </trkpt>
      <trkpt lat="46.345241" lon="13.132781">
        <ele>234.244736</ele>
        <time>2026-07-29T05:30:41.556Z</time>
      </trkpt>
      <trkpt lat="46.345022" lon="13.132809">
        <ele>234.273317</ele>
        <time>2026-07-29T05:30:45.272Z</time>
      </trkpt>
      <trkpt lat="46.344838" lon="13.132845">
        <ele>234.297455</ele>
        <time>2026-07-29T05:30:48.587Z</time>
      </trkpt>
      <trkpt lat="46.343951" lon="13.133167">
        <ele>236.221627</ele>
        <time>2026-07-29T05:31:06.719Z</time>
      </trkpt>
      <trkpt lat="46.343740" lon="13.133137">
        <ele>236.890896</ele>
        <time>2026-07-29T05:31:12.227Z</time>
      </trkpt>
      <trkpt lat="46.343527" lon="13.133020">
        <ele>237.609996</ele>
        <time>2026-07-29T05:31:19.339Z</time>
      </trkpt>
      <trkpt lat="46.343398" lon="13.132939">
        <ele>238.053824</ele>
        <time>2026-07-29T05:31:24.215Z</time>
      </trkpt>
      <trkpt lat="46.343193" lon="13.132800">
        <ele>238.768338</ele>
        <time>2026-07-29T05:31:32.521Z</time>
      </trkpt>
      <trkpt lat="46.342811" lon="13.132422">
        <ele>240.078655</ele>
        <time>2026-07-29T05:31:48.765Z</time>
      </trkpt>
      <trkpt lat="46.342163" lon="13.132165">
        <ele>240.699047</ele>
        <time>2026-07-29T05:32:07.006Z</time>
      </trkpt>
      <trkpt lat="46.341982" lon="13.132121">
        <ele>240.868521</ele>
        <time>2026-07-29T05:32:10.264Z</time>
      </trkpt>
      <trkpt lat="46.341835" lon="13.132138">
        <ele>241.004694</ele>
        <time>2026-07-29T05:32:12.281Z</time>
      </trkpt>
      <trkpt lat="46.341180" lon="13.132602">
        <ele>241.676898</ele>
        <time>2026-07-29T05:32:20.299Z</time>
      </trkpt>
      <trkpt lat="46.341079" lon="13.132606">
        <ele>241.561431</ele>
        <time>2026-07-29T05:32:21.416Z</time>
      </trkpt>
      <trkpt lat="46.341033" lon="13.132607">
        <ele>241.508856</ele>
        <time>2026-07-29T05:32:21.925Z</time>
      </trkpt>
      <trkpt lat="46.340533" lon="13.132305">
        <ele>240.889764</ele>
        <time>2026-07-29T05:32:28.803Z</time>
      </trkpt>
      <trkpt lat="46.340501" lon="13.132286">
        <ele>240.850240</ele>
        <time>2026-07-29T05:32:29.323Z</time>
      </trkpt>
      <trkpt lat="46.340351" lon="13.132196">
        <ele>240.664694</ele>
        <time>2026-07-29T05:32:31.761Z</time>
      </trkpt>
      <trkpt lat="46.339885" lon="13.131876">
        <ele>240.075329</ele>
        <time>2026-07-29T05:32:38.565Z</time>
      </trkpt>
      <trkpt lat="46.339586" lon="13.131591">
        <ele>239.666281</ele>
        <time>2026-07-29T05:32:43.374Z</time>
      </trkpt>
      <trkpt lat="46.339397" lon="13.131330">
        <ele>238.581543</ele>
        <time>2026-07-29T05:32:46.441Z</time>
      </trkpt>
      <trkpt lat="46.339299" lon="13.131189">
        <ele>237.935254</ele>
        <time>2026-07-29T05:32:47.826Z</time>
      </trkpt>
      <trkpt lat="46.339214" lon="13.131126">
        <ele>237.488510</ele>
        <time>2026-07-29T05:32:48.735Z</time>
      </trkpt>
      <trkpt lat="46.339169" lon="13.131187">
        <ele>237.200141</ele>
        <time>2026-07-29T05:32:49.309Z</time>
      </trkpt>
      <trkpt lat="46.339085" lon="13.131190">
        <ele>236.806999</ele>
        <time>2026-07-29T05:32:50.064Z</time>
      </trkpt>
      <trkpt lat="46.338738" lon="13.131031">
        <ele>235.104139</ele>
        <time>2026-07-29T05:32:53.222Z</time>
      </trkpt>
      <trkpt lat="46.338452" lon="13.131012">
        <ele>233.764584</ele>
        <time>2026-07-29T05:32:55.775Z</time>
      </trkpt>
      <trkpt lat="46.338242" lon="13.130975">
        <ele>232.774784</ele>
        <time>2026-07-29T05:32:57.767Z</time>
      </trkpt>
      <trkpt lat="46.337981" lon="13.130836">
        <ele>231.473676</ele>
        <time>2026-07-29T05:33:00.639Z</time>
      </trkpt>
      <trkpt lat="46.337922" lon="13.130875">
        <ele>231.193028</ele>
        <time>2026-07-29T05:33:01.335Z</time>
      </trkpt>
      <trkpt lat="46.337775" lon="13.131163">
        <ele>230.764839</ele>
        <time>2026-07-29T05:33:04.042Z</time>
      </trkpt>
      <trkpt lat="46.337742" lon="13.131201">
        <ele>230.691837</ele>
        <time>2026-07-29T05:33:04.512Z</time>
      </trkpt>
      <trkpt lat="46.337674" lon="13.131205">
        <ele>230.573989</ele>
        <time>2026-07-29T05:33:05.279Z</time>
      </trkpt>
      <trkpt lat="46.337568" lon="13.131128">
        <ele>230.368646</ele>
        <time>2026-07-29T05:33:06.648Z</time>
      </trkpt>
      <trkpt lat="46.337436" lon="13.131054">
        <ele>230.123547</ele>
        <time>2026-07-29T05:33:08.249Z</time>
      </trkpt>
      <trkpt lat="46.337151" lon="13.131580">
        <ele>229.324165</ele>
        <time>2026-07-29T05:33:13.531Z</time>
      </trkpt>
      <trkpt lat="46.336878" lon="13.131841">
        <ele>228.757732</ele>
        <time>2026-07-29T05:33:17.476Z</time>
      </trkpt>
      <trkpt lat="46.336609" lon="13.132184">
        <ele>228.137138</ele>
        <time>2026-07-29T05:33:21.867Z</time>
      </trkpt>
      <trkpt lat="46.336100" lon="13.133093">
        <ele>227.921194</ele>
        <time>2026-07-29T05:33:31.381Z</time>
      </trkpt>
      <trkpt lat="46.335028" lon="13.134982">
        <ele>228.565028</ele>
        <time>2026-07-29T05:34:00.000Z</time>
      </trkpt>
      <trkpt lat="46.335000" lon="13.135033">
        <ele>228.623029</ele>
        <time>2026-07-29T05:34:01.482Z</time>
      </trkpt>
      <trkpt lat="46.334819" lon="13.135355">
        <ele>228.992634</ele>
        <time>2026-07-29T05:34:10.763Z</time>
      </trkpt>
      <trkpt lat="46.334713" lon="13.135540">
        <ele>229.206630</ele>
        <time>2026-07-29T05:34:16.139Z</time>
      </trkpt>
      <trkpt lat="46.334629" lon="13.135687">
        <ele>229.376484</ele>
        <time>2026-07-29T05:34:19.771Z</time>
      </trkpt>
      <trkpt lat="46.334327" lon="13.136232">
        <ele>229.998535</ele>
        <time>2026-07-29T05:34:26.646Z</time>
      </trkpt>
      <trkpt lat="46.334049" lon="13.136751">
        <ele>229.852524</ele>
        <time>2026-07-29T05:34:31.817Z</time>
      </trkpt>
      <trkpt lat="46.333969" lon="13.136893">
        <ele>229.804697</ele>
        <time>2026-07-29T05:34:33.222Z</time>
      </trkpt>
      <trkpt lat="46.333866" lon="13.137018">
        <ele>229.753908</ele>
        <time>2026-07-29T05:34:34.771Z</time>
      </trkpt>
      <trkpt lat="46.333736" lon="13.137092">
        <ele>229.701116</ele>
        <time>2026-07-29T05:34:36.478Z</time>
      </trkpt>
      <trkpt lat="46.333100" lon="13.137226">
        <ele>229.458208</ele>
        <time>2026-07-29T05:34:44.876Z</time>
      </trkpt>
      <trkpt lat="46.333024" lon="13.137296">
        <ele>229.424167</ele>
        <time>2026-07-29T05:34:46.482Z</time>
      </trkpt>
      <trkpt lat="46.332965" lon="13.137412">
        <ele>229.386569</ele>
        <time>2026-07-29T05:34:48.284Z</time>
      </trkpt>
      <trkpt lat="46.332953" lon="13.137540">
        <ele>229.352859</ele>
        <time>2026-07-29T05:34:49.923Z</time>
      </trkpt>
      <trkpt lat="46.333053" lon="13.137747">
        <ele>229.625591</ele>
        <time>2026-07-29T05:34:53.158Z</time>
      </trkpt>
      <trkpt lat="46.333439" lon="13.137493">
        <ele>230.520153</ele>
        <time>2026-07-29T05:35:01.357Z</time>
      </trkpt>
      <trkpt lat="46.333820" lon="13.137283">
        <ele>231.380290</ele>
        <time>2026-07-29T05:35:10.365Z</time>
      </trkpt>
      <trkpt lat="46.333880" lon="13.137500">
        <ele>231.720828</ele>
        <time>2026-07-29T05:35:15.311Z</time>
      </trkpt>
      <trkpt lat="46.333893" lon="13.137548">
        <ele>231.795942</ele>
        <time>2026-07-29T05:35:16.433Z</time>
      </trkpt>
      <trkpt lat="46.333911" lon="13.137625">
        <ele>231.914373</ele>
        <time>2026-07-29T05:35:18.258Z</time>
      </trkpt>
      <trkpt lat="46.333974" lon="13.137927">
        <ele>232.373975</ele>
        <time>2026-07-29T05:35:25.807Z</time>
      </trkpt>
      <trkpt lat="46.333972" lon="13.138096">
        <ele>232.620214</ele>
        <time>2026-07-29T05:35:29.939Z</time>
      </trkpt>
      <trkpt lat="46.333900" lon="13.138477">
        <ele>233.156232</ele>
        <time>2026-07-29T05:35:39.281Z</time>
      </trkpt>
      <trkpt lat="46.333835" lon="13.138843">
        <ele>233.357943</ele>
        <time>2026-07-29T05:35:48.221Z</time>
      </trkpt>
      <trkpt lat="46.333706" lon="13.139421">
        <ele>233.682166</ele>
        <time>2026-07-29T05:36:00.566Z</time>
      </trkpt>
      <trkpt lat="46.333584" lon="13.139780">
        <ele>233.895734</ele>
        <time>2026-07-29T05:36:07.118Z</time>
      </trkpt>
      <trkpt lat="46.333443" lon="13.140222">
        <ele>234.155614</ele>
        <time>2026-07-29T05:36:13.483Z</time>
      </trkpt>
      <trkpt lat="46.333696" lon="13.140383">
        <ele>234.369239</ele>
        <time>2026-07-29T05:36:18.053Z</time>
      </trkpt>
      <trkpt lat="46.333863" lon="13.140452">
        <ele>234.503487</ele>
        <time>2026-07-29T05:36:20.805Z</time>
      </trkpt>
      <trkpt lat="46.334540" lon="13.140570">
        <ele>234.230300</ele>
        <time>2026-07-29T05:36:31.786Z</time>
      </trkpt>
      <trkpt lat="46.334651" lon="13.140557">
        <ele>234.180434</ele>
        <time>2026-07-29T05:36:33.783Z</time>
      </trkpt>
      <trkpt lat="46.334752" lon="13.139992">
        <ele>233.999996</ele>
        <time>2026-07-29T05:36:42.705Z</time>
      </trkpt>
      <trkpt lat="46.334581" lon="13.139932">
        <ele>233.921211</ele>
        <time>2026-07-29T05:36:46.066Z</time>
      </trkpt>
      <trkpt lat="46.334498" lon="13.139904">
        <ele>233.883051</ele>
        <time>2026-07-29T05:36:48.107Z</time>
      </trkpt>
      <trkpt lat="46.334744" lon="13.138783">
        <ele>233.718450</ele>
        <time>2026-07-29T05:37:04.442Z</time>
      </trkpt>
      <trkpt lat="46.334797" lon="13.138529">
        <ele>233.718450</ele>
        <time>2026-07-29T05:37:07.823Z</time>
      </trkpt>
      <trkpt lat="46.334884" lon="13.138580">
        <ele>233.718450</ele>
        <time>2026-07-29T05:37:09.568Z</time>
      </trkpt>
      <trkpt lat="46.335008" lon="13.138830">
        <ele>233.718450</ele>
        <time>2026-07-29T05:37:13.564Z</time>
      </trkpt>
    </trkseg>
  </trk>
</gpx>