<?xml version='1.0' encoding='UTF-8'?>
<gpx version="1.1" creator="https://www.komoot.de" xmlns="http://www.topografix.com/GPX/1/1" xmlns:xsi="http://www.w3.org/2001/XMLSchema-instance" xsi:schemaLocation="http://www.topografix.com/GPX/1/1 http://www.topografix.com/GPX/1/1/gpx.xsd">
  <metadata>
    <name>Dag 3, Grand Escape Slovenie</name>
    <author>
      <link href="https://www.komoot.de">
        <text>komoot</text>
        <type>text/html</type>
      </link>
    </author>
  </metadata>
  <trk>
    <name>Dag 3, Grand Escape Slovenie</name>
    <type>racebike</type>
    <trkseg>
      <trkpt lat="46.335008" lon="13.138830">
        <ele>232.789330</ele>
        <time>2026-07-28T19:26:24.173Z</time>
      </trkpt>
      <trkpt lat="46.335087" lon="13.138989">
        <ele>232.789330</ele>
        <time>2026-07-28T19:26:40.854Z</time>
      </trkpt>
      <trkpt lat="46.335053" lon="13.139461">
        <ele>232.789330</ele>
        <time>2026-07-28T19:26:46.772Z</time>
      </trkpt>
      <trkpt lat="46.335078" lon="13.139636">
        <ele>232.789330</ele>
        <time>2026-07-28T19:26:48.843Z</time>
      </trkpt>
      <trkpt lat="46.335050" lon="13.140064">
        <ele>232.789330</ele>
        <time>2026-07-28T19:26:53.797Z</time>
      </trkpt>
      <trkpt lat="46.335287" lon="13.140114">
        <ele>232.669131</ele>
        <time>2026-07-28T19:27:10.455Z</time>
      </trkpt>
      <trkpt lat="46.335504" lon="13.140143">
        <ele>232.551830</ele>
        <time>2026-07-28T19:27:13.152Z</time>
      </trkpt>
      <trkpt lat="46.335690" lon="13.140164">
        <ele>232.451407</ele>
        <time>2026-07-28T19:27:15.397Z</time>
      </trkpt>
      <trkpt lat="46.335745" lon="13.140170">
        <ele>232.421718</ele>
        <time>2026-07-28T19:27:16.040Z</time>
      </trkpt>
      <trkpt lat="46.336155" lon="13.140245">
        <ele>232.199273</ele>
        <time>2026-07-28T19:27:20.892Z</time>
      </trkpt>
      <trkpt lat="46.336385" lon="13.140298">
        <ele>232.073913</ele>
        <time>2026-07-28T19:27:23.896Z</time>
      </trkpt>
      <trkpt lat="46.336437" lon="13.140298">
        <ele>232.045923</ele>
        <time>2026-07-28T19:27:24.667Z</time>
      </trkpt>
      <trkpt lat="46.336416" lon="13.140529">
        <ele>231.959334</ele>
        <time>2026-07-28T19:27:27.413Z</time>
      </trkpt>
      <trkpt lat="46.336399" lon="13.140689">
        <ele>231.899173</ele>
        <time>2026-07-28T19:27:29.551Z</time>
      </trkpt>
      <trkpt lat="46.336328" lon="13.141371">
        <ele>232.047021</ele>
        <time>2026-07-28T19:27:38.931Z</time>
      </trkpt>
      <trkpt lat="46.336775" lon="13.141564">
        <ele>232.365021</ele>
        <time>2026-07-28T19:27:47.440Z</time>
      </trkpt>
      <trkpt lat="46.336910" lon="13.141645">
        <ele>232.464644</ele>
        <time>2026-07-28T19:27:49.778Z</time>
      </trkpt>
      <trkpt lat="46.337052" lon="13.141765">
        <ele>232.576727</ele>
        <time>2026-07-28T19:27:52.337Z</time>
      </trkpt>
      <trkpt lat="46.337125" lon="13.141909">
        <ele>232.660817</ele>
        <time>2026-07-28T19:27:54.196Z</time>
      </trkpt>
      <trkpt lat="46.337144" lon="13.141951">
        <ele>232.684453</ele>
        <time>2026-07-28T19:27:54.727Z</time>
      </trkpt>
      <trkpt lat="46.337371" lon="13.142450">
        <ele>232.965733</ele>
        <time>2026-07-28T19:28:02.132Z</time>
      </trkpt>
      <trkpt lat="46.337522" lon="13.142675">
        <ele>233.013263</ele>
        <time>2026-07-28T19:28:06.341Z</time>
      </trkpt>
      <trkpt lat="46.337593" lon="13.142742">
        <ele>232.983371</ele>
        <time>2026-07-28T19:28:07.963Z</time>
      </trkpt>
      <trkpt lat="46.337789" lon="13.142957">
        <ele>232.896643</ele>
        <time>2026-07-28T19:28:12.496Z</time>
      </trkpt>
      <trkpt lat="46.337891" lon="13.143038">
        <ele>232.855610</ele>
        <time>2026-07-28T19:28:14.346Z</time>
      </trkpt>
      <trkpt lat="46.338029" lon="13.143067">
        <ele>232.806421</ele>
        <time>2026-07-28T19:28:16.283Z</time>
      </trkpt>
      <trkpt lat="46.338282" lon="13.143051">
        <ele>232.717091</ele>
        <time>2026-07-28T19:28:19.543Z</time>
      </trkpt>
      <trkpt lat="46.338487" lon="13.142966">
        <ele>232.641873</ele>
        <time>2026-07-28T19:28:22.193Z</time>
      </trkpt>
      <trkpt lat="46.339314" lon="13.143212">
        <ele>232.309194</ele>
        <time>2026-07-28T19:28:32.464Z</time>
      </trkpt>
      <trkpt lat="46.339424" lon="13.143214">
        <ele>232.250746</ele>
        <time>2026-07-28T19:28:33.821Z</time>
      </trkpt>
      <trkpt lat="46.339547" lon="13.143123">
        <ele>232.177365</ele>
        <time>2026-07-28T19:28:35.493Z</time>
      </trkpt>
      <trkpt lat="46.339661" lon="13.142917">
        <ele>232.080526</ele>
        <time>2026-07-28T19:28:37.665Z</time>
      </trkpt>
      <trkpt lat="46.339684" lon="13.142786">
        <ele>232.030946</ele>
        <time>2026-07-28T19:28:38.766Z</time>
      </trkpt>
      <trkpt lat="46.339669" lon="13.142488">
        <ele>231.921349</ele>
        <time>2026-07-28T19:28:41.254Z</time>
      </trkpt>
      <trkpt lat="46.339661" lon="13.142224">
        <ele>231.824421</ele>
        <time>2026-07-28T19:28:43.543Z</time>
      </trkpt>
      <trkpt lat="46.339774" lon="13.141946">
        <ele>231.706090</ele>
        <time>2026-07-28T19:28:46.571Z</time>
      </trkpt>
      <trkpt lat="46.339903" lon="13.141537">
        <ele>231.541155</ele>
        <time>2026-07-28T19:28:51.619Z</time>
      </trkpt>
      <trkpt lat="46.340009" lon="13.141389">
        <ele>231.462933</ele>
        <time>2026-07-28T19:28:54.201Z</time>
      </trkpt>
      <trkpt lat="46.340202" lon="13.141291">
        <ele>231.499415</ele>
        <time>2026-07-28T19:28:57.815Z</time>
      </trkpt>
      <trkpt lat="46.340818" lon="13.141257">
        <ele>231.633151</ele>
        <time>2026-07-28T19:29:08.086Z</time>
      </trkpt>
      <trkpt lat="46.341363" lon="13.140888">
        <ele>231.763666</ele>
        <time>2026-07-28T19:29:16.700Z</time>
      </trkpt>
      <trkpt lat="46.341572" lon="13.140714">
        <ele>231.815963</ele>
        <time>2026-07-28T19:29:20.156Z</time>
      </trkpt>
      <trkpt lat="46.342027" lon="13.140158">
        <ele>232.089280</ele>
        <time>2026-07-28T19:29:29.886Z</time>
      </trkpt>
      <trkpt lat="46.342186" lon="13.139884">
        <ele>232.222107</ele>
        <time>2026-07-28T19:29:34.392Z</time>
      </trkpt>
      <trkpt lat="46.342252" lon="13.139714">
        <ele>232.294483</ele>
        <time>2026-07-28T19:29:36.935Z</time>
      </trkpt>
      <trkpt lat="46.342757" lon="13.139693">
        <ele>232.566050</ele>
        <time>2026-07-28T19:29:46.175Z</time>
      </trkpt>
      <trkpt lat="46.343639" lon="13.139683">
        <ele>233.166243</ele>
        <time>2026-07-28T19:30:00.121Z</time>
      </trkpt>
      <trkpt lat="46.344226" lon="13.139601">
        <ele>233.660235</ele>
        <time>2026-07-28T19:30:10.614Z</time>
      </trkpt>
      <trkpt lat="46.344598" lon="13.139652">
        <ele>233.973239</ele>
        <time>2026-07-28T19:30:17.797Z</time>
      </trkpt>
      <trkpt lat="46.344893" lon="13.139798">
        <ele>234.234375</ele>
        <time>2026-07-28T19:30:24.016Z</time>
      </trkpt>
      <trkpt lat="46.345574" lon="13.140233">
        <ele>234.753184</ele>
        <time>2026-07-28T19:30:38.889Z</time>
      </trkpt>
      <trkpt lat="46.345888" lon="13.140389">
        <ele>234.977044</ele>
        <time>2026-07-28T19:30:44.680Z</time>
      </trkpt>
      <trkpt lat="46.346609" lon="13.140655">
        <ele>235.478788</ele>
        <time>2026-07-28T19:30:55.983Z</time>
      </trkpt>
      <trkpt lat="46.347635" lon="13.141518">
        <ele>236.554376</ele>
        <time>2026-07-28T19:31:15.646Z</time>
      </trkpt>
      <trkpt lat="46.347897" lon="13.141645">
        <ele>236.809602</ele>
        <time>2026-07-28T19:31:21.269Z</time>
      </trkpt>
      <trkpt lat="46.348009" lon="13.141656">
        <ele>236.913306</ele>
        <time>2026-07-28T19:31:23.729Z</time>
      </trkpt>
      <trkpt lat="46.348309" lon="13.141625">
        <ele>237.191152</ele>
        <time>2026-07-28T19:31:30.598Z</time>
      </trkpt>
      <trkpt lat="46.349433" lon="13.141163">
        <ele>239.405163</ele>
        <time>2026-07-28T19:31:57.491Z</time>
      </trkpt>
      <trkpt lat="46.350029" lon="13.141101">
        <ele>240.539870</ele>
        <time>2026-07-28T19:32:10.394Z</time>
      </trkpt>
      <trkpt lat="46.350682" lon="13.140908">
        <ele>241.847361</ele>
        <time>2026-07-28T19:32:25.002Z</time>
      </trkpt>
      <trkpt lat="46.350837" lon="13.140826">
        <ele>242.171711</ele>
        <time>2026-07-28T19:32:29.385Z</time>
      </trkpt>
      <trkpt lat="46.351039" lon="13.140562">
        <ele>242.706454</ele>
        <time>2026-07-28T19:32:36.752Z</time>
      </trkpt>
      <trkpt lat="46.351203" lon="13.140436">
        <ele>243.071340</ele>
        <time>2026-07-28T19:32:41.665Z</time>
      </trkpt>
      <trkpt lat="46.353096" lon="13.139754">
        <ele>244.359293</ele>
        <time>2026-07-28T19:33:19.620Z</time>
      </trkpt>
      <trkpt lat="46.353300" lon="13.139672">
        <ele>244.391366</ele>
        <time>2026-07-28T19:33:21.940Z</time>
      </trkpt>
      <trkpt lat="46.353874" lon="13.139458">
        <ele>243.820492</ele>
        <time>2026-07-28T19:33:27.845Z</time>
      </trkpt>
      <trkpt lat="46.354033" lon="13.139401">
        <ele>243.580956</ele>
        <time>2026-07-28T19:33:29.610Z</time>
      </trkpt>
      <trkpt lat="46.354216" lon="13.139350">
        <ele>243.308427</ele>
        <time>2026-07-28T19:33:31.799Z</time>
      </trkpt>
      <trkpt lat="46.354718" lon="13.139176">
        <ele>242.553577</ele>
        <time>2026-07-28T19:33:38.934Z</time>
      </trkpt>
      <trkpt lat="46.356109" lon="13.138484">
        <ele>241.027284</ele>
        <time>2026-07-28T19:33:56.208Z</time>
      </trkpt>
      <trkpt lat="46.356913" lon="13.138103">
        <ele>240.347614</ele>
        <time>2026-07-28T19:34:08.110Z</time>
      </trkpt>
      <trkpt lat="46.357035" lon="13.138048">
        <ele>240.349312</ele>
        <time>2026-07-28T19:34:09.808Z</time>
      </trkpt>
      <trkpt lat="46.357412" lon="13.137861">
        <ele>240.367857</ele>
        <time>2026-07-28T19:34:14.931Z</time>
      </trkpt>
      <trkpt lat="46.357979" lon="13.137603">
        <ele>240.395514</ele>
        <time>2026-07-28T19:34:23.068Z</time>
      </trkpt>
      <trkpt lat="46.358976" lon="13.137141">
        <ele>240.801560</ele>
        <time>2026-07-28T19:34:41.502Z</time>
      </trkpt>
      <trkpt lat="46.359599" lon="13.136882">
        <ele>241.468595</ele>
        <time>2026-07-28T19:34:54.631Z</time>
      </trkpt>
      <trkpt lat="46.362241" lon="13.135918">
        <ele>244.250062</ele>
        <time>2026-07-28T19:35:46.015Z</time>
      </trkpt>
      <trkpt lat="46.362677" lon="13.135760">
        <ele>244.855128</ele>
        <time>2026-07-28T19:35:54.073Z</time>
      </trkpt>
      <trkpt lat="46.363188" lon="13.135576">
        <ele>245.564010</ele>
        <time>2026-07-28T19:36:04.940Z</time>
      </trkpt>
      <trkpt lat="46.363252" lon="13.135556">
        <ele>245.652155</ele>
        <time>2026-07-28T19:36:06.358Z</time>
      </trkpt>
      <trkpt lat="46.365389" lon="13.134791">
        <ele>249.597238</ele>
        <time>2026-07-28T19:36:53.168Z</time>
      </trkpt>
      <trkpt lat="46.365797" lon="13.134678">
        <ele>250.200784</ele>
        <time>2026-07-28T19:37:04.780Z</time>
      </trkpt>
      <trkpt lat="46.366115" lon="13.134649">
        <ele>250.487158</ele>
        <time>2026-07-28T19:37:15.389Z</time>
      </trkpt>
      <trkpt lat="46.366552" lon="13.134705">
        <ele>250.881453</ele>
        <time>2026-07-28T19:37:26.118Z</time>
      </trkpt>
      <trkpt lat="46.366666" lon="13.134563">
        <ele>251.016560</ele>
        <time>2026-07-28T19:37:28.778Z</time>
      </trkpt>
      <trkpt lat="46.366698" lon="13.134355">
        <ele>251.148726</ele>
        <time>2026-07-28T19:37:31.143Z</time>
      </trkpt>
      <trkpt lat="46.366732" lon="13.134295">
        <ele>251.196876</ele>
        <time>2026-07-28T19:37:31.968Z</time>
      </trkpt>
      <trkpt lat="46.368104" lon="13.133798">
        <ele>251.347712</ele>
        <time>2026-07-28T19:37:48.130Z</time>
      </trkpt>
      <trkpt lat="46.368615" lon="13.133700">
        <ele>251.185802</ele>
        <time>2026-07-28T19:37:55.139Z</time>
      </trkpt>
      <trkpt lat="46.368897" lon="13.133639">
        <ele>251.096242</ele>
        <time>2026-07-28T19:38:00.987Z</time>
      </trkpt>
      <trkpt lat="46.369487" lon="13.133599">
        <ele>252.757940</ele>
        <time>2026-07-28T19:38:16.441Z</time>
      </trkpt>
      <trkpt lat="46.369658" lon="13.133630">
        <ele>253.320526</ele>
        <time>2026-07-28T19:38:21.591Z</time>
      </trkpt>
      <trkpt lat="46.369800" lon="13.133656">
        <ele>253.787774</ele>
        <time>2026-07-28T19:38:26.252Z</time>
      </trkpt>
      <trkpt lat="46.370182" lon="13.133772">
        <ele>255.061906</ele>
        <time>2026-07-28T19:38:39.354Z</time>
      </trkpt>
      <trkpt lat="46.370440" lon="13.133858">
        <ele>255.926145</ele>
        <time>2026-07-28T19:38:47.956Z</time>
      </trkpt>
      <trkpt lat="46.370486" lon="13.133870">
        <ele>256.078727</ele>
        <time>2026-07-28T19:38:49.360Z</time>
      </trkpt>
      <trkpt lat="46.370577" lon="13.133900">
        <ele>256.383388</ele>
        <time>2026-07-28T19:38:52.105Z</time>
      </trkpt>
      <trkpt lat="46.370811" lon="13.133976">
        <ele>256.943209</ele>
        <time>2026-07-28T19:38:58.640Z</time>
      </trkpt>
      <trkpt lat="46.371047" lon="13.134100">
        <ele>256.938139</ele>
        <time>2026-07-28T19:39:04.760Z</time>
      </trkpt>
      <trkpt lat="46.371279" lon="13.134238">
        <ele>256.933075</ele>
        <time>2026-07-28T19:39:09.894Z</time>
      </trkpt>
      <trkpt lat="46.371535" lon="13.134365">
        <ele>256.927611</ele>
        <time>2026-07-28T19:39:13.409Z</time>
      </trkpt>
      <trkpt lat="46.372111" lon="13.134512">
        <ele>256.915800</ele>
        <time>2026-07-28T19:39:19.631Z</time>
      </trkpt>
      <trkpt lat="46.373186" lon="13.134752">
        <ele>256.748676</ele>
        <time>2026-07-28T19:39:33.781Z</time>
      </trkpt>
      <trkpt lat="46.373423" lon="13.134799">
        <ele>256.695226</ele>
        <time>2026-07-28T19:39:37.865Z</time>
      </trkpt>
      <trkpt lat="46.373784" lon="13.134874">
        <ele>256.613738</ele>
        <time>2026-07-28T19:39:44.095Z</time>
      </trkpt>
      <trkpt lat="46.374690" lon="13.135070">
        <ele>256.501361</ele>
        <time>2026-07-28T19:39:56.841Z</time>
      </trkpt>
      <trkpt lat="46.374903" lon="13.133764">
        <ele>256.490734</ele>
        <time>2026-07-28T19:40:09.628Z</time>
      </trkpt>
      <trkpt lat="46.375143" lon="13.133812">
        <ele>256.487953</ele>
        <time>2026-07-28T19:40:13.639Z</time>
      </trkpt>
      <trkpt lat="46.375737" lon="13.133897">
        <ele>256.867290</ele>
        <time>2026-07-28T19:40:24.066Z</time>
      </trkpt>
      <trkpt lat="46.375990" lon="13.133810">
        <ele>257.114169</ele>
        <time>2026-07-28T19:40:28.466Z</time>
      </trkpt>
      <trkpt lat="46.376159" lon="13.133655">
        <ele>257.304052</ele>
        <time>2026-07-28T19:40:31.832Z</time>
      </trkpt>
      <trkpt lat="46.376379" lon="13.133339">
        <ele>257.598122</ele>
        <time>2026-07-28T19:40:37.206Z</time>
      </trkpt>
      <trkpt lat="46.376413" lon="13.133172">
        <ele>257.712178</ele>
        <time>2026-07-28T19:40:39.505Z</time>
      </trkpt>
      <trkpt lat="46.377077" lon="13.133446">
        <ele>258.321507</ele>
        <time>2026-07-28T19:40:54.666Z</time>
      </trkpt>
      <trkpt lat="46.377531" lon="13.133599">
        <ele>258.646810</ele>
        <time>2026-07-28T19:41:05.201Z</time>
      </trkpt>
      <trkpt lat="46.377628" lon="13.133584">
        <ele>258.714891</ele>
        <time>2026-07-28T19:41:07.126Z</time>
      </trkpt>
      <trkpt lat="46.377700" lon="13.133489">
        <ele>258.782842</ele>
        <time>2026-07-28T19:41:08.932Z</time>
      </trkpt>
      <trkpt lat="46.378606" lon="13.130076">
        <ele>259.145514</ele>
        <time>2026-07-28T19:41:45.121Z</time>
      </trkpt>
      <trkpt lat="46.379505" lon="13.126867">
        <ele>258.343103</ele>
        <time>2026-07-28T19:42:17.844Z</time>
      </trkpt>
      <trkpt lat="46.379519" lon="13.126755">
        <ele>258.306560</ele>
        <time>2026-07-28T19:42:18.900Z</time>
      </trkpt>
      <trkpt lat="46.380050" lon="13.124816">
        <ele>257.669397</ele>
        <time>2026-07-28T19:42:37.609Z</time>
      </trkpt>
      <trkpt lat="46.380956" lon="13.121353">
        <ele>258.509964</ele>
        <time>2026-07-28T19:43:15.700Z</time>
      </trkpt>
      <trkpt lat="46.381004" lon="13.121253">
        <ele>258.604430</ele>
        <time>2026-07-28T19:43:17.726Z</time>
      </trkpt>
      <trkpt lat="46.381055" lon="13.121135">
        <ele>258.712404</ele>
        <time>2026-07-28T19:43:20.100Z</time>
      </trkpt>
      <trkpt lat="46.381321" lon="13.120038">
        <ele>259.624645</ele>
        <time>2026-07-28T19:43:38.544Z</time>
      </trkpt>
      <trkpt lat="46.381636" lon="13.118930">
        <ele>260.991676</ele>
        <time>2026-07-28T19:43:56.937Z</time>
      </trkpt>
      <trkpt lat="46.381675" lon="13.118648">
        <ele>261.319757</ele>
        <time>2026-07-28T19:44:00.525Z</time>
      </trkpt>
      <trkpt lat="46.381696" lon="13.118053">
        <ele>261.999366</ele>
        <time>2026-07-28T19:44:12.548Z</time>
      </trkpt>
      <trkpt lat="46.381645" lon="13.117769">
        <ele>262.334124</ele>
        <time>2026-07-28T19:44:18.394Z</time>
      </trkpt>
      <trkpt lat="46.381594" lon="13.117625">
        <ele>262.518769</ele>
        <time>2026-07-28T19:44:20.903Z</time>
      </trkpt>
      <trkpt lat="46.381726" lon="13.117565">
        <ele>262.592926</ele>
        <time>2026-07-28T19:44:23.995Z</time>
      </trkpt>
      <trkpt lat="46.381815" lon="13.117676">
        <ele>262.621970</ele>
        <time>2026-07-28T19:44:26.232Z</time>
      </trkpt>
      <trkpt lat="46.381840" lon="13.117753">
        <ele>262.636493</ele>
        <time>2026-07-28T19:44:27.062Z</time>
      </trkpt>
      <trkpt lat="46.382000" lon="13.118795">
        <ele>262.818665</ele>
        <time>2026-07-28T19:44:36.114Z</time>
      </trkpt>
      <trkpt lat="46.382036" lon="13.119636">
        <ele>262.962460</ele>
        <time>2026-07-28T19:44:45.463Z</time>
      </trkpt>
      <trkpt lat="46.382074" lon="13.119774">
        <ele>262.987817</ele>
        <time>2026-07-28T19:44:47.253Z</time>
      </trkpt>
      <trkpt lat="46.382130" lon="13.119876">
        <ele>263.010063</ele>
        <time>2026-07-28T19:44:48.828Z</time>
      </trkpt>
      <trkpt lat="46.383105" lon="13.120994">
        <ele>265.230765</ele>
        <time>2026-07-28T19:45:11.675Z</time>
      </trkpt>
      <trkpt lat="46.383214" lon="13.121091">
        <ele>265.459630</ele>
        <time>2026-07-28T19:45:14.978Z</time>
      </trkpt>
      <trkpt lat="46.383326" lon="13.121112">
        <ele>265.661713</ele>
        <time>2026-07-28T19:45:18.200Z</time>
      </trkpt>
      <trkpt lat="46.383483" lon="13.121025">
        <ele>265.962476</ele>
        <time>2026-07-28T19:45:23.521Z</time>
      </trkpt>
      <trkpt lat="46.383809" lon="13.120857">
        <ele>266.435109</ele>
        <time>2026-07-28T19:45:35.853Z</time>
      </trkpt>
      <trkpt lat="46.383942" lon="13.120801">
        <ele>266.579928</ele>
        <time>2026-07-28T19:45:40.665Z</time>
      </trkpt>
      <trkpt lat="46.384213" lon="13.120620">
        <ele>266.891929</ele>
        <time>2026-07-28T19:45:47.983Z</time>
      </trkpt>
      <trkpt lat="46.384382" lon="13.120593">
        <ele>267.069714</ele>
        <time>2026-07-28T19:45:49.902Z</time>
      </trkpt>
      <trkpt lat="46.384453" lon="13.120645">
        <ele>267.152892</ele>
        <time>2026-07-28T19:45:50.686Z</time>
      </trkpt>
      <trkpt lat="46.384772" lon="13.121153">
        <ele>267.648401</ele>
        <time>2026-07-28T19:45:55.286Z</time>
      </trkpt>
      <trkpt lat="46.384890" lon="13.121378">
        <ele>267.852272</ele>
        <time>2026-07-28T19:45:57.728Z</time>
      </trkpt>
      <trkpt lat="46.384895" lon="13.121787">
        <ele>268.291905</ele>
        <time>2026-07-28T19:46:05.976Z</time>
      </trkpt>
      <trkpt lat="46.385015" lon="13.122164">
        <ele>269.749023</ele>
        <time>2026-07-28T19:46:17.114Z</time>
      </trkpt>
      <trkpt lat="46.385239" lon="13.122640">
        <ele>271.771207</ele>
        <time>2026-07-28T19:46:33.560Z</time>
      </trkpt>
      <trkpt lat="46.385568" lon="13.123314">
        <ele>274.668868</ele>
        <time>2026-07-28T19:46:57.367Z</time>
      </trkpt>
      <trkpt lat="46.385916" lon="13.123602">
        <ele>276.707509</ele>
        <time>2026-07-28T19:47:12.049Z</time>
      </trkpt>
      <trkpt lat="46.386028" lon="13.123782">
        <ele>277.297991</ele>
        <time>2026-07-28T19:47:17.340Z</time>
      </trkpt>
      <trkpt lat="46.386263" lon="13.124333">
        <ele>277.583638</ele>
        <time>2026-07-28T19:47:30.388Z</time>
      </trkpt>
      <trkpt lat="46.386507" lon="13.124771">
        <ele>277.831886</ele>
        <time>2026-07-28T19:47:38.005Z</time>
      </trkpt>
      <trkpt lat="46.386703" lon="13.125145">
        <ele>278.038992</ele>
        <time>2026-07-28T19:47:41.509Z</time>
      </trkpt>
      <trkpt lat="46.386953" lon="13.125669">
        <ele>278.319924</ele>
        <time>2026-07-28T19:47:46.076Z</time>
      </trkpt>
      <trkpt lat="46.387163" lon="13.126284">
        <ele>277.823440</ele>
        <time>2026-07-28T19:47:53.392Z</time>
      </trkpt>
      <trkpt lat="46.387816" lon="13.127662">
        <ele>275.784144</ele>
        <time>2026-07-28T19:48:05.675Z</time>
      </trkpt>
      <trkpt lat="46.387943" lon="13.128191">
        <ele>275.507824</ele>
        <time>2026-07-28T19:48:09.219Z</time>
      </trkpt>
      <trkpt lat="46.388030" lon="13.128370">
        <ele>276.084788</ele>
        <time>2026-07-28T19:48:11.142Z</time>
      </trkpt>
      <trkpt lat="46.388189" lon="13.128536">
        <ele>276.833251</ele>
        <time>2026-07-28T19:48:18.064Z</time>
      </trkpt>
      <trkpt lat="46.388456" lon="13.128799">
        <ele>278.066304</ele>
        <time>2026-07-28T19:48:35.035Z</time>
      </trkpt>
      <trkpt lat="46.388805" lon="13.129166">
        <ele>279.713218</ele>
        <time>2026-07-28T19:48:55.880Z</time>
      </trkpt>
      <trkpt lat="46.389083" lon="13.129412">
        <ele>280.957330</ele>
        <time>2026-07-28T19:49:05.867Z</time>
      </trkpt>
      <trkpt lat="46.389302" lon="13.129588">
        <ele>281.913818</ele>
        <time>2026-07-28T19:49:12.899Z</time>
      </trkpt>
      <trkpt lat="46.389570" lon="13.129742">
        <ele>281.697596</ele>
        <time>2026-07-28T19:49:19.186Z</time>
      </trkpt>
      <trkpt lat="46.390082" lon="13.130428">
        <ele>280.525133</ele>
        <time>2026-07-28T19:49:28.286Z</time>
      </trkpt>
      <trkpt lat="46.390594" lon="13.131113">
        <ele>279.353462</ele>
        <time>2026-07-28T19:49:35.604Z</time>
      </trkpt>
      <trkpt lat="46.390641" lon="13.131260">
        <ele>279.165515</ele>
        <time>2026-07-28T19:49:36.627Z</time>
      </trkpt>
      <trkpt lat="46.390662" lon="13.131536">
        <ele>278.535057</ele>
        <time>2026-07-28T19:49:38.336Z</time>
      </trkpt>
      <trkpt lat="46.390603" lon="13.132457">
        <ele>276.035953</ele>
        <time>2026-07-28T19:49:43.941Z</time>
      </trkpt>
      <trkpt lat="46.390609" lon="13.132645">
        <ele>275.527463</ele>
        <time>2026-07-28T19:49:45.138Z</time>
      </trkpt>
      <trkpt lat="46.390843" lon="13.133241">
        <ele>273.674560</ele>
        <time>2026-07-28T19:49:49.835Z</time>
      </trkpt>
      <trkpt lat="46.390998" lon="13.133611">
        <ele>272.504944</ele>
        <time>2026-07-28T19:49:54.772Z</time>
      </trkpt>
      <trkpt lat="46.391094" lon="13.133804">
        <ele>272.075455</ele>
        <time>2026-07-28T19:49:58.213Z</time>
      </trkpt>
      <trkpt lat="46.391168" lon="13.134075">
        <ele>272.289978</ele>
        <time>2026-07-28T19:50:03.142Z</time>
      </trkpt>
      <trkpt lat="46.391171" lon="13.134295">
        <ele>272.451933</ele>
        <time>2026-07-28T19:50:07.322Z</time>
      </trkpt>
      <trkpt lat="46.391083" lon="13.135146">
        <ele>273.085282</ele>
        <time>2026-07-28T19:50:18.066Z</time>
      </trkpt>
      <trkpt lat="46.391087" lon="13.135982">
        <ele>273.700606</ele>
        <time>2026-07-28T19:50:27.286Z</time>
      </trkpt>
      <trkpt lat="46.391097" lon="13.136391">
        <ele>273.998316</ele>
        <time>2026-07-28T19:50:34.532Z</time>
      </trkpt>
      <trkpt lat="46.391226" lon="13.136721">
        <ele>274.258916</ele>
        <time>2026-07-28T19:50:42.183Z</time>
      </trkpt>
      <trkpt lat="46.391267" lon="13.136867">
        <ele>274.367217</ele>
        <time>2026-07-28T19:50:44.755Z</time>
      </trkpt>
      <trkpt lat="46.391304" lon="13.137001">
        <ele>274.466382</ele>
        <time>2026-07-28T19:50:46.790Z</time>
      </trkpt>
      <trkpt lat="46.391194" lon="13.137674">
        <ele>274.941555</ele>
        <time>2026-07-28T19:50:52.000Z</time>
      </trkpt>
      <trkpt lat="46.391186" lon="13.137876">
        <ele>275.080563</ele>
        <time>2026-07-28T19:50:53.425Z</time>
      </trkpt>
      <trkpt lat="46.391257" lon="13.138301">
        <ele>275.380992</ele>
        <time>2026-07-28T19:50:58.194Z</time>
      </trkpt>
      <trkpt lat="46.391369" lon="13.138999">
        <ele>275.765291</ele>
        <time>2026-07-28T19:51:14.525Z</time>
      </trkpt>
      <trkpt lat="46.391372" lon="13.139549">
        <ele>275.835359</ele>
        <time>2026-07-28T19:51:26.135Z</time>
      </trkpt>
      <trkpt lat="46.391420" lon="13.139906">
        <ele>275.881694</ele>
        <time>2026-07-28T19:51:31.111Z</time>
      </trkpt>
      <trkpt lat="46.391415" lon="13.141529">
        <ele>276.082371</ele>
        <time>2026-07-28T19:51:43.666Z</time>
      </trkpt>
      <trkpt lat="46.391460" lon="13.141846">
        <ele>276.107476</ele>
        <time>2026-07-28T19:51:45.953Z</time>
      </trkpt>
      <trkpt lat="46.391668" lon="13.142394">
        <ele>276.155996</ele>
        <time>2026-07-28T19:51:50.875Z</time>
      </trkpt>
      <trkpt lat="46.391916" lon="13.143037">
        <ele>276.213141</ele>
        <time>2026-07-28T19:52:01.877Z</time>
      </trkpt>
      <trkpt lat="46.391964" lon="13.143305">
        <ele>276.234619</ele>
        <time>2026-07-28T19:52:06.754Z</time>
      </trkpt>
      <trkpt lat="46.391995" lon="13.143728">
        <ele>276.267615</ele>
        <time>2026-07-28T19:52:13.204Z</time>
      </trkpt>
      <trkpt lat="46.391988" lon="13.144693">
        <ele>276.606980</ele>
        <time>2026-07-28T19:52:24.382Z</time>
      </trkpt>
      <trkpt lat="46.391987" lon="13.144811">
        <ele>276.652117</ele>
        <time>2026-07-28T19:52:25.734Z</time>
      </trkpt>
      <trkpt lat="46.391957" lon="13.146119">
        <ele>277.152687</ele>
        <time>2026-07-28T19:52:41.039Z</time>
      </trkpt>
      <trkpt lat="46.391876" lon="13.146674">
        <ele>277.395558</ele>
        <time>2026-07-28T19:52:46.172Z</time>
      </trkpt>
      <trkpt lat="46.391734" lon="13.147181">
        <ele>277.660701</ele>
        <time>2026-07-28T19:52:51.774Z</time>
      </trkpt>
      <trkpt lat="46.391723" lon="13.147907">
        <ele>278.012560</ele>
        <time>2026-07-28T19:53:02.068Z</time>
      </trkpt>
      <trkpt lat="46.391677" lon="13.148743">
        <ele>278.418922</ele>
        <time>2026-07-28T19:53:13.936Z</time>
      </trkpt>
      <trkpt lat="46.391575" lon="13.149420">
        <ele>278.521873</ele>
        <time>2026-07-28T19:53:21.646Z</time>
      </trkpt>
      <trkpt lat="46.391569" lon="13.149713">
        <ele>278.512563</ele>
        <time>2026-07-28T19:53:24.367Z</time>
      </trkpt>
      <trkpt lat="46.391591" lon="13.150019">
        <ele>278.502793</ele>
        <time>2026-07-28T19:53:27.117Z</time>
      </trkpt>
      <trkpt lat="46.391662" lon="13.150726">
        <ele>278.480103</ele>
        <time>2026-07-28T19:53:33.306Z</time>
      </trkpt>
      <trkpt lat="46.391816" lon="13.151755">
        <ele>278.727944</ele>
        <time>2026-07-28T19:53:44.317Z</time>
      </trkpt>
      <trkpt lat="46.391818" lon="13.152084">
        <ele>279.155361</ele>
        <time>2026-07-28T19:53:48.262Z</time>
      </trkpt>
      <trkpt lat="46.391804" lon="13.152406">
        <ele>279.574498</ele>
        <time>2026-07-28T19:53:52.294Z</time>
      </trkpt>
      <trkpt lat="46.391682" lon="13.152890">
        <ele>280.243930</ele>
        <time>2026-07-28T19:53:59.406Z</time>
      </trkpt>
      <trkpt lat="46.391638" lon="13.153655">
        <ele>281.241185</ele>
        <time>2026-07-28T19:54:12.845Z</time>
      </trkpt>
      <trkpt lat="46.391545" lon="13.154301">
        <ele>282.055797</ele>
        <time>2026-07-28T19:54:26.359Z</time>
      </trkpt>
      <trkpt lat="46.391361" lon="13.155310">
        <ele>283.186751</ele>
        <time>2026-07-28T19:54:48.851Z</time>
      </trkpt>
      <trkpt lat="46.391360" lon="13.155518">
        <ele>283.412152</ele>
        <time>2026-07-28T19:54:54.085Z</time>
      </trkpt>
      <trkpt lat="46.391415" lon="13.155740">
        <ele>283.667767</ele>
        <time>2026-07-28T19:54:59.409Z</time>
      </trkpt>
      <trkpt lat="46.391747" lon="13.157302">
        <ele>284.047737</ele>
        <time>2026-07-28T19:55:11.099Z</time>
      </trkpt>
      <trkpt lat="46.391854" lon="13.157562">
        <ele>283.784578</ele>
        <time>2026-07-28T19:55:13.079Z</time>
      </trkpt>
      <trkpt lat="46.392052" lon="13.157983">
        <ele>283.341676</ele>
        <time>2026-07-28T19:55:17.969Z</time>
      </trkpt>
      <trkpt lat="46.392292" lon="13.158436">
        <ele>282.845184</ele>
        <time>2026-07-28T19:55:28.943Z</time>
      </trkpt>
      <trkpt lat="46.392566" lon="13.158769">
        <ele>282.416808</ele>
        <time>2026-07-28T19:55:33.000Z</time>
      </trkpt>
      <trkpt lat="46.392652" lon="13.158909">
        <ele>282.889651</ele>
        <time>2026-07-28T19:55:34.158Z</time>
      </trkpt>
      <trkpt lat="46.392929" lon="13.159568">
        <ele>284.836076</ele>
        <time>2026-07-28T19:55:39.608Z</time>
      </trkpt>
      <trkpt lat="46.393091" lon="13.159734">
        <ele>285.561491</ele>
        <time>2026-07-28T19:55:51.495Z</time>
      </trkpt>
      <trkpt lat="46.393243" lon="13.159676">
        <ele>286.136252</ele>
        <time>2026-07-28T19:56:02.666Z</time>
      </trkpt>
      <trkpt lat="46.393361" lon="13.159724">
        <ele>286.584416</ele>
        <time>2026-07-28T19:56:12.319Z</time>
      </trkpt>
      <trkpt lat="46.394655" lon="13.161628">
        <ele>290.258436</ele>
        <time>2026-07-28T19:57:05.014Z</time>
      </trkpt>
      <trkpt lat="46.394901" lon="13.161958">
        <ele>290.619410</ele>
        <time>2026-07-28T19:57:07.881Z</time>
      </trkpt>
      <trkpt lat="46.395138" lon="13.161962">
        <ele>290.874700</ele>
        <time>2026-07-28T19:57:09.958Z</time>
      </trkpt>
      <trkpt lat="46.395240" lon="13.161935">
        <ele>291.381013</ele>
        <time>2026-07-28T19:57:11.037Z</time>
      </trkpt>
      <trkpt lat="46.395578" lon="13.162043">
        <ele>293.812290</ele>
        <time>2026-07-28T19:57:24.387Z</time>
      </trkpt>
      <trkpt lat="46.395765" lon="13.162066">
        <ele>295.130605</ele>
        <time>2026-07-28T19:57:36.915Z</time>
      </trkpt>
      <trkpt lat="46.395869" lon="13.162030">
        <ele>295.881691</ele>
        <time>2026-07-28T19:57:45.255Z</time>
      </trkpt>
      <trkpt lat="46.395967" lon="13.161952">
        <ele>296.666995</ele>
        <time>2026-07-28T19:57:54.951Z</time>
      </trkpt>
      <trkpt lat="46.396345" lon="13.161596">
        <ele>299.833244</ele>
        <time>2026-07-28T19:58:37.215Z</time>
      </trkpt>
      <trkpt lat="46.396496" lon="13.161463">
        <ele>301.074322</ele>
        <time>2026-07-28T19:58:47.545Z</time>
      </trkpt>
      <trkpt lat="46.396617" lon="13.161383">
        <ele>302.008487</ele>
        <time>2026-07-28T19:58:52.572Z</time>
      </trkpt>
      <trkpt lat="46.396723" lon="13.161375">
        <ele>302.754101</ele>
        <time>2026-07-28T19:58:55.083Z</time>
      </trkpt>
      <trkpt lat="46.396883" lon="13.161482">
        <ele>303.228356</ele>
        <time>2026-07-28T19:58:57.068Z</time>
      </trkpt>
      <trkpt lat="46.397060" lon="13.161525">
        <ele>302.312396</ele>
        <time>2026-07-28T19:58:58.700Z</time>
      </trkpt>
      <trkpt lat="46.397400" lon="13.161429">
        <ele>300.544517</ele>
        <time>2026-07-28T19:59:01.647Z</time>
      </trkpt>
      <trkpt lat="46.397506" lon="13.161487">
        <ele>299.966280</ele>
        <time>2026-07-28T19:59:02.590Z</time>
      </trkpt>
      <trkpt lat="46.397537" lon="13.161572">
        <ele>299.627835</ele>
        <time>2026-07-28T19:59:03.142Z</time>
      </trkpt>
      <trkpt lat="46.397603" lon="13.162173">
        <ele>297.485770</ele>
        <time>2026-07-28T19:59:06.690Z</time>
      </trkpt>
      <trkpt lat="46.397512" lon="13.162691">
        <ele>295.604277</ele>
        <time>2026-07-28T19:59:10.630Z</time>
      </trkpt>
      <trkpt lat="46.397520" lon="13.163051">
        <ele>294.395658</ele>
        <time>2026-07-28T19:59:16.407Z</time>
      </trkpt>
      <trkpt lat="46.397560" lon="13.163440">
        <ele>295.473680</ele>
        <time>2026-07-28T19:59:21.485Z</time>
      </trkpt>
      <trkpt lat="46.397534" lon="13.163874">
        <ele>296.667738</ele>
        <time>2026-07-28T19:59:26.133Z</time>
      </trkpt>
      <trkpt lat="46.397561" lon="13.164110">
        <ele>297.323446</ele>
        <time>2026-07-28T19:59:28.902Z</time>
      </trkpt>
      <trkpt lat="46.397984" lon="13.164901">
        <ele>300.066983</ele>
        <time>2026-07-28T19:59:47.631Z</time>
      </trkpt>
      <trkpt lat="46.398106" lon="13.165064">
        <ele>300.726312</ele>
        <time>2026-07-28T19:59:55.664Z</time>
      </trkpt>
      <trkpt lat="46.398180" lon="13.165088">
        <ele>301.027686</ele>
        <time>2026-07-28T19:59:59.903Z</time>
      </trkpt>
      <trkpt lat="46.398291" lon="13.165045">
        <ele>301.484320</ele>
        <time>2026-07-28T20:00:07.035Z</time>
      </trkpt>
      <trkpt lat="46.398533" lon="13.164606">
        <ele>301.919802</ele>
        <time>2026-07-28T20:00:36.175Z</time>
      </trkpt>
      <trkpt lat="46.398659" lon="13.164428">
        <ele>302.106133</ele>
        <time>2026-07-28T20:00:49.023Z</time>
      </trkpt>
      <trkpt lat="46.398921" lon="13.164316">
        <ele>302.395460</ele>
        <time>2026-07-28T20:01:02.658Z</time>
      </trkpt>
      <trkpt lat="46.399205" lon="13.164250">
        <ele>302.700121</ele>
        <time>2026-07-28T20:01:12.093Z</time>
      </trkpt>
      <trkpt lat="46.399309" lon="13.164258">
        <ele>302.810436</ele>
        <time>2026-07-28T20:01:13.164Z</time>
      </trkpt>
      <trkpt lat="46.399490" lon="13.164292">
        <ele>303.003759</ele>
        <time>2026-07-28T20:01:14.749Z</time>
      </trkpt>
      <trkpt lat="46.399582" lon="13.164391">
        <ele>303.125110</ele>
        <time>2026-07-28T20:01:15.700Z</time>
      </trkpt>
      <trkpt lat="46.399817" lon="13.164807">
        <ele>303.085389</ele>
        <time>2026-07-28T20:01:18.733Z</time>
      </trkpt>
      <trkpt lat="46.399847" lon="13.164937">
        <ele>302.726813</ele>
        <time>2026-07-28T20:01:19.506Z</time>
      </trkpt>
      <trkpt lat="46.399846" lon="13.165054">
        <ele>302.420751</ele>
        <time>2026-07-28T20:01:20.171Z</time>
      </trkpt>
      <trkpt lat="46.399862" lon="13.165278">
        <ele>301.831697</ele>
        <time>2026-07-28T20:01:21.492Z</time>
      </trkpt>
      <trkpt lat="46.399889" lon="13.165364">
        <ele>301.584531</ele>
        <time>2026-07-28T20:01:22.078Z</time>
      </trkpt>
      <trkpt lat="46.400236" lon="13.165996">
        <ele>299.471453</ele>
        <time>2026-07-28T20:01:37.279Z</time>
      </trkpt>
      <trkpt lat="46.400304" lon="13.166264">
        <ele>298.724504</ele>
        <time>2026-07-28T20:01:42.637Z</time>
      </trkpt>
      <trkpt lat="46.400346" lon="13.166553">
        <ele>297.951966</ele>
        <time>2026-07-28T20:01:45.494Z</time>
      </trkpt>
      <trkpt lat="46.400333" lon="13.166695">
        <ele>297.577279</ele>
        <time>2026-07-28T20:01:46.527Z</time>
      </trkpt>
      <trkpt lat="46.400118" lon="13.167272">
        <ele>296.430559</ele>
        <time>2026-07-28T20:01:50.971Z</time>
      </trkpt>
      <trkpt lat="46.399841" lon="13.168284">
        <ele>295.772998</ele>
        <time>2026-07-28T20:01:59.513Z</time>
      </trkpt>
      <trkpt lat="46.399815" lon="13.168486">
        <ele>295.648897</ele>
        <time>2026-07-28T20:02:02.004Z</time>
      </trkpt>
      <trkpt lat="46.399813" lon="13.168860">
        <ele>295.423019</ele>
        <time>2026-07-28T20:02:06.808Z</time>
      </trkpt>
      <trkpt lat="46.399804" lon="13.169351">
        <ele>295.126383</ele>
        <time>2026-07-28T20:02:12.061Z</time>
      </trkpt>
      <trkpt lat="46.399812" lon="13.169707">
        <ele>295.202588</ele>
        <time>2026-07-28T20:02:15.131Z</time>
      </trkpt>
      <trkpt lat="46.399940" lon="13.170779">
        <ele>296.211767</ele>
        <time>2026-07-28T20:02:26.456Z</time>
      </trkpt>
      <trkpt lat="46.400094" lon="13.171430">
        <ele>296.850171</ele>
        <time>2026-07-28T20:02:39.260Z</time>
      </trkpt>
      <trkpt lat="46.400133" lon="13.171689">
        <ele>297.096078</ele>
        <time>2026-07-28T20:02:44.704Z</time>
      </trkpt>
      <trkpt lat="46.400083" lon="13.172163">
        <ele>297.597603</ele>
        <time>2026-07-28T20:02:53.174Z</time>
      </trkpt>
      <trkpt lat="46.400129" lon="13.172911">
        <ele>298.708429</ele>
        <time>2026-07-28T20:03:03.336Z</time>
      </trkpt>
      <trkpt lat="46.400325" lon="13.173378">
        <ele>299.517083</ele>
        <time>2026-07-28T20:03:11.141Z</time>
      </trkpt>
      <trkpt lat="46.400356" lon="13.173534">
        <ele>299.757225</ele>
        <time>2026-07-28T20:03:13.762Z</time>
      </trkpt>
      <trkpt lat="46.400376" lon="13.173947">
        <ele>300.369633</ele>
        <time>2026-07-28T20:03:20.875Z</time>
      </trkpt>
      <trkpt lat="46.400501" lon="13.174469">
        <ele>301.186992</ele>
        <time>2026-07-28T20:03:31.258Z</time>
      </trkpt>
      <trkpt lat="46.400498" lon="13.174711">
        <ele>301.063465</ele>
        <time>2026-07-28T20:03:35.732Z</time>
      </trkpt>
      <trkpt lat="46.400621" lon="13.175654">
        <ele>299.653086</ele>
        <time>2026-07-28T20:03:50.590Z</time>
      </trkpt>
      <trkpt lat="46.400590" lon="13.175994">
        <ele>299.149083</ele>
        <time>2026-07-28T20:03:53.168Z</time>
      </trkpt>
      <trkpt lat="46.400629" lon="13.176592">
        <ele>298.266358</ele>
        <time>2026-07-28T20:03:57.007Z</time>
      </trkpt>
      <trkpt lat="46.400772" lon="13.177329">
        <ele>297.658705</ele>
        <time>2026-07-28T20:04:01.647Z</time>
      </trkpt>
      <trkpt lat="46.400869" lon="13.177592">
        <ele>297.909189</ele>
        <time>2026-07-28T20:04:03.488Z</time>
      </trkpt>
      <trkpt lat="46.400908" lon="13.177857">
        <ele>298.136757</ele>
        <time>2026-07-28T20:04:05.228Z</time>
      </trkpt>
      <trkpt lat="46.400948" lon="13.178620">
        <ele>298.779403</ele>
        <time>2026-07-28T20:04:13.603Z</time>
      </trkpt>
      <trkpt lat="46.400995" lon="13.178769">
        <ele>298.917008</ele>
        <time>2026-07-28T20:04:17.895Z</time>
      </trkpt>
      <trkpt lat="46.401147" lon="13.178934">
        <ele>299.148242</ele>
        <time>2026-07-28T20:04:26.553Z</time>
      </trkpt>
      <trkpt lat="46.401468" lon="13.179116">
        <ele>299.567991</ele>
        <time>2026-07-28T20:04:46.597Z</time>
      </trkpt>
      <trkpt lat="46.401570" lon="13.179328">
        <ele>299.705021</ele>
        <time>2026-07-28T20:04:57.151Z</time>
      </trkpt>
      <trkpt lat="46.401783" lon="13.179968">
        <ele>299.916763</ele>
        <time>2026-07-28T20:05:18.902Z</time>
      </trkpt>
      <trkpt lat="46.401977" lon="13.180241">
        <ele>300.033566</ele>
        <time>2026-07-28T20:05:22.039Z</time>
      </trkpt>
      <trkpt lat="46.402040" lon="13.180471">
        <ele>300.107305</ele>
        <time>2026-07-28T20:05:23.588Z</time>
      </trkpt>
      <trkpt lat="46.402064" lon="13.180756">
        <ele>300.192854</ele>
        <time>2026-07-28T20:05:25.367Z</time>
      </trkpt>
      <trkpt lat="46.402137" lon="13.181012">
        <ele>300.275396</ele>
        <time>2026-07-28T20:05:27.055Z</time>
      </trkpt>
      <trkpt lat="46.402246" lon="13.181320">
        <ele>300.378547</ele>
        <time>2026-07-28T20:05:29.161Z</time>
      </trkpt>
      <trkpt lat="46.402344" lon="13.181572">
        <ele>300.558654</ele>
        <time>2026-07-28T20:05:31.107Z</time>
      </trkpt>
      <trkpt lat="46.402386" lon="13.181769">
        <ele>300.837008</ele>
        <time>2026-07-28T20:05:33.841Z</time>
      </trkpt>
      <trkpt lat="46.402397" lon="13.182133">
        <ele>301.328852</ele>
        <time>2026-07-28T20:05:43.602Z</time>
      </trkpt>
      <trkpt lat="46.402486" lon="13.182348">
        <ele>301.667362</ele>
        <time>2026-07-28T20:05:51.287Z</time>
      </trkpt>
      <trkpt lat="46.402568" lon="13.182572">
        <ele>302.009709</ele>
        <time>2026-07-28T20:05:58.933Z</time>
      </trkpt>
      <trkpt lat="46.402564" lon="13.183139">
        <ele>302.775153</ele>
        <time>2026-07-28T20:06:15.548Z</time>
      </trkpt>
      <trkpt lat="46.402608" lon="13.183331">
        <ele>303.048274</ele>
        <time>2026-07-28T20:06:17.642Z</time>
      </trkpt>
      <trkpt lat="46.402736" lon="13.183490">
        <ele>303.378205</ele>
        <time>2026-07-28T20:06:20.491Z</time>
      </trkpt>
      <trkpt lat="46.402764" lon="13.183620">
        <ele>303.562054</ele>
        <time>2026-07-28T20:06:22.407Z</time>
      </trkpt>
      <trkpt lat="46.402700" lon="13.184297">
        <ele>303.532799</ele>
        <time>2026-07-28T20:06:27.728Z</time>
      </trkpt>
      <trkpt lat="46.402606" lon="13.184968">
        <ele>302.782740</ele>
        <time>2026-07-28T20:06:32.422Z</time>
      </trkpt>
      <trkpt lat="46.402595" lon="13.186418">
        <ele>301.194245</ele>
        <time>2026-07-28T20:06:43.323Z</time>
      </trkpt>
      <trkpt lat="46.402596" lon="13.186504">
        <ele>301.102996</ele>
        <time>2026-07-28T20:06:44.049Z</time>
      </trkpt>
      <trkpt lat="46.402579" lon="13.186887">
        <ele>301.354893</ele>
        <time>2026-07-28T20:06:48.036Z</time>
      </trkpt>
      <trkpt lat="46.402568" lon="13.187233">
        <ele>301.582227</ele>
        <time>2026-07-28T20:06:53.724Z</time>
      </trkpt>
      <trkpt lat="46.402603" lon="13.188012">
        <ele>302.094598</ele>
        <time>2026-07-28T20:07:10.358Z</time>
      </trkpt>
      <trkpt lat="46.402639" lon="13.188211">
        <ele>302.229628</ele>
        <time>2026-07-28T20:07:13.428Z</time>
      </trkpt>
      <trkpt lat="46.402561" lon="13.188306">
        <ele>302.326578</ele>
        <time>2026-07-28T20:07:15.252Z</time>
      </trkpt>
      <trkpt lat="46.402481" lon="13.188597">
        <ele>302.532191</ele>
        <time>2026-07-28T20:07:18.153Z</time>
      </trkpt>
      <trkpt lat="46.402465" lon="13.188973">
        <ele>302.779443</ele>
        <time>2026-07-28T20:07:21.040Z</time>
      </trkpt>
      <trkpt lat="46.402528" lon="13.189453">
        <ele>302.481384</ele>
        <time>2026-07-28T20:07:25.462Z</time>
      </trkpt>
      <trkpt lat="46.402546" lon="13.189902">
        <ele>302.138691</ele>
        <time>2026-07-28T20:07:29.818Z</time>
      </trkpt>
      <trkpt lat="46.402452" lon="13.190429">
        <ele>301.723928</ele>
        <time>2026-07-28T20:07:34.123Z</time>
      </trkpt>
      <trkpt lat="46.402413" lon="13.190629">
        <ele>301.565562</ele>
        <time>2026-07-28T20:07:35.609Z</time>
      </trkpt>
      <trkpt lat="46.402355" lon="13.190736">
        <ele>301.461860</ele>
        <time>2026-07-28T20:07:36.601Z</time>
      </trkpt>
      <trkpt lat="46.402273" lon="13.190640">
        <ele>301.345414</ele>
        <time>2026-07-28T20:07:37.720Z</time>
      </trkpt>
      <trkpt lat="46.402170" lon="13.190676">
        <ele>301.228346</ele>
        <time>2026-07-28T20:07:38.855Z</time>
      </trkpt>
      <trkpt lat="46.401381" lon="13.188868">
        <ele>299.208997</ele>
        <time>2026-07-28T20:07:58.755Z</time>
      </trkpt>
      <trkpt lat="46.400545" lon="13.187134">
        <ele>301.909786</ele>
        <time>2026-07-28T20:08:13.709Z</time>
      </trkpt>
      <trkpt lat="46.400063" lon="13.186172">
        <ele>305.839647</ele>
        <time>2026-07-28T20:09:04.776Z</time>
      </trkpt>
      <trkpt lat="46.399962" lon="13.185817">
        <ele>306.721218</ele>
        <time>2026-07-28T20:09:22.263Z</time>
      </trkpt>
      <trkpt lat="46.399998" lon="13.185797">
        <ele>306.649718</ele>
        <time>2026-07-28T20:09:24.593Z</time>
      </trkpt>
      <trkpt lat="46.399978" lon="13.185638">
        <ele>306.443003</ele>
        <time>2026-07-28T20:09:30.946Z</time>
      </trkpt>
      <trkpt lat="46.399980" lon="13.184921">
        <ele>305.525955</ele>
        <time>2026-07-28T20:09:45.449Z</time>
      </trkpt>
      <trkpt lat="46.400064" lon="13.184364">
        <ele>304.796719</ele>
        <time>2026-07-28T20:09:49.002Z</time>
      </trkpt>
      <trkpt lat="46.400113" lon="13.183689">
        <ele>303.928628</ele>
        <time>2026-07-28T20:09:53.011Z</time>
      </trkpt>
      <trkpt lat="46.400091" lon="13.183427">
        <ele>303.591057</ele>
        <time>2026-07-28T20:09:54.595Z</time>
      </trkpt>
      <trkpt lat="46.400030" lon="13.183056">
        <ele>302.641556</ele>
        <time>2026-07-28T20:09:56.949Z</time>
      </trkpt>
      <trkpt lat="46.399947" lon="13.182740">
        <ele>301.697448</ele>
        <time>2026-07-28T20:09:59.111Z</time>
      </trkpt>
      <trkpt lat="46.399777" lon="13.182260">
        <ele>300.190868</ele>
        <time>2026-07-28T20:10:02.711Z</time>
      </trkpt>
      <trkpt lat="46.399697" lon="13.182045">
        <ele>299.508774</ele>
        <time>2026-07-28T20:10:04.425Z</time>
      </trkpt>
      <trkpt lat="46.399542" lon="13.181752">
        <ele>298.477734</ele>
        <time>2026-07-28T20:10:07.084Z</time>
      </trkpt>
      <trkpt lat="46.399051" lon="13.181146">
        <ele>296.202722</ele>
        <time>2026-07-28T20:10:14.229Z</time>
      </trkpt>
      <trkpt lat="46.398895" lon="13.180916">
        <ele>296.179855</ele>
        <time>2026-07-28T20:10:16.842Z</time>
      </trkpt>
      <trkpt lat="46.398573" lon="13.180061">
        <ele>296.110800</ele>
        <time>2026-07-28T20:10:25.033Z</time>
      </trkpt>
      <trkpt lat="46.398543" lon="13.180030">
        <ele>296.107013</ele>
        <time>2026-07-28T20:10:25.474Z</time>
      </trkpt>
      <trkpt lat="46.398479" lon="13.180050">
        <ele>296.100284</ele>
        <time>2026-07-28T20:10:26.265Z</time>
      </trkpt>
      <trkpt lat="46.398319" lon="13.180157">
        <ele>296.082173</ele>
        <time>2026-07-28T20:10:28.571Z</time>
      </trkpt>
      <trkpt lat="46.398260" lon="13.180194">
        <ele>296.075566</ele>
        <time>2026-07-28T20:10:29.515Z</time>
      </trkpt>
      <trkpt lat="46.398235" lon="13.180347">
        <ele>296.064420</ele>
        <time>2026-07-28T20:10:31.220Z</time>
      </trkpt>
      <trkpt lat="46.398357" lon="13.180827">
        <ele>296.028158</ele>
        <time>2026-07-28T20:10:37.791Z</time>
      </trkpt>
      <trkpt lat="46.398340" lon="13.180896">
        <ele>296.252329</ele>
        <time>2026-07-28T20:10:39.001Z</time>
      </trkpt>
      <trkpt lat="46.398509" lon="13.181526">
        <ele>299.240184</ele>
        <time>2026-07-28T20:10:53.332Z</time>
      </trkpt>
      <trkpt lat="46.399048" lon="13.183323">
        <ele>307.838019</ele>
        <time>2026-07-28T20:12:00.031Z</time>
      </trkpt>
      <trkpt lat="46.399158" lon="13.183762">
        <ele>309.524261</ele>
        <time>2026-07-28T20:12:12.731Z</time>
      </trkpt>
      <trkpt lat="46.399201" lon="13.184080">
        <ele>310.694159</ele>
        <time>2026-07-28T20:12:20.249Z</time>
      </trkpt>
      <trkpt lat="46.399213" lon="13.184566">
        <ele>312.449830</ele>
        <time>2026-07-28T20:12:31.222Z</time>
      </trkpt>
      <trkpt lat="46.399167" lon="13.185037">
        <ele>314.167191</ele>
        <time>2026-07-28T20:12:41.946Z</time>
      </trkpt>
      <trkpt lat="46.398553" lon="13.187889">
        <ele>323.574895</ele>
        <time>2026-07-28T20:13:48.960Z</time>
      </trkpt>
      <trkpt lat="46.397583" lon="13.191436">
        <ele>331.753820</ele>
        <time>2026-07-28T20:15:10.206Z</time>
      </trkpt>
      <trkpt lat="46.396592" lon="13.194441">
        <ele>334.898487</ele>
        <time>2026-07-28T20:15:34.967Z</time>
      </trkpt>
      <trkpt lat="46.396559" lon="13.194561">
        <ele>335.180693</ele>
        <time>2026-07-28T20:15:41.441Z</time>
      </trkpt>
      <trkpt lat="46.396519" lon="13.194719">
        <ele>335.548356</ele>
        <time>2026-07-28T20:15:50.298Z</time>
      </trkpt>
      <trkpt lat="46.396484" lon="13.194874">
        <ele>335.904634</ele>
        <time>2026-07-28T20:15:59.444Z</time>
      </trkpt>
      <trkpt lat="46.396196" lon="13.196081">
        <ele>339.796149</ele>
        <time>2026-07-28T20:16:43.932Z</time>
      </trkpt>
      <trkpt lat="46.395941" lon="13.197374">
        <ele>344.966682</ele>
        <time>2026-07-28T20:17:12.569Z</time>
      </trkpt>
      <trkpt lat="46.395662" lon="13.199418">
        <ele>351.413563</ele>
        <time>2026-07-28T20:17:57.146Z</time>
      </trkpt>
      <trkpt lat="46.395599" lon="13.200047">
        <ele>353.187299</ele>
        <time>2026-07-28T20:18:10.773Z</time>
      </trkpt>
      <trkpt lat="46.395566" lon="13.200768">
        <ele>355.166423</ele>
        <time>2026-07-28T20:18:26.301Z</time>
      </trkpt>
      <trkpt lat="46.395485" lon="13.202552">
        <ele>359.870451</ele>
        <time>2026-07-28T20:19:04.754Z</time>
      </trkpt>
      <trkpt lat="46.395334" lon="13.207009">
        <ele>360.364187</ele>
        <time>2026-07-28T20:20:29.174Z</time>
      </trkpt>
      <trkpt lat="46.395275" lon="13.208616">
        <ele>350.947650</ele>
        <time>2026-07-28T20:20:38.268Z</time>
      </trkpt>
      <trkpt lat="46.395269" lon="13.208837">
        <ele>349.092860</ele>
        <time>2026-07-28T20:20:39.524Z</time>
      </trkpt>
      <trkpt lat="46.395265" lon="13.208999">
        <ele>347.733421</ele>
        <time>2026-07-28T20:20:40.817Z</time>
      </trkpt>
      <trkpt lat="46.395117" lon="13.210838">
        <ele>332.206492</ele>
        <time>2026-07-28T20:20:51.728Z</time>
      </trkpt>
      <trkpt lat="46.395090" lon="13.211063">
        <ele>330.849421</ele>
        <time>2026-07-28T20:20:53.094Z</time>
      </trkpt>
      <trkpt lat="46.394524" lon="13.214295">
        <ele>319.449035</ele>
        <time>2026-07-28T20:21:14.804Z</time>
      </trkpt>
      <trkpt lat="46.394372" lon="13.215298">
        <ele>317.444619</ele>
        <time>2026-07-28T20:21:23.223Z</time>
      </trkpt>
      <trkpt lat="46.394353" lon="13.215759">
        <ele>316.543206</ele>
        <time>2026-07-28T20:21:26.829Z</time>
      </trkpt>
      <trkpt lat="46.394176" lon="13.216997">
        <ele>315.250004</ele>
        <time>2026-07-28T20:21:35.926Z</time>
      </trkpt>
      <trkpt lat="46.394090" lon="13.217576">
        <ele>314.791841</ele>
        <time>2026-07-28T20:21:40.409Z</time>
      </trkpt>
      <trkpt lat="46.393974" lon="13.218368">
        <ele>314.165512</ele>
        <time>2026-07-28T20:21:51.851Z</time>
      </trkpt>
      <trkpt lat="46.393943" lon="13.218558">
        <ele>314.014478</ele>
        <time>2026-07-28T20:21:54.873Z</time>
      </trkpt>
      <trkpt lat="46.393861" lon="13.219069">
        <ele>314.109750</ele>
        <time>2026-07-28T20:22:03.157Z</time>
      </trkpt>
      <trkpt lat="46.393622" lon="13.220682">
        <ele>314.452113</ele>
        <time>2026-07-28T20:22:21.741Z</time>
      </trkpt>
      <trkpt lat="46.393596" lon="13.220895">
        <ele>314.497001</ele>
        <time>2026-07-28T20:22:23.568Z</time>
      </trkpt>
      <trkpt lat="46.393580" lon="13.221015">
        <ele>314.522365</ele>
        <time>2026-07-28T20:22:24.573Z</time>
      </trkpt>
      <trkpt lat="46.393556" lon="13.221215">
        <ele>314.590347</ele>
        <time>2026-07-28T20:22:26.184Z</time>
      </trkpt>
      <trkpt lat="46.393541" lon="13.221349">
        <ele>314.655757</ele>
        <time>2026-07-28T20:22:27.245Z</time>
      </trkpt>
      <trkpt lat="46.393485" lon="13.221909">
        <ele>314.928401</ele>
        <time>2026-07-28T20:22:32.148Z</time>
      </trkpt>
      <trkpt lat="46.393144" lon="13.227318">
        <ele>321.299786</ele>
        <time>2026-07-28T20:23:49.090Z</time>
      </trkpt>
      <trkpt lat="46.393139" lon="13.227402">
        <ele>321.538844</ele>
        <time>2026-07-28T20:23:50.803Z</time>
      </trkpt>
      <trkpt lat="46.392846" lon="13.232094">
        <ele>336.117705</ele>
        <time>2026-07-28T20:25:56.821Z</time>
      </trkpt>
      <trkpt lat="46.392729" lon="13.234217">
        <ele>336.612348</ele>
        <time>2026-07-28T20:26:12.460Z</time>
      </trkpt>
      <trkpt lat="46.392672" lon="13.238432">
        <ele>341.994681</ele>
        <time>2026-07-28T20:27:18.813Z</time>
      </trkpt>
      <trkpt lat="46.392671" lon="13.238665">
        <ele>342.409267</ele>
        <time>2026-07-28T20:27:22.922Z</time>
      </trkpt>
      <trkpt lat="46.392703" lon="13.239712">
        <ele>344.021794</ele>
        <time>2026-07-28T20:27:44.460Z</time>
      </trkpt>
      <trkpt lat="46.392782" lon="13.240429">
        <ele>344.849715</ele>
        <time>2026-07-28T20:28:01.525Z</time>
      </trkpt>
      <trkpt lat="46.392930" lon="13.241234">
        <ele>345.799661</ele>
        <time>2026-07-28T20:28:16.677Z</time>
      </trkpt>
      <trkpt lat="46.393036" lon="13.241670">
        <ele>346.326787</ele>
        <time>2026-07-28T20:28:20.090Z</time>
      </trkpt>
      <trkpt lat="46.393082" lon="13.241842">
        <ele>346.537136</ele>
        <time>2026-07-28T20:28:21.306Z</time>
      </trkpt>
      <trkpt lat="46.393294" lon="13.242539">
        <ele>346.136735</ele>
        <time>2026-07-28T20:28:26.286Z</time>
      </trkpt>
      <trkpt lat="46.393434" lon="13.242904">
        <ele>345.910615</ele>
        <time>2026-07-28T20:28:29.401Z</time>
      </trkpt>
      <trkpt lat="46.394126" lon="13.244484">
        <ele>345.044336</ele>
        <time>2026-07-28T20:28:54.610Z</time>
      </trkpt>
      <trkpt lat="46.394326" lon="13.245061">
        <ele>344.912491</ele>
        <time>2026-07-28T20:29:03.316Z</time>
      </trkpt>
      <trkpt lat="46.394424" lon="13.245518">
        <ele>344.814781</ele>
        <time>2026-07-28T20:29:07.331Z</time>
      </trkpt>
      <trkpt lat="46.394514" lon="13.246104">
        <ele>344.692209</ele>
        <time>2026-07-28T20:29:11.720Z</time>
      </trkpt>
      <trkpt lat="46.394533" lon="13.247242">
        <ele>345.294441</ele>
        <time>2026-07-28T20:29:21.239Z</time>
      </trkpt>
      <trkpt lat="46.394533" lon="13.247426">
        <ele>345.479060</ele>
        <time>2026-07-28T20:29:23.497Z</time>
      </trkpt>
      <trkpt lat="46.394503" lon="13.252283">
        <ele>354.002429</ele>
        <time>2026-07-28T20:30:50.099Z</time>
      </trkpt>
      <trkpt lat="46.394445" lon="13.252857">
        <ele>355.570022</ele>
        <time>2026-07-28T20:31:08.299Z</time>
      </trkpt>
      <trkpt lat="46.394368" lon="13.253327">
        <ele>356.875373</ele>
        <time>2026-07-28T20:31:25.229Z</time>
      </trkpt>
      <trkpt lat="46.394204" lon="13.254093">
        <ele>359.042665</ele>
        <time>2026-07-28T20:31:44.426Z</time>
      </trkpt>
      <trkpt lat="46.393891" lon="13.255168">
        <ele>357.297515</ele>
        <time>2026-07-28T20:31:52.090Z</time>
      </trkpt>
      <trkpt lat="46.393813" lon="13.255534">
        <ele>356.338219</ele>
        <time>2026-07-28T20:31:54.492Z</time>
      </trkpt>
      <trkpt lat="46.393684" lon="13.256502">
        <ele>353.869310</ele>
        <time>2026-07-28T20:32:00.874Z</time>
      </trkpt>
      <trkpt lat="46.393658" lon="13.257087">
        <ele>352.715447</ele>
        <time>2026-07-28T20:32:05.307Z</time>
      </trkpt>
      <trkpt lat="46.393682" lon="13.257633">
        <ele>351.941861</ele>
        <time>2026-07-28T20:32:09.953Z</time>
      </trkpt>
      <trkpt lat="46.393742" lon="13.258126">
        <ele>351.234012</ele>
        <time>2026-07-28T20:32:13.803Z</time>
      </trkpt>
      <trkpt lat="46.393921" lon="13.259018">
        <ele>349.920466</ele>
        <time>2026-07-28T20:32:20.478Z</time>
      </trkpt>
      <trkpt lat="46.393958" lon="13.259135">
        <ele>349.738473</ele>
        <time>2026-07-28T20:32:21.401Z</time>
      </trkpt>
      <trkpt lat="46.394123" lon="13.259635">
        <ele>349.667357</ele>
        <time>2026-07-28T20:32:25.629Z</time>
      </trkpt>
      <trkpt lat="46.394157" lon="13.259734">
        <ele>349.742796</ele>
        <time>2026-07-28T20:32:26.605Z</time>
      </trkpt>
      <trkpt lat="46.395288" lon="13.262598">
        <ele>354.508266</ele>
        <time>2026-07-28T20:33:17.459Z</time>
      </trkpt>
      <trkpt lat="46.395554" lon="13.263519">
        <ele>357.385923</ele>
        <time>2026-07-28T20:33:35.713Z</time>
      </trkpt>
      <trkpt lat="46.395597" lon="13.263681">
        <ele>357.886188</ele>
        <time>2026-07-28T20:33:40.905Z</time>
      </trkpt>
      <trkpt lat="46.395894" lon="13.264959">
        <ele>364.069267</ele>
        <time>2026-07-28T20:34:36.969Z</time>
      </trkpt>
      <trkpt lat="46.396161" lon="13.266636">
        <ele>371.071858</ele>
        <time>2026-07-28T20:35:34.428Z</time>
      </trkpt>
      <trkpt lat="46.396200" lon="13.266867">
        <ele>369.877320</ele>
        <time>2026-07-28T20:35:35.905Z</time>
      </trkpt>
      <trkpt lat="46.396620" lon="13.269428">
        <ele>358.259138</ele>
        <time>2026-07-28T20:35:57.733Z</time>
      </trkpt>
      <trkpt lat="46.396637" lon="13.269527">
        <ele>358.126336</ele>
        <time>2026-07-28T20:35:58.436Z</time>
      </trkpt>
      <trkpt lat="46.396661" lon="13.269966">
        <ele>357.553100</ele>
        <time>2026-07-28T20:36:02.692Z</time>
      </trkpt>
      <trkpt lat="46.396646" lon="13.270262">
        <ele>357.166760</ele>
        <time>2026-07-28T20:36:08.370Z</time>
      </trkpt>
      <trkpt lat="46.396600" lon="13.270799">
        <ele>356.462380</ele>
        <time>2026-07-28T20:36:16.661Z</time>
      </trkpt>
      <trkpt lat="46.396551" lon="13.271054">
        <ele>356.117804</ele>
        <time>2026-07-28T20:36:19.750Z</time>
      </trkpt>
      <trkpt lat="46.396464" lon="13.271437">
        <ele>355.592908</ele>
        <time>2026-07-28T20:36:23.316Z</time>
      </trkpt>
      <trkpt lat="46.396366" lon="13.271757">
        <ele>355.691835</ele>
        <time>2026-07-28T20:36:26.574Z</time>
      </trkpt>
      <trkpt lat="46.395789" lon="13.273213">
        <ele>357.712270</ele>
        <time>2026-07-28T20:36:49.171Z</time>
      </trkpt>
      <trkpt lat="46.395663" lon="13.273609">
        <ele>358.236993</ele>
        <time>2026-07-28T20:36:58.107Z</time>
      </trkpt>
      <trkpt lat="46.395556" lon="13.274228">
        <ele>359.023302</ele>
        <time>2026-07-28T20:37:11.855Z</time>
      </trkpt>
      <trkpt lat="46.395527" lon="13.274652">
        <ele>359.557436</ele>
        <time>2026-07-28T20:37:20.139Z</time>
      </trkpt>
      <trkpt lat="46.395531" lon="13.275575">
        <ele>360.714533</ele>
        <time>2026-07-28T20:37:38.324Z</time>
      </trkpt>
      <trkpt lat="46.395544" lon="13.275861">
        <ele>361.073841</ele>
        <time>2026-07-28T20:37:44.825Z</time>
      </trkpt>
      <trkpt lat="46.395578" lon="13.276026">
        <ele>361.289720</ele>
        <time>2026-07-28T20:37:48.145Z</time>
      </trkpt>
      <trkpt lat="46.395661" lon="13.276426">
        <ele>361.813363</ele>
        <time>2026-07-28T20:37:52.535Z</time>
      </trkpt>
      <trkpt lat="46.395894" lon="13.277297">
        <ele>359.650318</ele>
        <time>2026-07-28T20:37:58.263Z</time>
      </trkpt>
      <trkpt lat="46.395974" lon="13.277591">
        <ele>358.899718</ele>
        <time>2026-07-28T20:38:00.160Z</time>
      </trkpt>
      <trkpt lat="46.396222" lon="13.278528">
        <ele>356.516208</ele>
        <time>2026-07-28T20:38:06.935Z</time>
      </trkpt>
      <trkpt lat="46.396392" lon="13.279030">
        <ele>355.782384</ele>
        <time>2026-07-28T20:38:15.495Z</time>
      </trkpt>
      <trkpt lat="46.396671" lon="13.279600">
        <ele>356.310526</ele>
        <time>2026-07-28T20:38:27.794Z</time>
      </trkpt>
      <trkpt lat="46.397138" lon="13.280331">
        <ele>357.063431</ele>
        <time>2026-07-28T20:38:41.830Z</time>
      </trkpt>
      <trkpt lat="46.397368" lon="13.280675">
        <ele>357.425451</ele>
        <time>2026-07-28T20:38:47.214Z</time>
      </trkpt>
      <trkpt lat="46.397726" lon="13.281312">
        <ele>359.947690</ele>
        <time>2026-07-28T20:38:55.515Z</time>
      </trkpt>
      <trkpt lat="46.397891" lon="13.281613">
        <ele>361.502842</ele>
        <time>2026-07-28T20:39:01.866Z</time>
      </trkpt>
      <trkpt lat="46.398332" lon="13.282420">
        <ele>365.667275</ele>
        <time>2026-07-28T20:39:32.047Z</time>
      </trkpt>
      <trkpt lat="46.398630" lon="13.282823">
        <ele>368.057066</ele>
        <time>2026-07-28T20:39:56.392Z</time>
      </trkpt>
      <trkpt lat="46.399093" lon="13.283211">
        <ele>369.522055</ele>
        <time>2026-07-28T20:40:33.119Z</time>
      </trkpt>
      <trkpt lat="46.399236" lon="13.283343">
        <ele>369.968826</ele>
        <time>2026-07-28T20:40:41.202Z</time>
      </trkpt>
      <trkpt lat="46.399755" lon="13.283750">
        <ele>371.523901</ele>
        <time>2026-07-28T20:40:48.950Z</time>
      </trkpt>
      <trkpt lat="46.400123" lon="13.284166">
        <ele>372.753684</ele>
        <time>2026-07-28T20:40:53.287Z</time>
      </trkpt>
      <trkpt lat="46.400644" lon="13.285035">
        <ele>371.546485</ele>
        <time>2026-07-28T20:41:00.903Z</time>
      </trkpt>
      <trkpt lat="46.401044" lon="13.285785">
        <ele>370.350528</ele>
        <time>2026-07-28T20:41:07.634Z</time>
      </trkpt>
      <trkpt lat="46.401060" lon="13.285815">
        <ele>370.302690</ele>
        <time>2026-07-28T20:41:08.176Z</time>
      </trkpt>
      <trkpt lat="46.401153" lon="13.285986">
        <ele>370.027986</ele>
        <time>2026-07-28T20:41:12.033Z</time>
      </trkpt>
      <trkpt lat="46.401173" lon="13.286023">
        <ele>369.968686</ele>
        <time>2026-07-28T20:41:13.006Z</time>
      </trkpt>
      <trkpt lat="46.401576" lon="13.286734">
        <ele>369.647498</ele>
        <time>2026-07-28T20:41:34.956Z</time>
      </trkpt>
      <trkpt lat="46.401651" lon="13.286850">
        <ele>369.657262</ele>
        <time>2026-07-28T20:41:37.716Z</time>
      </trkpt>
      <trkpt lat="46.402645" lon="13.288298">
        <ele>370.316474</ele>
        <time>2026-07-28T20:41:54.038Z</time>
      </trkpt>
      <trkpt lat="46.402829" lon="13.288569">
        <ele>371.227396</ele>
        <time>2026-07-28T20:41:56.437Z</time>
      </trkpt>
      <trkpt lat="46.402874" lon="13.288639">
        <ele>371.456615</ele>
        <time>2026-07-28T20:41:57.077Z</time>
      </trkpt>
      <trkpt lat="46.403870" lon="13.289986">
        <ele>376.130390</ele>
        <time>2026-07-28T20:42:56.690Z</time>
      </trkpt>
      <trkpt lat="46.404946" lon="13.291413">
        <ele>379.516742</ele>
        <time>2026-07-28T20:43:25.170Z</time>
      </trkpt>
      <trkpt lat="46.405189" lon="13.291811">
        <ele>380.139714</ele>
        <time>2026-07-28T20:43:35.025Z</time>
      </trkpt>
      <trkpt lat="46.405288" lon="13.292027">
        <ele>380.012330</ele>
        <time>2026-07-28T20:43:39.591Z</time>
      </trkpt>
      <trkpt lat="46.405404" lon="13.292450">
        <ele>379.788751</ele>
        <time>2026-07-28T20:43:48.042Z</time>
      </trkpt>
      <trkpt lat="46.405585" lon="13.293624">
        <ele>379.197916</ele>
        <time>2026-07-28T20:43:57.403Z</time>
      </trkpt>
      <trkpt lat="46.405730" lon="13.295113">
        <ele>376.087391</ele>
        <time>2026-07-28T20:44:07.953Z</time>
      </trkpt>
      <trkpt lat="46.405736" lon="13.295380">
        <ele>375.268963</ele>
        <time>2026-07-28T20:44:09.561Z</time>
      </trkpt>
      <trkpt lat="46.405737" lon="13.295438">
        <ele>375.091217</ele>
        <time>2026-07-28T20:44:09.908Z</time>
      </trkpt>
      <trkpt lat="46.405750" lon="13.296236">
        <ele>372.645746</ele>
        <time>2026-07-28T20:44:14.695Z</time>
      </trkpt>
      <trkpt lat="46.405792" lon="13.296932">
        <ele>371.086448</ele>
        <time>2026-07-28T20:44:20.725Z</time>
      </trkpt>
      <trkpt lat="46.405908" lon="13.297663">
        <ele>372.002120</ele>
        <time>2026-07-28T20:44:31.683Z</time>
      </trkpt>
      <trkpt lat="46.406332" lon="13.299510">
        <ele>374.380373</ele>
        <time>2026-07-28T20:45:06.362Z</time>
      </trkpt>
      <trkpt lat="46.406560" lon="13.300475">
        <ele>375.634366</ele>
        <time>2026-07-28T20:45:28.973Z</time>
      </trkpt>
      <trkpt lat="46.406937" lon="13.302447">
        <ele>377.978662</ele>
        <time>2026-07-28T20:45:50.461Z</time>
      </trkpt>
      <trkpt lat="46.406992" lon="13.302627">
        <ele>378.171222</ele>
        <time>2026-07-28T20:45:52.479Z</time>
      </trkpt>
      <trkpt lat="46.407083" lon="13.302922">
        <ele>378.487302</ele>
        <time>2026-07-28T20:45:54.959Z</time>
      </trkpt>
      <trkpt lat="46.407432" lon="13.303829">
        <ele>379.503163</ele>
        <time>2026-07-28T20:46:18.840Z</time>
      </trkpt>
      <trkpt lat="46.407513" lon="13.304032">
        <ele>379.732551</ele>
        <time>2026-07-28T20:46:24.449Z</time>
      </trkpt>
      <trkpt lat="46.407574" lon="13.304231">
        <ele>379.938291</ele>
        <time>2026-07-28T20:46:28.506Z</time>
      </trkpt>
      <trkpt lat="46.407715" lon="13.304666">
        <ele>380.367118</ele>
        <time>2026-07-28T20:46:33.399Z</time>
      </trkpt>
      <trkpt lat="46.407792" lon="13.305034">
        <ele>380.710211</ele>
        <time>2026-07-28T20:46:35.921Z</time>
      </trkpt>
      <trkpt lat="46.407873" lon="13.305623">
        <ele>381.246035</ele>
        <time>2026-07-28T20:46:40.493Z</time>
      </trkpt>
      <trkpt lat="46.407992" lon="13.307298">
        <ele>383.641804</ele>
        <time>2026-07-28T20:47:15.797Z</time>
      </trkpt>
      <trkpt lat="46.408030" lon="13.307587">
        <ele>384.324449</ele>
        <time>2026-07-28T20:47:23.445Z</time>
      </trkpt>
      <trkpt lat="46.408102" lon="13.307970">
        <ele>385.245553</ele>
        <time>2026-07-28T20:47:33.839Z</time>
      </trkpt>
      <trkpt lat="46.408245" lon="13.308456">
        <ele>386.471589</ele>
        <time>2026-07-28T20:47:45.163Z</time>
      </trkpt>
      <trkpt lat="46.408481" lon="13.309072">
        <ele>388.106686</ele>
        <time>2026-07-28T20:47:56.708Z</time>
      </trkpt>
      <trkpt lat="46.408557" lon="13.309233">
        <ele>388.116226</ele>
        <time>2026-07-28T20:47:58.733Z</time>
      </trkpt>
      <trkpt lat="46.408938" lon="13.309733">
        <ele>387.425769</ele>
        <time>2026-07-28T20:48:04.805Z</time>
      </trkpt>
      <trkpt lat="46.409455" lon="13.310494">
        <ele>386.435928</ele>
        <time>2026-07-28T20:48:13.174Z</time>
      </trkpt>
      <trkpt lat="46.409523" lon="13.310590">
        <ele>386.308410</ele>
        <time>2026-07-28T20:48:14.215Z</time>
      </trkpt>
      <trkpt lat="46.410090" lon="13.311421">
        <ele>385.517211</ele>
        <time>2026-07-28T20:48:22.367Z</time>
      </trkpt>
      <trkpt lat="46.410976" lon="13.312691">
        <ele>384.657187</ele>
        <time>2026-07-28T20:48:36.919Z</time>
      </trkpt>
      <trkpt lat="46.411220" lon="13.312993">
        <ele>385.715719</ele>
        <time>2026-07-28T20:48:48.756Z</time>
      </trkpt>
      <trkpt lat="46.411686" lon="13.313436">
        <ele>388.652346</ele>
        <time>2026-07-28T20:49:12.398Z</time>
      </trkpt>
      <trkpt lat="46.412046" lon="13.313707">
        <ele>390.790075</ele>
        <time>2026-07-28T20:49:28.445Z</time>
      </trkpt>
      <trkpt lat="46.412584" lon="13.313985">
        <ele>393.800199</ele>
        <time>2026-07-28T20:49:50.649Z</time>
      </trkpt>
      <trkpt lat="46.413202" lon="13.314181">
        <ele>395.254165</ele>
        <time>2026-07-28T20:50:11.728Z</time>
      </trkpt>
      <trkpt lat="46.413410" lon="13.314241">
        <ele>395.687484</ele>
        <time>2026-07-28T20:50:17.467Z</time>
      </trkpt>
      <trkpt lat="46.413896" lon="13.314400">
        <ele>396.705452</ele>
        <time>2026-07-28T20:50:26.381Z</time>
      </trkpt>
      <trkpt lat="46.413959" lon="13.314424">
        <ele>396.838543</ele>
        <time>2026-07-28T20:50:27.322Z</time>
      </trkpt>
      <trkpt lat="46.414138" lon="13.314518">
        <ele>397.227518</ele>
        <time>2026-07-28T20:50:29.789Z</time>
      </trkpt>
      <trkpt lat="46.414379" lon="13.314684">
        <ele>397.790657</ele>
        <time>2026-07-28T20:50:32.897Z</time>
      </trkpt>
      <trkpt lat="46.414577" lon="13.314865">
        <ele>398.523854</ele>
        <time>2026-07-28T20:50:36.055Z</time>
      </trkpt>
      <trkpt lat="46.414718" lon="13.315036">
        <ele>399.099630</ele>
        <time>2026-07-28T20:50:39.748Z</time>
      </trkpt>
      <trkpt lat="46.415163" lon="13.315471">
        <ele>400.780739</ele>
        <time>2026-07-28T20:50:51.096Z</time>
      </trkpt>
      <trkpt lat="46.415758" lon="13.316011">
        <ele>402.979525</ele>
        <time>2026-07-28T20:51:15.431Z</time>
      </trkpt>
      <trkpt lat="46.416284" lon="13.316517">
        <ele>406.624148</ele>
        <time>2026-07-28T20:52:00.413Z</time>
      </trkpt>
      <trkpt lat="46.416796" lon="13.317023">
        <ele>410.608990</ele>
        <time>2026-07-28T20:52:27.623Z</time>
      </trkpt>
      <trkpt lat="46.417293" lon="13.317484">
        <ele>414.403348</ele>
        <time>2026-07-28T20:52:45.228Z</time>
      </trkpt>
      <trkpt lat="46.417721" lon="13.317936">
        <ele>416.339311</ele>
        <time>2026-07-28T20:52:51.421Z</time>
      </trkpt>
      <trkpt lat="46.419073" lon="13.319501">
        <ele>420.945302</ele>
        <time>2026-07-28T20:53:48.829Z</time>
      </trkpt>
      <trkpt lat="46.419270" lon="13.319709">
        <ele>421.180928</ele>
        <time>2026-07-28T20:53:51.369Z</time>
      </trkpt>
      <trkpt lat="46.419413" lon="13.319877">
        <ele>421.358878</ele>
        <time>2026-07-28T20:53:53.792Z</time>
      </trkpt>
      <trkpt lat="46.419759" lon="13.320189">
        <ele>421.752849</ele>
        <time>2026-07-28T20:53:58.476Z</time>
      </trkpt>
      <trkpt lat="46.420267" lon="13.320458">
        <ele>422.275807</ele>
        <time>2026-07-28T20:54:20.525Z</time>
      </trkpt>
      <trkpt lat="46.420745" lon="13.320612">
        <ele>420.035702</ele>
        <time>2026-07-28T20:54:26.774Z</time>
      </trkpt>
      <trkpt lat="46.421191" lon="13.320655">
        <ele>417.733483</ele>
        <time>2026-07-28T20:54:30.658Z</time>
      </trkpt>
      <trkpt lat="46.421560" lon="13.320631">
        <ele>415.831016</ele>
        <time>2026-07-28T20:54:33.846Z</time>
      </trkpt>
      <trkpt lat="46.421773" lon="13.320578">
        <ele>414.717924</ele>
        <time>2026-07-28T20:54:35.725Z</time>
      </trkpt>
      <trkpt lat="46.422124" lon="13.320456">
        <ele>412.981688</ele>
        <time>2026-07-28T20:54:39.003Z</time>
      </trkpt>
      <trkpt lat="46.423306" lon="13.319947">
        <ele>410.580529</ele>
        <time>2026-07-28T20:54:52.126Z</time>
      </trkpt>
      <trkpt lat="46.423978" lon="13.319676">
        <ele>409.974319</ele>
        <time>2026-07-28T20:55:07.531Z</time>
      </trkpt>
      <trkpt lat="46.424721" lon="13.319364">
        <ele>411.887056</ele>
        <time>2026-07-28T20:55:18.414Z</time>
      </trkpt>
      <trkpt lat="46.424776" lon="13.319347">
        <ele>412.026115</ele>
        <time>2026-07-28T20:55:19.674Z</time>
      </trkpt>
      <trkpt lat="46.425906" lon="13.318794">
        <ele>415.182325</ele>
        <time>2026-07-28T20:56:01.896Z</time>
      </trkpt>
      <trkpt lat="46.426073" lon="13.318704">
        <ele>415.716599</ele>
        <time>2026-07-28T20:56:08.295Z</time>
      </trkpt>
      <trkpt lat="46.427818" lon="13.317685">
        <ele>419.414968</ele>
        <time>2026-07-28T20:56:51.236Z</time>
      </trkpt>
      <trkpt lat="46.428611" lon="13.317233">
        <ele>419.440366</ele>
        <time>2026-07-28T20:57:00.006Z</time>
      </trkpt>
      <trkpt lat="46.430381" lon="13.316202">
        <ele>422.016762</ele>
        <time>2026-07-28T20:57:44.637Z</time>
      </trkpt>
      <trkpt lat="46.431205" lon="13.315723">
        <ele>421.062306</ele>
        <time>2026-07-28T20:58:01.269Z</time>
      </trkpt>
      <trkpt lat="46.431464" lon="13.315591">
        <ele>420.576356</ele>
        <time>2026-07-28T20:58:03.755Z</time>
      </trkpt>
      <trkpt lat="46.432122" lon="13.315212">
        <ele>419.323125</ele>
        <time>2026-07-28T20:58:10.034Z</time>
      </trkpt>
      <trkpt lat="46.432688" lon="13.314890">
        <ele>421.201676</ele>
        <time>2026-07-28T20:58:34.499Z</time>
      </trkpt>
      <trkpt lat="46.433512" lon="13.314431">
        <ele>424.898860</ele>
        <time>2026-07-28T20:59:12.372Z</time>
      </trkpt>
      <trkpt lat="46.434362" lon="13.313953">
        <ele>427.322899</ele>
        <time>2026-07-28T20:59:32.504Z</time>
      </trkpt>
      <trkpt lat="46.435066" lon="13.313589">
        <ele>428.332793</ele>
        <time>2026-07-28T21:00:02.559Z</time>
      </trkpt>
      <trkpt lat="46.435729" lon="13.313213">
        <ele>429.169009</ele>
        <time>2026-07-28T21:00:08.815Z</time>
      </trkpt>
      <trkpt lat="46.435784" lon="13.313182">
        <ele>429.199955</ele>
        <time>2026-07-28T21:00:09.393Z</time>
      </trkpt>
      <trkpt lat="46.436780" lon="13.312605">
        <ele>429.762425</ele>
        <time>2026-07-28T21:00:44.498Z</time>
      </trkpt>
      <trkpt lat="46.437545" lon="13.312156">
        <ele>431.136028</ele>
        <time>2026-07-28T21:00:53.278Z</time>
      </trkpt>
      <trkpt lat="46.437831" lon="13.311926">
        <ele>432.299804</ele>
        <time>2026-07-28T21:01:00.118Z</time>
      </trkpt>
      <trkpt lat="46.438441" lon="13.311536">
        <ele>434.672250</ele>
        <time>2026-07-28T21:01:25.799Z</time>
      </trkpt>
      <trkpt lat="46.438654" lon="13.311447">
        <ele>435.461143</ele>
        <time>2026-07-28T21:01:34.719Z</time>
      </trkpt>
      <trkpt lat="46.438975" lon="13.311375">
        <ele>436.779875</ele>
        <time>2026-07-28T21:01:46.805Z</time>
      </trkpt>
      <trkpt lat="46.439559" lon="13.311373">
        <ele>440.706392</ele>
        <time>2026-07-28T21:02:08.841Z</time>
      </trkpt>
      <trkpt lat="46.439889" lon="13.311450">
        <ele>442.953636</ele>
        <time>2026-07-28T21:02:23.549Z</time>
      </trkpt>
      <trkpt lat="46.440261" lon="13.311620">
        <ele>445.575858</ele>
        <time>2026-07-28T21:02:43.112Z</time>
      </trkpt>
      <trkpt lat="46.440758" lon="13.312017">
        <ele>448.463579</ele>
        <time>2026-07-28T21:03:11.057Z</time>
      </trkpt>
      <trkpt lat="46.441148" lon="13.312435">
        <ele>448.222764</ele>
        <time>2026-07-28T21:03:23.365Z</time>
      </trkpt>
      <trkpt lat="46.441855" lon="13.313242">
        <ele>447.775993</ele>
        <time>2026-07-28T21:03:31.838Z</time>
      </trkpt>
      <trkpt lat="46.442424" lon="13.313966">
        <ele>448.533529</ele>
        <time>2026-07-28T21:03:40.375Z</time>
      </trkpt>
      <trkpt lat="46.443138" lon="13.314817">
        <ele>450.299014</ele>
        <time>2026-07-28T21:04:07.335Z</time>
      </trkpt>
      <trkpt lat="46.443517" lon="13.315261">
        <ele>451.306589</ele>
        <time>2026-07-28T21:04:22.204Z</time>
      </trkpt>
      <trkpt lat="46.443815" lon="13.315550">
        <ele>452.322725</ele>
        <time>2026-07-28T21:04:33.438Z</time>
      </trkpt>
      <trkpt lat="46.445778" lon="13.317118">
        <ele>454.388958</ele>
        <time>2026-07-28T21:05:28.116Z</time>
      </trkpt>
      <trkpt lat="46.446466" lon="13.317677">
        <ele>452.799553</ele>
        <time>2026-07-28T21:05:36.265Z</time>
      </trkpt>
      <trkpt lat="46.447050" lon="13.318032">
        <ele>450.421129</ele>
        <time>2026-07-28T21:05:41.529Z</time>
      </trkpt>
      <trkpt lat="46.447169" lon="13.318094">
        <ele>449.891207</ele>
        <time>2026-07-28T21:05:42.615Z</time>
      </trkpt>
      <trkpt lat="46.447225" lon="13.318111">
        <ele>449.651418</ele>
        <time>2026-07-28T21:05:43.131Z</time>
      </trkpt>
      <trkpt lat="46.447674" lon="13.318297">
        <ele>447.694394</ele>
        <time>2026-07-28T21:05:48.406Z</time>
      </trkpt>
      <trkpt lat="46.448214" lon="13.318426">
        <ele>445.400670</ele>
        <time>2026-07-28T21:05:58.418Z</time>
      </trkpt>
      <trkpt lat="46.448846" lon="13.318480">
        <ele>447.275976</ele>
        <time>2026-07-28T21:06:09.972Z</time>
      </trkpt>
      <trkpt lat="46.449132" lon="13.318471">
        <ele>448.480976</ele>
        <time>2026-07-28T21:06:17.998Z</time>
      </trkpt>
      <trkpt lat="46.449343" lon="13.318424">
        <ele>449.380178</ele>
        <time>2026-07-28T21:06:28.504Z</time>
      </trkpt>
      <trkpt lat="46.449679" lon="13.318347">
        <ele>450.813044</ele>
        <time>2026-07-28T21:06:45.722Z</time>
      </trkpt>
      <trkpt lat="46.450094" lon="13.318215">
        <ele>452.594305</ele>
        <time>2026-07-28T21:07:02.714Z</time>
      </trkpt>
      <trkpt lat="46.452227" lon="13.317079">
        <ele>457.964533</ele>
        <time>2026-07-28T21:07:52.154Z</time>
      </trkpt>
      <trkpt lat="46.452430" lon="13.316966">
        <ele>458.380933</ele>
        <time>2026-07-28T21:08:00.932Z</time>
      </trkpt>
      <trkpt lat="46.452658" lon="13.316797">
        <ele>458.871247</ele>
        <time>2026-07-28T21:08:10.476Z</time>
      </trkpt>
      <trkpt lat="46.452870" lon="13.316622">
        <ele>459.338342</ele>
        <time>2026-07-28T21:08:20.324Z</time>
      </trkpt>
      <trkpt lat="46.453157" lon="13.316320">
        <ele>460.017258</ele>
        <time>2026-07-28T21:08:24.871Z</time>
      </trkpt>
      <trkpt lat="46.453296" lon="13.316159">
        <ele>460.357845</ele>
        <time>2026-07-28T21:08:26.731Z</time>
      </trkpt>
      <trkpt lat="46.453551" lon="13.315809">
        <ele>460.093941</ele>
        <time>2026-07-28T21:08:30.210Z</time>
      </trkpt>
      <trkpt lat="46.455164" lon="13.313322">
        <ele>457.625204</ele>
        <time>2026-07-28T21:08:58.106Z</time>
      </trkpt>
      <trkpt lat="46.455383" lon="13.313020">
        <ele>457.515279</ele>
        <time>2026-07-28T21:09:01.774Z</time>
      </trkpt>
      <trkpt lat="46.455587" lon="13.312684">
        <ele>457.403000</ele>
        <time>2026-07-28T21:09:06.391Z</time>
      </trkpt>
      <trkpt lat="46.455927" lon="13.311968">
        <ele>457.802504</ele>
        <time>2026-07-28T21:09:18.710Z</time>
      </trkpt>
      <trkpt lat="46.456379" lon="13.310574">
        <ele>460.083165</ele>
        <time>2026-07-28T21:09:42.622Z</time>
      </trkpt>
      <trkpt lat="46.456613" lon="13.309828">
        <ele>461.151779</ele>
        <time>2026-07-28T21:10:04.852Z</time>
      </trkpt>
      <trkpt lat="46.456879" lon="13.308993">
        <ele>461.260305</ele>
        <time>2026-07-28T21:10:11.874Z</time>
      </trkpt>
      <trkpt lat="46.457120" lon="13.308433">
        <ele>461.338198</ele>
        <time>2026-07-28T21:10:16.665Z</time>
      </trkpt>
      <trkpt lat="46.457671" lon="13.307320">
        <ele>462.601020</ele>
        <time>2026-07-28T21:10:36.169Z</time>
      </trkpt>
      <trkpt lat="46.457984" lon="13.306726">
        <ele>464.534817</ele>
        <time>2026-07-28T21:10:43.147Z</time>
      </trkpt>
      <trkpt lat="46.458708" lon="13.305289">
        <ele>469.457936</ele>
        <time>2026-07-28T21:11:31.176Z</time>
      </trkpt>
      <trkpt lat="46.459111" lon="13.304699">
        <ele>472.337036</ele>
        <time>2026-07-28T21:12:03.906Z</time>
      </trkpt>
      <trkpt lat="46.459892" lon="13.303720">
        <ele>477.218022</ele>
        <time>2026-07-28T21:12:32.697Z</time>
      </trkpt>
      <trkpt lat="46.460161" lon="13.303212">
        <ele>476.995755</ele>
        <time>2026-07-28T21:12:37.606Z</time>
      </trkpt>
      <trkpt lat="46.460369" lon="13.302699">
        <ele>476.789265</ele>
        <time>2026-07-28T21:12:41.431Z</time>
      </trkpt>
      <trkpt lat="46.460471" lon="13.302348">
        <ele>476.657117</ele>
        <time>2026-07-28T21:12:43.970Z</time>
      </trkpt>
      <trkpt lat="46.460550" lon="13.301967">
        <ele>476.519096</ele>
        <time>2026-07-28T21:12:48.882Z</time>
      </trkpt>
      <trkpt lat="46.460638" lon="13.300915">
        <ele>475.969570</ele>
        <time>2026-07-28T21:13:11.293Z</time>
      </trkpt>
      <trkpt lat="46.460642" lon="13.300775">
        <ele>475.874170</ele>
        <time>2026-07-28T21:13:14.101Z</time>
      </trkpt>
      <trkpt lat="46.460645" lon="13.300574">
        <ele>475.737287</ele>
        <time>2026-07-28T21:13:17.911Z</time>
      </trkpt>
      <trkpt lat="46.460720" lon="13.299734">
        <ele>475.160591</ele>
        <time>2026-07-28T21:13:27.150Z</time>
      </trkpt>
      <trkpt lat="46.460963" lon="13.298798">
        <ele>474.785787</ele>
        <time>2026-07-28T21:13:33.373Z</time>
      </trkpt>
      <trkpt lat="46.461115" lon="13.298398">
        <ele>475.620238</ele>
        <time>2026-07-28T21:13:36.124Z</time>
      </trkpt>
      <trkpt lat="46.461367" lon="13.297883">
        <ele>476.774130</ele>
        <time>2026-07-28T21:13:43.427Z</time>
      </trkpt>
      <trkpt lat="46.461720" lon="13.297390">
        <ele>478.073027</ele>
        <time>2026-07-28T21:14:13.780Z</time>
      </trkpt>
      <trkpt lat="46.461978" lon="13.297084">
        <ele>478.956465</ele>
        <time>2026-07-28T21:14:26.535Z</time>
      </trkpt>
      <trkpt lat="46.462317" lon="13.296779">
        <ele>481.903051</ele>
        <time>2026-07-28T21:14:34.132Z</time>
      </trkpt>
      <trkpt lat="46.463884" lon="13.296024">
        <ele>497.991258</ele>
        <time>2026-07-28T21:16:14.708Z</time>
      </trkpt>
      <trkpt lat="46.464715" lon="13.295588">
        <ele>503.442699</ele>
        <time>2026-07-28T21:17:13.464Z</time>
      </trkpt>
      <trkpt lat="46.464961" lon="13.295421">
        <ele>505.118140</ele>
        <time>2026-07-28T21:17:27.942Z</time>
      </trkpt>
      <trkpt lat="46.465196" lon="13.295183">
        <ele>506.885903</ele>
        <time>2026-07-28T21:17:32.966Z</time>
      </trkpt>
      <trkpt lat="46.465232" lon="13.295137">
        <ele>507.181780</ele>
        <time>2026-07-28T21:17:33.433Z</time>
      </trkpt>
      <trkpt lat="46.465504" lon="13.294827">
        <ele>508.300607</ele>
        <time>2026-07-28T21:17:36.432Z</time>
      </trkpt>
      <trkpt lat="46.466018" lon="13.294129">
        <ele>507.763275</ele>
        <time>2026-07-28T21:17:44.825Z</time>
      </trkpt>
      <trkpt lat="46.466326" lon="13.293760">
        <ele>507.458403</ele>
        <time>2026-07-28T21:17:50.421Z</time>
      </trkpt>
      <trkpt lat="46.466656" lon="13.293458">
        <ele>507.160583</ele>
        <time>2026-07-28T21:18:14.226Z</time>
      </trkpt>
      <trkpt lat="46.466919" lon="13.293386">
        <ele>507.887961</ele>
        <time>2026-07-28T21:18:34.260Z</time>
      </trkpt>
      <trkpt lat="46.468002" lon="13.293195">
        <ele>516.418704</ele>
        <time>2026-07-28T21:19:24.456Z</time>
      </trkpt>
      <trkpt lat="46.469872" lon="13.293012">
        <ele>524.884854</ele>
        <time>2026-07-28T21:20:39.091Z</time>
      </trkpt>
      <trkpt lat="46.470286" lon="13.292973">
        <ele>526.115128</ele>
        <time>2026-07-28T21:20:43.121Z</time>
      </trkpt>
      <trkpt lat="46.471273" lon="13.292725">
        <ele>525.793284</ele>
        <time>2026-07-28T21:20:52.735Z</time>
      </trkpt>
      <trkpt lat="46.471429" lon="13.292683">
        <ele>525.678854</ele>
        <time>2026-07-28T21:20:54.562Z</time>
      </trkpt>
      <trkpt lat="46.471753" lon="13.292602">
        <ele>525.441737</ele>
        <time>2026-07-28T21:21:00.992Z</time>
      </trkpt>
      <trkpt lat="46.471922" lon="13.292562">
        <ele>525.318241</ele>
        <time>2026-07-28T21:21:06.747Z</time>
      </trkpt>
      <trkpt lat="46.472035" lon="13.292529">
        <ele>525.235110</ele>
        <time>2026-07-28T21:21:10.348Z</time>
      </trkpt>
      <trkpt lat="46.472710" lon="13.292349">
        <ele>526.101530</ele>
        <time>2026-07-28T21:21:34.047Z</time>
      </trkpt>
      <trkpt lat="46.473107" lon="13.292280">
        <ele>526.794681</ele>
        <time>2026-07-28T21:21:47.472Z</time>
      </trkpt>
      <trkpt lat="46.473881" lon="13.292280">
        <ele>528.136485</ele>
        <time>2026-07-28T21:22:03.167Z</time>
      </trkpt>
      <trkpt lat="46.474037" lon="13.292330">
        <ele>528.174208</ele>
        <time>2026-07-28T21:22:04.570Z</time>
      </trkpt>
      <trkpt lat="46.474293" lon="13.292439">
        <ele>527.923794</ele>
        <time>2026-07-28T21:22:06.878Z</time>
      </trkpt>
      <trkpt lat="46.474363" lon="13.292479">
        <ele>527.853183</ele>
        <time>2026-07-28T21:22:07.531Z</time>
      </trkpt>
      <trkpt lat="46.474451" lon="13.292527">
        <ele>527.764946</ele>
        <time>2026-07-28T21:22:08.371Z</time>
      </trkpt>
      <trkpt lat="46.475592" lon="13.293308">
        <ele>526.580912</ele>
        <time>2026-07-28T21:22:38.372Z</time>
      </trkpt>
      <trkpt lat="46.475636" lon="13.293336">
        <ele>526.369282</ele>
        <time>2026-07-28T21:22:39.036Z</time>
      </trkpt>
      <trkpt lat="46.475721" lon="13.293397">
        <ele>525.845797</ele>
        <time>2026-07-28T21:22:40.172Z</time>
      </trkpt>
      <trkpt lat="46.475771" lon="13.293432">
        <ele>525.539337</ele>
        <time>2026-07-28T21:22:40.772Z</time>
      </trkpt>
      <trkpt lat="46.476300" lon="13.293787">
        <ele>522.321824</ele>
        <time>2026-07-28T21:22:46.170Z</time>
      </trkpt>
      <trkpt lat="46.476521" lon="13.293954">
        <ele>520.946320</ele>
        <time>2026-07-28T21:22:48.338Z</time>
      </trkpt>
      <trkpt lat="46.476956" lon="13.294293">
        <ele>518.220601</ele>
        <time>2026-07-28T21:22:52.579Z</time>
      </trkpt>
      <trkpt lat="46.477136" lon="13.294458">
        <ele>517.045344</ele>
        <time>2026-07-28T21:22:54.465Z</time>
      </trkpt>
      <trkpt lat="46.477351" lon="13.294655">
        <ele>516.951456</ele>
        <time>2026-07-28T21:22:57.929Z</time>
      </trkpt>
      <trkpt lat="46.477553" lon="13.294841">
        <ele>517.364663</ele>
        <time>2026-07-28T21:23:00.539Z</time>
      </trkpt>
      <trkpt lat="46.477859" lon="13.295118">
        <ele>517.987594</ele>
        <time>2026-07-28T21:23:09.043Z</time>
      </trkpt>
      <trkpt lat="46.477952" lon="13.295199">
        <ele>518.174938</ele>
        <time>2026-07-28T21:23:13.377Z</time>
      </trkpt>
      <trkpt lat="46.478109" lon="13.295293">
        <ele>518.468313</ele>
        <time>2026-07-28T21:23:20.699Z</time>
      </trkpt>
      <trkpt lat="46.478316" lon="13.295487">
        <ele>518.893923</ele>
        <time>2026-07-28T21:23:31.899Z</time>
      </trkpt>
      <trkpt lat="46.479584" lon="13.296657">
        <ele>520.637082</ele>
        <time>2026-07-28T21:24:14.092Z</time>
      </trkpt>
      <trkpt lat="46.480030" lon="13.297148">
        <ele>521.131151</ele>
        <time>2026-07-28T21:24:19.439Z</time>
      </trkpt>
      <trkpt lat="46.480297" lon="13.297523">
        <ele>521.628768</ele>
        <time>2026-07-28T21:24:23.182Z</time>
      </trkpt>
      <trkpt lat="46.480790" lon="13.298092">
        <ele>522.941409</ele>
        <time>2026-07-28T21:24:43.734Z</time>
      </trkpt>
      <trkpt lat="46.481121" lon="13.298385">
        <ele>523.749425</ele>
        <time>2026-07-28T21:24:57.114Z</time>
      </trkpt>
      <trkpt lat="46.481578" lon="13.298657">
        <ele>524.778908</ele>
        <time>2026-07-28T21:25:07.938Z</time>
      </trkpt>
      <trkpt lat="46.482019" lon="13.298831">
        <ele>526.162933</ele>
        <time>2026-07-28T21:25:15.800Z</time>
      </trkpt>
      <trkpt lat="46.482755" lon="13.299051">
        <ele>528.772244</ele>
        <time>2026-07-28T21:25:33.050Z</time>
      </trkpt>
      <trkpt lat="46.484499" lon="13.299523">
        <ele>537.894554</ele>
        <time>2026-07-28T21:26:41.906Z</time>
      </trkpt>
      <trkpt lat="46.484960" lon="13.299528">
        <ele>540.811401</ele>
        <time>2026-07-28T21:27:01.102Z</time>
      </trkpt>
      <trkpt lat="46.485292" lon="13.299490">
        <ele>542.847297</ele>
        <time>2026-07-28T21:27:16.149Z</time>
      </trkpt>
      <trkpt lat="46.486514" lon="13.299305">
        <ele>547.974722</ele>
        <time>2026-07-28T21:28:06.051Z</time>
      </trkpt>
      <trkpt lat="46.487609" lon="13.299154">
        <ele>549.804682</ele>
        <time>2026-07-28T21:28:19.431Z</time>
      </trkpt>
      <trkpt lat="46.488017" lon="13.299057">
        <ele>549.502870</ele>
        <time>2026-07-28T21:28:25.396Z</time>
      </trkpt>
      <trkpt lat="46.489576" lon="13.298343">
        <ele>549.329892</ele>
        <time>2026-07-28T21:28:45.171Z</time>
      </trkpt>
      <trkpt lat="46.489809" lon="13.298292">
        <ele>549.453820</ele>
        <time>2026-07-28T21:28:51.765Z</time>
      </trkpt>
      <trkpt lat="46.490199" lon="13.298263">
        <ele>549.659207</ele>
        <time>2026-07-28T21:29:02.288Z</time>
      </trkpt>
      <trkpt lat="46.490577" lon="13.298326">
        <ele>549.897248</ele>
        <time>2026-07-28T21:29:08.786Z</time>
      </trkpt>
      <trkpt lat="46.490843" lon="13.298415">
        <ele>550.548556</ele>
        <time>2026-07-28T21:29:11.831Z</time>
      </trkpt>
      <trkpt lat="46.491465" lon="13.298722">
        <ele>552.116016</ele>
        <time>2026-07-28T21:29:26.459Z</time>
      </trkpt>
      <trkpt lat="46.491492" lon="13.298733">
        <ele>552.182925</ele>
        <time>2026-07-28T21:29:27.252Z</time>
      </trkpt>
      <trkpt lat="46.492736" lon="13.299163">
        <ele>555.865878</ele>
        <time>2026-07-28T21:30:05.693Z</time>
      </trkpt>
      <trkpt lat="46.493472" lon="13.299359">
        <ele>558.682586</ele>
        <time>2026-07-28T21:30:28.125Z</time>
      </trkpt>
      <trkpt lat="46.493701" lon="13.299386">
        <ele>559.547448</ele>
        <time>2026-07-28T21:30:34.956Z</time>
      </trkpt>
      <trkpt lat="46.494657" lon="13.299428">
        <ele>563.128302</ele>
        <time>2026-07-28T21:31:03.344Z</time>
      </trkpt>
      <trkpt lat="46.495652" lon="13.299397">
        <ele>566.842042</ele>
        <time>2026-07-28T21:31:32.926Z</time>
      </trkpt>
      <trkpt lat="46.496727" lon="13.299127">
        <ele>566.183098</ele>
        <time>2026-07-28T21:32:05.671Z</time>
      </trkpt>
      <trkpt lat="46.497206" lon="13.299060">
        <ele>565.397517</ele>
        <time>2026-07-28T21:32:15.734Z</time>
      </trkpt>
      <trkpt lat="46.497371" lon="13.299067">
        <ele>565.128040</ele>
        <time>2026-07-28T21:32:17.247Z</time>
      </trkpt>
      <trkpt lat="46.497800" lon="13.299207">
        <ele>563.600883</ele>
        <time>2026-07-28T21:32:20.889Z</time>
      </trkpt>
      <trkpt lat="46.498037" lon="13.299336">
        <ele>561.976414</ele>
        <time>2026-07-28T21:32:22.950Z</time>
      </trkpt>
      <trkpt lat="46.498314" lon="13.299719">
        <ele>559.521882</ele>
        <time>2026-07-28T21:32:26.159Z</time>
      </trkpt>
      <trkpt lat="46.498395" lon="13.299810">
        <ele>558.864646</ele>
        <time>2026-07-28T21:32:27.142Z</time>
      </trkpt>
      <trkpt lat="46.498511" lon="13.299898">
        <ele>558.024686</ele>
        <time>2026-07-28T21:32:28.607Z</time>
      </trkpt>
      <trkpt lat="46.498527" lon="13.299957">
        <ele>557.744504</ele>
        <time>2026-07-28T21:32:29.237Z</time>
      </trkpt>
      <trkpt lat="46.498598" lon="13.299989">
        <ele>557.267359</ele>
        <time>2026-07-28T21:32:30.661Z</time>
      </trkpt>
      <trkpt lat="46.498675" lon="13.300025">
        <ele>556.748166</ele>
        <time>2026-07-28T21:32:32.696Z</time>
      </trkpt>
      <trkpt lat="46.499191" lon="13.300220">
        <ele>553.325970</ele>
        <time>2026-07-28T21:32:44.693Z</time>
      </trkpt>
      <trkpt lat="46.499575" lon="13.300559">
        <ele>552.484798</ele>
        <time>2026-07-28T21:32:49.560Z</time>
      </trkpt>
      <trkpt lat="46.500421" lon="13.301671">
        <ele>550.703174</ele>
        <time>2026-07-28T21:33:01.469Z</time>
      </trkpt>
      <trkpt lat="46.500735" lon="13.302072">
        <ele>550.464949</ele>
        <time>2026-07-28T21:33:06.773Z</time>
      </trkpt>
      <trkpt lat="46.501961" lon="13.303680">
        <ele>551.746684</ele>
        <time>2026-07-28T21:33:38.293Z</time>
      </trkpt>
      <trkpt lat="46.502144" lon="13.303871">
        <ele>552.415629</ele>
        <time>2026-07-28T21:33:43.213Z</time>
      </trkpt>
      <trkpt lat="46.502340" lon="13.304023">
        <ele>553.075213</ele>
        <time>2026-07-28T21:33:48.367Z</time>
      </trkpt>
      <trkpt lat="46.502571" lon="13.304151">
        <ele>553.809179</ele>
        <time>2026-07-28T21:33:54.459Z</time>
      </trkpt>
      <trkpt lat="46.502837" lon="13.304254">
        <ele>554.626430</ele>
        <time>2026-07-28T21:34:02.084Z</time>
      </trkpt>
      <trkpt lat="46.503029" lon="13.304294">
        <ele>555.202258</ele>
        <time>2026-07-28T21:34:07.855Z</time>
      </trkpt>
      <trkpt lat="46.503349" lon="13.304295">
        <ele>556.152256</ele>
        <time>2026-07-28T21:34:17.997Z</time>
      </trkpt>
      <trkpt lat="46.504188" lon="13.304189">
        <ele>558.351882</ele>
        <time>2026-07-28T21:34:44.190Z</time>
      </trkpt>
      <trkpt lat="46.504411" lon="13.304191">
        <ele>558.894568</ele>
        <time>2026-07-28T21:34:50.156Z</time>
      </trkpt>
      <trkpt lat="46.504455" lon="13.304197">
        <ele>559.002114</ele>
        <time>2026-07-28T21:34:51.279Z</time>
      </trkpt>
      <trkpt lat="46.504759" lon="13.304266">
        <ele>559.750878</ele>
        <time>2026-07-28T21:34:58.596Z</time>
      </trkpt>
      <trkpt lat="46.505043" lon="13.304402">
        <ele>560.478573</ele>
        <time>2026-07-28T21:35:05.781Z</time>
      </trkpt>
      <trkpt lat="46.505294" lon="13.304607">
        <ele>561.179284</ele>
        <time>2026-07-28T21:35:12.596Z</time>
      </trkpt>
      <trkpt lat="46.505441" lon="13.304773">
        <ele>561.303311</ele>
        <time>2026-07-28T21:35:15.897Z</time>
      </trkpt>
      <trkpt lat="46.505589" lon="13.304985">
        <ele>561.192614</ele>
        <time>2026-07-28T21:35:18.412Z</time>
      </trkpt>
      <trkpt lat="46.505610" lon="13.305013">
        <ele>561.177433</ele>
        <time>2026-07-28T21:35:18.728Z</time>
      </trkpt>
      <trkpt lat="46.505655" lon="13.305074">
        <ele>561.144653</ele>
        <time>2026-07-28T21:35:19.368Z</time>
      </trkpt>
      <trkpt lat="46.505760" lon="13.305220">
        <ele>561.067243</ele>
        <time>2026-07-28T21:35:20.805Z</time>
      </trkpt>
      <trkpt lat="46.506008" lon="13.305576">
        <ele>560.881555</ele>
        <time>2026-07-28T21:35:24.265Z</time>
      </trkpt>
      <trkpt lat="46.506025" lon="13.305600">
        <ele>560.868930</ele>
        <time>2026-07-28T21:35:24.504Z</time>
      </trkpt>
      <trkpt lat="46.506078" lon="13.305667">
        <ele>560.831512</ele>
        <time>2026-07-28T21:35:25.238Z</time>
      </trkpt>
      <trkpt lat="46.506274" lon="13.305917">
        <ele>560.692597</ele>
        <time>2026-07-28T21:35:28.317Z</time>
      </trkpt>
      <trkpt lat="46.506519" lon="13.306202">
        <ele>560.525433</ele>
        <time>2026-07-28T21:35:34.500Z</time>
      </trkpt>
      <trkpt lat="46.506627" lon="13.306456">
        <ele>560.415984</ele>
        <time>2026-07-28T21:35:38.810Z</time>
      </trkpt>
      <trkpt lat="46.506794" lon="13.306965">
        <ele>560.628229</ele>
        <time>2026-07-28T21:35:48.313Z</time>
      </trkpt>
      <trkpt lat="46.506819" lon="13.307006">
        <ele>560.651262</ele>
        <time>2026-07-28T21:35:49.177Z</time>
      </trkpt>
      <trkpt lat="46.507006" lon="13.307340">
        <ele>560.832310</ele>
        <time>2026-07-28T21:35:55.500Z</time>
      </trkpt>
      <trkpt lat="46.507154" lon="13.307621">
        <ele>560.981098</ele>
        <time>2026-07-28T21:36:00.186Z</time>
      </trkpt>
      <trkpt lat="46.507345" lon="13.308189">
        <ele>561.246924</ele>
        <time>2026-07-28T21:36:06.052Z</time>
      </trkpt>
      <trkpt lat="46.507507" lon="13.308551">
        <ele>561.428492</ele>
        <time>2026-07-28T21:36:09.788Z</time>
      </trkpt>
      <trkpt lat="46.507755" lon="13.309164">
        <ele>561.740195</ele>
        <time>2026-07-28T21:36:16.373Z</time>
      </trkpt>
      <trkpt lat="46.507844" lon="13.309965">
        <ele>562.100705</ele>
        <time>2026-07-28T21:36:25.974Z</time>
      </trkpt>
      <trkpt lat="46.507880" lon="13.310373">
        <ele>562.283473</ele>
        <time>2026-07-28T21:36:31.895Z</time>
      </trkpt>
      <trkpt lat="46.507894" lon="13.310487">
        <ele>562.334925</ele>
        <time>2026-07-28T21:36:33.507Z</time>
      </trkpt>
      <trkpt lat="46.507917" lon="13.310740">
        <ele>562.448315</ele>
        <time>2026-07-28T21:36:36.997Z</time>
      </trkpt>
      <trkpt lat="46.507924" lon="13.310804">
        <ele>562.477109</ele>
        <time>2026-07-28T21:36:37.846Z</time>
      </trkpt>
      <trkpt lat="46.507993" lon="13.311491">
        <ele>562.811372</ele>
        <time>2026-07-28T21:36:46.473Z</time>
      </trkpt>
      <trkpt lat="46.508072" lon="13.312310">
        <ele>563.257037</ele>
        <time>2026-07-28T21:36:58.174Z</time>
      </trkpt>
      <trkpt lat="46.508084" lon="13.312461">
        <ele>563.338950</ele>
        <time>2026-07-28T21:37:00.390Z</time>
      </trkpt>
      <trkpt lat="46.508101" lon="13.312684">
        <ele>563.459857</ele>
        <time>2026-07-28T21:37:03.487Z</time>
      </trkpt>
      <trkpt lat="46.508316" lon="13.314849">
        <ele>564.895704</ele>
        <time>2026-07-28T21:37:26.948Z</time>
      </trkpt>
      <trkpt lat="46.508443" lon="13.315374">
        <ele>565.331822</ele>
        <time>2026-07-28T21:37:36.527Z</time>
      </trkpt>
      <trkpt lat="46.508450" lon="13.315571">
        <ele>565.486416</ele>
        <time>2026-07-28T21:37:40.030Z</time>
      </trkpt>
      <trkpt lat="46.508449" lon="13.316020">
        <ele>565.838300</ele>
        <time>2026-07-28T21:37:46.772Z</time>
      </trkpt>
      <trkpt lat="46.508561" lon="13.317081">
        <ele>566.784820</ele>
        <time>2026-07-28T21:37:59.679Z</time>
      </trkpt>
      <trkpt lat="46.508565" lon="13.317499">
        <ele>567.174184</ele>
        <time>2026-07-28T21:38:04.943Z</time>
      </trkpt>
      <trkpt lat="46.508668" lon="13.318652">
        <ele>568.257100</ele>
        <time>2026-07-28T21:38:20.560Z</time>
      </trkpt>
      <trkpt lat="46.509000" lon="13.321879">
        <ele>574.090757</ele>
        <time>2026-07-28T21:39:17.410Z</time>
      </trkpt>
      <trkpt lat="46.509054" lon="13.322663">
        <ele>575.347292</ele>
        <time>2026-07-28T21:39:39.062Z</time>
      </trkpt>
      <trkpt lat="46.509080" lon="13.322824">
        <ele>575.611021</ele>
        <time>2026-07-28T21:39:44.211Z</time>
      </trkpt>
      <trkpt lat="46.509377" lon="13.323249">
        <ele>576.576930</ele>
        <time>2026-07-28T21:39:54.882Z</time>
      </trkpt>
      <trkpt lat="46.509364" lon="13.323355">
        <ele>576.748636</ele>
        <time>2026-07-28T21:39:55.697Z</time>
      </trkpt>
      <trkpt lat="46.509237" lon="13.323488">
        <ele>577.111385</ele>
        <time>2026-07-28T21:39:57.314Z</time>
      </trkpt>
      <trkpt lat="46.509193" lon="13.323584">
        <ele>577.295323</ele>
        <time>2026-07-28T21:39:58.104Z</time>
      </trkpt>
      <trkpt lat="46.509164" lon="13.323741">
        <ele>577.554560</ele>
        <time>2026-07-28T21:39:59.186Z</time>
      </trkpt>
      <trkpt lat="46.509250" lon="13.324439">
        <ele>578.480015</ele>
        <time>2026-07-28T21:40:04.404Z</time>
      </trkpt>
      <trkpt lat="46.509302" lon="13.324910">
        <ele>579.076741</ele>
        <time>2026-07-28T21:40:13.292Z</time>
      </trkpt>
      <trkpt lat="46.509332" lon="13.324994">
        <ele>579.195126</ele>
        <time>2026-07-28T21:40:14.942Z</time>
      </trkpt>
      <trkpt lat="46.509473" lon="13.325168">
        <ele>579.531366</ele>
        <time>2026-07-28T21:40:20.159Z</time>
      </trkpt>
      <trkpt lat="46.510359" lon="13.325204">
        <ele>581.083731</ele>
        <time>2026-07-28T21:40:49.463Z</time>
      </trkpt>
      <trkpt lat="46.510679" lon="13.325223">
        <ele>581.422677</ele>
        <time>2026-07-28T21:40:56.818Z</time>
      </trkpt>
      <trkpt lat="46.510828" lon="13.325323">
        <ele>581.596376</ele>
        <time>2026-07-28T21:40:59.628Z</time>
      </trkpt>
      <trkpt lat="46.510890" lon="13.325429">
        <ele>581.697698</ele>
        <time>2026-07-28T21:41:01.264Z</time>
      </trkpt>
      <trkpt lat="46.511015" lon="13.326051">
        <ele>582.169655</ele>
        <time>2026-07-28T21:41:09.445Z</time>
      </trkpt>
      <trkpt lat="46.511193" lon="13.326559">
        <ele>582.584854</ele>
        <time>2026-07-28T21:41:15.298Z</time>
      </trkpt>
      <trkpt lat="46.511517" lon="13.327233">
        <ele>582.757736</ele>
        <time>2026-07-28T21:41:23.050Z</time>
      </trkpt>
      <trkpt lat="46.511734" lon="13.327903">
        <ele>582.471191</ele>
        <time>2026-07-28T21:41:29.198Z</time>
      </trkpt>
      <trkpt lat="46.511837" lon="13.328337">
        <ele>582.293541</ele>
        <time>2026-07-28T21:41:32.902Z</time>
      </trkpt>
      <trkpt lat="46.511899" lon="13.329589">
        <ele>582.267651</ele>
        <time>2026-07-28T21:41:43.752Z</time>
      </trkpt>
      <trkpt lat="46.511931" lon="13.329796">
        <ele>582.622716</ele>
        <time>2026-07-28T21:41:46.570Z</time>
      </trkpt>
      <trkpt lat="46.512139" lon="13.330307">
        <ele>583.616304</ele>
        <time>2026-07-28T21:41:57.146Z</time>
      </trkpt>
      <trkpt lat="46.512393" lon="13.331061">
        <ele>585.021243</ele>
        <time>2026-07-28T21:42:14.762Z</time>
      </trkpt>
      <trkpt lat="46.512550" lon="13.331973">
        <ele>586.547478</ele>
        <time>2026-07-28T21:42:32.352Z</time>
      </trkpt>
      <trkpt lat="46.512542" lon="13.332270">
        <ele>586.973157</ele>
        <time>2026-07-28T21:42:37.704Z</time>
      </trkpt>
      <trkpt lat="46.512312" lon="13.333664">
        <ele>589.026175</ele>
        <time>2026-07-28T21:43:01.325Z</time>
      </trkpt>
      <trkpt lat="46.512299" lon="13.333920">
        <ele>589.393808</ele>
        <time>2026-07-28T21:43:04.784Z</time>
      </trkpt>
      <trkpt lat="46.512450" lon="13.335962">
        <ele>592.024807</ele>
        <time>2026-07-28T21:43:30.345Z</time>
      </trkpt>
      <trkpt lat="46.512428" lon="13.337044">
        <ele>593.339451</ele>
        <time>2026-07-28T21:43:50.770Z</time>
      </trkpt>
      <trkpt lat="46.512321" lon="13.338202">
        <ele>594.424208</ele>
        <time>2026-07-28T21:44:13.514Z</time>
      </trkpt>
      <trkpt lat="46.511908" lon="13.341046">
        <ele>596.804034</ele>
        <time>2026-07-28T21:44:40.380Z</time>
      </trkpt>
      <trkpt lat="46.511901" lon="13.341181">
        <ele>596.901941</ele>
        <time>2026-07-28T21:44:42.538Z</time>
      </trkpt>
      <trkpt lat="46.511967" lon="13.342230">
        <ele>597.693329</ele>
        <time>2026-07-28T21:45:05.092Z</time>
      </trkpt>
      <trkpt lat="46.511913" lon="13.342973">
        <ele>598.406072</ele>
        <time>2026-07-28T21:45:16.757Z</time>
      </trkpt>
      <trkpt lat="46.511828" lon="13.343363">
        <ele>598.796333</ele>
        <time>2026-07-28T21:45:20.603Z</time>
      </trkpt>
      <trkpt lat="46.511738" lon="13.343483">
        <ele>598.965653</ele>
        <time>2026-07-28T21:45:22.210Z</time>
      </trkpt>
      <trkpt lat="46.511729" lon="13.343726">
        <ele>599.197804</ele>
        <time>2026-07-28T21:45:24.448Z</time>
      </trkpt>
      <trkpt lat="46.511668" lon="13.345368">
        <ele>600.725213</ele>
        <time>2026-07-28T21:45:47.842Z</time>
      </trkpt>
      <trkpt lat="46.511616" lon="13.346017">
        <ele>601.311871</ele>
        <time>2026-07-28T21:45:56.662Z</time>
      </trkpt>
      <trkpt lat="46.511226" lon="13.348938">
        <ele>602.909031</ele>
        <time>2026-07-28T21:46:37.964Z</time>
      </trkpt>
      <trkpt lat="46.511080" lon="13.349823">
        <ele>603.223460</ele>
        <time>2026-07-28T21:46:44.825Z</time>
      </trkpt>
      <trkpt lat="46.511055" lon="13.350038">
        <ele>603.537363</ele>
        <time>2026-07-28T21:46:46.527Z</time>
      </trkpt>
      <trkpt lat="46.510895" lon="13.351564">
        <ele>605.759564</ele>
        <time>2026-07-28T21:47:05.336Z</time>
      </trkpt>
      <trkpt lat="46.510876" lon="13.351709">
        <ele>605.972059</ele>
        <time>2026-07-28T21:47:08.306Z</time>
      </trkpt>
      <trkpt lat="46.510572" lon="13.353433">
        <ele>610.711224</ele>
        <time>2026-07-28T21:47:58.963Z</time>
      </trkpt>
      <trkpt lat="46.510419" lon="13.354179">
        <ele>613.340185</ele>
        <time>2026-07-28T21:48:27.021Z</time>
      </trkpt>
      <trkpt lat="46.510340" lon="13.354610">
        <ele>614.846546</ele>
        <time>2026-07-28T21:48:39.126Z</time>
      </trkpt>
      <trkpt lat="46.510270" lon="13.354857">
        <ele>615.741284</ele>
        <time>2026-07-28T21:48:46.026Z</time>
      </trkpt>
      <trkpt lat="46.509959" lon="13.355936">
        <ele>614.465699</ele>
        <time>2026-07-28T21:48:53.081Z</time>
      </trkpt>
      <trkpt lat="46.509894" lon="13.356285">
        <ele>614.071450</ele>
        <time>2026-07-28T21:48:55.460Z</time>
      </trkpt>
      <trkpt lat="46.509824" lon="13.357072">
        <ele>613.206144</ele>
        <time>2026-07-28T21:49:06.411Z</time>
      </trkpt>
      <trkpt lat="46.509679" lon="13.357952">
        <ele>613.385190</ele>
        <time>2026-07-28T21:49:28.363Z</time>
      </trkpt>
      <trkpt lat="46.509607" lon="13.358215">
        <ele>613.610467</ele>
        <time>2026-07-28T21:49:35.392Z</time>
      </trkpt>
      <trkpt lat="46.509399" lon="13.358845">
        <ele>614.166603</ele>
        <time>2026-07-28T21:49:48.754Z</time>
      </trkpt>
      <trkpt lat="46.509204" lon="13.359290">
        <ele>614.586483</ele>
        <time>2026-07-28T21:49:52.942Z</time>
      </trkpt>
      <trkpt lat="46.508819" lon="13.360054">
        <ele>615.710560</ele>
        <time>2026-07-28T21:49:59.029Z</time>
      </trkpt>
      <trkpt lat="46.508764" lon="13.360220">
        <ele>616.005293</ele>
        <time>2026-07-28T21:50:00.456Z</time>
      </trkpt>
      <trkpt lat="46.508713" lon="13.360372">
        <ele>616.275816</ele>
        <time>2026-07-28T21:50:02.249Z</time>
      </trkpt>
      <trkpt lat="46.508569" lon="13.360880">
        <ele>617.154735</ele>
        <time>2026-07-28T21:50:13.566Z</time>
      </trkpt>
      <trkpt lat="46.508358" lon="13.361548">
        <ele>618.330564</ele>
        <time>2026-07-28T21:50:33.399Z</time>
      </trkpt>
      <trkpt lat="46.508115" lon="13.362437">
        <ele>619.623512</ele>
        <time>2026-07-28T21:50:58.345Z</time>
      </trkpt>
      <trkpt lat="46.507847" lon="13.363120">
        <ele>620.458857</ele>
        <time>2026-07-28T21:51:12.841Z</time>
      </trkpt>
      <trkpt lat="46.507618" lon="13.363501">
        <ele>620.996309</ele>
        <time>2026-07-28T21:51:19.274Z</time>
      </trkpt>
      <trkpt lat="46.507263" lon="13.363893">
        <ele>621.684657</ele>
        <time>2026-07-28T21:51:24.926Z</time>
      </trkpt>
      <trkpt lat="46.506717" lon="13.364379">
        <ele>621.761129</ele>
        <time>2026-07-28T21:51:31.350Z</time>
      </trkpt>
      <trkpt lat="46.506348" lon="13.364777">
        <ele>621.598869</ele>
        <time>2026-07-28T21:51:36.831Z</time>
      </trkpt>
      <trkpt lat="46.506229" lon="13.364961">
        <ele>621.537511</ele>
        <time>2026-07-28T21:51:40.133Z</time>
      </trkpt>
      <trkpt lat="46.505974" lon="13.365503">
        <ele>621.377967</ele>
        <time>2026-07-28T21:51:49.809Z</time>
      </trkpt>
      <trkpt lat="46.505113" lon="13.368594">
        <ele>623.312122</ele>
        <time>2026-07-28T21:52:36.041Z</time>
      </trkpt>
      <trkpt lat="46.504777" lon="13.369364">
        <ele>623.327174</ele>
        <time>2026-07-28T21:52:42.671Z</time>
      </trkpt>
      <trkpt lat="46.504693" lon="13.369685">
        <ele>623.332844</ele>
        <time>2026-07-28T21:52:45.443Z</time>
      </trkpt>
      <trkpt lat="46.504206" lon="13.372231">
        <ele>625.441254</ele>
        <time>2026-07-28T21:53:24.367Z</time>
      </trkpt>
      <trkpt lat="46.504103" lon="13.373105">
        <ele>626.553706</ele>
        <time>2026-07-28T21:53:40.090Z</time>
      </trkpt>
      <trkpt lat="46.504016" lon="13.374138">
        <ele>627.253997</ele>
        <time>2026-07-28T21:53:55.045Z</time>
      </trkpt>
      <trkpt lat="46.503992" lon="13.374682">
        <ele>627.601856</ele>
        <time>2026-07-28T21:54:00.019Z</time>
      </trkpt>
      <trkpt lat="46.504000" lon="13.375398">
        <ele>628.058824</ele>
        <time>2026-07-28T21:54:06.347Z</time>
      </trkpt>
      <trkpt lat="46.504036" lon="13.375770">
        <ele>628.304524</ele>
        <time>2026-07-28T21:54:11.106Z</time>
      </trkpt>
      <trkpt lat="46.504040" lon="13.376144">
        <ele>628.933285</ele>
        <time>2026-07-28T21:54:17.417Z</time>
      </trkpt>
      <trkpt lat="46.503940" lon="13.377930">
        <ele>631.945430</ele>
        <time>2026-07-28T21:54:53.815Z</time>
      </trkpt>
      <trkpt lat="46.503815" lon="13.378848">
        <ele>633.708010</ele>
        <time>2026-07-28T21:55:04.814Z</time>
      </trkpt>
      <trkpt lat="46.503691" lon="13.379290">
        <ele>634.693361</ele>
        <time>2026-07-28T21:55:10.309Z</time>
      </trkpt>
      <trkpt lat="46.503669" lon="13.379334">
        <ele>634.805631</ele>
        <time>2026-07-28T21:55:11.076Z</time>
      </trkpt>
      <trkpt lat="46.502993" lon="13.380498">
        <ele>637.949693</ele>
        <time>2026-07-28T21:55:44.914Z</time>
      </trkpt>
      <trkpt lat="46.502714" lon="13.381144">
        <ele>639.015631</ele>
        <time>2026-07-28T21:56:03.650Z</time>
      </trkpt>
      <trkpt lat="46.502509" lon="13.381512">
        <ele>639.648339</ele>
        <time>2026-07-28T21:56:08.478Z</time>
      </trkpt>
      <trkpt lat="46.502447" lon="13.381685">
        <ele>639.909011</ele>
        <time>2026-07-28T21:56:09.961Z</time>
      </trkpt>
      <trkpt lat="46.502386" lon="13.381963">
        <ele>640.298972</ele>
        <time>2026-07-28T21:56:12.228Z</time>
      </trkpt>
      <trkpt lat="46.502254" lon="13.382302">
        <ele>640.819507</ele>
        <time>2026-07-28T21:56:15.934Z</time>
      </trkpt>
      <trkpt lat="46.501987" lon="13.382917">
        <ele>641.967886</ele>
        <time>2026-07-28T21:56:30.183Z</time>
      </trkpt>
      <trkpt lat="46.501485" lon="13.384186">
        <ele>645.517323</ele>
        <time>2026-07-28T21:56:57.953Z</time>
      </trkpt>
      <trkpt lat="46.501326" lon="13.384653">
        <ele>646.780808</ele>
        <time>2026-07-28T21:57:09.002Z</time>
      </trkpt>
      <trkpt lat="46.501200" lon="13.385151">
        <ele>648.059567</ele>
        <time>2026-07-28T21:57:21.310Z</time>
      </trkpt>
      <trkpt lat="46.501137" lon="13.385833">
        <ele>649.643490</ele>
        <time>2026-07-28T21:57:37.655Z</time>
      </trkpt>
      <trkpt lat="46.501108" lon="13.386459">
        <ele>651.087698</ele>
        <time>2026-07-28T21:57:51.089Z</time>
      </trkpt>
      <trkpt lat="46.501080" lon="13.387772">
        <ele>654.002734</ele>
        <time>2026-07-28T21:58:12.972Z</time>
      </trkpt>
      <trkpt lat="46.501086" lon="13.388564">
        <ele>654.757021</ele>
        <time>2026-07-28T21:58:24.279Z</time>
      </trkpt>
      <trkpt lat="46.501055" lon="13.389287">
        <ele>655.446887</ele>
        <time>2026-07-28T21:58:34.291Z</time>
      </trkpt>
      <trkpt lat="46.501055" lon="13.390995">
        <ele>657.167337</ele>
        <time>2026-07-28T21:58:56.578Z</time>
      </trkpt>
      <trkpt lat="46.501030" lon="13.391282">
        <ele>657.482079</ele>
        <time>2026-07-28T21:59:00.067Z</time>
      </trkpt>
      <trkpt lat="46.500953" lon="13.391732">
        <ele>657.986574</ele>
        <time>2026-07-28T21:59:06.718Z</time>
      </trkpt>
      <trkpt lat="46.500934" lon="13.391846">
        <ele>658.114188</ele>
        <time>2026-07-28T21:59:08.514Z</time>
      </trkpt>
      <trkpt lat="46.500912" lon="13.391961">
        <ele>658.244049</ele>
        <time>2026-07-28T21:59:10.388Z</time>
      </trkpt>
      <trkpt lat="46.500339" lon="13.395867">
        <ele>663.547147</ele>
        <time>2026-07-28T22:00:15.901Z</time>
      </trkpt>
      <trkpt lat="46.500168" lon="13.397219">
        <ele>664.807063</ele>
        <time>2026-07-28T22:00:31.758Z</time>
      </trkpt>
      <trkpt lat="46.500096" lon="13.397958">
        <ele>665.491144</ele>
        <time>2026-07-28T22:00:40.756Z</time>
      </trkpt>
      <trkpt lat="46.500063" lon="13.398759">
        <ele>666.951593</ele>
        <time>2026-07-28T22:00:56.310Z</time>
      </trkpt>
      <trkpt lat="46.500107" lon="13.399285">
        <ele>667.942816</ele>
        <time>2026-07-28T22:01:07.744Z</time>
      </trkpt>
      <trkpt lat="46.500209" lon="13.399732">
        <ele>668.823763</ele>
        <time>2026-07-28T22:01:17.223Z</time>
      </trkpt>
      <trkpt lat="46.500440" lon="13.400439">
        <ele>670.287764</ele>
        <time>2026-07-28T22:01:32.818Z</time>
      </trkpt>
      <trkpt lat="46.500624" lon="13.400821">
        <ele>670.834496</ele>
        <time>2026-07-28T22:01:38.404Z</time>
      </trkpt>
      <trkpt lat="46.500923" lon="13.401346">
        <ele>671.549858</ele>
        <time>2026-07-28T22:01:43.570Z</time>
      </trkpt>
      <trkpt lat="46.501355" lon="13.402352">
        <ele>672.794658</ele>
        <time>2026-07-28T22:02:01.330Z</time>
      </trkpt>
      <trkpt lat="46.501492" lon="13.402967">
        <ele>673.848002</ele>
        <time>2026-07-28T22:02:15.570Z</time>
      </trkpt>
      <trkpt lat="46.501539" lon="13.403497">
        <ele>675.083263</ele>
        <time>2026-07-28T22:02:26.756Z</time>
      </trkpt>
      <trkpt lat="46.501493" lon="13.404083">
        <ele>676.446627</ele>
        <time>2026-07-28T22:02:36.769Z</time>
      </trkpt>
      <trkpt lat="46.501397" lon="13.404619">
        <ele>677.726890</ele>
        <time>2026-07-28T22:02:45.796Z</time>
      </trkpt>
      <trkpt lat="46.501275" lon="13.405087">
        <ele>678.883694</ele>
        <time>2026-07-28T22:02:55.924Z</time>
      </trkpt>
      <trkpt lat="46.500640" lon="13.406586">
        <ele>681.966789</ele>
        <time>2026-07-28T22:03:38.492Z</time>
      </trkpt>
      <trkpt lat="46.500418" lon="13.407227">
        <ele>683.189640</ele>
        <time>2026-07-28T22:03:45.243Z</time>
      </trkpt>
      <trkpt lat="46.500321" lon="13.407864">
        <ele>683.388633</ele>
        <time>2026-07-28T22:03:50.033Z</time>
      </trkpt>
      <trkpt lat="46.500256" lon="13.408617">
        <ele>682.856594</ele>
        <time>2026-07-28T22:03:56.132Z</time>
      </trkpt>
      <trkpt lat="46.500296" lon="13.409222">
        <ele>682.430497</ele>
        <time>2026-07-28T22:04:01.182Z</time>
      </trkpt>
      <trkpt lat="46.500402" lon="13.409828">
        <ele>681.992148</ele>
        <time>2026-07-28T22:04:06.383Z</time>
      </trkpt>
      <trkpt lat="46.500834" lon="13.411615">
        <ele>682.914832</ele>
        <time>2026-07-28T22:04:26.256Z</time>
      </trkpt>
      <trkpt lat="46.500949" lon="13.412187">
        <ele>683.308619</ele>
        <time>2026-07-28T22:04:34.616Z</time>
      </trkpt>
      <trkpt lat="46.500981" lon="13.412536">
        <ele>683.541285</ele>
        <time>2026-07-28T22:04:41.251Z</time>
      </trkpt>
      <trkpt lat="46.500990" lon="13.412816">
        <ele>684.075312</ele>
        <time>2026-07-28T22:04:47.274Z</time>
      </trkpt>
      <trkpt lat="46.500973" lon="13.413307">
        <ele>685.040575</ele>
        <time>2026-07-28T22:04:58.416Z</time>
      </trkpt>
      <trkpt lat="46.500656" lon="13.416438">
        <ele>690.251516</ele>
        <time>2026-07-28T22:05:52.974Z</time>
      </trkpt>
      <trkpt lat="46.500563" lon="13.417530">
        <ele>691.570402</ele>
        <time>2026-07-28T22:06:08.759Z</time>
      </trkpt>
      <trkpt lat="46.500601" lon="13.418202">
        <ele>692.144461</ele>
        <time>2026-07-28T22:06:16.031Z</time>
      </trkpt>
      <trkpt lat="46.500722" lon="13.418852">
        <ele>692.618015</ele>
        <time>2026-07-28T22:06:21.654Z</time>
      </trkpt>
      <trkpt lat="46.500822" lon="13.419181">
        <ele>692.870948</ele>
        <time>2026-07-28T22:06:24.625Z</time>
      </trkpt>
      <trkpt lat="46.500936" lon="13.419491">
        <ele>693.118127</ele>
        <time>2026-07-28T22:06:27.923Z</time>
      </trkpt>
      <trkpt lat="46.501178" lon="13.419947">
        <ele>693.523069</ele>
        <time>2026-07-28T22:06:36.459Z</time>
      </trkpt>
      <trkpt lat="46.501409" lon="13.420273">
        <ele>694.810542</ele>
        <time>2026-07-28T22:06:47.453Z</time>
      </trkpt>
      <trkpt lat="46.502022" lon="13.420774">
        <ele>698.932103</ele>
        <time>2026-07-28T22:07:19.893Z</time>
      </trkpt>
      <trkpt lat="46.502590" lon="13.421330">
        <ele>702.945588</ele>
        <time>2026-07-28T22:07:50.151Z</time>
      </trkpt>
      <trkpt lat="46.502817" lon="13.421685">
        <ele>704.774936</ele>
        <time>2026-07-28T22:08:00.597Z</time>
      </trkpt>
      <trkpt lat="46.503056" lon="13.422130">
        <ele>706.650721</ele>
        <time>2026-07-28T22:08:09.535Z</time>
      </trkpt>
      <trkpt lat="46.503220" lon="13.422601">
        <ele>708.404862</ele>
        <time>2026-07-28T22:08:18.414Z</time>
      </trkpt>
      <trkpt lat="46.503323" lon="13.423016">
        <ele>709.870936</ele>
        <time>2026-07-28T22:08:28.334Z</time>
      </trkpt>
      <trkpt lat="46.503388" lon="13.423494">
        <ele>711.490157</ele>
        <time>2026-07-28T22:08:41.934Z</time>
      </trkpt>
      <trkpt lat="46.503380" lon="13.424048">
        <ele>713.610086</ele>
        <time>2026-07-28T22:08:58.668Z</time>
      </trkpt>
      <trkpt lat="46.503331" lon="13.424627">
        <ele>716.727578</ele>
        <time>2026-07-28T22:09:16.297Z</time>
      </trkpt>
      <trkpt lat="46.503226" lon="13.425120">
        <ele>719.485430</ele>
        <time>2026-07-28T22:09:33.111Z</time>
      </trkpt>
      <trkpt lat="46.502858" lon="13.426496">
        <ele>726.909524</ele>
        <time>2026-07-28T22:10:27.439Z</time>
      </trkpt>
      <trkpt lat="46.502797" lon="13.426850">
        <ele>727.168495</ele>
        <time>2026-07-28T22:10:36.400Z</time>
      </trkpt>
      <trkpt lat="46.502560" lon="13.429289">
        <ele>728.236316</ele>
        <time>2026-07-28T22:10:57.323Z</time>
      </trkpt>
      <trkpt lat="46.502299" lon="13.432502">
        <ele>724.472960</ele>
        <time>2026-07-28T22:11:21.033Z</time>
      </trkpt>
      <trkpt lat="46.502205" lon="13.433716">
        <ele>723.902862</ele>
        <time>2026-07-28T22:11:33.834Z</time>
      </trkpt>
      <trkpt lat="46.502203" lon="13.434149">
        <ele>723.700793</ele>
        <time>2026-07-28T22:11:39.577Z</time>
      </trkpt>
      <trkpt lat="46.502229" lon="13.434523">
        <ele>724.617470</ele>
        <time>2026-07-28T22:11:42.810Z</time>
      </trkpt>
      <trkpt lat="46.502310" lon="13.434958">
        <ele>725.793293</ele>
        <time>2026-07-28T22:11:47.701Z</time>
      </trkpt>
      <trkpt lat="46.502884" lon="13.437283">
        <ele>732.607365</ele>
        <time>2026-07-28T22:12:51.246Z</time>
      </trkpt>
      <trkpt lat="46.502992" lon="13.437700">
        <ele>734.018115</ele>
        <time>2026-07-28T22:13:01.808Z</time>
      </trkpt>
      <trkpt lat="46.503094" lon="13.438360">
        <ele>736.159941</ele>
        <time>2026-07-28T22:13:16.269Z</time>
      </trkpt>
      <trkpt lat="46.503329" lon="13.440287">
        <ele>741.914746</ele>
        <time>2026-07-28T22:13:57.874Z</time>
      </trkpt>
      <trkpt lat="46.503380" lon="13.441606">
        <ele>745.580576</ele>
        <time>2026-07-28T22:14:25.457Z</time>
      </trkpt>
      <trkpt lat="46.503412" lon="13.441900">
        <ele>746.393283</ele>
        <time>2026-07-28T22:14:31.767Z</time>
      </trkpt>
      <trkpt lat="46.503578" lon="13.443665">
        <ele>751.160557</ele>
        <time>2026-07-28T22:15:13.074Z</time>
      </trkpt>
      <trkpt lat="46.503803" lon="13.444992">
        <ele>753.643243</ele>
        <time>2026-07-28T22:15:36.317Z</time>
      </trkpt>
      <trkpt lat="46.504523" lon="13.448012">
        <ele>752.901772</ele>
        <time>2026-07-28T22:16:16.074Z</time>
      </trkpt>
      <trkpt lat="46.504555" lon="13.448146">
        <ele>752.615052</ele>
        <time>2026-07-28T22:16:17.034Z</time>
      </trkpt>
      <trkpt lat="46.504948" lon="13.449422">
        <ele>750.137161</ele>
        <time>2026-07-28T22:16:25.563Z</time>
      </trkpt>
      <trkpt lat="46.505010" lon="13.449617">
        <ele>750.121620</ele>
        <time>2026-07-28T22:16:26.964Z</time>
      </trkpt>
      <trkpt lat="46.505067" lon="13.449780">
        <ele>750.108392</ele>
        <time>2026-07-28T22:16:28.254Z</time>
      </trkpt>
      <trkpt lat="46.505224" lon="13.450276">
        <ele>750.068893</ele>
        <time>2026-07-28T22:16:33.477Z</time>
      </trkpt>
      <trkpt lat="46.505336" lon="13.450780">
        <ele>750.030576</ele>
        <time>2026-07-28T22:16:41.209Z</time>
      </trkpt>
      <trkpt lat="46.505406" lon="13.451677">
        <ele>749.965262</ele>
        <time>2026-07-28T22:16:55.689Z</time>
      </trkpt>
      <trkpt lat="46.505485" lon="13.453737">
        <ele>756.427975</ele>
        <time>2026-07-28T22:17:48.584Z</time>
      </trkpt>
      <trkpt lat="46.505520" lon="13.454016">
        <ele>757.342944</ele>
        <time>2026-07-28T22:17:56.010Z</time>
      </trkpt>
      <trkpt lat="46.505648" lon="13.454646">
        <ele>758.495502</ele>
        <time>2026-07-28T22:18:10.221Z</time>
      </trkpt>
      <trkpt lat="46.505793" lon="13.455089">
        <ele>758.648456</ele>
        <time>2026-07-28T22:18:16.710Z</time>
      </trkpt>
      <trkpt lat="46.506095" lon="13.455672">
        <ele>758.875968</ele>
        <time>2026-07-28T22:18:22.878Z</time>
      </trkpt>
      <trkpt lat="46.506425" lon="13.456058">
        <ele>759.067892</ele>
        <time>2026-07-28T22:18:27.947Z</time>
      </trkpt>
      <trkpt lat="46.507420" lon="13.457013">
        <ele>758.352113</ele>
        <time>2026-07-28T22:18:43.104Z</time>
      </trkpt>
      <trkpt lat="46.507804" lon="13.457615">
        <ele>757.806892</ele>
        <time>2026-07-28T22:18:50.273Z</time>
      </trkpt>
      <trkpt lat="46.507892" lon="13.457793">
        <ele>757.661310</ele>
        <time>2026-07-28T22:18:52.072Z</time>
      </trkpt>
      <trkpt lat="46.508158" lon="13.458565">
        <ele>757.207937</ele>
        <time>2026-07-28T22:18:58.866Z</time>
      </trkpt>
      <trkpt lat="46.508271" lon="13.459191">
        <ele>756.912819</ele>
        <time>2026-07-28T22:19:03.986Z</time>
      </trkpt>
      <trkpt lat="46.508425" lon="13.460337">
        <ele>756.380362</ele>
        <time>2026-07-28T22:19:13.968Z</time>
      </trkpt>
      <trkpt lat="46.508463" lon="13.460622">
        <ele>756.379445</ele>
        <time>2026-07-28T22:19:17.384Z</time>
      </trkpt>
      <trkpt lat="46.508843" lon="13.463508">
        <ele>760.375627</ele>
        <time>2026-07-28T22:20:08.505Z</time>
      </trkpt>
      <trkpt lat="46.508856" lon="13.463598">
        <ele>760.439739</ele>
        <time>2026-07-28T22:20:10.009Z</time>
      </trkpt>
      <trkpt lat="46.508922" lon="13.464085">
        <ele>760.785778</ele>
        <time>2026-07-28T22:20:17.306Z</time>
      </trkpt>
      <trkpt lat="46.509444" lon="13.468051">
        <ele>762.790166</ele>
        <time>2026-07-28T22:21:01.625Z</time>
      </trkpt>
      <trkpt lat="46.509454" lon="13.468165">
        <ele>762.831569</ele>
        <time>2026-07-28T22:21:03.145Z</time>
      </trkpt>
      <trkpt lat="46.509467" lon="13.468264">
        <ele>762.873060</ele>
        <time>2026-07-28T22:21:04.514Z</time>
      </trkpt>
      <trkpt lat="46.509740" lon="13.470467">
        <ele>765.031003</ele>
        <time>2026-07-28T22:21:38.750Z</time>
      </trkpt>
      <trkpt lat="46.509796" lon="13.471303">
        <ele>765.596332</ele>
        <time>2026-07-28T22:21:48.219Z</time>
      </trkpt>
      <trkpt lat="46.509793" lon="13.471606">
        <ele>765.732056</ele>
        <time>2026-07-28T22:21:51.769Z</time>
      </trkpt>
      <trkpt lat="46.509791" lon="13.471642">
        <ele>765.748232</ele>
        <time>2026-07-28T22:21:52.204Z</time>
      </trkpt>
      <trkpt lat="46.509786" lon="13.471851">
        <ele>765.841897</ele>
        <time>2026-07-28T22:21:54.860Z</time>
      </trkpt>
      <trkpt lat="46.509779" lon="13.471989">
        <ele>765.903874</ele>
        <time>2026-07-28T22:21:56.694Z</time>
      </trkpt>
      <trkpt lat="46.509679" lon="13.473180">
        <ele>766.441263</ele>
        <time>2026-07-28T22:22:12.172Z</time>
      </trkpt>
      <trkpt lat="46.509645" lon="13.474243">
        <ele>766.491351</ele>
        <time>2026-07-28T22:22:22.184Z</time>
      </trkpt>
      <trkpt lat="46.509634" lon="13.474585">
        <ele>766.464571</ele>
        <time>2026-07-28T22:22:25.228Z</time>
      </trkpt>
      <trkpt lat="46.509591" lon="13.477008">
        <ele>766.743462</ele>
        <time>2026-07-28T22:22:49.513Z</time>
      </trkpt>
      <trkpt lat="46.509535" lon="13.477703">
        <ele>767.028965</ele>
        <time>2026-07-28T22:22:57.839Z</time>
      </trkpt>
      <trkpt lat="46.509390" lon="13.478426">
        <ele>767.336225</ele>
        <time>2026-07-28T22:23:07.702Z</time>
      </trkpt>
      <trkpt lat="46.509066" lon="13.479660">
        <ele>768.566714</ele>
        <time>2026-07-28T22:23:26.236Z</time>
      </trkpt>
      <trkpt lat="46.508823" lon="13.480961">
        <ele>769.946485</ele>
        <time>2026-07-28T22:23:46.753Z</time>
      </trkpt>
      <trkpt lat="46.508777" lon="13.481202">
        <ele>770.148518</ele>
        <time>2026-07-28T22:23:51.320Z</time>
      </trkpt>
      <trkpt lat="46.508750" lon="13.481315">
        <ele>770.211419</ele>
        <time>2026-07-28T22:23:52.990Z</time>
      </trkpt>
      <trkpt lat="46.508742" lon="13.481356">
        <ele>770.233828</ele>
        <time>2026-07-28T22:23:53.571Z</time>
      </trkpt>
      <trkpt lat="46.508658" lon="13.481952">
        <ele>770.553740</ele>
        <time>2026-07-28T22:24:01.261Z</time>
      </trkpt>
      <trkpt lat="46.508398" lon="13.484671">
        <ele>771.998136</ele>
        <time>2026-07-28T22:24:32.747Z</time>
      </trkpt>
      <trkpt lat="46.508340" lon="13.485302">
        <ele>772.333441</ele>
        <time>2026-07-28T22:24:39.801Z</time>
      </trkpt>
      <trkpt lat="46.508288" lon="13.485964">
        <ele>772.684388</ele>
        <time>2026-07-28T22:24:48.680Z</time>
      </trkpt>
      <trkpt lat="46.508177" lon="13.486807">
        <ele>773.254685</ele>
        <time>2026-07-28T22:25:01.537Z</time>
      </trkpt>
      <trkpt lat="46.508053" lon="13.487456">
        <ele>773.752012</ele>
        <time>2026-07-28T22:25:10.667Z</time>
      </trkpt>
      <trkpt lat="46.507831" lon="13.488392">
        <ele>774.483018</ele>
        <time>2026-07-28T22:25:22.110Z</time>
      </trkpt>
      <trkpt lat="46.507680" lon="13.488966">
        <ele>775.147229</ele>
        <time>2026-07-28T22:25:29.588Z</time>
      </trkpt>
      <trkpt lat="46.507319" lon="13.490063">
        <ele>777.191260</ele>
        <time>2026-07-28T22:25:48.256Z</time>
      </trkpt>
      <trkpt lat="46.506473" lon="13.491965">
        <ele>781.897588</ele>
        <time>2026-07-28T22:26:34.100Z</time>
      </trkpt>
      <trkpt lat="46.505805" lon="13.493274">
        <ele>785.604247</ele>
        <time>2026-07-28T22:27:11.224Z</time>
      </trkpt>
      <trkpt lat="46.505511" lon="13.493609">
        <ele>785.049988</ele>
        <time>2026-07-28T22:27:17.357Z</time>
      </trkpt>
      <trkpt lat="46.505269" lon="13.493839">
        <ele>784.621009</ele>
        <time>2026-07-28T22:27:20.378Z</time>
      </trkpt>
      <trkpt lat="46.503912" lon="13.494954">
        <ele>783.006642</ele>
        <time>2026-07-28T22:27:36.067Z</time>
      </trkpt>
      <trkpt lat="46.503665" lon="13.495175">
        <ele>782.984163</ele>
        <time>2026-07-28T22:27:41.036Z</time>
      </trkpt>
      <trkpt lat="46.503108" lon="13.495800">
        <ele>782.929624</ele>
        <time>2026-07-28T22:27:59.329Z</time>
      </trkpt>
      <trkpt lat="46.501911" lon="13.497198">
        <ele>782.498253</ele>
        <time>2026-07-28T22:28:20.364Z</time>
      </trkpt>
      <trkpt lat="46.501830" lon="13.497298">
        <ele>782.462972</ele>
        <time>2026-07-28T22:28:22.064Z</time>
      </trkpt>
      <trkpt lat="46.501718" lon="13.497471">
        <ele>782.408713</ele>
        <time>2026-07-28T22:28:23.905Z</time>
      </trkpt>
      <trkpt lat="46.501615" lon="13.497724">
        <ele>782.341558</ele>
        <time>2026-07-28T22:28:26.213Z</time>
      </trkpt>
      <trkpt lat="46.501472" lon="13.497890">
        <ele>782.377582</ele>
        <time>2026-07-28T22:28:28.680Z</time>
      </trkpt>
      <trkpt lat="46.501357" lon="13.498120">
        <ele>782.537463</ele>
        <time>2026-07-28T22:28:31.820Z</time>
      </trkpt>
      <trkpt lat="46.501163" lon="13.498612">
        <ele>782.856358</ele>
        <time>2026-07-28T22:28:38.568Z</time>
      </trkpt>
      <trkpt lat="46.501080" lon="13.499092">
        <ele>783.134708</ele>
        <time>2026-07-28T22:28:44.895Z</time>
      </trkpt>
      <trkpt lat="46.501074" lon="13.499173">
        <ele>783.180527</ele>
        <time>2026-07-28T22:28:45.963Z</time>
      </trkpt>
      <trkpt lat="46.501052" lon="13.499404">
        <ele>783.311684</ele>
        <time>2026-07-28T22:28:49.075Z</time>
      </trkpt>
      <trkpt lat="46.501041" lon="13.499495">
        <ele>783.363648</ele>
        <time>2026-07-28T22:28:50.316Z</time>
      </trkpt>
      <trkpt lat="46.500961" lon="13.500188">
        <ele>783.758849</ele>
        <time>2026-07-28T22:29:00.191Z</time>
      </trkpt>
      <trkpt lat="46.501030" lon="13.501224">
        <ele>785.903283</ele>
        <time>2026-07-28T22:29:17.141Z</time>
      </trkpt>
      <trkpt lat="46.501016" lon="13.501298">
        <ele>786.065365</ele>
        <time>2026-07-28T22:29:18.548Z</time>
      </trkpt>
      <trkpt lat="46.501003" lon="13.501361">
        <ele>786.204270</ele>
        <time>2026-07-28T22:29:19.783Z</time>
      </trkpt>
      <trkpt lat="46.501004" lon="13.501449">
        <ele>786.390149</ele>
        <time>2026-07-28T22:29:21.473Z</time>
      </trkpt>
      <trkpt lat="46.501070" lon="13.501549">
        <ele>786.682743</ele>
        <time>2026-07-28T22:29:24.776Z</time>
      </trkpt>
      <trkpt lat="46.501158" lon="13.501840">
        <ele>787.354022</ele>
        <time>2026-07-28T22:29:32.856Z</time>
      </trkpt>
      <trkpt lat="46.501449" lon="13.502656">
        <ele>789.294941</ele>
        <time>2026-07-28T22:29:53.492Z</time>
      </trkpt>
      <trkpt lat="46.502504" lon="13.505325">
        <ele>794.736665</ele>
        <time>2026-07-28T22:30:46.753Z</time>
      </trkpt>
      <trkpt lat="46.502687" lon="13.505861">
        <ele>795.323196</ele>
        <time>2026-07-28T22:30:55.834Z</time>
      </trkpt>
      <trkpt lat="46.502867" lon="13.506526">
        <ele>796.023690</ele>
        <time>2026-07-28T22:31:05.019Z</time>
      </trkpt>
      <trkpt lat="46.502971" lon="13.507133">
        <ele>796.636889</ele>
        <time>2026-07-28T22:31:12.294Z</time>
      </trkpt>
      <trkpt lat="46.503026" lon="13.507641">
        <ele>797.229050</ele>
        <time>2026-07-28T22:31:18.588Z</time>
      </trkpt>
      <trkpt lat="46.503056" lon="13.508377">
        <ele>798.165834</ele>
        <time>2026-07-28T22:31:28.950Z</time>
      </trkpt>
      <trkpt lat="46.503047" lon="13.508963">
        <ele>798.910578</ele>
        <time>2026-07-28T22:31:38.301Z</time>
      </trkpt>
      <trkpt lat="46.502913" lon="13.510532">
        <ele>802.118692</ele>
        <time>2026-07-28T22:32:05.175Z</time>
      </trkpt>
      <trkpt lat="46.502847" lon="13.511545">
        <ele>805.463594</ele>
        <time>2026-07-28T22:32:25.754Z</time>
      </trkpt>
      <trkpt lat="46.502880" lon="13.512637">
        <ele>809.300298</ele>
        <time>2026-07-28T22:32:57.734Z</time>
      </trkpt>
      <trkpt lat="46.502955" lon="13.513230">
        <ele>812.875533</ele>
        <time>2026-07-28T22:33:17.848Z</time>
      </trkpt>
      <trkpt lat="46.503435" lon="13.515240">
        <ele>824.655938</ele>
        <time>2026-07-28T22:34:35.770Z</time>
      </trkpt>
      <trkpt lat="46.503585" lon="13.515964">
        <ele>826.124645</ele>
        <time>2026-07-28T22:34:55.765Z</time>
      </trkpt>
      <trkpt lat="46.503687" lon="13.516841">
        <ele>827.852372</ele>
        <time>2026-07-28T22:35:07.561Z</time>
      </trkpt>
      <trkpt lat="46.503762" lon="13.518154">
        <ele>828.396279</ele>
        <time>2026-07-28T22:35:18.898Z</time>
      </trkpt>
      <trkpt lat="46.503791" lon="13.518380">
        <ele>828.014620</ele>
        <time>2026-07-28T22:35:20.542Z</time>
      </trkpt>
      <trkpt lat="46.503860" lon="13.518757">
        <ele>827.366993</ele>
        <time>2026-07-28T22:35:23.174Z</time>
      </trkpt>
      <trkpt lat="46.504033" lon="13.519297">
        <ele>826.378160</ele>
        <time>2026-07-28T22:35:27.168Z</time>
      </trkpt>
      <trkpt lat="46.504663" lon="13.520779">
        <ele>822.810943</ele>
        <time>2026-07-28T22:35:40.399Z</time>
      </trkpt>
      <trkpt lat="46.504705" lon="13.520900">
        <ele>822.484683</ele>
        <time>2026-07-28T22:35:41.287Z</time>
      </trkpt>
      <trkpt lat="46.504814" lon="13.521236">
        <ele>821.590404</ele>
        <time>2026-07-28T22:35:43.669Z</time>
      </trkpt>
      <trkpt lat="46.505324" lon="13.522791">
        <ele>818.700046</ele>
        <time>2026-07-28T22:35:55.060Z</time>
      </trkpt>
      <trkpt lat="46.505618" lon="13.523887">
        <ele>818.710539</ele>
        <time>2026-07-28T22:36:08.071Z</time>
      </trkpt>
      <trkpt lat="46.505663" lon="13.524169">
        <ele>818.713121</ele>
        <time>2026-07-28T22:36:13.100Z</time>
      </trkpt>
      <trkpt lat="46.505674" lon="13.524429">
        <ele>818.715445</ele>
        <time>2026-07-28T22:36:18.054Z</time>
      </trkpt>
      <trkpt lat="46.505663" lon="13.525581">
        <ele>818.516886</ele>
        <time>2026-07-28T22:36:39.125Z</time>
      </trkpt>
      <trkpt lat="46.505659" lon="13.525683">
        <ele>818.490624</ele>
        <time>2026-07-28T22:36:40.444Z</time>
      </trkpt>
      <trkpt lat="46.505694" lon="13.526636">
        <ele>818.245309</ele>
        <time>2026-07-28T22:36:48.384Z</time>
      </trkpt>
      <trkpt lat="46.505976" lon="13.528644">
        <ele>816.450578</ele>
        <time>2026-07-28T22:37:02.836Z</time>
      </trkpt>
      <trkpt lat="46.506183" lon="13.531102">
        <ele>811.683176</ele>
        <time>2026-07-28T22:37:24.364Z</time>
      </trkpt>
      <trkpt lat="46.506319" lon="13.531748">
        <ele>809.848211</ele>
        <time>2026-07-28T22:37:28.697Z</time>
      </trkpt>
      <trkpt lat="46.506484" lon="13.532200">
        <ele>808.458461</ele>
        <time>2026-07-28T22:37:31.826Z</time>
      </trkpt>
      <trkpt lat="46.506601" lon="13.532425">
        <ele>807.692485</ele>
        <time>2026-07-28T22:37:33.537Z</time>
      </trkpt>
      <trkpt lat="46.506886" lon="13.532857">
        <ele>806.440293</ele>
        <time>2026-07-28T22:37:37.219Z</time>
      </trkpt>
      <trkpt lat="46.507310" lon="13.533298">
        <ele>804.857441</ele>
        <time>2026-07-28T22:37:42.387Z</time>
      </trkpt>
      <trkpt lat="46.507940" lon="13.533709">
        <ele>802.761135</ele>
        <time>2026-07-28T22:37:50.728Z</time>
      </trkpt>
      <trkpt lat="46.508209" lon="13.533900">
        <ele>802.300730</ele>
        <time>2026-07-28T22:37:55.930Z</time>
      </trkpt>
      <trkpt lat="46.508559" lon="13.534171">
        <ele>802.548756</ele>
        <time>2026-07-28T22:38:06.311Z</time>
      </trkpt>
      <trkpt lat="46.508628" lon="13.534191">
        <ele>802.592759</ele>
        <time>2026-07-28T22:38:08.100Z</time>
      </trkpt>
      <trkpt lat="46.508666" lon="13.534155">
        <ele>802.621129</ele>
        <time>2026-07-28T22:38:09.278Z</time>
      </trkpt>
      <trkpt lat="46.508718" lon="13.534169">
        <ele>802.654202</ele>
        <time>2026-07-28T22:38:10.635Z</time>
      </trkpt>
      <trkpt lat="46.508708" lon="13.534248">
        <ele>802.688776</ele>
        <time>2026-07-28T22:38:11.761Z</time>
      </trkpt>
      <trkpt lat="46.508705" lon="13.534297">
        <ele>802.709950</ele>
        <time>2026-07-28T22:38:12.461Z</time>
      </trkpt>
      <trkpt lat="46.508708" lon="13.534492">
        <ele>802.793903</ele>
        <time>2026-07-28T22:38:15.203Z</time>
      </trkpt>
      <trkpt lat="46.508844" lon="13.534611">
        <ele>802.893188</ele>
        <time>2026-07-28T22:38:18.412Z</time>
      </trkpt>
      <trkpt lat="46.508966" lon="13.534840">
        <ele>803.017833</ele>
        <time>2026-07-28T22:38:22.144Z</time>
      </trkpt>
      <trkpt lat="46.509167" lon="13.535337">
        <ele>803.265950</ele>
        <time>2026-07-28T22:38:28.017Z</time>
      </trkpt>
      <trkpt lat="46.509273" lon="13.535693">
        <ele>803.302580</ele>
        <time>2026-07-28T22:38:31.668Z</time>
      </trkpt>
      <trkpt lat="46.510551" lon="13.542438">
        <ele>801.630708</ele>
        <time>2026-07-28T22:39:37.032Z</time>
      </trkpt>
      <trkpt lat="46.510636" lon="13.542964">
        <ele>801.500140</ele>
        <time>2026-07-28T22:39:42.364Z</time>
      </trkpt>
      <trkpt lat="46.510689" lon="13.543704">
        <ele>801.090879</ele>
        <time>2026-07-28T22:39:49.438Z</time>
      </trkpt>
      <trkpt lat="46.510625" lon="13.545507">
        <ele>800.002099</ele>
        <time>2026-07-28T22:40:05.261Z</time>
      </trkpt>
      <trkpt lat="46.510536" lon="13.546179">
        <ele>798.899192</ele>
        <time>2026-07-28T22:40:10.324Z</time>
      </trkpt>
      <trkpt lat="46.510480" lon="13.546425">
        <ele>798.393075</ele>
        <time>2026-07-28T22:40:12.169Z</time>
      </trkpt>
      <trkpt lat="46.510185" lon="13.547750">
        <ele>795.672877</ele>
        <time>2026-07-28T22:40:21.918Z</time>
      </trkpt>
      <trkpt lat="46.509994" lon="13.548710">
        <ele>793.701242</ele>
        <time>2026-07-28T22:40:28.779Z</time>
      </trkpt>
      <trkpt lat="46.509946" lon="13.549355">
        <ele>792.410756</ele>
        <time>2026-07-28T22:40:33.275Z</time>
      </trkpt>
      <trkpt lat="46.509939" lon="13.549478">
        <ele>792.165254</ele>
        <time>2026-07-28T22:40:34.148Z</time>
      </trkpt>
      <trkpt lat="46.509929" lon="13.549640">
        <ele>791.841717</ele>
        <time>2026-07-28T22:40:35.301Z</time>
      </trkpt>
      <trkpt lat="46.509667" lon="13.553623">
        <ele>784.996648</ele>
        <time>2026-07-28T22:41:04.742Z</time>
      </trkpt>
      <trkpt lat="46.509553" lon="13.555091">
        <ele>782.726175</ele>
        <time>2026-07-28T22:41:15.522Z</time>
      </trkpt>
      <trkpt lat="46.509512" lon="13.555245">
        <ele>782.472401</ele>
        <time>2026-07-28T22:41:16.749Z</time>
      </trkpt>
      <trkpt lat="46.509230" lon="13.558535">
        <ele>777.940826</ele>
        <time>2026-07-28T22:41:42.324Z</time>
      </trkpt>
      <trkpt lat="46.509102" lon="13.559299">
        <ele>776.099585</ele>
        <time>2026-07-28T22:41:47.978Z</time>
      </trkpt>
      <trkpt lat="46.509049" lon="13.559708">
        <ele>775.118935</ele>
        <time>2026-07-28T22:41:50.835Z</time>
      </trkpt>
      <trkpt lat="46.508912" lon="13.560348">
        <ele>773.539659</ele>
        <time>2026-07-28T22:41:55.338Z</time>
      </trkpt>
      <trkpt lat="46.508893" lon="13.560461">
        <ele>773.265568</ele>
        <time>2026-07-28T22:41:56.108Z</time>
      </trkpt>
      <trkpt lat="46.508508" lon="13.562306">
        <ele>769.663279</ele>
        <time>2026-07-28T22:42:09.076Z</time>
      </trkpt>
      <trkpt lat="46.508413" lon="13.562601">
        <ele>769.132838</ele>
        <time>2026-07-28T22:42:11.536Z</time>
      </trkpt>
      <trkpt lat="46.508015" lon="13.563617">
        <ele>767.210868</ele>
        <time>2026-07-28T22:42:22.750Z</time>
      </trkpt>
      <trkpt lat="46.507935" lon="13.563863">
        <ele>766.739555</ele>
        <time>2026-07-28T22:42:25.261Z</time>
      </trkpt>
      <trkpt lat="46.507832" lon="13.564331">
        <ele>765.888413</ele>
        <time>2026-07-28T22:42:29.307Z</time>
      </trkpt>
      <trkpt lat="46.507782" lon="13.564825">
        <ele>765.023466</ele>
        <time>2026-07-28T22:42:32.948Z</time>
      </trkpt>
      <trkpt lat="46.507767" lon="13.566120">
        <ele>762.806857</ele>
        <time>2026-07-28T22:42:41.599Z</time>
      </trkpt>
      <trkpt lat="46.507679" lon="13.566875">
        <ele>761.654942</ele>
        <time>2026-07-28T22:42:46.731Z</time>
      </trkpt>
      <trkpt lat="46.507462" lon="13.567806">
        <ele>760.176306</ele>
        <time>2026-07-28T22:42:55.576Z</time>
      </trkpt>
      <trkpt lat="46.506882" lon="13.570327">
        <ele>755.569685</ele>
        <time>2026-07-28T22:43:16.101Z</time>
      </trkpt>
      <trkpt lat="46.506750" lon="13.570796">
        <ele>754.646320</ele>
        <time>2026-07-28T22:43:19.417Z</time>
      </trkpt>
      <trkpt lat="46.506567" lon="13.571251">
        <ele>753.589848</ele>
        <time>2026-07-28T22:43:22.754Z</time>
      </trkpt>
      <trkpt lat="46.506354" lon="13.571625">
        <ele>752.564810</ele>
        <time>2026-07-28T22:43:26.065Z</time>
      </trkpt>
      <trkpt lat="46.506204" lon="13.571819">
        <ele>751.948702</ele>
        <time>2026-07-28T22:43:28.027Z</time>
      </trkpt>
      <trkpt lat="46.505663" lon="13.572499">
        <ele>749.754029</ele>
        <time>2026-07-28T22:43:35.364Z</time>
      </trkpt>
      <trkpt lat="46.505598" lon="13.572578">
        <ele>749.494038</ele>
        <time>2026-07-28T22:43:36.509Z</time>
      </trkpt>
      <trkpt lat="46.505542" lon="13.572651">
        <ele>749.263217</ele>
        <time>2026-07-28T22:43:37.500Z</time>
      </trkpt>
      <trkpt lat="46.505430" lon="13.572827">
        <ele>748.767101</ele>
        <time>2026-07-28T22:43:39.637Z</time>
      </trkpt>
      <trkpt lat="46.505187" lon="13.573335">
        <ele>748.262582</ele>
        <time>2026-07-28T22:43:44.940Z</time>
      </trkpt>
      <trkpt lat="46.505161" lon="13.573412">
        <ele>748.192636</ele>
        <time>2026-07-28T22:43:45.533Z</time>
      </trkpt>
      <trkpt lat="46.505009" lon="13.573936">
        <ele>747.728892</ele>
        <time>2026-07-28T22:43:50.159Z</time>
      </trkpt>
      <trkpt lat="46.504914" lon="13.574593">
        <ele>747.181385</ele>
        <time>2026-07-28T22:43:57.161Z</time>
      </trkpt>
      <trkpt lat="46.504903" lon="13.574703">
        <ele>747.090734</ele>
        <time>2026-07-28T22:43:58.087Z</time>
      </trkpt>
      <trkpt lat="46.504891" lon="13.574807">
        <ele>747.004734</ele>
        <time>2026-07-28T22:43:58.955Z</time>
      </trkpt>
      <trkpt lat="46.504817" lon="13.575532">
        <ele>746.147244</ele>
        <time>2026-07-28T22:44:04.503Z</time>
      </trkpt>
      <trkpt lat="46.504642" lon="13.577338">
        <ele>743.017465</ele>
        <time>2026-07-28T22:44:17.688Z</time>
      </trkpt>
      <trkpt lat="46.504602" lon="13.577768">
        <ele>742.272845</ele>
        <time>2026-07-28T22:44:20.703Z</time>
      </trkpt>
      <trkpt lat="46.504576" lon="13.578591">
        <ele>741.738512</ele>
        <time>2026-07-28T22:44:26.498Z</time>
      </trkpt>
      <trkpt lat="46.504667" lon="13.579288">
        <ele>741.345460</ele>
        <time>2026-07-28T22:44:32.627Z</time>
      </trkpt>
      <trkpt lat="46.504740" lon="13.579655">
        <ele>741.133807</ele>
        <time>2026-07-28T22:44:36.235Z</time>
      </trkpt>
      <trkpt lat="46.504784" lon="13.579878">
        <ele>741.005280</ele>
        <time>2026-07-28T22:44:39.270Z</time>
      </trkpt>
      <trkpt lat="46.504816" lon="13.580096">
        <ele>740.881784</ele>
        <time>2026-07-28T22:44:43.383Z</time>
      </trkpt>
      <trkpt lat="46.504827" lon="13.580206">
        <ele>740.820200</ele>
        <time>2026-07-28T22:44:45.730Z</time>
      </trkpt>
      <trkpt lat="46.504842" lon="13.580376">
        <ele>740.725242</ele>
        <time>2026-07-28T22:44:49.614Z</time>
      </trkpt>
      <trkpt lat="46.504894" lon="13.580365">
        <ele>740.575931</ele>
        <time>2026-07-28T22:44:51.455Z</time>
      </trkpt>
      <trkpt lat="46.504992" lon="13.580329">
        <ele>740.173071</ele>
        <time>2026-07-28T22:44:54.611Z</time>
      </trkpt>
      <trkpt lat="46.505155" lon="13.580056">
        <ele>739.181702</ele>
        <time>2026-07-28T22:44:59.774Z</time>
      </trkpt>
      <trkpt lat="46.504928" lon="13.580135">
        <ele>738.251424</ele>
        <time>2026-07-28T22:45:01.971Z</time>
      </trkpt>
      <trkpt lat="46.504793" lon="13.580168">
        <ele>737.705833</ele>
        <time>2026-07-28T22:45:03.164Z</time>
      </trkpt>
      <trkpt lat="46.504677" lon="13.580214">
        <ele>737.226616</ele>
        <time>2026-07-28T22:45:04.192Z</time>
      </trkpt>
      <trkpt lat="46.504606" lon="13.580243">
        <ele>736.932683</ele>
        <time>2026-07-28T22:45:04.829Z</time>
      </trkpt>
      <trkpt lat="46.504457" lon="13.580288">
        <ele>736.326164</ele>
        <time>2026-07-28T22:45:06.170Z</time>
      </trkpt>
      <trkpt lat="46.504449" lon="13.580348">
        <ele>736.158516</ele>
        <time>2026-07-28T22:45:06.553Z</time>
      </trkpt>
      <trkpt lat="46.504375" lon="13.580747">
        <ele>735.024964</ele>
        <time>2026-07-28T22:45:09.311Z</time>
      </trkpt>
      <trkpt lat="46.504271" lon="13.581305">
        <ele>733.393662</ele>
        <time>2026-07-28T22:45:13.401Z</time>
      </trkpt>
      <trkpt lat="46.504256" lon="13.581385">
        <ele>733.065305</ele>
        <time>2026-07-28T22:45:13.964Z</time>
      </trkpt>
      <trkpt lat="46.504093" lon="13.582251">
        <ele>729.509888</ele>
        <time>2026-07-28T22:45:19.773Z</time>
      </trkpt>
      <trkpt lat="46.504036" lon="13.582536">
        <ele>728.334559</ele>
        <time>2026-07-28T22:45:21.625Z</time>
      </trkpt>
      <trkpt lat="46.503976" lon="13.582812">
        <ele>727.188331</ele>
        <time>2026-07-28T22:45:23.411Z</time>
      </trkpt>
      <trkpt lat="46.503921" lon="13.583212">
        <ele>725.572961</ele>
        <time>2026-07-28T22:45:25.919Z</time>
      </trkpt>
      <trkpt lat="46.503882" lon="13.583654">
        <ele>723.808237</ele>
        <time>2026-07-28T22:45:28.662Z</time>
      </trkpt>
      <trkpt lat="46.503878" lon="13.583823">
        <ele>723.171218</ele>
        <time>2026-07-28T22:45:29.735Z</time>
      </trkpt>
      <trkpt lat="46.503880" lon="13.583916">
        <ele>723.023047</ele>
        <time>2026-07-28T22:45:30.327Z</time>
      </trkpt>
      <trkpt lat="46.503876" lon="13.584533">
        <ele>722.040457</ele>
        <time>2026-07-28T22:45:34.331Z</time>
      </trkpt>
      <trkpt lat="46.503984" lon="13.585036">
        <ele>721.201384</ele>
        <time>2026-07-28T22:45:37.845Z</time>
      </trkpt>
      <trkpt lat="46.504002" lon="13.585187">
        <ele>720.957344</ele>
        <time>2026-07-28T22:45:38.916Z</time>
      </trkpt>
      <trkpt lat="46.504025" lon="13.585445">
        <ele>720.543059</ele>
        <time>2026-07-28T22:45:40.843Z</time>
      </trkpt>
      <trkpt lat="46.504086" lon="13.586127">
        <ele>719.447875</ele>
        <time>2026-07-28T22:45:46.931Z</time>
      </trkpt>
      <trkpt lat="46.504099" lon="13.586255">
        <ele>719.241834</ele>
        <time>2026-07-28T22:45:48.212Z</time>
      </trkpt>
      <trkpt lat="46.504114" lon="13.586398">
        <ele>719.076355</ele>
        <time>2026-07-28T22:45:49.448Z</time>
      </trkpt>
      <trkpt lat="46.504160" lon="13.586674">
        <ele>720.064619</ele>
        <time>2026-07-28T22:45:53.749Z</time>
      </trkpt>
      <trkpt lat="46.504004" lon="13.586850">
        <ele>721.063255</ele>
        <time>2026-07-28T22:46:02.339Z</time>
      </trkpt>
      <trkpt lat="46.503948" lon="13.586912">
        <ele>721.419236</ele>
        <time>2026-07-28T22:46:06.149Z</time>
      </trkpt>
      <trkpt lat="46.503929" lon="13.586934">
        <ele>721.542079</ele>
        <time>2026-07-28T22:46:07.515Z</time>
      </trkpt>
      <trkpt lat="46.503729" lon="13.587165">
        <ele>722.833906</ele>
        <time>2026-07-28T22:46:21.713Z</time>
      </trkpt>
      <trkpt lat="46.503683" lon="13.587252">
        <ele>723.215695</ele>
        <time>2026-07-28T22:46:26.556Z</time>
      </trkpt>
      <trkpt lat="46.503679" lon="13.587435">
        <ele>723.852879</ele>
        <time>2026-07-28T22:46:35.069Z</time>
      </trkpt>
      <trkpt lat="46.503724" lon="13.587702">
        <ele>724.809522</ele>
        <time>2026-07-28T22:46:45.530Z</time>
      </trkpt>
      <trkpt lat="46.503719" lon="13.587896">
        <ele>725.485139</ele>
        <time>2026-07-28T22:46:50.682Z</time>
      </trkpt>
      <trkpt lat="46.503660" lon="13.588291">
        <ele>726.891784</ele>
        <time>2026-07-28T22:46:58.336Z</time>
      </trkpt>
      <trkpt lat="46.503607" lon="13.588486">
        <ele>727.621400</ele>
        <time>2026-07-28T22:47:01.185Z</time>
      </trkpt>
      <trkpt lat="46.503464" lon="13.588700">
        <ele>728.297946</ele>
        <time>2026-07-28T22:47:03.948Z</time>
      </trkpt>
      <trkpt lat="46.503039" lon="13.589171">
        <ele>729.169556</ele>
        <time>2026-07-28T22:47:09.707Z</time>
      </trkpt>
      <trkpt lat="46.502925" lon="13.589270">
        <ele>729.386121</ele>
        <time>2026-07-28T22:47:11.366Z</time>
      </trkpt>
      <trkpt lat="46.502798" lon="13.589268">
        <ele>729.593219</ele>
        <time>2026-07-28T22:47:13.351Z</time>
      </trkpt>
      <trkpt lat="46.502420" lon="13.589003">
        <ele>730.277594</ele>
        <time>2026-07-28T22:47:24.669Z</time>
      </trkpt>
      <trkpt lat="46.502100" lon="13.588731">
        <ele>730.882131</ele>
        <time>2026-07-28T22:47:38.059Z</time>
      </trkpt>
      <trkpt lat="46.501583" lon="13.588400">
        <ele>731.271230</ele>
        <time>2026-07-28T22:47:55.068Z</time>
      </trkpt>
      <trkpt lat="46.501389" lon="13.588324">
        <ele>731.364720</ele>
        <time>2026-07-28T22:47:58.725Z</time>
      </trkpt>
      <trkpt lat="46.500905" lon="13.588263">
        <ele>731.590765</ele>
        <time>2026-07-28T22:48:03.987Z</time>
      </trkpt>
      <trkpt lat="46.500416" lon="13.588316">
        <ele>731.818923</ele>
        <time>2026-07-28T22:48:09.078Z</time>
      </trkpt>
      <trkpt lat="46.498686" lon="13.588504">
        <ele>733.617856</ele>
        <time>2026-07-28T22:48:47.516Z</time>
      </trkpt>
      <trkpt lat="46.497963" lon="13.588582">
        <ele>733.982863</ele>
        <time>2026-07-28T22:48:58.367Z</time>
      </trkpt>
      <trkpt lat="46.497707" lon="13.588580">
        <ele>734.041740</ele>
        <time>2026-07-28T22:49:01.884Z</time>
      </trkpt>
      <trkpt lat="46.496815" lon="13.588423">
        <ele>734.248386</ele>
        <time>2026-07-28T22:49:15.159Z</time>
      </trkpt>
      <trkpt lat="46.496302" lon="13.588325">
        <ele>736.173094</ele>
        <time>2026-07-28T22:49:24.362Z</time>
      </trkpt>
      <trkpt lat="46.496022" lon="13.588239">
        <ele>737.637099</ele>
        <time>2026-07-28T22:49:29.685Z</time>
      </trkpt>
      <trkpt lat="46.495841" lon="13.588106">
        <ele>738.674723</ele>
        <time>2026-07-28T22:49:34.004Z</time>
      </trkpt>
      <trkpt lat="46.495678" lon="13.587936">
        <ele>739.701203</ele>
        <time>2026-07-28T22:49:39.096Z</time>
      </trkpt>
      <trkpt lat="46.495390" lon="13.587550">
        <ele>741.705762</ele>
        <time>2026-07-28T22:49:54.824Z</time>
      </trkpt>
      <trkpt lat="46.495009" lon="13.586538">
        <ele>748.006216</ele>
        <time>2026-07-28T22:50:49.097Z</time>
      </trkpt>
      <trkpt lat="46.494929" lon="13.586391">
        <ele>749.312745</ele>
        <time>2026-07-28T22:51:00.010Z</time>
      </trkpt>
      <trkpt lat="46.494711" lon="13.586132">
        <ele>752.165133</ele>
        <time>2026-07-28T22:51:23.925Z</time>
      </trkpt>
      <trkpt lat="46.494532" lon="13.586019">
        <ele>754.141877</ele>
        <time>2026-07-28T22:51:39.850Z</time>
      </trkpt>
      <trkpt lat="46.494025" lon="13.585942">
        <ele>759.304843</ele>
        <time>2026-07-28T22:52:08.383Z</time>
      </trkpt>
      <trkpt lat="46.493603" lon="13.586116">
        <ele>760.979802</ele>
        <time>2026-07-28T22:52:14.252Z</time>
      </trkpt>
      <trkpt lat="46.493262" lon="13.586451">
        <ele>759.512701</ele>
        <time>2026-07-28T22:52:17.927Z</time>
      </trkpt>
      <trkpt lat="46.493067" lon="13.586538">
        <ele>758.785717</ele>
        <time>2026-07-28T22:52:19.736Z</time>
      </trkpt>
      <trkpt lat="46.491989" lon="13.586648">
        <ele>755.042830</ele>
        <time>2026-07-28T22:52:30.064Z</time>
      </trkpt>
      <trkpt lat="46.490734" lon="13.586932">
        <ele>751.894978</ele>
        <time>2026-07-28T22:52:44.467Z</time>
      </trkpt>
      <trkpt lat="46.490331" lon="13.586873">
        <ele>750.891142</ele>
        <time>2026-07-28T22:52:48.551Z</time>
      </trkpt>
      <trkpt lat="46.490118" lon="13.586755">
        <ele>750.699517</ele>
        <time>2026-07-28T22:52:50.800Z</time>
      </trkpt>
      <trkpt lat="46.489900" lon="13.586555">
        <ele>750.531610</ele>
        <time>2026-07-28T22:52:53.460Z</time>
      </trkpt>
      <trkpt lat="46.489668" lon="13.586242">
        <ele>750.325416</ele>
        <time>2026-07-28T22:52:57.582Z</time>
      </trkpt>
      <trkpt lat="46.489612" lon="13.586141">
        <ele>750.267276</ele>
        <time>2026-07-28T22:52:59.059Z</time>
      </trkpt>
      <trkpt lat="46.489156" lon="13.585552">
        <ele>749.869899</ele>
        <time>2026-07-28T22:53:10.575Z</time>
      </trkpt>
      <trkpt lat="46.489022" lon="13.585327">
        <ele>749.736519</ele>
        <time>2026-07-28T22:53:15.311Z</time>
      </trkpt>
      <trkpt lat="46.488703" lon="13.584636">
        <ele>749.442382</ele>
        <time>2026-07-28T22:53:24.461Z</time>
      </trkpt>
      <trkpt lat="46.488496" lon="13.584183">
        <ele>749.263175</ele>
        <time>2026-07-28T22:53:27.903Z</time>
      </trkpt>
      <trkpt lat="46.488360" lon="13.584037">
        <ele>749.182212</ele>
        <time>2026-07-28T22:53:29.413Z</time>
      </trkpt>
      <trkpt lat="46.488058" lon="13.583970">
        <ele>749.035956</ele>
        <time>2026-07-28T22:53:32.982Z</time>
      </trkpt>
      <trkpt lat="46.487996" lon="13.583947">
        <ele>749.005321</ele>
        <time>2026-07-28T22:53:34.758Z</time>
      </trkpt>
      <trkpt lat="46.487647" lon="13.583620">
        <ele>748.806492</ele>
        <time>2026-07-28T22:53:49.243Z</time>
      </trkpt>
      <trkpt lat="46.487149" lon="13.583243">
        <ele>751.106066</ele>
        <time>2026-07-28T22:54:06.454Z</time>
      </trkpt>
      <trkpt lat="46.487054" lon="13.583103">
        <ele>751.674985</ele>
        <time>2026-07-28T22:54:09.107Z</time>
      </trkpt>
      <trkpt lat="46.486897" lon="13.582601">
        <ele>753.270797</ele>
        <time>2026-07-28T22:54:15.141Z</time>
      </trkpt>
      <trkpt lat="46.486799" lon="13.582188">
        <ele>754.535147</ele>
        <time>2026-07-28T22:54:24.669Z</time>
      </trkpt>
      <trkpt lat="46.486589" lon="13.581841">
        <ele>755.872295</ele>
        <time>2026-07-28T22:54:39.558Z</time>
      </trkpt>
      <trkpt lat="46.486404" lon="13.581646">
        <ele>756.989666</ele>
        <time>2026-07-28T22:54:52.388Z</time>
      </trkpt>
      <trkpt lat="46.486126" lon="13.581245">
        <ele>759.182659</ele>
        <time>2026-07-28T22:55:11.153Z</time>
      </trkpt>
      <trkpt lat="46.485607" lon="13.580755">
        <ele>762.647370</ele>
        <time>2026-07-28T22:55:31.847Z</time>
      </trkpt>
      <trkpt lat="46.485418" lon="13.580444">
        <ele>764.245970</ele>
        <time>2026-07-28T22:55:42.228Z</time>
      </trkpt>
      <trkpt lat="46.485330" lon="13.580297">
        <ele>764.996658</ele>
        <time>2026-07-28T22:55:47.673Z</time>
      </trkpt>
      <trkpt lat="46.485121" lon="13.580064">
        <ele>766.431708</ele>
        <time>2026-07-28T22:55:57.659Z</time>
      </trkpt>
      <trkpt lat="46.484989" lon="13.579975">
        <ele>766.496231</ele>
        <time>2026-07-28T22:56:03.120Z</time>
      </trkpt>
      <trkpt lat="46.483985" lon="13.579619">
        <ele>766.954440</ele>
        <time>2026-07-28T22:56:17.578Z</time>
      </trkpt>
      <trkpt lat="46.483824" lon="13.579513">
        <ele>767.032813</ele>
        <time>2026-07-28T22:56:19.603Z</time>
      </trkpt>
      <trkpt lat="46.483649" lon="13.579368">
        <ele>767.122140</ele>
        <time>2026-07-28T22:56:21.888Z</time>
      </trkpt>
      <trkpt lat="46.483520" lon="13.579218">
        <ele>767.195407</ele>
        <time>2026-07-28T22:56:23.737Z</time>
      </trkpt>
      <trkpt lat="46.483111" lon="13.578675">
        <ele>768.400985</ele>
        <time>2026-07-28T22:56:30.414Z</time>
      </trkpt>
      <trkpt lat="46.482792" lon="13.578306">
        <ele>769.387752</ele>
        <time>2026-07-28T22:56:38.877Z</time>
      </trkpt>
      <trkpt lat="46.482256" lon="13.577917">
        <ele>770.837583</ele>
        <time>2026-07-28T22:56:58.745Z</time>
      </trkpt>
      <trkpt lat="46.481983" lon="13.577695">
        <ele>771.625107</ele>
        <time>2026-07-28T22:57:09.975Z</time>
      </trkpt>
      <trkpt lat="46.481572" lon="13.577257">
        <ele>775.083539</ele>
        <time>2026-07-28T22:57:28.424Z</time>
      </trkpt>
      <trkpt lat="46.481436" lon="13.577104">
        <ele>776.250624</ele>
        <time>2026-07-28T22:57:35.973Z</time>
      </trkpt>
      <trkpt lat="46.481229" lon="13.576771">
        <ele>778.346315</ele>
        <time>2026-07-28T22:57:50.193Z</time>
      </trkpt>
      <trkpt lat="46.481048" lon="13.576045">
        <ele>781.953239</ele>
        <time>2026-07-28T22:58:12.629Z</time>
      </trkpt>
      <trkpt lat="46.480961" lon="13.575533">
        <ele>784.385326</ele>
        <time>2026-07-28T22:58:26.714Z</time>
      </trkpt>
      <trkpt lat="46.480803" lon="13.575062">
        <ele>786.711939</ele>
        <time>2026-07-28T22:58:46.285Z</time>
      </trkpt>
      <trkpt lat="46.480652" lon="13.574780">
        <ele>788.298313</ele>
        <time>2026-07-28T22:59:02.494Z</time>
      </trkpt>
      <trkpt lat="46.480544" lon="13.574678">
        <ele>789.129148</ele>
        <time>2026-07-28T22:59:11.072Z</time>
      </trkpt>
      <trkpt lat="46.480209" lon="13.574504">
        <ele>791.423611</ele>
        <time>2026-07-28T22:59:31.708Z</time>
      </trkpt>
      <trkpt lat="46.480016" lon="13.574462">
        <ele>792.682177</ele>
        <time>2026-07-28T22:59:38.798Z</time>
      </trkpt>
      <trkpt lat="46.479859" lon="13.574479">
        <ele>793.697490</ele>
        <time>2026-07-28T22:59:43.069Z</time>
      </trkpt>
      <trkpt lat="46.479450" lon="13.574622">
        <ele>795.099923</ele>
        <time>2026-07-28T22:59:47.965Z</time>
      </trkpt>
      <trkpt lat="46.478867" lon="13.574869">
        <ele>794.038318</ele>
        <time>2026-07-28T22:59:53.498Z</time>
      </trkpt>
      <trkpt lat="46.478699" lon="13.574884">
        <ele>793.744089</ele>
        <time>2026-07-28T22:59:55.054Z</time>
      </trkpt>
      <trkpt lat="46.478545" lon="13.574801">
        <ele>793.456945</ele>
        <time>2026-07-28T22:59:56.621Z</time>
      </trkpt>
      <trkpt lat="46.478016" lon="13.574371">
        <ele>792.397208</ele>
        <time>2026-07-28T23:00:03.850Z</time>
      </trkpt>
      <trkpt lat="46.477057" lon="13.573263">
        <ele>798.596805</ele>
        <time>2026-07-28T23:00:50.460Z</time>
      </trkpt>
      <trkpt lat="46.476636" lon="13.572905">
        <ele>801.336409</ele>
        <time>2026-07-28T23:01:11.137Z</time>
      </trkpt>
      <trkpt lat="46.476103" lon="13.572607">
        <ele>804.867070</ele>
        <time>2026-07-28T23:01:36.530Z</time>
      </trkpt>
      <trkpt lat="46.475900" lon="13.572536">
        <ele>806.211350</ele>
        <time>2026-07-28T23:01:46.983Z</time>
      </trkpt>
      <trkpt lat="46.475336" lon="13.572529">
        <ele>809.842493</ele>
        <time>2026-07-28T23:02:14.325Z</time>
      </trkpt>
      <trkpt lat="46.475189" lon="13.572529">
        <ele>810.788873</ele>
        <time>2026-07-28T23:02:20.223Z</time>
      </trkpt>
      <trkpt lat="46.474145" lon="13.572599">
        <ele>812.868080</ele>
        <time>2026-07-28T23:02:51.306Z</time>
      </trkpt>
      <trkpt lat="46.473502" lon="13.572872">
        <ele>811.614679</ele>
        <time>2026-07-28T23:02:57.918Z</time>
      </trkpt>
      <trkpt lat="46.473191" lon="13.572913">
        <ele>811.030417</ele>
        <time>2026-07-28T23:03:00.696Z</time>
      </trkpt>
      <trkpt lat="46.472876" lon="13.572891">
        <ele>810.586110</ele>
        <time>2026-07-28T23:03:03.498Z</time>
      </trkpt>
      <trkpt lat="46.472666" lon="13.572778">
        <ele>810.725324</ele>
        <time>2026-07-28T23:03:05.612Z</time>
      </trkpt>
      <trkpt lat="46.472474" lon="13.572582">
        <ele>810.871218</ele>
        <time>2026-07-28T23:03:08.256Z</time>
      </trkpt>
      <trkpt lat="46.471640" lon="13.571204">
        <ele>811.656575</ele>
        <time>2026-07-28T23:03:44.937Z</time>
      </trkpt>
      <trkpt lat="46.470927" lon="13.570243">
        <ele>814.980551</ele>
        <time>2026-07-28T23:04:04.827Z</time>
      </trkpt>
      <trkpt lat="46.470840" lon="13.570148">
        <ele>815.358259</ele>
        <time>2026-07-28T23:04:05.932Z</time>
      </trkpt>
      <trkpt lat="46.470736" lon="13.570132">
        <ele>815.721133</ele>
        <time>2026-07-28T23:04:07.012Z</time>
      </trkpt>
      <trkpt lat="46.470707" lon="13.570137">
        <ele>815.822462</ele>
        <time>2026-07-28T23:04:07.332Z</time>
      </trkpt>
      <trkpt lat="46.470476" lon="13.570417">
        <ele>816.866561</ele>
        <time>2026-07-28T23:04:12.302Z</time>
      </trkpt>
      <trkpt lat="46.470438" lon="13.570512">
        <ele>817.129094</ele>
        <time>2026-07-28T23:04:15.466Z</time>
      </trkpt>
      <trkpt lat="46.470434" lon="13.570597">
        <ele>817.332694</ele>
        <time>2026-07-28T23:04:18.863Z</time>
      </trkpt>
      <trkpt lat="46.470495" lon="13.570900">
        <ele>818.271073</ele>
        <time>2026-07-28T23:04:34.513Z</time>
      </trkpt>
      <trkpt lat="46.470512" lon="13.571031">
        <ele>818.918166</ele>
        <time>2026-07-28T23:04:41.264Z</time>
      </trkpt>
      <trkpt lat="46.470498" lon="13.571445">
        <ele>820.930236</ele>
        <time>2026-07-28T23:05:01.648Z</time>
      </trkpt>
      <trkpt lat="46.470556" lon="13.571886">
        <ele>823.109631</ele>
        <time>2026-07-28T23:05:19.547Z</time>
      </trkpt>
      <trkpt lat="46.470602" lon="13.572009">
        <ele>823.789046</ele>
        <time>2026-07-28T23:05:24.351Z</time>
      </trkpt>
      <trkpt lat="46.470703" lon="13.572172">
        <ele>824.853376</ele>
        <time>2026-07-28T23:05:31.392Z</time>
      </trkpt>
      <trkpt lat="46.470766" lon="13.572237">
        <ele>825.398094</ele>
        <time>2026-07-28T23:05:34.828Z</time>
      </trkpt>
      <trkpt lat="46.470983" lon="13.572313">
        <ele>826.971398</ele>
        <time>2026-07-28T23:05:43.993Z</time>
      </trkpt>
      <trkpt lat="46.471018" lon="13.572366">
        <ele>827.327826</ele>
        <time>2026-07-28T23:05:45.924Z</time>
      </trkpt>
      <trkpt lat="46.471032" lon="13.572498">
        <ele>827.976131</ele>
        <time>2026-07-28T23:05:49.322Z</time>
      </trkpt>
      <trkpt lat="46.470969" lon="13.572586">
        <ele>828.592277</ele>
        <time>2026-07-28T23:05:52.334Z</time>
      </trkpt>
      <trkpt lat="46.470853" lon="13.572558">
        <ele>829.421078</ele>
        <time>2026-07-28T23:05:55.946Z</time>
      </trkpt>
      <trkpt lat="46.470334" lon="13.571823">
        <ele>829.431157</ele>
        <time>2026-07-28T23:06:07.045Z</time>
      </trkpt>
      <trkpt lat="46.470207" lon="13.571598">
        <ele>829.017907</ele>
        <time>2026-07-28T23:06:08.943Z</time>
      </trkpt>
      <trkpt lat="46.469934" lon="13.570974">
        <ele>827.967754</ele>
        <time>2026-07-28T23:06:13.533Z</time>
      </trkpt>
      <trkpt lat="46.469864" lon="13.570884">
        <ele>827.774904</ele>
        <time>2026-07-28T23:06:14.419Z</time>
      </trkpt>
      <trkpt lat="46.469705" lon="13.570779">
        <ele>827.414627</ele>
        <time>2026-07-28T23:06:16.172Z</time>
      </trkpt>
      <trkpt lat="46.469543" lon="13.570766">
        <ele>827.079981</ele>
        <time>2026-07-28T23:06:18.046Z</time>
      </trkpt>
      <trkpt lat="46.468990" lon="13.570884">
        <ele>829.037030</ele>
        <time>2026-07-28T23:06:28.406Z</time>
      </trkpt>
      <trkpt lat="46.468793" lon="13.570966">
        <ele>829.999906</ele>
        <time>2026-07-28T23:06:33.387Z</time>
      </trkpt>
      <trkpt lat="46.468691" lon="13.571025">
        <ele>830.515778</ele>
        <time>2026-07-28T23:06:36.307Z</time>
      </trkpt>
      <trkpt lat="46.468296" lon="13.571361">
        <ele>832.666718</ele>
        <time>2026-07-28T23:06:51.004Z</time>
      </trkpt>
      <trkpt lat="46.468146" lon="13.571445">
        <ele>833.422088</ele>
        <time>2026-07-28T23:06:57.301Z</time>
      </trkpt>
      <trkpt lat="46.467927" lon="13.571462">
        <ele>834.452514</ele>
        <time>2026-07-28T23:07:07.203Z</time>
      </trkpt>
      <trkpt lat="46.467540" lon="13.571429">
        <ele>838.138823</ele>
        <time>2026-07-28T23:07:30.302Z</time>
      </trkpt>
      <trkpt lat="46.467208" lon="13.571539">
        <ele>842.888640</ele>
        <time>2026-07-28T23:07:57.349Z</time>
      </trkpt>
      <trkpt lat="46.466938" lon="13.571693">
        <ele>846.934813</ele>
        <time>2026-07-28T23:08:24.359Z</time>
      </trkpt>
      <trkpt lat="46.466450" lon="13.572136">
        <ele>854.962507</ele>
        <time>2026-07-28T23:09:17.412Z</time>
      </trkpt>
      <trkpt lat="46.466305" lon="13.572209">
        <ele>857.103127</ele>
        <time>2026-07-28T23:09:28.692Z</time>
      </trkpt>
      <trkpt lat="46.465891" lon="13.572288">
        <ele>860.975697</ele>
        <time>2026-07-28T23:09:49.378Z</time>
      </trkpt>
      <trkpt lat="46.465800" lon="13.572280">
        <ele>861.259768</ele>
        <time>2026-07-28T23:09:52.115Z</time>
      </trkpt>
      <trkpt lat="46.465640" lon="13.572180">
        <ele>861.802555</ele>
        <time>2026-07-28T23:09:56.493Z</time>
      </trkpt>
      <trkpt lat="46.465440" lon="13.571943">
        <ele>862.606981</ele>
        <time>2026-07-28T23:10:01.318Z</time>
      </trkpt>
      <trkpt lat="46.465336" lon="13.571902">
        <ele>862.942775</ele>
        <time>2026-07-28T23:10:03.254Z</time>
      </trkpt>
      <trkpt lat="46.465216" lon="13.571927">
        <ele>863.320520</ele>
        <time>2026-07-28T23:10:05.635Z</time>
      </trkpt>
      <trkpt lat="46.465132" lon="13.572001">
        <ele>863.626677</ele>
        <time>2026-07-28T23:10:07.687Z</time>
      </trkpt>
      <trkpt lat="46.464738" lon="13.572534">
        <ele>865.304728</ele>
        <time>2026-07-28T23:10:18.484Z</time>
      </trkpt>
      <trkpt lat="46.464614" lon="13.572622">
        <ele>865.734799</ele>
        <time>2026-07-28T23:10:20.370Z</time>
      </trkpt>
      <trkpt lat="46.464429" lon="13.572683">
        <ele>866.445699</ele>
        <time>2026-07-28T23:10:22.697Z</time>
      </trkpt>
      <trkpt lat="46.464072" lon="13.572770">
        <ele>868.013501</ele>
        <time>2026-07-28T23:10:28.294Z</time>
      </trkpt>
      <trkpt lat="46.463801" lon="13.572930">
        <ele>869.280549</ele>
        <time>2026-07-28T23:10:37.031Z</time>
      </trkpt>
      <trkpt lat="46.463724" lon="13.572988">
        <ele>869.656252</ele>
        <time>2026-07-28T23:10:40.200Z</time>
      </trkpt>
      <trkpt lat="46.463525" lon="13.573089">
        <ele>870.569274</ele>
        <time>2026-07-28T23:10:48.720Z</time>
      </trkpt>
      <trkpt lat="46.462595" lon="13.573150">
        <ele>873.996291</ele>
        <time>2026-07-28T23:11:27.116Z</time>
      </trkpt>
      <trkpt lat="46.462099" lon="13.573279">
        <ele>874.512806</ele>
        <time>2026-07-28T23:11:50.311Z</time>
      </trkpt>
      <trkpt lat="46.461693" lon="13.573424">
        <ele>874.941383</ele>
        <time>2026-07-28T23:12:00.959Z</time>
      </trkpt>
      <trkpt lat="46.461542" lon="13.573518">
        <ele>875.109795</ele>
        <time>2026-07-28T23:12:02.574Z</time>
      </trkpt>
      <trkpt lat="46.461486" lon="13.573557">
        <ele>875.173460</ele>
        <time>2026-07-28T23:12:03.142Z</time>
      </trkpt>
      <trkpt lat="46.461392" lon="13.573622">
        <ele>875.280187</ele>
        <time>2026-07-28T23:12:04.081Z</time>
      </trkpt>
      <trkpt lat="46.461065" lon="13.573884">
        <ele>875.630134</ele>
        <time>2026-07-28T23:12:07.347Z</time>
      </trkpt>
      <trkpt lat="46.460507" lon="13.574216">
        <ele>874.333943</ele>
        <time>2026-07-28T23:12:13.054Z</time>
      </trkpt>
      <trkpt lat="46.459847" lon="13.574421">
        <ele>872.883232</ele>
        <time>2026-07-28T23:12:20.505Z</time>
      </trkpt>
      <trkpt lat="46.459321" lon="13.574458">
        <ele>871.825457</ele>
        <time>2026-07-28T23:12:30.521Z</time>
      </trkpt>
      <trkpt lat="46.457459" lon="13.574392">
        <ele>876.188706</ele>
        <time>2026-07-28T23:13:19.521Z</time>
      </trkpt>
      <trkpt lat="46.457317" lon="13.574423">
        <ele>876.369148</ele>
        <time>2026-07-28T23:13:22.677Z</time>
      </trkpt>
      <trkpt lat="46.457156" lon="13.574513">
        <ele>876.585942</ele>
        <time>2026-07-28T23:13:26.182Z</time>
      </trkpt>
      <trkpt lat="46.457059" lon="13.574582">
        <ele>876.721680</ele>
        <time>2026-07-28T23:13:28.200Z</time>
      </trkpt>
      <trkpt lat="46.456446" lon="13.575017">
        <ele>877.579087</ele>
        <time>2026-07-28T23:13:40.254Z</time>
      </trkpt>
      <trkpt lat="46.456350" lon="13.575068">
        <ele>877.707545</ele>
        <time>2026-07-28T23:13:42.253Z</time>
      </trkpt>
      <trkpt lat="46.455924" lon="13.575184">
        <ele>878.252189</ele>
        <time>2026-07-28T23:13:50.828Z</time>
      </trkpt>
      <trkpt lat="46.455194" lon="13.575282">
        <ele>879.035200</ele>
        <time>2026-07-28T23:14:03.906Z</time>
      </trkpt>
      <trkpt lat="46.454703" lon="13.575310">
        <ele>879.549264</ele>
        <time>2026-07-28T23:14:13.140Z</time>
      </trkpt>
      <trkpt lat="46.450842" lon="13.575235">
        <ele>885.221443</ele>
        <time>2026-07-28T23:15:29.791Z</time>
      </trkpt>
      <trkpt lat="46.450492" lon="13.575194">
        <ele>885.896132</ele>
        <time>2026-07-28T23:15:40.173Z</time>
      </trkpt>
      <trkpt lat="46.450012" lon="13.575050">
        <ele>887.194137</ele>
        <time>2026-07-28T23:15:55.752Z</time>
      </trkpt>
      <trkpt lat="46.449580" lon="13.574788">
        <ele>888.460369</ele>
        <time>2026-07-28T23:16:08.781Z</time>
      </trkpt>
      <trkpt lat="46.448891" lon="13.574193">
        <ele>890.628648</ele>
        <time>2026-07-28T23:16:27.598Z</time>
      </trkpt>
      <trkpt lat="46.448338" lon="13.573618">
        <ele>891.079782</ele>
        <time>2026-07-28T23:16:41.371Z</time>
      </trkpt>
      <trkpt lat="46.448248" lon="13.573542">
        <ele>891.122974</ele>
        <time>2026-07-28T23:16:43.141Z</time>
      </trkpt>
      <trkpt lat="46.447953" lon="13.573397">
        <ele>891.252171</ele>
        <time>2026-07-28T23:16:47.973Z</time>
      </trkpt>
      <trkpt lat="46.447810" lon="13.573353">
        <ele>891.312807</ele>
        <time>2026-07-28T23:16:49.951Z</time>
      </trkpt>
      <trkpt lat="46.447506" lon="13.573274">
        <ele>891.440916</ele>
        <time>2026-07-28T23:16:53.961Z</time>
      </trkpt>
      <trkpt lat="46.447223" lon="13.573265">
        <ele>891.558336</ele>
        <time>2026-07-28T23:16:57.576Z</time>
      </trkpt>
      <trkpt lat="46.445844" lon="13.573522">
        <ele>891.925291</ele>
        <time>2026-07-28T23:17:17.135Z</time>
      </trkpt>
      <trkpt lat="46.445516" lon="13.573513">
        <ele>892.010468</ele>
        <time>2026-07-28T23:17:23.455Z</time>
      </trkpt>
      <trkpt lat="46.444727" lon="13.573158">
        <ele>893.267587</ele>
        <time>2026-07-28T23:17:42.808Z</time>
      </trkpt>
      <trkpt lat="46.444497" lon="13.573099">
        <ele>893.672538</ele>
        <time>2026-07-28T23:17:48.678Z</time>
      </trkpt>
      <trkpt lat="46.444289" lon="13.573091">
        <ele>894.033291</ele>
        <time>2026-07-28T23:17:54.323Z</time>
      </trkpt>
      <trkpt lat="46.444167" lon="13.573096">
        <ele>894.244896</ele>
        <time>2026-07-28T23:17:57.650Z</time>
      </trkpt>
      <trkpt lat="46.443826" lon="13.573066">
        <ele>894.837201</ele>
        <time>2026-07-28T23:18:04.838Z</time>
      </trkpt>
      <trkpt lat="46.443559" lon="13.573005">
        <ele>895.304175</ele>
        <time>2026-07-28T23:18:08.770Z</time>
      </trkpt>
      <trkpt lat="46.443180" lon="13.572903">
        <ele>895.964948</ele>
        <time>2026-07-28T23:18:13.590Z</time>
      </trkpt>
      <trkpt lat="46.442521" lon="13.572719">
        <ele>897.115349</ele>
        <time>2026-07-28T23:18:28.913Z</time>
      </trkpt>
      <trkpt lat="46.442379" lon="13.572679">
        <ele>897.363314</ele>
        <time>2026-07-28T23:18:33.044Z</time>
      </trkpt>
      <trkpt lat="46.442256" lon="13.572645">
        <ele>897.577957</ele>
        <time>2026-07-28T23:18:36.648Z</time>
      </trkpt>
      <trkpt lat="46.439998" lon="13.572050">
        <ele>901.609145</ele>
        <time>2026-07-28T23:19:31.800Z</time>
      </trkpt>
      <trkpt lat="46.439993" lon="13.572046">
        <ele>901.610694</ele>
        <time>2026-07-28T23:19:31.868Z</time>
      </trkpt>
      <trkpt lat="46.439894" lon="13.571962">
        <ele>901.641804</ele>
        <time>2026-07-28T23:19:33.169Z</time>
      </trkpt>
      <trkpt lat="46.439775" lon="13.571448">
        <ele>901.743169</ele>
        <time>2026-07-28T23:19:36.967Z</time>
      </trkpt>
      <trkpt lat="46.439769" lon="13.571416">
        <ele>901.749369</ele>
        <time>2026-07-28T23:19:37.188Z</time>
      </trkpt>
      <trkpt lat="46.439670" lon="13.570876">
        <ele>901.853828</ele>
        <time>2026-07-28T23:19:41.294Z</time>
      </trkpt>
      <trkpt lat="46.439609" lon="13.570550">
        <ele>901.916977</ele>
        <time>2026-07-28T23:19:43.878Z</time>
      </trkpt>
      <trkpt lat="46.439562" lon="13.570317">
        <ele>901.962362</ele>
        <time>2026-07-28T23:19:46.529Z</time>
      </trkpt>
      <trkpt lat="46.439488" lon="13.569955">
        <ele>902.032950</ele>
        <time>2026-07-28T23:19:53.682Z</time>
      </trkpt>
      <trkpt lat="46.439367" lon="13.569672">
        <ele>902.469489</ele>
        <time>2026-07-28T23:20:01.066Z</time>
      </trkpt>
      <trkpt lat="46.439173" lon="13.569449">
        <ele>903.449896</ele>
        <time>2026-07-28T23:20:11.284Z</time>
      </trkpt>
      <trkpt lat="46.438745" lon="13.568964">
        <ele>905.601081</ele>
        <time>2026-07-28T23:20:31.068Z</time>
      </trkpt>
      <trkpt lat="46.438496" lon="13.568752">
        <ele>906.744714</ele>
        <time>2026-07-28T23:20:40.080Z</time>
      </trkpt>
      <trkpt lat="46.438224" lon="13.568572">
        <ele>907.928968</ele>
        <time>2026-07-28T23:20:47.895Z</time>
      </trkpt>
      <trkpt lat="46.437431" lon="13.568162">
        <ele>912.344841</ele>
        <time>2026-07-28T23:21:08.522Z</time>
      </trkpt>
      <trkpt lat="46.437049" lon="13.568078">
        <ele>914.674299</ele>
        <time>2026-07-28T23:21:23.924Z</time>
      </trkpt>
      <trkpt lat="46.436213" lon="13.568012">
        <ele>919.722184</ele>
        <time>2026-07-28T23:22:03.176Z</time>
      </trkpt>
      <trkpt lat="46.435839" lon="13.567991">
        <ele>922.464201</ele>
        <time>2026-07-28T23:22:21.772Z</time>
      </trkpt>
      <trkpt lat="46.435559" lon="13.568020">
        <ele>924.579805</ele>
        <time>2026-07-28T23:22:35.920Z</time>
      </trkpt>
      <trkpt lat="46.435017" lon="13.568242">
        <ele>928.824242</ele>
        <time>2026-07-28T23:23:02.917Z</time>
      </trkpt>
      <trkpt lat="46.434815" lon="13.568288">
        <ele>930.365260</ele>
        <time>2026-07-28T23:23:11.465Z</time>
      </trkpt>
      <trkpt lat="46.434300" lon="13.568220">
        <ele>934.112246</ele>
        <time>2026-07-28T23:23:31.164Z</time>
      </trkpt>
      <trkpt lat="46.434153" lon="13.568194">
        <ele>934.977762</ele>
        <time>2026-07-28T23:23:36.766Z</time>
      </trkpt>
      <trkpt lat="46.433957" lon="13.568166">
        <ele>936.128843</ele>
        <time>2026-07-28T23:23:44.281Z</time>
      </trkpt>
      <trkpt lat="46.433931" lon="13.568163">
        <ele>936.281282</ele>
        <time>2026-07-28T23:23:45.289Z</time>
      </trkpt>
      <trkpt lat="46.432330" lon="13.567997">
        <ele>946.368977</ele>
        <time>2026-07-28T23:24:45.663Z</time>
      </trkpt>
      <trkpt lat="46.431910" lon="13.567989">
        <ele>949.937924</ele>
        <time>2026-07-28T23:25:03.009Z</time>
      </trkpt>
      <trkpt lat="46.431754" lon="13.567952">
        <ele>951.281012</ele>
        <time>2026-07-28T23:25:10.059Z</time>
      </trkpt>
      <trkpt lat="46.431557" lon="13.567858">
        <ele>953.043067</ele>
        <time>2026-07-28T23:25:19.685Z</time>
      </trkpt>
      <trkpt lat="46.431474" lon="13.567776">
        <ele>953.896265</ele>
        <time>2026-07-28T23:25:24.622Z</time>
      </trkpt>
      <trkpt lat="46.431287" lon="13.567400">
        <ele>956.611596</ele>
        <time>2026-07-28T23:25:42.384Z</time>
      </trkpt>
      <trkpt lat="46.430833" lon="13.566456">
        <ele>962.595931</ele>
        <time>2026-07-28T23:26:34.558Z</time>
      </trkpt>
      <trkpt lat="46.430729" lon="13.566288">
        <ele>963.665959</ele>
        <time>2026-07-28T23:26:43.682Z</time>
      </trkpt>
      <trkpt lat="46.430638" lon="13.566204">
        <ele>964.407475</ele>
        <time>2026-07-28T23:26:49.245Z</time>
      </trkpt>
      <trkpt lat="46.430469" lon="13.566203">
        <ele>965.569370</ele>
        <time>2026-07-28T23:26:56.885Z</time>
      </trkpt>
      <trkpt lat="46.430115" lon="13.566474">
        <ele>968.321148</ele>
        <time>2026-07-28T23:27:10.725Z</time>
      </trkpt>
      <trkpt lat="46.429929" lon="13.566520">
        <ele>969.618355</ele>
        <time>2026-07-28T23:27:15.983Z</time>
      </trkpt>
      <trkpt lat="46.429741" lon="13.566431">
        <ele>970.977931</ele>
        <time>2026-07-28T23:27:21.307Z</time>
      </trkpt>
      <trkpt lat="46.429458" lon="13.566087">
        <ele>971.082187</ele>
        <time>2026-07-28T23:27:29.773Z</time>
      </trkpt>
      <trkpt lat="46.429349" lon="13.566045">
        <ele>970.786843</ele>
        <time>2026-07-28T23:27:31.285Z</time>
      </trkpt>
      <trkpt lat="46.429248" lon="13.566051">
        <ele>970.522124</ele>
        <time>2026-07-28T23:27:32.443Z</time>
      </trkpt>
      <trkpt lat="46.429143" lon="13.566106">
        <ele>970.229778</ele>
        <time>2026-07-28T23:27:33.600Z</time>
      </trkpt>
      <trkpt lat="46.428785" lon="13.566621">
        <ele>968.909521</ele>
        <time>2026-07-28T23:27:38.270Z</time>
      </trkpt>
      <trkpt lat="46.428593" lon="13.566961">
        <ele>968.116141</ele>
        <time>2026-07-28T23:27:41.053Z</time>
      </trkpt>
      <trkpt lat="46.428350" lon="13.567628">
        <ele>966.857942</ele>
        <time>2026-07-28T23:27:46.376Z</time>
      </trkpt>
      <trkpt lat="46.427768" lon="13.568470">
        <ele>965.477147</ele>
        <time>2026-07-28T23:27:55.528Z</time>
      </trkpt>
      <trkpt lat="46.427641" lon="13.568654">
        <ele>965.175623</ele>
        <time>2026-07-28T23:27:57.186Z</time>
      </trkpt>
      <trkpt lat="46.427493" lon="13.568876">
        <ele>964.817987</ele>
        <time>2026-07-28T23:27:59.181Z</time>
      </trkpt>
      <trkpt lat="46.427371" lon="13.569005">
        <ele>964.564372</ele>
        <time>2026-07-28T23:28:00.641Z</time>
      </trkpt>
      <trkpt lat="46.427034" lon="13.569142">
        <ele>964.180734</ele>
        <time>2026-07-28T23:28:05.599Z</time>
      </trkpt>
      <trkpt lat="46.426918" lon="13.569217">
        <ele>964.931381</ele>
        <time>2026-07-28T23:28:10.167Z</time>
      </trkpt>
      <trkpt lat="46.426808" lon="13.569333">
        <ele>965.735172</ele>
        <time>2026-07-28T23:28:16.386Z</time>
      </trkpt>
      <trkpt lat="46.426655" lon="13.569504">
        <ele>966.876744</ele>
        <time>2026-07-28T23:28:25.943Z</time>
      </trkpt>
      <trkpt lat="46.426449" lon="13.569686">
        <ele>968.302359</ele>
        <time>2026-07-28T23:28:37.625Z</time>
      </trkpt>
      <trkpt lat="46.426378" lon="13.569716">
        <ele>968.739455</ele>
        <time>2026-07-28T23:28:41.171Z</time>
      </trkpt>
      <trkpt lat="46.426172" lon="13.569738">
        <ele>969.960355</ele>
        <time>2026-07-28T23:28:50.123Z</time>
      </trkpt>
      <trkpt lat="46.425848" lon="13.569719">
        <ele>971.876986</ele>
        <time>2026-07-28T23:28:59.230Z</time>
      </trkpt>
      <trkpt lat="46.425237" lon="13.569855">
        <ele>976.489272</ele>
        <time>2026-07-28T23:29:18.549Z</time>
      </trkpt>
      <trkpt lat="46.425035" lon="13.569951">
        <ele>979.117682</ele>
        <time>2026-07-28T23:29:34.101Z</time>
      </trkpt>
      <trkpt lat="46.424875" lon="13.570102">
        <ele>981.477931</ele>
        <time>2026-07-28T23:29:52.553Z</time>
      </trkpt>
      <trkpt lat="46.424776" lon="13.570228">
        <ele>983.106422</ele>
        <time>2026-07-28T23:30:06.539Z</time>
      </trkpt>
      <trkpt lat="46.424549" lon="13.570664">
        <ele>987.763616</ele>
        <time>2026-07-28T23:30:46.088Z</time>
      </trkpt>
      <trkpt lat="46.424412" lon="13.570944">
        <ele>990.690330</ele>
        <time>2026-07-28T23:31:02.223Z</time>
      </trkpt>
      <trkpt lat="46.424338" lon="13.570995">
        <ele>991.703373</ele>
        <time>2026-07-28T23:31:06.480Z</time>
      </trkpt>
      <trkpt lat="46.424261" lon="13.571001">
        <ele>992.656878</ele>
        <time>2026-07-28T23:31:09.907Z</time>
      </trkpt>
      <trkpt lat="46.423689" lon="13.570618">
        <ele>998.403704</ele>
        <time>2026-07-28T23:31:31.998Z</time>
      </trkpt>
      <trkpt lat="46.423174" lon="13.570423">
        <ele>1001.200619</ele>
        <time>2026-07-28T23:31:48.599Z</time>
      </trkpt>
      <trkpt lat="46.422935" lon="13.570372">
        <ele>1002.470044</ele>
        <time>2026-07-28T23:31:52.613Z</time>
      </trkpt>
      <trkpt lat="46.422473" lon="13.570390">
        <ele>1004.898665</ele>
        <time>2026-07-28T23:31:58.565Z</time>
      </trkpt>
      <trkpt lat="46.422023" lon="13.570364">
        <ele>1009.230446</ele>
        <time>2026-07-28T23:32:16.639Z</time>
      </trkpt>
      <trkpt lat="46.421621" lon="13.570742">
        <ele>1017.126010</ele>
        <time>2026-07-28T23:33:07.561Z</time>
      </trkpt>
      <trkpt lat="46.421446" lon="13.570847">
        <ele>1020.247198</ele>
        <time>2026-07-28T23:33:28.113Z</time>
      </trkpt>
      <trkpt lat="46.421329" lon="13.570868">
        <ele>1022.190209</ele>
        <time>2026-07-28T23:33:40.751Z</time>
      </trkpt>
      <trkpt lat="46.421235" lon="13.570827">
        <ele>1023.807961</ele>
        <time>2026-07-28T23:33:51.207Z</time>
      </trkpt>
      <trkpt lat="46.420990" lon="13.570618">
        <ele>1028.492306</ele>
        <time>2026-07-28T23:34:21.949Z</time>
      </trkpt>
      <trkpt lat="46.420947" lon="13.570609">
        <ele>1029.208339</ele>
        <time>2026-07-28T23:34:26.575Z</time>
      </trkpt>
      <trkpt lat="46.420871" lon="13.570651">
        <ele>1030.548729</ele>
        <time>2026-07-28T23:34:33.117Z</time>
      </trkpt>
      <trkpt lat="46.420831" lon="13.570796">
        <ele>1032.323150</ele>
        <time>2026-07-28T23:34:38.888Z</time>
      </trkpt>
      <trkpt lat="46.420851" lon="13.570899">
        <ele>1033.538917</ele>
        <time>2026-07-28T23:34:42.110Z</time>
      </trkpt>
      <trkpt lat="46.420906" lon="13.570977">
        <ele>1034.806601</ele>
        <time>2026-07-28T23:34:44.984Z</time>
      </trkpt>
      <trkpt lat="46.421131" lon="13.571072">
        <ele>1035.567018</ele>
        <time>2026-07-28T23:34:49.919Z</time>
      </trkpt>
      <trkpt lat="46.421438" lon="13.571031">
        <ele>1034.766374</ele>
        <time>2026-07-28T23:34:52.439Z</time>
      </trkpt>
      <trkpt lat="46.421715" lon="13.571053">
        <ele>1034.045933</ele>
        <time>2026-07-28T23:34:54.704Z</time>
      </trkpt>
      <trkpt lat="46.422028" lon="13.570884">
        <ele>1033.178601</ele>
        <time>2026-07-28T23:34:57.587Z</time>
      </trkpt>
      <trkpt lat="46.422182" lon="13.570873">
        <ele>1032.778182</ele>
        <time>2026-07-28T23:34:59.358Z</time>
      </trkpt>
      <trkpt lat="46.422605" lon="13.570961">
        <ele>1031.668421</ele>
        <time>2026-07-28T23:35:16.139Z</time>
      </trkpt>
      <trkpt lat="46.423051" lon="13.570989">
        <ele>1032.749766</ele>
        <time>2026-07-28T23:35:38.684Z</time>
      </trkpt>
      <trkpt lat="46.424266" lon="13.571145">
        <ele>1038.354328</ele>
        <time>2026-07-28T23:36:10.878Z</time>
      </trkpt>
      <trkpt lat="46.424349" lon="13.571189">
        <ele>1038.760365</ele>
        <time>2026-07-28T23:36:14.135Z</time>
      </trkpt>
      <trkpt lat="46.424387" lon="13.571269">
        <ele>1039.068082</ele>
        <time>2026-07-28T23:36:16.494Z</time>
      </trkpt>
      <trkpt lat="46.424384" lon="13.571366">
        <ele>1039.375617</ele>
        <time>2026-07-28T23:36:18.914Z</time>
      </trkpt>
      <trkpt lat="46.424352" lon="13.571431">
        <ele>1039.663755</ele>
        <time>2026-07-28T23:36:20.978Z</time>
      </trkpt>
      <trkpt lat="46.424276" lon="13.571461">
        <ele>1040.302700</ele>
        <time>2026-07-28T23:36:24.049Z</time>
      </trkpt>
      <trkpt lat="46.424070" lon="13.571337">
        <ele>1042.111964</ele>
        <time>2026-07-28T23:36:33.887Z</time>
      </trkpt>
      <trkpt lat="46.423685" lon="13.571274">
        <ele>1045.254979</ele>
        <time>2026-07-28T23:36:51.786Z</time>
      </trkpt>
      <trkpt lat="46.423157" lon="13.571348">
        <ele>1049.558180</ele>
        <time>2026-07-28T23:37:23.753Z</time>
      </trkpt>
      <trkpt lat="46.422688" lon="13.571607">
        <ele>1053.629165</ele>
        <time>2026-07-28T23:37:47.331Z</time>
      </trkpt>
      <trkpt lat="46.422405" lon="13.571589">
        <ele>1057.663375</ele>
        <time>2026-07-28T23:37:51.761Z</time>
      </trkpt>
      <trkpt lat="46.422260" lon="13.571567">
        <ele>1060.017160</ele>
        <time>2026-07-28T23:37:56.836Z</time>
      </trkpt>
      <trkpt lat="46.422133" lon="13.571588">
        <ele>1062.080844</ele>
        <time>2026-07-28T23:38:03.778Z</time>
      </trkpt>
      <trkpt lat="46.421801" lon="13.571850">
        <ele>1068.182757</ele>
        <time>2026-07-28T23:38:43.971Z</time>
      </trkpt>
      <trkpt lat="46.421427" lon="13.572038">
        <ele>1074.573204</ele>
        <time>2026-07-28T23:39:26.943Z</time>
      </trkpt>
      <trkpt lat="46.421253" lon="13.572087">
        <ele>1077.434867</ele>
        <time>2026-07-28T23:39:45.696Z</time>
      </trkpt>
      <trkpt lat="46.421116" lon="13.572080">
        <ele>1079.648095</ele>
        <time>2026-07-28T23:39:57.478Z</time>
      </trkpt>
      <trkpt lat="46.420899" lon="13.571985">
        <ele>1083.255797</ele>
        <time>2026-07-28T23:40:09.698Z</time>
      </trkpt>
      <trkpt lat="46.420561" lon="13.571635">
        <ele>1086.300794</ele>
        <time>2026-07-28T23:40:14.733Z</time>
      </trkpt>
      <trkpt lat="46.420481" lon="13.571572">
        <ele>1086.968248</ele>
        <time>2026-07-28T23:40:15.577Z</time>
      </trkpt>
      <trkpt lat="46.420331" lon="13.571518">
        <ele>1088.101470</ele>
        <time>2026-07-28T23:40:17.148Z</time>
      </trkpt>
      <trkpt lat="46.420110" lon="13.571539">
        <ele>1089.725401</ele>
        <time>2026-07-28T23:40:21.042Z</time>
      </trkpt>
      <trkpt lat="46.419759" lon="13.571748">
        <ele>1092.507455</ele>
        <time>2026-07-28T23:40:37.270Z</time>
      </trkpt>
      <trkpt lat="46.419485" lon="13.571808">
        <ele>1094.539293</ele>
        <time>2026-07-28T23:40:58.123Z</time>
      </trkpt>
      <trkpt lat="46.419312" lon="13.571934">
        <ele>1095.958709</ele>
        <time>2026-07-28T23:41:12.778Z</time>
      </trkpt>
      <trkpt lat="46.419111" lon="13.572314">
        <ele>1098.709195</ele>
        <time>2026-07-28T23:41:36.714Z</time>
      </trkpt>
      <trkpt lat="46.419042" lon="13.572525">
        <ele>1100.086184</ele>
        <time>2026-07-28T23:41:45.628Z</time>
      </trkpt>
      <trkpt lat="46.419065" lon="13.572687">
        <ele>1101.061424</ele>
        <time>2026-07-28T23:41:50.856Z</time>
      </trkpt>
      <trkpt lat="46.419144" lon="13.572739">
        <ele>1101.803422</ele>
        <time>2026-07-28T23:41:54.258Z</time>
      </trkpt>
      <trkpt lat="46.419219" lon="13.572701">
        <ele>1102.482901</ele>
        <time>2026-07-28T23:41:56.967Z</time>
      </trkpt>
      <trkpt lat="46.419394" lon="13.572335">
        <ele>1105.109190</ele>
        <time>2026-07-28T23:42:05.564Z</time>
      </trkpt>
      <trkpt lat="46.419524" lon="13.572238">
        <ele>1106.359554</ele>
        <time>2026-07-28T23:42:09.756Z</time>
      </trkpt>
      <trkpt lat="46.419969" lon="13.572240">
        <ele>1110.165660</ele>
        <time>2026-07-28T23:42:28.663Z</time>
      </trkpt>
      <trkpt lat="46.420231" lon="13.572287">
        <ele>1112.652679</ele>
        <time>2026-07-28T23:42:43.300Z</time>
      </trkpt>
      <trkpt lat="46.420305" lon="13.572328">
        <ele>1113.573151</ele>
        <time>2026-07-28T23:42:48.092Z</time>
      </trkpt>
      <trkpt lat="46.420322" lon="13.572437">
        <ele>1114.468358</ele>
        <time>2026-07-28T23:42:53.008Z</time>
      </trkpt>
      <trkpt lat="46.420285" lon="13.572518">
        <ele>1115.246723</ele>
        <time>2026-07-28T23:42:57.489Z</time>
      </trkpt>
      <trkpt lat="46.420061" lon="13.572676">
        <ele>1118.141021</ele>
        <time>2026-07-28T23:43:14.975Z</time>
      </trkpt>
      <trkpt lat="46.419768" lon="13.573094">
        <ele>1122.916333</ele>
        <time>2026-07-28T23:43:45.875Z</time>
      </trkpt>
      <trkpt lat="46.419645" lon="13.573421">
        <ele>1125.900342</ele>
        <time>2026-07-28T23:44:05.520Z</time>
      </trkpt>
      <trkpt lat="46.419530" lon="13.574025">
        <ele>1130.919865</ele>
        <time>2026-07-28T23:44:31.764Z</time>
      </trkpt>
      <trkpt lat="46.419310" lon="13.574684">
        <ele>1135.709916</ele>
        <time>2026-07-28T23:44:51.709Z</time>
      </trkpt>
      <trkpt lat="46.419051" lon="13.575685">
        <ele>1142.028384</ele>
        <time>2026-07-28T23:45:26.698Z</time>
      </trkpt>
      <trkpt lat="46.418562" lon="13.577373">
        <ele>1148.633923</ele>
        <time>2026-07-28T23:46:33.303Z</time>
      </trkpt>
      <trkpt lat="46.418444" lon="13.577717">
        <ele>1148.887554</ele>
        <time>2026-07-28T23:46:41.126Z</time>
      </trkpt>
      <trkpt lat="46.418470" lon="13.577977">
        <ele>1149.060975</ele>
        <time>2026-07-28T23:46:45.175Z</time>
      </trkpt>
      <trkpt lat="46.418544" lon="13.578140">
        <ele>1149.189806</ele>
        <time>2026-07-28T23:46:47.253Z</time>
      </trkpt>
      <trkpt lat="46.418553" lon="13.578172">
        <ele>1149.212620</ele>
        <time>2026-07-28T23:46:47.539Z</time>
      </trkpt>
      <trkpt lat="46.418559" lon="13.578190">
        <ele>1149.225817</ele>
        <time>2026-07-28T23:46:47.702Z</time>
      </trkpt>
      <trkpt lat="46.418703" lon="13.578534">
        <ele>1149.491474</ele>
        <time>2026-07-28T23:46:50.457Z</time>
      </trkpt>
      <trkpt lat="46.418838" lon="13.578948">
        <ele>1149.793783</ele>
        <time>2026-07-28T23:46:53.213Z</time>
      </trkpt>
      <trkpt lat="46.418872" lon="13.579341">
        <ele>1148.447924</ele>
        <time>2026-07-28T23:46:55.537Z</time>
      </trkpt>
      <trkpt lat="46.418915" lon="13.579797">
        <ele>1146.620127</ele>
        <time>2026-07-28T23:46:58.249Z</time>
      </trkpt>
      <trkpt lat="46.419069" lon="13.580166">
        <ele>1144.907085</ele>
        <time>2026-07-28T23:47:00.887Z</time>
      </trkpt>
      <trkpt lat="46.419106" lon="13.580314">
        <ele>1144.281873</ele>
        <time>2026-07-28T23:47:01.852Z</time>
      </trkpt>
      <trkpt lat="46.419061" lon="13.580833">
        <ele>1142.204513</ele>
        <time>2026-07-28T23:47:05.152Z</time>
      </trkpt>
      <trkpt lat="46.419098" lon="13.581125">
        <ele>1141.025457</ele>
        <time>2026-07-28T23:47:07.262Z</time>
      </trkpt>
      <trkpt lat="46.419244" lon="13.581544">
        <ele>1139.287519</ele>
        <time>2026-07-28T23:47:12.965Z</time>
      </trkpt>
      <trkpt lat="46.419555" lon="13.582080">
        <ele>1137.664683</ele>
        <time>2026-07-28T23:47:23.527Z</time>
      </trkpt>
      <trkpt lat="46.419606" lon="13.582264">
        <ele>1137.205305</ele>
        <time>2026-07-28T23:47:24.874Z</time>
      </trkpt>
      <trkpt lat="46.419632" lon="13.582695">
        <ele>1136.203124</ele>
        <time>2026-07-28T23:47:27.682Z</time>
      </trkpt>
      <trkpt lat="46.419722" lon="13.582888">
        <ele>1135.663382</ele>
        <time>2026-07-28T23:47:29.196Z</time>
      </trkpt>
      <trkpt lat="46.420171" lon="13.583320">
        <ele>1133.852979</ele>
        <time>2026-07-28T23:47:35.425Z</time>
      </trkpt>
      <trkpt lat="46.420347" lon="13.583557">
        <ele>1132.542507</ele>
        <time>2026-07-28T23:47:37.651Z</time>
      </trkpt>
      <trkpt lat="46.420393" lon="13.583707">
        <ele>1131.651365</ele>
        <time>2026-07-28T23:47:38.619Z</time>
      </trkpt>
      <trkpt lat="46.420388" lon="13.583884">
        <ele>1130.689789</ele>
        <time>2026-07-28T23:47:39.643Z</time>
      </trkpt>
      <trkpt lat="46.420334" lon="13.584041">
        <ele>1129.737396</ele>
        <time>2026-07-28T23:47:40.645Z</time>
      </trkpt>
      <trkpt lat="46.420147" lon="13.584369">
        <ele>1127.426989</ele>
        <time>2026-07-28T23:47:43.065Z</time>
      </trkpt>
      <trkpt lat="46.420123" lon="13.584535">
        <ele>1126.506321</ele>
        <time>2026-07-28T23:47:44.039Z</time>
      </trkpt>
      <trkpt lat="46.420149" lon="13.584695">
        <ele>1125.614022</ele>
        <time>2026-07-28T23:47:44.983Z</time>
      </trkpt>
      <trkpt lat="46.420218" lon="13.584836">
        <ele>1124.675425</ele>
        <time>2026-07-28T23:47:45.998Z</time>
      </trkpt>
      <trkpt lat="46.420463" lon="13.585124">
        <ele>1122.192389</ele>
        <time>2026-07-28T23:47:48.883Z</time>
      </trkpt>
      <trkpt lat="46.420592" lon="13.585583">
        <ele>1119.501807</ele>
        <time>2026-07-28T23:47:56.667Z</time>
      </trkpt>
      <trkpt lat="46.420648" lon="13.585708">
        <ele>1118.745340</ele>
        <time>2026-07-28T23:47:59.963Z</time>
      </trkpt>
      <trkpt lat="46.420901" lon="13.585954">
        <ele>1116.570656</ele>
        <time>2026-07-28T23:48:04.764Z</time>
      </trkpt>
      <trkpt lat="46.420987" lon="13.586135">
        <ele>1115.488658</ele>
        <time>2026-07-28T23:48:06.193Z</time>
      </trkpt>
      <trkpt lat="46.420961" lon="13.586293">
        <ele>1114.689130</ele>
        <time>2026-07-28T23:48:07.180Z</time>
      </trkpt>
      <trkpt lat="46.420842" lon="13.586669">
        <ele>1112.652729</ele>
        <time>2026-07-28T23:48:09.584Z</time>
      </trkpt>
      <trkpt lat="46.420803" lon="13.587072">
        <ele>1110.649705</ele>
        <time>2026-07-28T23:48:11.908Z</time>
      </trkpt>
      <trkpt lat="46.420665" lon="13.587464">
        <ele>1108.483238</ele>
        <time>2026-07-28T23:48:14.462Z</time>
      </trkpt>
      <trkpt lat="46.420622" lon="13.587652">
        <ele>1107.508292</ele>
        <time>2026-07-28T23:48:15.654Z</time>
      </trkpt>
      <trkpt lat="46.420620" lon="13.588003">
        <ele>1106.067717</ele>
        <time>2026-07-28T23:48:17.955Z</time>
      </trkpt>
      <trkpt lat="46.420640" lon="13.588204">
        <ele>1105.519865</ele>
        <time>2026-07-28T23:48:19.497Z</time>
      </trkpt>
      <trkpt lat="46.420701" lon="13.588353">
        <ele>1105.052372</ele>
        <time>2026-07-28T23:48:21.337Z</time>
      </trkpt>
      <trkpt lat="46.420903" lon="13.588554">
        <ele>1104.093785</ele>
        <time>2026-07-28T23:48:25.282Z</time>
      </trkpt>
      <trkpt lat="46.420973" lon="13.588691">
        <ele>1103.633755</ele>
        <time>2026-07-28T23:48:26.720Z</time>
      </trkpt>
      <trkpt lat="46.421225" lon="13.589631">
        <ele>1100.912955</ele>
        <time>2026-07-28T23:48:33.598Z</time>
      </trkpt>
      <trkpt lat="46.421440" lon="13.590680">
        <ele>1097.165460</ele>
        <time>2026-07-28T23:48:40.777Z</time>
      </trkpt>
      <trkpt lat="46.421597" lon="13.591165">
        <ele>1094.908597</ele>
        <time>2026-07-28T23:48:44.331Z</time>
      </trkpt>
      <trkpt lat="46.422310" lon="13.592312">
        <ele>1088.403237</ele>
        <time>2026-07-28T23:48:54.126Z</time>
      </trkpt>
      <trkpt lat="46.422693" lon="13.592618">
        <ele>1083.057311</ele>
        <time>2026-07-28T23:48:57.865Z</time>
      </trkpt>
      <trkpt lat="46.422734" lon="13.592684">
        <ele>1082.306258</ele>
        <time>2026-07-28T23:48:58.372Z</time>
      </trkpt>
      <trkpt lat="46.422776" lon="13.592855">
        <ele>1080.771707</ele>
        <time>2026-07-28T23:48:59.402Z</time>
      </trkpt>
      <trkpt lat="46.422870" lon="13.593524">
        <ele>1075.000096</ele>
        <time>2026-07-28T23:49:03.277Z</time>
      </trkpt>
      <trkpt lat="46.422956" lon="13.593730">
        <ele>1072.964238</ele>
        <time>2026-07-28T23:49:04.647Z</time>
      </trkpt>
      <trkpt lat="46.423076" lon="13.593825">
        <ele>1071.287790</ele>
        <time>2026-07-28T23:49:05.794Z</time>
      </trkpt>
      <trkpt lat="46.423119" lon="13.593901">
        <ele>1070.456639</ele>
        <time>2026-07-28T23:49:06.368Z</time>
      </trkpt>
      <trkpt lat="46.423093" lon="13.594057">
        <ele>1069.099918</ele>
        <time>2026-07-28T23:49:07.332Z</time>
      </trkpt>
      <trkpt lat="46.422452" lon="13.595076">
        <ele>1063.390127</ele>
        <time>2026-07-28T23:49:15.715Z</time>
      </trkpt>
      <trkpt lat="46.422220" lon="13.595447">
        <ele>1061.990038</ele>
        <time>2026-07-28T23:49:20.719Z</time>
      </trkpt>
      <trkpt lat="46.421729" lon="13.596228">
        <ele>1059.032817</ele>
        <time>2026-07-28T23:49:44.102Z</time>
      </trkpt>
      <trkpt lat="46.421573" lon="13.596547">
        <ele>1056.010942</ele>
        <time>2026-07-28T23:49:46.464Z</time>
      </trkpt>
      <trkpt lat="46.421443" lon="13.596946">
        <ele>1052.601171</ele>
        <time>2026-07-28T23:49:48.962Z</time>
      </trkpt>
      <trkpt lat="46.420956" lon="13.598030">
        <ele>1042.604200</ele>
        <time>2026-07-28T23:49:56.285Z</time>
      </trkpt>
      <trkpt lat="46.420828" lon="13.598373">
        <ele>1039.590661</ele>
        <time>2026-07-28T23:49:58.648Z</time>
      </trkpt>
      <trkpt lat="46.420452" lon="13.599550">
        <ele>1034.473264</ele>
        <time>2026-07-28T23:50:08.754Z</time>
      </trkpt>
      <trkpt lat="46.420452" lon="13.599718">
        <ele>1033.859177</ele>
        <time>2026-07-28T23:50:10.076Z</time>
      </trkpt>
      <trkpt lat="46.420641" lon="13.600127">
        <ele>1032.059354</ele>
        <time>2026-07-28T23:50:13.771Z</time>
      </trkpt>
      <trkpt lat="46.420683" lon="13.600265">
        <ele>1031.507953</ele>
        <time>2026-07-28T23:50:14.800Z</time>
      </trkpt>
      <trkpt lat="46.420723" lon="13.600558">
        <ele>1030.416162</ele>
        <time>2026-07-28T23:50:16.704Z</time>
      </trkpt>
      <trkpt lat="46.420718" lon="13.600710">
        <ele>1029.859930</ele>
        <time>2026-07-28T23:50:17.636Z</time>
      </trkpt>
      <trkpt lat="46.420553" lon="13.601498">
        <ele>1023.845844</ele>
        <time>2026-07-28T23:50:22.419Z</time>
      </trkpt>
      <trkpt lat="46.420385" lon="13.602007">
        <ele>1019.295559</ele>
        <time>2026-07-28T23:50:25.627Z</time>
      </trkpt>
      <trkpt lat="46.420220" lon="13.602444">
        <ele>1015.278061</ele>
        <time>2026-07-28T23:50:28.502Z</time>
      </trkpt>
      <trkpt lat="46.420007" lon="13.603240">
        <ele>1008.393214</ele>
        <time>2026-07-28T23:50:33.681Z</time>
      </trkpt>
      <trkpt lat="46.419367" lon="13.605065">
        <ele>993.941803</ele>
        <time>2026-07-28T23:50:45.634Z</time>
      </trkpt>
      <trkpt lat="46.419110" lon="13.605613">
        <ele>989.594692</ele>
        <time>2026-07-28T23:50:49.574Z</time>
      </trkpt>
      <trkpt lat="46.418508" lon="13.607089">
        <ele>983.731104</ele>
        <time>2026-07-28T23:51:01.176Z</time>
      </trkpt>
      <trkpt lat="46.418417" lon="13.607245">
        <ele>983.032404</ele>
        <time>2026-07-28T23:51:02.481Z</time>
      </trkpt>
      <trkpt lat="46.418093" lon="13.607633">
        <ele>980.934788</ele>
        <time>2026-07-28T23:51:06.366Z</time>
      </trkpt>
      <trkpt lat="46.417828" lon="13.608089">
        <ele>978.047087</ele>
        <time>2026-07-28T23:51:11.324Z</time>
      </trkpt>
      <trkpt lat="46.417798" lon="13.608234">
        <ele>977.314080</ele>
        <time>2026-07-28T23:51:12.456Z</time>
      </trkpt>
      <trkpt lat="46.417800" lon="13.608403">
        <ele>976.495682</ele>
        <time>2026-07-28T23:51:13.581Z</time>
      </trkpt>
      <trkpt lat="46.417777" lon="13.608544">
        <ele>975.794127</ele>
        <time>2026-07-28T23:51:14.480Z</time>
      </trkpt>
      <trkpt lat="46.417685" lon="13.608680">
        <ele>974.871561</ele>
        <time>2026-07-28T23:51:15.599Z</time>
      </trkpt>
      <trkpt lat="46.417566" lon="13.608730">
        <ele>974.001423</ele>
        <time>2026-07-28T23:51:16.633Z</time>
      </trkpt>
      <trkpt lat="46.417462" lon="13.608735">
        <ele>973.270591</ele>
        <time>2026-07-28T23:51:17.479Z</time>
      </trkpt>
      <trkpt lat="46.417325" lon="13.608749">
        <ele>972.306004</ele>
        <time>2026-07-28T23:51:18.612Z</time>
      </trkpt>
      <trkpt lat="46.417240" lon="13.608794">
        <ele>971.670498</ele>
        <time>2026-07-28T23:51:19.367Z</time>
      </trkpt>
      <trkpt lat="46.417060" lon="13.609041">
        <ele>969.930230</ele>
        <time>2026-07-28T23:51:21.579Z</time>
      </trkpt>
      <trkpt lat="46.416853" lon="13.609315">
        <ele>967.810055</ele>
        <time>2026-07-28T23:51:25.142Z</time>
      </trkpt>
      <trkpt lat="46.416566" lon="13.609642">
        <ele>964.241172</ele>
        <time>2026-07-28T23:51:30.124Z</time>
      </trkpt>
      <trkpt lat="46.416382" lon="13.609789">
        <ele>962.186959</ele>
        <time>2026-07-28T23:51:31.967Z</time>
      </trkpt>
      <trkpt lat="46.416244" lon="13.609785">
        <ele>960.837184</ele>
        <time>2026-07-28T23:51:33.164Z</time>
      </trkpt>
      <trkpt lat="46.415951" lon="13.609525">
        <ele>957.478279</ele>
        <time>2026-07-28T23:51:36.089Z</time>
      </trkpt>
      <trkpt lat="46.415791" lon="13.609526">
        <ele>955.913620</ele>
        <time>2026-07-28T23:51:37.450Z</time>
      </trkpt>
      <trkpt lat="46.415706" lon="13.609612">
        <ele>954.900165</ele>
        <time>2026-07-28T23:51:38.321Z</time>
      </trkpt>
      <trkpt lat="46.415615" lon="13.609859">
        <ele>953.012061</ele>
        <time>2026-07-28T23:51:39.939Z</time>
      </trkpt>
      <trkpt lat="46.415585" lon="13.610037">
        <ele>951.776667</ele>
        <time>2026-07-28T23:51:40.986Z</time>
      </trkpt>
      <trkpt lat="46.415533" lon="13.610995">
        <ele>943.617202</ele>
        <time>2026-07-28T23:51:46.450Z</time>
      </trkpt>
      <trkpt lat="46.415542" lon="13.611140">
        <ele>942.333667</ele>
        <time>2026-07-28T23:51:47.301Z</time>
      </trkpt>
      <trkpt lat="46.415638" lon="13.611311">
        <ele>940.389465</ele>
        <time>2026-07-28T23:51:48.633Z</time>
      </trkpt>
      <trkpt lat="46.415977" lon="13.611655">
        <ele>935.098810</ele>
        <time>2026-07-28T23:51:52.245Z</time>
      </trkpt>
      <trkpt lat="46.416013" lon="13.611719">
        <ele>934.370591</ele>
        <time>2026-07-28T23:51:52.726Z</time>
      </trkpt>
      <trkpt lat="46.416033" lon="13.611880">
        <ele>932.928321</ele>
        <time>2026-07-28T23:51:53.663Z</time>
      </trkpt>
      <trkpt lat="46.416022" lon="13.611950">
        <ele>932.295357</ele>
        <time>2026-07-28T23:51:54.075Z</time>
      </trkpt>
      <trkpt lat="46.415871" lon="13.612268">
        <ele>928.891147</ele>
        <time>2026-07-28T23:51:56.261Z</time>
      </trkpt>
      <trkpt lat="46.415775" lon="13.612557">
        <ele>926.446792</ele>
        <time>2026-07-28T23:51:58.091Z</time>
      </trkpt>
      <trkpt lat="46.415675" lon="13.612944">
        <ele>923.627557</ele>
        <time>2026-07-28T23:52:00.591Z</time>
      </trkpt>
      <trkpt lat="46.415448" lon="13.613833">
        <ele>917.160694</ele>
        <time>2026-07-28T23:52:06.521Z</time>
      </trkpt>
      <trkpt lat="46.415319" lon="13.614212">
        <ele>914.277435</ele>
        <time>2026-07-28T23:52:09.045Z</time>
      </trkpt>
      <trkpt lat="46.415117" lon="13.614506">
        <ele>911.446029</ele>
        <time>2026-07-28T23:52:11.482Z</time>
      </trkpt>
      <trkpt lat="46.415048" lon="13.614647">
        <ele>910.266523</ele>
        <time>2026-07-28T23:52:12.490Z</time>
      </trkpt>
      <trkpt lat="46.414997" lon="13.614934">
        <ele>907.998419</ele>
        <time>2026-07-28T23:52:14.227Z</time>
      </trkpt>
      <trkpt lat="46.415021" lon="13.615198">
        <ele>905.921506</ele>
        <time>2026-07-28T23:52:15.780Z</time>
      </trkpt>
      <trkpt lat="46.415576" lon="13.617480">
        <ele>887.936773</ele>
        <time>2026-07-28T23:52:29.949Z</time>
      </trkpt>
      <trkpt lat="46.415669" lon="13.618393">
        <ele>883.231209</ele>
        <time>2026-07-28T23:52:35.366Z</time>
      </trkpt>
      <trkpt lat="46.415717" lon="13.618690">
        <ele>881.675873</ele>
        <time>2026-07-28T23:52:37.303Z</time>
      </trkpt>
      <trkpt lat="46.415820" lon="13.618863">
        <ele>880.510427</ele>
        <time>2026-07-28T23:52:38.920Z</time>
      </trkpt>
      <trkpt lat="46.416030" lon="13.619015">
        <ele>878.774752</ele>
        <time>2026-07-28T23:52:41.989Z</time>
      </trkpt>
      <trkpt lat="46.416115" lon="13.619111">
        <ele>877.978052</ele>
        <time>2026-07-28T23:52:43.533Z</time>
      </trkpt>
      <trkpt lat="46.416202" lon="13.619260">
        <ele>876.982515</ele>
        <time>2026-07-28T23:52:45.207Z</time>
      </trkpt>
      <trkpt lat="46.416311" lon="13.619564">
        <ele>874.749887</ele>
        <time>2026-07-28T23:52:47.597Z</time>
      </trkpt>
      <trkpt lat="46.416343" lon="13.619738">
        <ele>873.417889</ele>
        <time>2026-07-28T23:52:48.736Z</time>
      </trkpt>
      <trkpt lat="46.416377" lon="13.620255">
        <ele>869.576537</ele>
        <time>2026-07-28T23:52:51.833Z</time>
      </trkpt>
      <trkpt lat="46.416686" lon="13.621224">
        <ele>861.679768</ele>
        <time>2026-07-28T23:52:57.990Z</time>
      </trkpt>
      <trkpt lat="46.416746" lon="13.621468">
        <ele>859.763666</ele>
        <time>2026-07-28T23:52:59.480Z</time>
      </trkpt>
      <trkpt lat="46.416835" lon="13.622115">
        <ele>855.003383</ele>
        <time>2026-07-28T23:53:03.278Z</time>
      </trkpt>
      <trkpt lat="46.417010" lon="13.622682">
        <ele>850.666178</ele>
        <time>2026-07-28T23:53:06.869Z</time>
      </trkpt>
      <trkpt lat="46.417074" lon="13.623098">
        <ele>847.690375</ele>
        <time>2026-07-28T23:53:09.317Z</time>
      </trkpt>
      <trkpt lat="46.417210" lon="13.623479">
        <ele>844.694960</ele>
        <time>2026-07-28T23:53:11.788Z</time>
      </trkpt>
      <trkpt lat="46.417231" lon="13.623714">
        <ele>843.040553</ele>
        <time>2026-07-28T23:53:13.186Z</time>
      </trkpt>
      <trkpt lat="46.417159" lon="13.624067">
        <ele>840.470440</ele>
        <time>2026-07-28T23:53:15.491Z</time>
      </trkpt>
      <trkpt lat="46.417144" lon="13.624344">
        <ele>838.527604</ele>
        <time>2026-07-28T23:53:17.652Z</time>
      </trkpt>
      <trkpt lat="46.417188" lon="13.624439">
        <ele>837.719792</ele>
        <time>2026-07-28T23:53:19.643Z</time>
      </trkpt>
      <trkpt lat="46.417247" lon="13.624473">
        <ele>837.069808</ele>
        <time>2026-07-28T23:53:21.965Z</time>
      </trkpt>
      <trkpt lat="46.417311" lon="13.624460">
        <ele>836.408164</ele>
        <time>2026-07-28T23:53:24.975Z</time>
      </trkpt>
      <trkpt lat="46.417481" lon="13.624245">
        <ele>834.098992</ele>
        <time>2026-07-28T23:53:35.787Z</time>
      </trkpt>
      <trkpt lat="46.417624" lon="13.624224">
        <ele>832.627432</ele>
        <time>2026-07-28T23:53:37.974Z</time>
      </trkpt>
      <trkpt lat="46.417687" lon="13.624275">
        <ele>831.888771</ele>
        <time>2026-07-28T23:53:38.650Z</time>
      </trkpt>
      <trkpt lat="46.417738" lon="13.624442">
        <ele>830.599571</ele>
        <time>2026-07-28T23:53:39.734Z</time>
      </trkpt>
      <trkpt lat="46.417728" lon="13.624522">
        <ele>830.025705</ele>
        <time>2026-07-28T23:53:40.206Z</time>
      </trkpt>
      <trkpt lat="46.417639" lon="13.624666">
        <ele>828.660662</ele>
        <time>2026-07-28T23:53:41.300Z</time>
      </trkpt>
      <trkpt lat="46.417435" lon="13.624739">
        <ele>826.509433</ele>
        <time>2026-07-28T23:53:43.018Z</time>
      </trkpt>
      <trkpt lat="46.417221" lon="13.624753">
        <ele>824.316210</ele>
        <time>2026-07-28T23:53:44.777Z</time>
      </trkpt>
      <trkpt lat="46.417139" lon="13.624743">
        <ele>823.473708</ele>
        <time>2026-07-28T23:53:45.447Z</time>
      </trkpt>
      <trkpt lat="46.416995" lon="13.624615">
        <ele>821.744589</ele>
        <time>2026-07-28T23:53:46.840Z</time>
      </trkpt>
      <trkpt lat="46.416726" lon="13.624042">
        <ele>817.169726</ele>
        <time>2026-07-28T23:53:51.033Z</time>
      </trkpt>
      <trkpt lat="46.416578" lon="13.623405">
        <ele>812.852319</ele>
        <time>2026-07-28T23:53:55.529Z</time>
      </trkpt>
      <trkpt lat="46.416538" lon="13.623312">
        <ele>812.148286</ele>
        <time>2026-07-28T23:53:56.246Z</time>
      </trkpt>
      <trkpt lat="46.416441" lon="13.623201">
        <ele>810.997233</ele>
        <time>2026-07-28T23:53:57.387Z</time>
      </trkpt>
      <trkpt lat="46.416261" lon="13.622668">
        <ele>807.185204</ele>
        <time>2026-07-28T23:54:00.955Z</time>
      </trkpt>
      <trkpt lat="46.415871" lon="13.622374">
        <ele>802.824972</ele>
        <time>2026-07-28T23:54:04.691Z</time>
      </trkpt>
      <trkpt lat="46.415368" lon="13.621518">
        <ele>792.039405</ele>
        <time>2026-07-28T23:54:11.245Z</time>
      </trkpt>
      <trkpt lat="46.414204" lon="13.619855">
        <ele>770.064360</ele>
        <time>2026-07-28T23:54:24.756Z</time>
      </trkpt>
      <trkpt lat="46.413773" lon="13.619029">
        <ele>760.932306</ele>
        <time>2026-07-28T23:54:30.721Z</time>
      </trkpt>
      <trkpt lat="46.413592" lon="13.618609">
        <ele>756.565912</ele>
        <time>2026-07-28T23:54:33.700Z</time>
      </trkpt>
      <trkpt lat="46.413463" lon="13.618150">
        <ele>753.658189</ele>
        <time>2026-07-28T23:54:36.862Z</time>
      </trkpt>
      <trkpt lat="46.413189" lon="13.616521">
        <ele>745.201882</ele>
        <time>2026-07-28T23:54:47.768Z</time>
      </trkpt>
      <trkpt lat="46.412628" lon="13.614511">
        <ele>731.824097</ele>
        <time>2026-07-28T23:55:00.444Z</time>
      </trkpt>
      <trkpt lat="46.412509" lon="13.614147">
        <ele>729.186704</ele>
        <time>2026-07-28T23:55:02.871Z</time>
      </trkpt>
      <trkpt lat="46.412310" lon="13.613297">
        <ele>724.545869</ele>
        <time>2026-07-28T23:55:08.433Z</time>
      </trkpt>
      <trkpt lat="46.412150" lon="13.612771">
        <ele>723.033033</ele>
        <time>2026-07-28T23:55:12.261Z</time>
      </trkpt>
      <trkpt lat="46.412061" lon="13.612206">
        <ele>721.507980</ele>
        <time>2026-07-28T23:55:19.709Z</time>
      </trkpt>
      <trkpt lat="46.411834" lon="13.611456">
        <ele>719.352632</ele>
        <time>2026-07-28T23:55:36.977Z</time>
      </trkpt>
      <trkpt lat="46.411745" lon="13.611203">
        <ele>718.605236</ele>
        <time>2026-07-28T23:55:38.820Z</time>
      </trkpt>
      <trkpt lat="46.411648" lon="13.611016">
        <ele>716.641096</ele>
        <time>2026-07-28T23:55:40.178Z</time>
      </trkpt>
      <trkpt lat="46.411134" lon="13.610014">
        <ele>704.873277</ele>
        <time>2026-07-28T23:55:47.195Z</time>
      </trkpt>
      <trkpt lat="46.411001" lon="13.609553">
        <ele>700.164532</ele>
        <time>2026-07-28T23:55:50.036Z</time>
      </trkpt>
      <trkpt lat="46.410829" lon="13.609090">
        <ele>695.208927</ele>
        <time>2026-07-28T23:55:53.199Z</time>
      </trkpt>
      <trkpt lat="46.410606" lon="13.608186">
        <ele>690.714590</ele>
        <time>2026-07-28T23:55:59.944Z</time>
      </trkpt>
      <trkpt lat="46.410237" lon="13.607136">
        <ele>686.116789</ele>
        <time>2026-07-28T23:56:08.249Z</time>
      </trkpt>
      <trkpt lat="46.409944" lon="13.606385">
        <ele>681.286021</ele>
        <time>2026-07-28T23:56:13.509Z</time>
      </trkpt>
      <trkpt lat="46.409838" lon="13.606304">
        <ele>679.619050</ele>
        <time>2026-07-28T23:56:14.528Z</time>
      </trkpt>
      <trkpt lat="46.409532" lon="13.606221">
        <ele>675.287819</ele>
        <time>2026-07-28T23:56:17.131Z</time>
      </trkpt>
      <trkpt lat="46.408859" lon="13.605847">
        <ele>665.260440</ele>
        <time>2026-07-28T23:56:23.063Z</time>
      </trkpt>
      <trkpt lat="46.408285" lon="13.605576">
        <ele>658.025574</ele>
        <time>2026-07-28T23:56:28.046Z</time>
      </trkpt>
      <trkpt lat="46.408184" lon="13.605461">
        <ele>657.352338</ele>
        <time>2026-07-28T23:56:29.114Z</time>
      </trkpt>
      <trkpt lat="46.408139" lon="13.605282">
        <ele>656.663566</ele>
        <time>2026-07-28T23:56:30.224Z</time>
      </trkpt>
      <trkpt lat="46.408154" lon="13.604367">
        <ele>653.354814</ele>
        <time>2026-07-28T23:56:35.834Z</time>
      </trkpt>
      <trkpt lat="46.408133" lon="13.604191">
        <ele>652.709100</ele>
        <time>2026-07-28T23:56:37.196Z</time>
      </trkpt>
      <trkpt lat="46.408078" lon="13.604024">
        <ele>652.040045</ele>
        <time>2026-07-28T23:56:39.347Z</time>
      </trkpt>
      <trkpt lat="46.408039" lon="13.603946">
        <ele>651.691733</ele>
        <time>2026-07-28T23:56:40.959Z</time>
      </trkpt>
      <trkpt lat="46.407968" lon="13.603840">
        <ele>651.157492</ele>
        <time>2026-07-28T23:56:43.850Z</time>
      </trkpt>
      <trkpt lat="46.407675" lon="13.603577">
        <ele>649.350881</ele>
        <time>2026-07-28T23:56:57.783Z</time>
      </trkpt>
      <trkpt lat="46.407574" lon="13.603508">
        <ele>648.796318</ele>
        <time>2026-07-28T23:57:02.457Z</time>
      </trkpt>
      <trkpt lat="46.407334" lon="13.603452">
        <ele>647.595358</ele>
        <time>2026-07-28T23:57:08.970Z</time>
      </trkpt>
      <trkpt lat="46.406952" lon="13.603519">
        <ele>645.694350</ele>
        <time>2026-07-28T23:57:13.107Z</time>
      </trkpt>
      <trkpt lat="46.406733" lon="13.603523">
        <ele>644.612302</ele>
        <time>2026-07-28T23:57:15.057Z</time>
      </trkpt>
      <trkpt lat="46.406564" lon="13.603430">
        <ele>643.719277</ele>
        <time>2026-07-28T23:57:16.636Z</time>
      </trkpt>
      <trkpt lat="46.406176" lon="13.603034">
        <ele>641.375266</ele>
        <time>2026-07-28T23:57:20.676Z</time>
      </trkpt>
      <trkpt lat="46.405972" lon="13.602884">
        <ele>640.187277</ele>
        <time>2026-07-28T23:57:22.637Z</time>
      </trkpt>
      <trkpt lat="46.405422" lon="13.602509">
        <ele>636.146509</ele>
        <time>2026-07-28T23:57:27.963Z</time>
      </trkpt>
      <trkpt lat="46.405091" lon="13.602173">
        <ele>633.460226</ele>
        <time>2026-07-28T23:57:31.571Z</time>
      </trkpt>
      <trkpt lat="46.404941" lon="13.601926">
        <ele>631.951263</ele>
        <time>2026-07-28T23:57:33.647Z</time>
      </trkpt>
      <trkpt lat="46.404657" lon="13.601200">
        <ele>628.317891</ele>
        <time>2026-07-28T23:57:39.355Z</time>
      </trkpt>
      <trkpt lat="46.404292" lon="13.600357">
        <ele>626.429946</ele>
        <time>2026-07-28T23:57:46.545Z</time>
      </trkpt>
      <trkpt lat="46.404110" lon="13.600003">
        <ele>625.592448</ele>
        <time>2026-07-28T23:57:49.847Z</time>
      </trkpt>
      <trkpt lat="46.403868" lon="13.599762">
        <ele>624.784982</ele>
        <time>2026-07-28T23:57:53.026Z</time>
      </trkpt>
      <trkpt lat="46.403363" lon="13.599343">
        <ele>623.179923</ele>
        <time>2026-07-28T23:57:59.130Z</time>
      </trkpt>
      <trkpt lat="46.402785" lon="13.598812">
        <ele>621.270129</ele>
        <time>2026-07-28T23:58:06.102Z</time>
      </trkpt>
      <trkpt lat="46.402169" lon="13.598157">
        <ele>619.138076</ele>
        <time>2026-07-28T23:58:14.033Z</time>
      </trkpt>
      <trkpt lat="46.401699" lon="13.597651">
        <ele>617.298808</ele>
        <time>2026-07-28T23:58:20.200Z</time>
      </trkpt>
      <trkpt lat="46.401384" lon="13.597385">
        <ele>616.068689</ele>
        <time>2026-07-28T23:58:23.932Z</time>
      </trkpt>
      <trkpt lat="46.400913" lon="13.597057">
        <ele>614.305444</ele>
        <time>2026-07-28T23:58:29.293Z</time>
      </trkpt>
      <trkpt lat="46.400761" lon="13.596969">
        <ele>613.753126</ele>
        <time>2026-07-28T23:58:30.915Z</time>
      </trkpt>
      <trkpt lat="46.400218" lon="13.596666">
        <ele>611.576651</ele>
        <time>2026-07-28T23:58:36.466Z</time>
      </trkpt>
      <trkpt lat="46.399175" lon="13.595858">
        <ele>606.230766</ele>
        <time>2026-07-28T23:58:47.721Z</time>
      </trkpt>
      <trkpt lat="46.398631" lon="13.595544">
        <ele>603.994849</ele>
        <time>2026-07-28T23:58:53.282Z</time>
      </trkpt>
      <trkpt lat="46.398490" lon="13.595430">
        <ele>603.692422</ele>
        <time>2026-07-28T23:58:54.893Z</time>
      </trkpt>
      <trkpt lat="46.398185" lon="13.594932">
        <ele>602.831954</ele>
        <time>2026-07-28T23:58:59.552Z</time>
      </trkpt>
      <trkpt lat="46.398086" lon="13.594766">
        <ele>602.548423</ele>
        <time>2026-07-28T23:59:01.151Z</time>
      </trkpt>
      <trkpt lat="46.397968" lon="13.594452">
        <ele>602.086435</ele>
        <time>2026-07-28T23:59:03.805Z</time>
      </trkpt>
      <trkpt lat="46.397752" lon="13.593702">
        <ele>601.036380</ele>
        <time>2026-07-28T23:59:12.042Z</time>
      </trkpt>
      <trkpt lat="46.397648" lon="13.593461">
        <ele>600.894842</ele>
        <time>2026-07-28T23:59:16.437Z</time>
      </trkpt>
      <trkpt lat="46.397507" lon="13.593241">
        <ele>600.861239</ele>
        <time>2026-07-28T23:59:21.450Z</time>
      </trkpt>
      <trkpt lat="46.397335" lon="13.593064">
        <ele>600.827022</ele>
        <time>2026-07-28T23:59:26.514Z</time>
      </trkpt>
      <trkpt lat="46.397201" lon="13.592993">
        <ele>600.803876</ele>
        <time>2026-07-28T23:59:29.588Z</time>
      </trkpt>
      <trkpt lat="46.396924" lon="13.592909">
        <ele>600.757965</ele>
        <time>2026-07-28T23:59:34.598Z</time>
      </trkpt>
      <trkpt lat="46.396311" lon="13.592954">
        <ele>600.658388</ele>
        <time>2026-07-28T23:59:42.308Z</time>
      </trkpt>
      <trkpt lat="46.396053" lon="13.592937">
        <ele>600.431963</ele>
        <time>2026-07-28T23:59:45.197Z</time>
      </trkpt>
      <trkpt lat="46.395790" lon="13.592869">
        <ele>599.383418</ele>
        <time>2026-07-28T23:59:47.933Z</time>
      </trkpt>
      <trkpt lat="46.395234" lon="13.592581">
        <ele>597.066073</ele>
        <time>2026-07-28T23:59:53.379Z</time>
      </trkpt>
      <trkpt lat="46.395023" lon="13.592437">
        <ele>596.150757</ele>
        <time>2026-07-28T23:59:55.444Z</time>
      </trkpt>
      <trkpt lat="46.394742" lon="13.592096">
        <ele>594.712534</ele>
        <time>2026-07-28T23:59:58.727Z</time>
      </trkpt>
      <trkpt lat="46.394636" lon="13.591866">
        <ele>593.963713</ele>
        <time>2026-07-29T00:00:00.628Z</time>
      </trkpt>
      <trkpt lat="46.394552" lon="13.591609">
        <ele>593.737125</ele>
        <time>2026-07-29T00:00:03.141Z</time>
      </trkpt>
      <trkpt lat="46.394384" lon="13.590867">
        <ele>594.718710</ele>
        <time>2026-07-29T00:00:20.256Z</time>
      </trkpt>
      <trkpt lat="46.394270" lon="13.590549">
        <ele>595.169173</ele>
        <time>2026-07-29T00:00:30.838Z</time>
      </trkpt>
      <trkpt lat="46.394093" lon="13.590224">
        <ele>595.689669</ele>
        <time>2026-07-29T00:00:42.533Z</time>
      </trkpt>
      <trkpt lat="46.393878" lon="13.589984">
        <ele>596.184157</ele>
        <time>2026-07-29T00:00:50.530Z</time>
      </trkpt>
      <trkpt lat="46.393529" lon="13.589664">
        <ele>596.765119</ele>
        <time>2026-07-29T00:00:55.394Z</time>
      </trkpt>
      <trkpt lat="46.392966" lon="13.589372">
        <ele>595.865187</ele>
        <time>2026-07-29T00:01:00.987Z</time>
      </trkpt>
      <trkpt lat="46.392776" lon="13.589211">
        <ele>595.533968</ele>
        <time>2026-07-29T00:01:03.143Z</time>
      </trkpt>
      <trkpt lat="46.392346" lon="13.588724">
        <ele>594.712747</ele>
        <time>2026-07-29T00:01:09.894Z</time>
      </trkpt>
      <trkpt lat="46.391699" lon="13.588196">
        <ele>592.956287</ele>
        <time>2026-07-29T00:01:25.521Z</time>
      </trkpt>
      <trkpt lat="46.390922" lon="13.587888">
        <ele>590.310142</ele>
        <time>2026-07-29T00:01:36.206Z</time>
      </trkpt>
      <trkpt lat="46.390466" lon="13.587722">
        <ele>588.765672</ele>
        <time>2026-07-29T00:01:40.342Z</time>
      </trkpt>
      <trkpt lat="46.390313" lon="13.587742">
        <ele>588.261024</ele>
        <time>2026-07-29T00:01:41.626Z</time>
      </trkpt>
      <trkpt lat="46.390107" lon="13.587766">
        <ele>587.698881</ele>
        <time>2026-07-29T00:01:43.378Z</time>
      </trkpt>
      <trkpt lat="46.389989" lon="13.587806">
        <ele>587.372860</ele>
        <time>2026-07-29T00:01:44.419Z</time>
      </trkpt>
      <trkpt lat="46.389687" lon="13.588067">
        <ele>586.426977</ele>
        <time>2026-07-29T00:01:47.597Z</time>
      </trkpt>
      <trkpt lat="46.389529" lon="13.588125">
        <ele>585.988491</ele>
        <time>2026-07-29T00:01:49.445Z</time>
      </trkpt>
      <trkpt lat="46.389103" lon="13.588035">
        <ele>584.830305</ele>
        <time>2026-07-29T00:01:53.805Z</time>
      </trkpt>
      <trkpt lat="46.388874" lon="13.588057">
        <ele>584.212868</ele>
        <time>2026-07-29T00:01:56.271Z</time>
      </trkpt>
      <trkpt lat="46.388484" lon="13.588287">
        <ele>584.362076</ele>
        <time>2026-07-29T00:02:05.455Z</time>
      </trkpt>
      <trkpt lat="46.387612" lon="13.588944">
        <ele>592.723522</ele>
        <time>2026-07-29T00:03:21.524Z</time>
      </trkpt>
      <trkpt lat="46.387426" lon="13.589024">
        <ele>594.374262</ele>
        <time>2026-07-29T00:03:42.176Z</time>
      </trkpt>
      <trkpt lat="46.387228" lon="13.589012">
        <ele>596.060397</ele>
        <time>2026-07-29T00:03:59.087Z</time>
      </trkpt>
      <trkpt lat="46.387103" lon="13.588816">
        <ele>597.627035</ele>
        <time>2026-07-29T00:04:07.570Z</time>
      </trkpt>
      <trkpt lat="46.387073" lon="13.588637">
        <ele>598.669507</ele>
        <time>2026-07-29T00:04:08.725Z</time>
      </trkpt>
      <trkpt lat="46.387074" lon="13.588083">
        <ele>594.286470</ele>
        <time>2026-07-29T00:04:11.847Z</time>
      </trkpt>
      <trkpt lat="46.387033" lon="13.587949">
        <ele>593.126700</ele>
        <time>2026-07-29T00:04:12.678Z</time>
      </trkpt>
      <trkpt lat="46.386961" lon="13.587828">
        <ele>591.862419</ele>
        <time>2026-07-29T00:04:13.585Z</time>
      </trkpt>
      <trkpt lat="46.386594" lon="13.587497">
        <ele>586.904931</ele>
        <time>2026-07-29T00:04:17.182Z</time>
      </trkpt>
      <trkpt lat="46.386450" lon="13.587238">
        <ele>584.273049</ele>
        <time>2026-07-29T00:04:19.125Z</time>
      </trkpt>
      <trkpt lat="46.386164" lon="13.586871">
        <ele>579.892247</ele>
        <time>2026-07-29T00:04:22.348Z</time>
      </trkpt>
      <trkpt lat="46.385729" lon="13.585919">
        <ele>573.353619</ele>
        <time>2026-07-29T00:04:28.976Z</time>
      </trkpt>
      <trkpt lat="46.385647" lon="13.585786">
        <ele>572.431266</ele>
        <time>2026-07-29T00:04:30.107Z</time>
      </trkpt>
      <trkpt lat="46.385486" lon="13.585644">
        <ele>571.018627</ele>
        <time>2026-07-29T00:04:32.351Z</time>
      </trkpt>
      <trkpt lat="46.385372" lon="13.585607">
        <ele>570.142944</ele>
        <time>2026-07-29T00:04:33.957Z</time>
      </trkpt>
      <trkpt lat="46.385200" lon="13.585524">
        <ele>568.784102</ele>
        <time>2026-07-29T00:04:37.047Z</time>
      </trkpt>
      <trkpt lat="46.384735" lon="13.584993">
        <ele>564.293427</ele>
        <time>2026-07-29T00:04:42.612Z</time>
      </trkpt>
      <trkpt lat="46.384434" lon="13.584696">
        <ele>560.935016</ele>
        <time>2026-07-29T00:04:45.656Z</time>
      </trkpt>
      <trkpt lat="46.383221" lon="13.584145">
        <ele>549.210289</ele>
        <time>2026-07-29T00:04:56.551Z</time>
      </trkpt>
      <trkpt lat="46.382984" lon="13.584165">
        <ele>547.147388</ele>
        <time>2026-07-29T00:04:58.729Z</time>
      </trkpt>
      <trkpt lat="46.382447" lon="13.584342">
        <ele>542.732749</ele>
        <time>2026-07-29T00:05:03.859Z</time>
      </trkpt>
      <trkpt lat="46.382186" lon="13.584349">
        <ele>540.640132</ele>
        <time>2026-07-29T00:05:06.141Z</time>
      </trkpt>
      <trkpt lat="46.381927" lon="13.584298">
        <ele>538.544838</ele>
        <time>2026-07-29T00:05:08.366Z</time>
      </trkpt>
      <trkpt lat="46.381636" lon="13.584192">
        <ele>536.139567</ele>
        <time>2026-07-29T00:05:10.939Z</time>
      </trkpt>
      <trkpt lat="46.381495" lon="13.584204">
        <ele>535.007320</ele>
        <time>2026-07-29T00:05:12.173Z</time>
      </trkpt>
      <trkpt lat="46.381345" lon="13.584276">
        <ele>533.740665</ele>
        <time>2026-07-29T00:05:13.589Z</time>
      </trkpt>
      <trkpt lat="46.380954" lon="13.584768">
        <ele>530.757737</ele>
        <time>2026-07-29T00:05:18.408Z</time>
      </trkpt>
      <trkpt lat="46.380798" lon="13.584877">
        <ele>529.776696</ele>
        <time>2026-07-29T00:05:20.026Z</time>
      </trkpt>
      <trkpt lat="46.380558" lon="13.585001">
        <ele>528.333324</ele>
        <time>2026-07-29T00:05:22.380Z</time>
      </trkpt>
      <trkpt lat="46.380061" lon="13.585060">
        <ele>525.508412</ele>
        <time>2026-07-29T00:05:26.889Z</time>
      </trkpt>
      <trkpt lat="46.379823" lon="13.585183">
        <ele>524.077022</ele>
        <time>2026-07-29T00:05:29.262Z</time>
      </trkpt>
      <trkpt lat="46.379524" lon="13.585503">
        <ele>523.218173</ele>
        <time>2026-07-29T00:05:32.880Z</time>
      </trkpt>
      <trkpt lat="46.379273" lon="13.585741">
        <ele>523.021242</ele>
        <time>2026-07-29T00:05:36.854Z</time>
      </trkpt>
      <trkpt lat="46.378968" lon="13.585899">
        <ele>522.808579</ele>
        <time>2026-07-29T00:05:43.197Z</time>
      </trkpt>
      <trkpt lat="46.378690" lon="13.585940">
        <ele>522.625106</ele>
        <time>2026-07-29T00:05:50.732Z</time>
      </trkpt>
      <trkpt lat="46.378084" lon="13.585878">
        <ele>522.226225</ele>
        <time>2026-07-29T00:06:02.073Z</time>
      </trkpt>
      <trkpt lat="46.377986" lon="13.585835">
        <ele>522.035127</ele>
        <time>2026-07-29T00:06:03.235Z</time>
      </trkpt>
      <trkpt lat="46.377791" lon="13.585648">
        <ele>521.424974</ele>
        <time>2026-07-29T00:06:05.626Z</time>
      </trkpt>
      <trkpt lat="46.377345" lon="13.584998">
        <ele>519.774513</ele>
        <time>2026-07-29T00:06:11.656Z</time>
      </trkpt>
      <trkpt lat="46.377227" lon="13.584912">
        <ele>519.429850</ele>
        <time>2026-07-29T00:06:12.974Z</time>
      </trkpt>
      <trkpt lat="46.375888" lon="13.584165">
        <ele>515.744929</ele>
        <time>2026-07-29T00:06:28.749Z</time>
      </trkpt>
      <trkpt lat="46.375533" lon="13.584064">
        <ele>514.831529</ele>
        <time>2026-07-29T00:06:32.440Z</time>
      </trkpt>
      <trkpt lat="46.375164" lon="13.584052">
        <ele>513.899650</ele>
        <time>2026-07-29T00:06:36.095Z</time>
      </trkpt>
      <trkpt lat="46.374741" lon="13.584172">
        <ele>512.917452</ele>
        <time>2026-07-29T00:06:40.531Z</time>
      </trkpt>
      <trkpt lat="46.373810" lon="13.584522">
        <ele>512.157266</ele>
        <time>2026-07-29T00:06:51.930Z</time>
      </trkpt>
      <trkpt lat="46.373300" lon="13.584638">
        <ele>511.749243</ele>
        <time>2026-07-29T00:07:00.147Z</time>
      </trkpt>
      <trkpt lat="46.373055" lon="13.584644">
        <ele>511.555574</ele>
        <time>2026-07-29T00:07:04.562Z</time>
      </trkpt>
      <trkpt lat="46.372794" lon="13.584597">
        <ele>511.268684</ele>
        <time>2026-07-29T00:07:09.245Z</time>
      </trkpt>
      <trkpt lat="46.372361" lon="13.584421">
        <ele>510.770307</ele>
        <time>2026-07-29T00:07:16.434Z</time>
      </trkpt>
      <trkpt lat="46.371941" lon="13.584350">
        <ele>510.301696</ele>
        <time>2026-07-29T00:07:21.634Z</time>
      </trkpt>
      <trkpt lat="46.371740" lon="13.584388">
        <ele>510.077055</ele>
        <time>2026-07-29T00:07:23.820Z</time>
      </trkpt>
      <trkpt lat="46.371200" lon="13.584635">
        <ele>509.546596</ele>
        <time>2026-07-29T00:07:29.555Z</time>
      </trkpt>
      <trkpt lat="46.370897" lon="13.584851">
        <ele>509.530807</ele>
        <time>2026-07-29T00:07:33.066Z</time>
      </trkpt>
      <trkpt lat="46.370269" lon="13.585642">
        <ele>509.491904</ele>
        <time>2026-07-29T00:07:42.053Z</time>
      </trkpt>
      <trkpt lat="46.370167" lon="13.585807">
        <ele>509.484757</ele>
        <time>2026-07-29T00:07:43.950Z</time>
      </trkpt>
      <trkpt lat="46.370100" lon="13.585914">
        <ele>509.480095</ele>
        <time>2026-07-29T00:07:45.777Z</time>
      </trkpt>
      <trkpt lat="46.369972" lon="13.586109">
        <ele>509.471412</ele>
        <time>2026-07-29T00:07:50.686Z</time>
      </trkpt>
      <trkpt lat="46.369332" lon="13.587082">
        <ele>516.016003</ele>
        <time>2026-07-29T00:08:40.486Z</time>
      </trkpt>
      <trkpt lat="46.369145" lon="13.587285">
        <ele>517.863333</ele>
        <time>2026-07-29T00:08:51.536Z</time>
      </trkpt>
      <trkpt lat="46.368926" lon="13.587434">
        <ele>519.776203</ele>
        <time>2026-07-29T00:09:02.007Z</time>
      </trkpt>
      <trkpt lat="46.368146" lon="13.587649">
        <ele>524.985741</ele>
        <time>2026-07-29T00:09:39.657Z</time>
      </trkpt>
      <trkpt lat="46.367697" lon="13.587976">
        <ele>527.165063</ele>
        <time>2026-07-29T00:10:06.619Z</time>
      </trkpt>
      <trkpt lat="46.367472" lon="13.588095">
        <ele>528.203816</ele>
        <time>2026-07-29T00:10:16.800Z</time>
      </trkpt>
      <trkpt lat="46.366997" lon="13.588202">
        <ele>530.288580</ele>
        <time>2026-07-29T00:10:27.759Z</time>
      </trkpt>
      <trkpt lat="46.366795" lon="13.588302">
        <ele>531.214337</ele>
        <time>2026-07-29T00:10:30.089Z</time>
      </trkpt>
      <trkpt lat="46.366371" lon="13.588591">
        <ele>530.389096</ele>
        <time>2026-07-29T00:10:34.480Z</time>
      </trkpt>
      <trkpt lat="46.366143" lon="13.588701">
        <ele>529.737308</ele>
        <time>2026-07-29T00:10:36.656Z</time>
      </trkpt>
      <trkpt lat="46.366032" lon="13.588712">
        <ele>529.435533</ele>
        <time>2026-07-29T00:10:37.673Z</time>
      </trkpt>
      <trkpt lat="46.365451" lon="13.588512">
        <ele>527.815804</ele>
        <time>2026-07-29T00:10:43.535Z</time>
      </trkpt>
      <trkpt lat="46.365015" lon="13.588850">
        <ele>526.559982</ele>
        <time>2026-07-29T00:10:52.246Z</time>
      </trkpt>
      <trkpt lat="46.364857" lon="13.588897">
        <ele>526.398429</ele>
        <time>2026-07-29T00:10:56.085Z</time>
      </trkpt>
      <trkpt lat="46.364562" lon="13.588918">
        <ele>526.102599</ele>
        <time>2026-07-29T00:11:02.065Z</time>
      </trkpt>
      <trkpt lat="46.364459" lon="13.588891">
        <ele>525.997759</ele>
        <time>2026-07-29T00:11:03.682Z</time>
      </trkpt>
      <trkpt lat="46.364254" lon="13.588763">
        <ele>525.774181</ele>
        <time>2026-07-29T00:11:06.382Z</time>
      </trkpt>
      <trkpt lat="46.364173" lon="13.588756">
        <ele>525.692907</ele>
        <time>2026-07-29T00:11:07.255Z</time>
      </trkpt>
      <trkpt lat="46.363815" lon="13.589127">
        <ele>525.252076</ele>
        <time>2026-07-29T00:11:11.755Z</time>
      </trkpt>
      <trkpt lat="46.363596" lon="13.589258">
        <ele>525.014771</ele>
        <time>2026-07-29T00:11:14.208Z</time>
      </trkpt>
      <trkpt lat="46.363354" lon="13.589336">
        <ele>524.883996</ele>
        <time>2026-07-29T00:11:16.963Z</time>
      </trkpt>
      <trkpt lat="46.362740" lon="13.589428">
        <ele>525.997591</ele>
        <time>2026-07-29T00:11:25.878Z</time>
      </trkpt>
      <trkpt lat="46.362170" lon="13.589650">
        <ele>527.062397</ele>
        <time>2026-07-29T00:11:43.905Z</time>
      </trkpt>
      <trkpt lat="46.362073" lon="13.589658">
        <ele>527.237673</ele>
        <time>2026-07-29T00:11:48.139Z</time>
      </trkpt>
      <trkpt lat="46.361990" lon="13.589645">
        <ele>527.388282</ele>
        <time>2026-07-29T00:11:51.545Z</time>
      </trkpt>
      <trkpt lat="46.361686" lon="13.589532">
        <ele>527.954471</ele>
        <time>2026-07-29T00:12:02.203Z</time>
      </trkpt>
      <trkpt lat="46.361674" lon="13.589526">
        <ele>527.977372</ele>
        <time>2026-07-29T00:12:02.622Z</time>
      </trkpt>
      <trkpt lat="46.361421" lon="13.589432">
        <ele>526.115786</ele>
        <time>2026-07-29T00:12:09.391Z</time>
      </trkpt>
      <trkpt lat="46.361212" lon="13.589399">
        <ele>524.256796</ele>
        <time>2026-07-29T00:12:11.830Z</time>
      </trkpt>
      <trkpt lat="46.361002" lon="13.589425">
        <ele>522.393136</ele>
        <time>2026-07-29T00:12:13.866Z</time>
      </trkpt>
      <trkpt lat="46.360694" lon="13.589495">
        <ele>519.636396</ele>
        <time>2026-07-29T00:12:16.565Z</time>
      </trkpt>
      <trkpt lat="46.360158" lon="13.589829">
        <ele>514.477231</ele>
        <time>2026-07-29T00:12:21.357Z</time>
      </trkpt>
      <trkpt lat="46.359908" lon="13.589847">
        <ele>512.263916</ele>
        <time>2026-07-29T00:12:23.420Z</time>
      </trkpt>
      <trkpt lat="46.359613" lon="13.589697">
        <ele>509.371234</ele>
        <time>2026-07-29T00:12:26.039Z</time>
      </trkpt>
      <trkpt lat="46.359071" lon="13.589531">
        <ele>504.235694</ele>
        <time>2026-07-29T00:12:30.791Z</time>
      </trkpt>
      <trkpt lat="46.358904" lon="13.589455">
        <ele>502.612985</ele>
        <time>2026-07-29T00:12:32.317Z</time>
      </trkpt>
      <trkpt lat="46.357856" lon="13.588562">
        <ele>495.722065</ele>
        <time>2026-07-29T00:12:43.444Z</time>
      </trkpt>
      <trkpt lat="46.357663" lon="13.588365">
        <ele>495.852908</ele>
        <time>2026-07-29T00:12:48.016Z</time>
      </trkpt>
      <trkpt lat="46.357528" lon="13.588107">
        <ele>495.976752</ele>
        <time>2026-07-29T00:12:55.640Z</time>
      </trkpt>
      <trkpt lat="46.357320" lon="13.587595">
        <ele>496.204005</ele>
        <time>2026-07-29T00:13:12.911Z</time>
      </trkpt>
      <trkpt lat="46.357109" lon="13.587238">
        <ele>496.383791</ele>
        <time>2026-07-29T00:13:23.232Z</time>
      </trkpt>
      <trkpt lat="46.355178" lon="13.585224">
        <ele>492.257791</ele>
        <time>2026-07-29T00:13:49.940Z</time>
      </trkpt>
      <trkpt lat="46.353637" lon="13.583660">
        <ele>483.474948</ele>
        <time>2026-07-29T00:14:07.503Z</time>
      </trkpt>
      <trkpt lat="46.352332" lon="13.582294">
        <ele>475.918732</ele>
        <time>2026-07-29T00:14:22.342Z</time>
      </trkpt>
      <trkpt lat="46.350842" lon="13.580756">
        <ele>471.652147</ele>
        <time>2026-07-29T00:14:45.945Z</time>
      </trkpt>
      <trkpt lat="46.350484" lon="13.580426">
        <ele>469.822922</ele>
        <time>2026-07-29T00:14:50.853Z</time>
      </trkpt>
      <trkpt lat="46.350167" lon="13.580238">
        <ele>468.346282</ele>
        <time>2026-07-29T00:14:54.091Z</time>
      </trkpt>
      <trkpt lat="46.349447" lon="13.580004">
        <ele>465.089856</ele>
        <time>2026-07-29T00:15:00.590Z</time>
      </trkpt>
      <trkpt lat="46.349197" lon="13.579872">
        <ele>463.562964</ele>
        <time>2026-07-29T00:15:02.964Z</time>
      </trkpt>
      <trkpt lat="46.348308" lon="13.579197">
        <ele>457.803402</ele>
        <time>2026-07-29T00:15:12.278Z</time>
      </trkpt>
      <trkpt lat="46.347456" lon="13.578694">
        <ele>452.579448</ele>
        <time>2026-07-29T00:15:21.218Z</time>
      </trkpt>
      <trkpt lat="46.346094" lon="13.578173">
        <ele>444.879183</ele>
        <time>2026-07-29T00:15:33.999Z</time>
      </trkpt>
      <trkpt lat="46.345754" lon="13.578017">
        <ele>444.244422</ele>
        <time>2026-07-29T00:15:37.352Z</time>
      </trkpt>
      <trkpt lat="46.345617" lon="13.577912">
        <ele>443.968565</ele>
        <time>2026-07-29T00:15:38.904Z</time>
      </trkpt>
      <trkpt lat="46.345345" lon="13.577580">
        <ele>443.335523</ele>
        <time>2026-07-29T00:15:42.905Z</time>
      </trkpt>
      <trkpt lat="46.345182" lon="13.577323">
        <ele>442.906729</ele>
        <time>2026-07-29T00:15:46.207Z</time>
      </trkpt>
      <trkpt lat="46.343930" lon="13.574940">
        <ele>441.678780</ele>
        <time>2026-07-29T00:16:25.277Z</time>
      </trkpt>
      <trkpt lat="46.343759" lon="13.574448">
        <ele>441.612022</ele>
        <time>2026-07-29T00:16:30.461Z</time>
      </trkpt>
      <trkpt lat="46.343706" lon="13.574369">
        <ele>441.355520</ele>
        <time>2026-07-29T00:16:31.190Z</time>
      </trkpt>
      <trkpt lat="46.343531" lon="13.574308">
        <ele>440.748409</ele>
        <time>2026-07-29T00:16:32.844Z</time>
      </trkpt>
      <trkpt lat="46.343409" lon="13.574320">
        <ele>440.335964</ele>
        <time>2026-07-29T00:16:33.927Z</time>
      </trkpt>
      <trkpt lat="46.343305" lon="13.574280">
        <ele>439.973025</ele>
        <time>2026-07-29T00:16:34.863Z</time>
      </trkpt>
      <trkpt lat="46.343016" lon="13.573916">
        <ele>438.681303</ele>
        <time>2026-07-29T00:16:38.364Z</time>
      </trkpt>
      <trkpt lat="46.342455" lon="13.573296">
        <ele>436.301257</ele>
        <time>2026-07-29T00:16:46.696Z</time>
      </trkpt>
      <trkpt lat="46.342182" lon="13.573033">
        <ele>435.401545</ele>
        <time>2026-07-29T00:16:50.046Z</time>
      </trkpt>
      <trkpt lat="46.341863" lon="13.572680">
        <ele>434.759255</ele>
        <time>2026-07-29T00:16:54.002Z</time>
      </trkpt>
      <trkpt lat="46.341482" lon="13.572134">
        <ele>433.901739</ele>
        <time>2026-07-29T00:17:00.104Z</time>
      </trkpt>
      <trkpt lat="46.341225" lon="13.571932">
        <ele>433.433905</ele>
        <time>2026-07-29T00:17:05.982Z</time>
      </trkpt>
      <trkpt lat="46.341029" lon="13.571858">
        <ele>433.109828</ele>
        <time>2026-07-29T00:17:10.630Z</time>
      </trkpt>
      <trkpt lat="46.340809" lon="13.571833">
        <ele>432.756747</ele>
        <time>2026-07-29T00:17:14.639Z</time>
      </trkpt>
      <trkpt lat="46.340636" lon="13.571873">
        <ele>431.988824</ele>
        <time>2026-07-29T00:17:16.668Z</time>
      </trkpt>
      <trkpt lat="46.340415" lon="13.571976">
        <ele>430.841049</ele>
        <time>2026-07-29T00:17:18.893Z</time>
      </trkpt>
      <trkpt lat="46.340071" lon="13.572265">
        <ele>428.874982</ele>
        <time>2026-07-29T00:17:22.383Z</time>
      </trkpt>
      <trkpt lat="46.339895" lon="13.572465">
        <ele>427.769033</ele>
        <time>2026-07-29T00:17:24.314Z</time>
      </trkpt>
      <trkpt lat="46.339688" lon="13.572746">
        <ele>426.366455</ele>
        <time>2026-07-29T00:17:26.842Z</time>
      </trkpt>
      <trkpt lat="46.339599" lon="13.572983">
        <ele>425.445599</ele>
        <time>2026-07-29T00:17:28.600Z</time>
      </trkpt>
      <trkpt lat="46.339588" lon="13.573334">
        <ele>424.246330</ele>
        <time>2026-07-29T00:17:31.060Z</time>
      </trkpt>
      <trkpt lat="46.339637" lon="13.573565">
        <ele>423.906880</ele>
        <time>2026-07-29T00:17:32.810Z</time>
      </trkpt>
      <trkpt lat="46.339718" lon="13.573743">
        <ele>424.071382</ele>
        <time>2026-07-29T00:17:34.334Z</time>
      </trkpt>
      <trkpt lat="46.340308" lon="13.574460">
        <ele>424.932158</ele>
        <time>2026-07-29T00:17:43.609Z</time>
      </trkpt>
      <trkpt lat="46.340336" lon="13.574530">
        <ele>424.994582</ele>
        <time>2026-07-29T00:17:45.558Z</time>
      </trkpt>
      <trkpt lat="46.340333" lon="13.574623">
        <ele>425.066420</ele>
        <time>2026-07-29T00:17:47.984Z</time>
      </trkpt>
      <trkpt lat="46.340282" lon="13.574702">
        <ele>425.149877</ele>
        <time>2026-07-29T00:17:51.067Z</time>
      </trkpt>
      <trkpt lat="46.340169" lon="13.574671">
        <ele>425.278420</ele>
        <time>2026-07-29T00:17:56.161Z</time>
      </trkpt>
      <trkpt lat="46.339925" lon="13.574403">
        <ele>425.620672</ele>
        <time>2026-07-29T00:18:10.816Z</time>
      </trkpt>
      <trkpt lat="46.339525" lon="13.573801">
        <ele>427.692073</ele>
        <time>2026-07-29T00:18:23.756Z</time>
      </trkpt>
      <trkpt lat="46.339289" lon="13.573629">
        <ele>428.949840</ele>
        <time>2026-07-29T00:18:28.702Z</time>
      </trkpt>
      <trkpt lat="46.339139" lon="13.573589">
        <ele>429.675966</ele>
        <time>2026-07-29T00:18:32.773Z</time>
      </trkpt>
      <trkpt lat="46.338561" lon="13.573570">
        <ele>432.428434</ele>
        <time>2026-07-29T00:18:57.945Z</time>
      </trkpt>
      <trkpt lat="46.338365" lon="13.573577">
        <ele>433.361841</ele>
        <time>2026-07-29T00:19:06.049Z</time>
      </trkpt>
      <trkpt lat="46.338194" lon="13.573621">
        <ele>434.188689</ele>
        <time>2026-07-29T00:19:12.183Z</time>
      </trkpt>
      <trkpt lat="46.338060" lon="13.573716">
        <ele>435.249497</ele>
        <time>2026-07-29T00:19:16.746Z</time>
      </trkpt>
      <trkpt lat="46.337705" lon="13.574088">
        <ele>438.774274</ele>
        <time>2026-07-29T00:19:32.054Z</time>
      </trkpt>
      <trkpt lat="46.337499" lon="13.574391">
        <ele>441.136080</ele>
        <time>2026-07-29T00:19:45.765Z</time>
      </trkpt>
      <trkpt lat="46.337385" lon="13.574652">
        <ele>442.851394</ele>
        <time>2026-07-29T00:19:57.602Z</time>
      </trkpt>
      <trkpt lat="46.337291" lon="13.574798">
        <ele>443.960146</ele>
        <time>2026-07-29T00:20:05.728Z</time>
      </trkpt>
      <trkpt lat="46.336815" lon="13.575186">
        <ele>448.354032</ele>
        <time>2026-07-29T00:20:37.706Z</time>
      </trkpt>
      <trkpt lat="46.336719" lon="13.575315">
        <ele>449.175139</ele>
        <time>2026-07-29T00:20:44.467Z</time>
      </trkpt>
      <trkpt lat="46.336639" lon="13.575484">
        <ele>449.830420</ele>
        <time>2026-07-29T00:20:51.093Z</time>
      </trkpt>
      <trkpt lat="46.336577" lon="13.575780">
        <ele>450.819611</ele>
        <time>2026-07-29T00:20:59.820Z</time>
      </trkpt>
      <trkpt lat="46.336586" lon="13.576603">
        <ele>453.451842</ele>
        <time>2026-07-29T00:21:19.062Z</time>
      </trkpt>
      <trkpt lat="46.336593" lon="13.576890">
        <ele>454.370222</ele>
        <time>2026-07-29T00:21:25.151Z</time>
      </trkpt>
      <trkpt lat="46.336595" lon="13.576971">
        <ele>454.629421</ele>
        <time>2026-07-29T00:21:26.834Z</time>
      </trkpt>
      <trkpt lat="46.336619" lon="13.577575">
        <ele>456.564169</ele>
        <time>2026-07-29T00:21:37.756Z</time>
      </trkpt>
      <trkpt lat="46.336627" lon="13.577920">
        <ele>457.116144</ele>
        <time>2026-07-29T00:21:41.998Z</time>
      </trkpt>
      <trkpt lat="46.336614" lon="13.578279">
        <ele>456.936109</ele>
        <time>2026-07-29T00:21:45.331Z</time>
      </trkpt>
      <trkpt lat="46.336352" lon="13.580660">
        <ele>455.506775</ele>
        <time>2026-07-29T00:22:05.266Z</time>
      </trkpt>
      <trkpt lat="46.336290" lon="13.581242">
        <ele>454.796582</ele>
        <time>2026-07-29T00:22:09.417Z</time>
      </trkpt>
      <trkpt lat="46.336202" lon="13.582053">
        <ele>453.806515</ele>
        <time>2026-07-29T00:22:15.193Z</time>
      </trkpt>
      <trkpt lat="46.336179" lon="13.582239">
        <ele>453.578630</ele>
        <time>2026-07-29T00:22:16.718Z</time>
      </trkpt>
      <trkpt lat="46.336032" lon="13.583620">
        <ele>451.453054</ele>
        <time>2026-07-29T00:22:31.497Z</time>
      </trkpt>
      <trkpt lat="46.335986" lon="13.584445">
        <ele>449.938261</ele>
        <time>2026-07-29T00:22:37.535Z</time>
      </trkpt>
      <trkpt lat="46.335925" lon="13.585251">
        <ele>448.454320</ele>
        <time>2026-07-29T00:22:42.755Z</time>
      </trkpt>
      <trkpt lat="46.335870" lon="13.585468">
        <ele>448.031261</ele>
        <time>2026-07-29T00:22:44.262Z</time>
      </trkpt>
      <trkpt lat="46.335679" lon="13.585803">
        <ele>446.724717</ele>
        <time>2026-07-29T00:22:47.209Z</time>
      </trkpt>
      <trkpt lat="46.335599" lon="13.586038">
        <ele>445.914036</ele>
        <time>2026-07-29T00:22:49.122Z</time>
      </trkpt>
      <trkpt lat="46.335492" lon="13.586394">
        <ele>444.712709</ele>
        <time>2026-07-29T00:22:52.154Z</time>
      </trkpt>
      <trkpt lat="46.335422" lon="13.586762">
        <ele>443.531674</ele>
        <time>2026-07-29T00:22:55.154Z</time>
      </trkpt>
      <trkpt lat="46.335388" lon="13.587105">
        <ele>442.459529</ele>
        <time>2026-07-29T00:22:57.654Z</time>
      </trkpt>
      <trkpt lat="46.335456" lon="13.587869">
        <ele>440.076106</ele>
        <time>2026-07-29T00:23:02.532Z</time>
      </trkpt>
      <trkpt lat="46.335480" lon="13.588744">
        <ele>435.780644</ele>
        <time>2026-07-29T00:23:07.712Z</time>
      </trkpt>
      <trkpt lat="46.335473" lon="13.589145">
        <ele>433.767510</ele>
        <time>2026-07-29T00:23:10.092Z</time>
      </trkpt>
      <trkpt lat="46.335398" lon="13.589410">
        <ele>432.330160</ele>
        <time>2026-07-29T00:23:11.824Z</time>
      </trkpt>
      <trkpt lat="46.335272" lon="13.589551">
        <ele>431.172758</ele>
        <time>2026-07-29T00:23:13.261Z</time>
      </trkpt>
      <trkpt lat="46.334761" lon="13.589742">
        <ele>427.336669</ele>
        <time>2026-07-29T00:23:18.280Z</time>
      </trkpt>
      <trkpt lat="46.334637" lon="13.589814">
        <ele>426.576437</ele>
        <time>2026-07-29T00:23:19.594Z</time>
      </trkpt>
      <trkpt lat="46.333953" lon="13.590455">
        <ele>423.273787</ele>
        <time>2026-07-29T00:23:27.526Z</time>
      </trkpt>
      <trkpt lat="46.333797" lon="13.590701">
        <ele>422.338890</ele>
        <time>2026-07-29T00:23:29.696Z</time>
      </trkpt>
      <trkpt lat="46.333678" lon="13.590953">
        <ele>421.484354</ele>
        <time>2026-07-29T00:23:31.644Z</time>
      </trkpt>
      <trkpt lat="46.333378" lon="13.591385">
        <ele>419.769384</ele>
        <time>2026-07-29T00:23:35.662Z</time>
      </trkpt>
      <trkpt lat="46.333350" lon="13.591656">
        <ele>419.119366</ele>
        <time>2026-07-29T00:23:37.830Z</time>
      </trkpt>
      <trkpt lat="46.333416" lon="13.592107">
        <ele>418.104141</ele>
        <time>2026-07-29T00:23:42.936Z</time>
      </trkpt>
      <trkpt lat="46.333535" lon="13.592863">
        <ele>416.396617</ele>
        <time>2026-07-29T00:23:50.413Z</time>
      </trkpt>
      <trkpt lat="46.333888" lon="13.594492">
        <ele>412.107991</ele>
        <time>2026-07-29T00:24:01.380Z</time>
      </trkpt>
      <trkpt lat="46.334022" lon="13.595018">
        <ele>410.318844</ele>
        <time>2026-07-29T00:24:04.897Z</time>
      </trkpt>
      <trkpt lat="46.334119" lon="13.595289">
        <ele>409.344750</ele>
        <time>2026-07-29T00:24:06.815Z</time>
      </trkpt>
      <trkpt lat="46.334342" lon="13.595782">
        <ele>407.463982</ele>
        <time>2026-07-29T00:24:10.680Z</time>
      </trkpt>
      <trkpt lat="46.334753" lon="13.596618">
        <ele>405.739801</ele>
        <time>2026-07-29T00:24:18.234Z</time>
      </trkpt>
      <trkpt lat="46.334884" lon="13.596824">
        <ele>405.902159</ele>
        <time>2026-07-29T00:24:20.723Z</time>
      </trkpt>
      <trkpt lat="46.335068" lon="13.596996">
        <ele>406.086035</ele>
        <time>2026-07-29T00:24:24.125Z</time>
      </trkpt>
      <trkpt lat="46.336148" lon="13.597786">
        <ele>407.490158</ele>
        <time>2026-07-29T00:24:50.590Z</time>
      </trkpt>
      <trkpt lat="46.337056" lon="13.598482">
        <ele>412.059813</ele>
        <time>2026-07-29T00:25:29.621Z</time>
      </trkpt>
      <trkpt lat="46.337533" lon="13.598797">
        <ele>414.391709</ele>
        <time>2026-07-29T00:25:50.809Z</time>
      </trkpt>
      <trkpt lat="46.337829" lon="13.599121">
        <ele>414.975451</ele>
        <time>2026-07-29T00:25:59.725Z</time>
      </trkpt>
      <trkpt lat="46.337953" lon="13.599332">
        <ele>414.945055</ele>
        <time>2026-07-29T00:26:02.151Z</time>
      </trkpt>
      <trkpt lat="46.338206" lon="13.600112">
        <ele>414.850521</ele>
        <time>2026-07-29T00:26:08.915Z</time>
      </trkpt>
      <trkpt lat="46.338278" lon="13.600551">
        <ele>414.801025</ele>
        <time>2026-07-29T00:26:12.548Z</time>
      </trkpt>
      <trkpt lat="46.338294" lon="13.601233">
        <ele>414.729682</ele>
        <time>2026-07-29T00:26:18.235Z</time>
      </trkpt>
      <trkpt lat="46.338136" lon="13.602497">
        <ele>416.315041</ele>
        <time>2026-07-29T00:26:30.018Z</time>
      </trkpt>
      <trkpt lat="46.337989" lon="13.603705">
        <ele>417.828908</ele>
        <time>2026-07-29T00:26:54.940Z</time>
      </trkpt>
      <trkpt lat="46.337874" lon="13.604328">
        <ele>419.396452</ele>
        <time>2026-07-29T00:27:11.516Z</time>
      </trkpt>
      <trkpt lat="46.337807" lon="13.604863">
        <ele>420.825601</ele>
        <time>2026-07-29T00:27:25.661Z</time>
      </trkpt>
      <trkpt lat="46.337666" lon="13.605612">
        <ele>422.866160</ele>
        <time>2026-07-29T00:27:42.155Z</time>
      </trkpt>
      <trkpt lat="46.337520" lon="13.607046">
        <ele>426.431153</ele>
        <time>2026-07-29T00:28:03.153Z</time>
      </trkpt>
      <trkpt lat="46.337247" lon="13.608267">
        <ele>429.366648</ele>
        <time>2026-07-29T00:28:32.161Z</time>
      </trkpt>
      <trkpt lat="46.337005" lon="13.609472">
        <ele>430.986841</ele>
        <time>2026-07-29T00:28:57.150Z</time>
      </trkpt>
      <trkpt lat="46.336991" lon="13.609620">
        <ele>431.041661</ele>
        <time>2026-07-29T00:28:59.330Z</time>
      </trkpt>
      <trkpt lat="46.337010" lon="13.609974">
        <ele>431.171961</ele>
        <time>2026-07-29T00:29:03.709Z</time>
      </trkpt>
      <trkpt lat="46.337368" lon="13.611219">
        <ele>431.666881</ele>
        <time>2026-07-29T00:29:15.644Z</time>
      </trkpt>
      <trkpt lat="46.337421" lon="13.611583">
        <ele>431.233537</ele>
        <time>2026-07-29T00:29:18.473Z</time>
      </trkpt>
      <trkpt lat="46.337313" lon="13.612141">
        <ele>430.227558</ele>
        <time>2026-07-29T00:29:22.588Z</time>
      </trkpt>
      <trkpt lat="46.337307" lon="13.612258">
        <ele>430.023898</ele>
        <time>2026-07-29T00:29:23.405Z</time>
      </trkpt>
      <trkpt lat="46.337401" lon="13.613059">
        <ele>428.613492</ele>
        <time>2026-07-29T00:29:29.109Z</time>
      </trkpt>
      <trkpt lat="46.337399" lon="13.613404">
        <ele>428.014584</ele>
        <time>2026-07-29T00:29:31.628Z</time>
      </trkpt>
      <trkpt lat="46.337133" lon="13.614714">
        <ele>426.406273</ele>
        <time>2026-07-29T00:29:41.717Z</time>
      </trkpt>
      <trkpt lat="46.337094" lon="13.615075">
        <ele>426.086386</ele>
        <time>2026-07-29T00:29:44.523Z</time>
      </trkpt>
      <trkpt lat="46.337091" lon="13.615439">
        <ele>425.767695</ele>
        <time>2026-07-29T00:29:47.408Z</time>
      </trkpt>
      <trkpt lat="46.337090" lon="13.615514">
        <ele>425.702024</ele>
        <time>2026-07-29T00:29:48.017Z</time>
      </trkpt>
      <trkpt lat="46.337129" lon="13.616250">
        <ele>425.055790</ele>
        <time>2026-07-29T00:29:54.554Z</time>
      </trkpt>
      <trkpt lat="46.337202" lon="13.616711">
        <ele>425.222536</ele>
        <time>2026-07-29T00:29:59.592Z</time>
      </trkpt>
      <trkpt lat="46.337246" lon="13.616857">
        <ele>425.395628</ele>
        <time>2026-07-29T00:30:01.775Z</time>
      </trkpt>
      <trkpt lat="46.337378" lon="13.617079">
        <ele>425.713969</ele>
        <time>2026-07-29T00:30:06.368Z</time>
      </trkpt>
      <trkpt lat="46.337779" lon="13.617471">
        <ele>426.475341</ele>
        <time>2026-07-29T00:30:18.656Z</time>
      </trkpt>
      <trkpt lat="46.337989" lon="13.617733">
        <ele>426.911536</ele>
        <time>2026-07-29T00:30:25.431Z</time>
      </trkpt>
      <trkpt lat="46.338077" lon="13.617866">
        <ele>427.111695</ele>
        <time>2026-07-29T00:30:28.251Z</time>
      </trkpt>
      <trkpt lat="46.338186" lon="13.618115">
        <ele>427.432044</ele>
        <time>2026-07-29T00:30:32.329Z</time>
      </trkpt>
      <trkpt lat="46.338187" lon="13.618377">
        <ele>427.716723</ele>
        <time>2026-07-29T00:30:35.782Z</time>
      </trkpt>
      <trkpt lat="46.338153" lon="13.618599">
        <ele>428.034519</ele>
        <time>2026-07-29T00:30:38.810Z</time>
      </trkpt>
      <trkpt lat="46.338074" lon="13.618849">
        <ele>428.424226</ele>
        <time>2026-07-29T00:30:42.505Z</time>
      </trkpt>
      <trkpt lat="46.337666" lon="13.619717">
        <ele>429.912620</ele>
        <time>2026-07-29T00:31:00.056Z</time>
      </trkpt>
      <trkpt lat="46.337567" lon="13.620085">
        <ele>430.472433</ele>
        <time>2026-07-29T00:31:07.545Z</time>
      </trkpt>
      <trkpt lat="46.337421" lon="13.621055">
        <ele>431.274874</ele>
        <time>2026-07-29T00:31:24.206Z</time>
      </trkpt>
      <trkpt lat="46.337482" lon="13.622193">
        <ele>430.744302</ele>
        <time>2026-07-29T00:31:35.519Z</time>
      </trkpt>
      <trkpt lat="46.337536" lon="13.622804">
        <ele>430.457971</ele>
        <time>2026-07-29T00:31:39.835Z</time>
      </trkpt>
      <trkpt lat="46.337592" lon="13.623391">
        <ele>430.240687</ele>
        <time>2026-07-29T00:31:43.929Z</time>
      </trkpt>
      <trkpt lat="46.337717" lon="13.624092">
        <ele>430.541277</ele>
        <time>2026-07-29T00:31:50.756Z</time>
      </trkpt>
      <trkpt lat="46.337744" lon="13.624373">
        <ele>430.659065</ele>
        <time>2026-07-29T00:31:54.728Z</time>
      </trkpt>
      <trkpt lat="46.337755" lon="13.624907">
        <ele>430.880868</ele>
        <time>2026-07-29T00:32:02.157Z</time>
      </trkpt>
      <trkpt lat="46.337741" lon="13.625041">
        <ele>430.937135</ele>
        <time>2026-07-29T00:32:04.116Z</time>
      </trkpt>
      <trkpt lat="46.337578" lon="13.625649">
        <ele>431.207925</ele>
        <time>2026-07-29T00:32:14.444Z</time>
      </trkpt>
      <trkpt lat="46.337473" lon="13.626290">
        <ele>431.443776</ele>
        <time>2026-07-29T00:32:25.217Z</time>
      </trkpt>
      <trkpt lat="46.337455" lon="13.626735">
        <ele>431.591485</ele>
        <time>2026-07-29T00:32:31.398Z</time>
      </trkpt>
      <trkpt lat="46.337512" lon="13.628583">
        <ele>432.132065</ele>
        <time>2026-07-29T00:32:49.350Z</time>
      </trkpt>
      <trkpt lat="46.337468" lon="13.628945">
        <ele>432.063566</ele>
        <time>2026-07-29T00:32:52.795Z</time>
      </trkpt>
      <trkpt lat="46.337366" lon="13.629494">
        <ele>431.957616</ele>
        <time>2026-07-29T00:32:57.727Z</time>
      </trkpt>
      <trkpt lat="46.337175" lon="13.630002">
        <ele>431.849819</ele>
        <time>2026-07-29T00:33:02.329Z</time>
      </trkpt>
      <trkpt lat="46.337033" lon="13.630528">
        <ele>431.744568</ele>
        <time>2026-07-29T00:33:07.110Z</time>
      </trkpt>
      <trkpt lat="46.336948" lon="13.631149">
        <ele>431.799322</ele>
        <time>2026-07-29T00:33:16.145Z</time>
      </trkpt>
      <trkpt lat="46.336951" lon="13.631396">
        <ele>431.926004</ele>
        <time>2026-07-29T00:33:20.930Z</time>
      </trkpt>
      <trkpt lat="46.337033" lon="13.631869">
        <ele>432.176089</ele>
        <time>2026-07-29T00:33:29.940Z</time>
      </trkpt>
      <trkpt lat="46.336866" lon="13.633070">
        <ele>432.804332</ele>
        <time>2026-07-29T00:33:43.419Z</time>
      </trkpt>
      <trkpt lat="46.336766" lon="13.633391">
        <ele>432.984923</ele>
        <time>2026-07-29T00:33:46.483Z</time>
      </trkpt>
      <trkpt lat="46.336395" lon="13.634300">
        <ele>433.522468</ele>
        <time>2026-07-29T00:33:56.429Z</time>
      </trkpt>
      <trkpt lat="46.336307" lon="13.634744">
        <ele>433.757543</ele>
        <time>2026-07-29T00:34:02.936Z</time>
      </trkpt>
      <trkpt lat="46.336065" lon="13.635880">
        <ele>434.437942</ele>
        <time>2026-07-29T00:34:21.843Z</time>
      </trkpt>
      <trkpt lat="46.335828" lon="13.636668">
        <ele>436.043071</ele>
        <time>2026-07-29T00:34:30.066Z</time>
      </trkpt>
      <trkpt lat="46.335650" lon="13.636928">
        <ele>436.726849</ele>
        <time>2026-07-29T00:34:33.609Z</time>
      </trkpt>
      <trkpt lat="46.335435" lon="13.637142">
        <ele>437.432464</ele>
        <time>2026-07-29T00:34:39.369Z</time>
      </trkpt>
      <trkpt lat="46.335284" lon="13.637374">
        <ele>438.027882</ele>
        <time>2026-07-29T00:34:46.175Z</time>
      </trkpt>
      <trkpt lat="46.334924" lon="13.638244">
        <ele>440.863981</ele>
        <time>2026-07-29T00:35:16.156Z</time>
      </trkpt>
      <trkpt lat="46.334899" lon="13.638329">
        <ele>441.261375</ele>
        <time>2026-07-29T00:35:18.897Z</time>
      </trkpt>
      <trkpt lat="46.334791" lon="13.638653">
        <ele>442.808886</ele>
        <time>2026-07-29T00:35:28.991Z</time>
      </trkpt>
      <trkpt lat="46.334561" lon="13.639147">
        <ele>445.371664</ele>
        <time>2026-07-29T00:35:44.064Z</time>
      </trkpt>
      <trkpt lat="46.334471" lon="13.639664">
        <ele>447.665007</ele>
        <time>2026-07-29T00:35:57.592Z</time>
      </trkpt>
      <trkpt lat="46.334484" lon="13.640008">
        <ele>449.146857</ele>
        <time>2026-07-29T00:36:07.376Z</time>
      </trkpt>
      <trkpt lat="46.334558" lon="13.640224">
        <ele>450.184013</ele>
        <time>2026-07-29T00:36:14.664Z</time>
      </trkpt>
      <trkpt lat="46.334632" lon="13.640362">
        <ele>450.934054</ele>
        <time>2026-07-29T00:36:20.104Z</time>
      </trkpt>
      <trkpt lat="46.334743" lon="13.640494">
        <ele>451.826211</ele>
        <time>2026-07-29T00:36:26.582Z</time>
      </trkpt>
      <trkpt lat="46.335581" lon="13.641188">
        <ele>457.822625</ele>
        <time>2026-07-29T00:37:07.668Z</time>
      </trkpt>
      <trkpt lat="46.335696" lon="13.641312">
        <ele>458.713211</ele>
        <time>2026-07-29T00:37:12.928Z</time>
      </trkpt>
      <trkpt lat="46.335823" lon="13.641478">
        <ele>459.775868</ele>
        <time>2026-07-29T00:37:18.944Z</time>
      </trkpt>
      <trkpt lat="46.336520" lon="13.642588">
        <ele>463.156977</ele>
        <time>2026-07-29T00:37:53.932Z</time>
      </trkpt>
      <trkpt lat="46.336714" lon="13.642886">
        <ele>463.755889</ele>
        <time>2026-07-29T00:38:01.781Z</time>
      </trkpt>
      <trkpt lat="46.336932" lon="13.643424">
        <ele>464.668054</ele>
        <time>2026-07-29T00:38:09.227Z</time>
      </trkpt>
      <trkpt lat="46.337649" lon="13.644707">
        <ele>465.031890</ele>
        <time>2026-07-29T00:38:21.523Z</time>
      </trkpt>
      <trkpt lat="46.337739" lon="13.644903">
        <ele>464.959893</ele>
        <time>2026-07-29T00:38:23.103Z</time>
      </trkpt>
      <trkpt lat="46.337836" lon="13.645301">
        <ele>464.830799</ele>
        <time>2026-07-29T00:38:26.352Z</time>
      </trkpt>
      <trkpt lat="46.337930" lon="13.645484">
        <ele>464.761035</ele>
        <time>2026-07-29T00:38:29.633Z</time>
      </trkpt>
      <trkpt lat="46.338229" lon="13.645761">
        <ele>464.603797</ele>
        <time>2026-07-29T00:38:40.587Z</time>
      </trkpt>
      <trkpt lat="46.338354" lon="13.645845">
        <ele>465.001572</ele>
        <time>2026-07-29T00:38:45.284Z</time>
      </trkpt>
      <trkpt lat="46.338505" lon="13.645947">
        <ele>465.649781</ele>
        <time>2026-07-29T00:38:50.305Z</time>
      </trkpt>
      <trkpt lat="46.338744" lon="13.646086">
        <ele>466.651766</ele>
        <time>2026-07-29T00:38:56.440Z</time>
      </trkpt>
      <trkpt lat="46.338889" lon="13.646216">
        <ele>467.315209</ele>
        <time>2026-07-29T00:39:00.337Z</time>
      </trkpt>
      <trkpt lat="46.339089" lon="13.646513">
        <ele>468.429576</ele>
        <time>2026-07-29T00:39:08.539Z</time>
      </trkpt>
      <trkpt lat="46.339455" lon="13.646980">
        <ele>470.327184</ele>
        <time>2026-07-29T00:39:24.565Z</time>
      </trkpt>
      <trkpt lat="46.339791" lon="13.647519">
        <ele>472.314914</ele>
        <time>2026-07-29T00:39:42.487Z</time>
      </trkpt>
      <trkpt lat="46.340350" lon="13.648583">
        <ele>476.099458</ele>
        <time>2026-07-29T00:40:18.998Z</time>
      </trkpt>
      <trkpt lat="46.340501" lon="13.649031">
        <ele>477.510575</ele>
        <time>2026-07-29T00:40:29.162Z</time>
      </trkpt>
      <trkpt lat="46.340616" lon="13.649555">
        <ele>478.929411</ele>
        <time>2026-07-29T00:40:36.223Z</time>
      </trkpt>
      <trkpt lat="46.340816" lon="13.650195">
        <ele>478.321086</ele>
        <time>2026-07-29T00:40:42.251Z</time>
      </trkpt>
      <trkpt lat="46.340851" lon="13.650374">
        <ele>478.159988</ele>
        <time>2026-07-29T00:40:43.760Z</time>
      </trkpt>
      <trkpt lat="46.340881" lon="13.650946">
        <ele>477.663252</ele>
        <time>2026-07-29T00:40:49.515Z</time>
      </trkpt>
      <trkpt lat="46.340874" lon="13.651325">
        <ele>477.334950</ele>
        <time>2026-07-29T00:40:52.821Z</time>
      </trkpt>
      <trkpt lat="46.340853" lon="13.651679">
        <ele>477.027283</ele>
        <time>2026-07-29T00:40:55.429Z</time>
      </trkpt>
      <trkpt lat="46.340779" lon="13.652158">
        <ele>476.609511</ele>
        <time>2026-07-29T00:40:58.650Z</time>
      </trkpt>
      <trkpt lat="46.340742" lon="13.653119">
        <ele>475.834649</ele>
        <time>2026-07-29T00:41:05.007Z</time>
      </trkpt>
      <trkpt lat="46.340756" lon="13.653597">
        <ele>475.449486</ele>
        <time>2026-07-29T00:41:08.729Z</time>
      </trkpt>
      <trkpt lat="46.340852" lon="13.654163">
        <ele>474.980274</ele>
        <time>2026-07-29T00:41:15.835Z</time>
      </trkpt>
      <trkpt lat="46.340947" lon="13.654573">
        <ele>474.632107</ele>
        <time>2026-07-29T00:41:23.114Z</time>
      </trkpt>
      <trkpt lat="46.340958" lon="13.654776">
        <ele>474.977459</ele>
        <time>2026-07-29T00:41:27.070Z</time>
      </trkpt>
      <trkpt lat="46.340952" lon="13.654979">
        <ele>475.409089</ele>
        <time>2026-07-29T00:41:31.299Z</time>
      </trkpt>
      <trkpt lat="46.340814" lon="13.655900">
        <ele>477.411133</ele>
        <time>2026-07-29T00:41:52.279Z</time>
      </trkpt>
      <trkpt lat="46.340665" lon="13.656606">
        <ele>478.979417</ele>
        <time>2026-07-29T00:42:07.166Z</time>
      </trkpt>
      <trkpt lat="46.340649" lon="13.656875">
        <ele>479.552976</ele>
        <time>2026-07-29T00:42:11.800Z</time>
      </trkpt>
      <trkpt lat="46.340692" lon="13.657505">
        <ele>480.138493</ele>
        <time>2026-07-29T00:42:21.012Z</time>
      </trkpt>
      <trkpt lat="46.340677" lon="13.658288">
        <ele>480.129203</ele>
        <time>2026-07-29T00:42:30.948Z</time>
      </trkpt>
      <trkpt lat="46.340686" lon="13.658493">
        <ele>480.126766</ele>
        <time>2026-07-29T00:42:33.163Z</time>
      </trkpt>
      <trkpt lat="46.340729" lon="13.658634">
        <ele>480.124938</ele>
        <time>2026-07-29T00:42:34.624Z</time>
      </trkpt>
      <trkpt lat="46.340828" lon="13.658807">
        <ele>480.122273</ele>
        <time>2026-07-29T00:42:36.577Z</time>
      </trkpt>
      <trkpt lat="46.341356" lon="13.659334">
        <ele>480.105461</ele>
        <time>2026-07-29T00:42:43.604Z</time>
      </trkpt>
      <trkpt lat="46.341470" lon="13.659486">
        <ele>480.074817</ele>
        <time>2026-07-29T00:42:45.296Z</time>
      </trkpt>
      <trkpt lat="46.341543" lon="13.659718">
        <ele>480.040005</ele>
        <time>2026-07-29T00:42:47.325Z</time>
      </trkpt>
      <trkpt lat="46.341538" lon="13.660036">
        <ele>479.996575</ele>
        <time>2026-07-29T00:42:50.156Z</time>
      </trkpt>
      <trkpt lat="46.341233" lon="13.661302">
        <ele>479.813496</ele>
        <time>2026-07-29T00:43:06.465Z</time>
      </trkpt>
      <trkpt lat="46.341215" lon="13.662109">
        <ele>480.138720</ele>
        <time>2026-07-29T00:43:15.139Z</time>
      </trkpt>
      <trkpt lat="46.341263" lon="13.662639">
        <ele>480.667391</ele>
        <time>2026-07-29T00:43:20.093Z</time>
      </trkpt>
      <trkpt lat="46.341369" lon="13.663253">
        <ele>481.293347</ele>
        <time>2026-07-29T00:43:28.422Z</time>
      </trkpt>
      <trkpt lat="46.341453" lon="13.663590">
        <ele>481.647704</ele>
        <time>2026-07-29T00:43:34.916Z</time>
      </trkpt>
      <trkpt lat="46.341583" lon="13.664213">
        <ele>482.291391</ele>
        <time>2026-07-29T00:43:47.818Z</time>
      </trkpt>
      <trkpt lat="46.341785" lon="13.665616">
        <ele>484.059946</ele>
        <time>2026-07-29T00:44:11.269Z</time>
      </trkpt>
      <trkpt lat="46.341854" lon="13.666257">
        <ele>484.865284</ele>
        <time>2026-07-29T00:44:19.893Z</time>
      </trkpt>
      <trkpt lat="46.342020" lon="13.667112">
        <ele>485.870953</ele>
        <time>2026-07-29T00:44:31.627Z</time>
      </trkpt>
      <trkpt lat="46.342194" lon="13.667724">
        <ele>486.493944</ele>
        <time>2026-07-29T00:44:40.174Z</time>
      </trkpt>
      <trkpt lat="46.342275" lon="13.668220">
        <ele>486.973692</ele>
        <time>2026-07-29T00:44:45.173Z</time>
      </trkpt>
      <trkpt lat="46.342313" lon="13.668404">
        <ele>487.154467</ele>
        <time>2026-07-29T00:44:46.825Z</time>
      </trkpt>
      <trkpt lat="46.342465" lon="13.668834">
        <ele>487.609180</ele>
        <time>2026-07-29T00:44:51.321Z</time>
      </trkpt>
      <trkpt lat="46.342489" lon="13.668956">
        <ele>487.728584</ele>
        <time>2026-07-29T00:44:53.308Z</time>
      </trkpt>
      <trkpt lat="46.342492" lon="13.669012">
        <ele>487.781453</ele>
        <time>2026-07-29T00:44:54.337Z</time>
      </trkpt>
      <trkpt lat="46.342492" lon="13.669146">
        <ele>487.907581</ele>
        <time>2026-07-29T00:44:57.063Z</time>
      </trkpt>
      <trkpt lat="46.342485" lon="13.669199">
        <ele>487.958372</ele>
        <time>2026-07-29T00:44:58.264Z</time>
      </trkpt>
      <trkpt lat="46.342381" lon="13.669654">
        <ele>488.978877</ele>
        <time>2026-07-29T00:45:11.134Z</time>
      </trkpt>
      <trkpt lat="46.342301" lon="13.670179">
        <ele>490.223645</ele>
        <time>2026-07-29T00:45:27.437Z</time>
      </trkpt>
      <trkpt lat="46.342204" lon="13.671140">
        <ele>492.472265</ele>
        <time>2026-07-29T00:45:48.315Z</time>
      </trkpt>
      <trkpt lat="46.342105" lon="13.672281">
        <ele>493.949139</ele>
        <time>2026-07-29T00:46:00.514Z</time>
      </trkpt>
      <trkpt lat="46.341878" lon="13.673501">
        <ele>493.672228</ele>
        <time>2026-07-29T00:46:14.113Z</time>
      </trkpt>
      <trkpt lat="46.341756" lon="13.675035">
        <ele>493.826253</ele>
        <time>2026-07-29T00:46:26.277Z</time>
      </trkpt>
      <trkpt lat="46.341645" lon="13.675650">
        <ele>494.154081</ele>
        <time>2026-07-29T00:46:32.528Z</time>
      </trkpt>
      <trkpt lat="46.341477" lon="13.676370">
        <ele>494.546035</ele>
        <time>2026-07-29T00:46:43.690Z</time>
      </trkpt>
      <trkpt lat="46.341420" lon="13.676517">
        <ele>494.632986</ele>
        <time>2026-07-29T00:46:46.564Z</time>
      </trkpt>
      <trkpt lat="46.341071" lon="13.677136">
        <ele>496.181298</ele>
        <time>2026-07-29T00:47:01.532Z</time>
      </trkpt>
      <trkpt lat="46.341008" lon="13.677284">
        <ele>496.732309</ele>
        <time>2026-07-29T00:47:05.075Z</time>
      </trkpt>
      <trkpt lat="46.340859" lon="13.677938">
        <ele>498.914815</ele>
        <time>2026-07-29T00:47:20.514Z</time>
      </trkpt>
      <trkpt lat="46.340697" lon="13.678783">
        <ele>501.694012</ele>
        <time>2026-07-29T00:47:43.091Z</time>
      </trkpt>
      <trkpt lat="46.340625" lon="13.679710">
        <ele>503.628145</ele>
        <time>2026-07-29T00:48:08.056Z</time>
      </trkpt>
      <trkpt lat="46.340490" lon="13.680346">
        <ele>504.363511</ele>
        <time>2026-07-29T00:48:22.356Z</time>
      </trkpt>
      <trkpt lat="46.340469" lon="13.680767">
        <ele>504.830004</ele>
        <time>2026-07-29T00:48:27.780Z</time>
      </trkpt>
      <trkpt lat="46.340481" lon="13.681074">
        <ele>505.169837</ele>
        <time>2026-07-29T00:48:30.214Z</time>
      </trkpt>
      <trkpt lat="46.340562" lon="13.681844">
        <ele>505.944287</ele>
        <time>2026-07-29T00:48:35.746Z</time>
      </trkpt>
      <trkpt lat="46.340619" lon="13.682006">
        <ele>505.899014</ele>
        <time>2026-07-29T00:48:37.101Z</time>
      </trkpt>
      <trkpt lat="46.340908" lon="13.682446">
        <ele>505.747795</ele>
        <time>2026-07-29T00:48:42.514Z</time>
      </trkpt>
      <trkpt lat="46.341030" lon="13.682692">
        <ele>505.672377</ele>
        <time>2026-07-29T00:48:46.039Z</time>
      </trkpt>
      <trkpt lat="46.341260" lon="13.683421">
        <ele>505.472806</ele>
        <time>2026-07-29T00:48:53.847Z</time>
      </trkpt>
      <trkpt lat="46.341380" lon="13.683682">
        <ele>505.394727</ele>
        <time>2026-07-29T00:48:56.482Z</time>
      </trkpt>
      <trkpt lat="46.341572" lon="13.683955">
        <ele>505.403785</ele>
        <time>2026-07-29T00:49:00.375Z</time>
      </trkpt>
      <trkpt lat="46.342231" lon="13.684542">
        <ele>507.275313</ele>
        <time>2026-07-29T00:49:19.451Z</time>
      </trkpt>
      <trkpt lat="46.342627" lon="13.685008">
        <ele>508.509578</ele>
        <time>2026-07-29T00:49:33.181Z</time>
      </trkpt>
      <trkpt lat="46.342795" lon="13.685065">
        <ele>508.926996</ele>
        <time>2026-07-29T00:49:38.264Z</time>
      </trkpt>
      <trkpt lat="46.343264" lon="13.685071">
        <ele>509.668674</ele>
        <time>2026-07-29T00:49:52.941Z</time>
      </trkpt>
      <trkpt lat="46.343504" lon="13.685149">
        <ele>509.677636</ele>
        <time>2026-07-29T00:49:59.123Z</time>
      </trkpt>
      <trkpt lat="46.344159" lon="13.685386">
        <ele>509.702234</ele>
        <time>2026-07-29T00:50:07.815Z</time>
      </trkpt>
      <trkpt lat="46.344358" lon="13.685500">
        <ele>509.710031</ele>
        <time>2026-07-29T00:50:10.079Z</time>
      </trkpt>
      <trkpt lat="46.344543" lon="13.685650">
        <ele>509.717755</ele>
        <time>2026-07-29T00:50:12.255Z</time>
      </trkpt>
      <trkpt lat="46.344945" lon="13.686113">
        <ele>510.017613</ele>
        <time>2026-07-29T00:50:17.864Z</time>
      </trkpt>
      <trkpt lat="46.346278" lon="13.688328">
        <ele>512.827626</ele>
        <time>2026-07-29T00:51:04.886Z</time>
      </trkpt>
      <trkpt lat="46.346440" lon="13.688534">
        <ele>513.207807</ele>
        <time>2026-07-29T00:51:11.253Z</time>
      </trkpt>
      <trkpt lat="46.346511" lon="13.688585">
        <ele>513.347579</ele>
        <time>2026-07-29T00:51:13.265Z</time>
      </trkpt>
      <trkpt lat="46.346870" lon="13.688823">
        <ele>514.043902</ele>
        <time>2026-07-29T00:51:21.940Z</time>
      </trkpt>
      <trkpt lat="46.347777" lon="13.689291">
        <ele>514.935112</ele>
        <time>2026-07-29T00:51:40.575Z</time>
      </trkpt>
      <trkpt lat="46.347990" lon="13.689455">
        <ele>514.733860</ele>
        <time>2026-07-29T00:51:44.441Z</time>
      </trkpt>
      <trkpt lat="46.348272" lon="13.689776">
        <ele>514.434639</ele>
        <time>2026-07-29T00:51:48.567Z</time>
      </trkpt>
      <trkpt lat="46.348756" lon="13.690477">
        <ele>513.863630</ele>
        <time>2026-07-29T00:51:55.625Z</time>
      </trkpt>
      <trkpt lat="46.349101" lon="13.690929">
        <ele>514.004792</ele>
        <time>2026-07-29T00:52:01.453Z</time>
      </trkpt>
      <trkpt lat="46.350051" lon="13.692149">
        <ele>515.516519</ele>
        <time>2026-07-29T00:52:29.933Z</time>
      </trkpt>
      <trkpt lat="46.350777" lon="13.692955">
        <ele>517.128366</ele>
        <time>2026-07-29T00:52:50.737Z</time>
      </trkpt>
      <trkpt lat="46.350995" lon="13.693148">
        <ele>517.639027</ele>
        <time>2026-07-29T00:52:56.731Z</time>
      </trkpt>
      <trkpt lat="46.351463" lon="13.693475">
        <ele>518.677584</ele>
        <time>2026-07-29T00:53:09.137Z</time>
      </trkpt>
      <trkpt lat="46.351804" lon="13.693755">
        <ele>519.448885</ele>
        <time>2026-07-29T00:53:17.933Z</time>
      </trkpt>
      <trkpt lat="46.352046" lon="13.693998">
        <ele>519.802619</ele>
        <time>2026-07-29T00:53:24.187Z</time>
      </trkpt>
      <trkpt lat="46.352558" lon="13.694596">
        <ele>520.592705</ele>
        <time>2026-07-29T00:53:38.064Z</time>
      </trkpt>
      <trkpt lat="46.353045" lon="13.695246">
        <ele>521.388197</ele>
        <time>2026-07-29T00:53:50.999Z</time>
      </trkpt>
      <trkpt lat="46.353717" lon="13.696249">
        <ele>522.063690</ele>
        <time>2026-07-29T00:54:04.249Z</time>
      </trkpt>
      <trkpt lat="46.353878" lon="13.696452">
        <ele>522.190377</ele>
        <time>2026-07-29T00:54:07.503Z</time>
      </trkpt>
      <trkpt lat="46.353968" lon="13.696541">
        <ele>522.255057</ele>
        <time>2026-07-29T00:54:09.328Z</time>
      </trkpt>
      <trkpt lat="46.354223" lon="13.696654">
        <ele>522.413341</ele>
        <time>2026-07-29T00:54:14.426Z</time>
      </trkpt>
      <trkpt lat="46.354420" lon="13.696789">
        <ele>522.542697</ele>
        <time>2026-07-29T00:54:19.086Z</time>
      </trkpt>
      <trkpt lat="46.354596" lon="13.697005">
        <ele>522.747053</ele>
        <time>2026-07-29T00:54:24.100Z</time>
      </trkpt>
      <trkpt lat="46.354680" lon="13.697158">
        <ele>523.089887</ele>
        <time>2026-07-29T00:54:27.001Z</time>
      </trkpt>
      <trkpt lat="46.354769" lon="13.697237">
        <ele>523.355075</ele>
        <time>2026-07-29T00:54:29.252Z</time>
      </trkpt>
      <trkpt lat="46.355040" lon="13.697319">
        <ele>524.058471</ele>
        <time>2026-07-29T00:54:35.050Z</time>
      </trkpt>
      <trkpt lat="46.355365" lon="13.697620">
        <ele>525.038499</ele>
        <time>2026-07-29T00:54:43.536Z</time>
      </trkpt>
      <trkpt lat="46.355475" lon="13.697754">
        <ele>525.403636</ele>
        <time>2026-07-29T00:54:47.038Z</time>
      </trkpt>
      <trkpt lat="46.355829" lon="13.698021">
        <ele>526.417627</ele>
        <time>2026-07-29T00:54:58.335Z</time>
      </trkpt>
      <trkpt lat="46.356266" lon="13.698458">
        <ele>527.682315</ele>
        <time>2026-07-29T00:55:15.713Z</time>
      </trkpt>
      <trkpt lat="46.356623" lon="13.698644">
        <ele>528.494962</ele>
        <time>2026-07-29T00:55:26.795Z</time>
      </trkpt>
      <trkpt lat="46.356695" lon="13.698719">
        <ele>528.684909</ele>
        <time>2026-07-29T00:55:28.927Z</time>
      </trkpt>
      <trkpt lat="46.356755" lon="13.698826">
        <ele>528.888725</ele>
        <time>2026-07-29T00:55:30.899Z</time>
      </trkpt>
      <trkpt lat="46.356900" lon="13.699216">
        <ele>529.543625</ele>
        <time>2026-07-29T00:55:34.879Z</time>
      </trkpt>
      <trkpt lat="46.357169" lon="13.699658">
        <ele>530.414829</ele>
        <time>2026-07-29T00:55:40.299Z</time>
      </trkpt>
      <trkpt lat="46.357294" lon="13.699847">
        <ele>530.801821</ele>
        <time>2026-07-29T00:55:45.282Z</time>
      </trkpt>
      <trkpt lat="46.357398" lon="13.700196">
        <ele>531.605480</ele>
        <time>2026-07-29T00:55:53.846Z</time>
      </trkpt>
      <trkpt lat="46.357569" lon="13.701253">
        <ele>534.585491</ele>
        <time>2026-07-29T00:56:14.654Z</time>
      </trkpt>
      <trkpt lat="46.357616" lon="13.702981">
        <ele>538.814426</ele>
        <time>2026-07-29T00:56:56.271Z</time>
      </trkpt>
      <trkpt lat="46.357657" lon="13.703248">
        <ele>539.210763</ele>
        <time>2026-07-29T00:57:03.462Z</time>
      </trkpt>
      <trkpt lat="46.357807" lon="13.703652">
        <ele>539.875484</ele>
        <time>2026-07-29T00:57:11.718Z</time>
      </trkpt>
      <trkpt lat="46.357905" lon="13.703743">
        <ele>540.119859</ele>
        <time>2026-07-29T00:57:13.996Z</time>
      </trkpt>
      <trkpt lat="46.358225" lon="13.703853">
        <ele>540.810345</ele>
        <time>2026-07-29T00:57:20.263Z</time>
      </trkpt>
      <trkpt lat="46.358359" lon="13.703966">
        <ele>541.135854</ele>
        <time>2026-07-29T00:57:22.361Z</time>
      </trkpt>
      <trkpt lat="46.358697" lon="13.704463">
        <ele>541.912848</ele>
        <time>2026-07-29T00:57:31.000Z</time>
      </trkpt>
      <trkpt lat="46.358760" lon="13.704646">
        <ele>541.696672</ele>
        <time>2026-07-29T00:57:32.690Z</time>
      </trkpt>
      <trkpt lat="46.358876" lon="13.705208">
        <ele>541.076599</ele>
        <time>2026-07-29T00:57:37.260Z</time>
      </trkpt>
      <trkpt lat="46.358965" lon="13.705447">
        <ele>540.789529</ele>
        <time>2026-07-29T00:57:39.328Z</time>
      </trkpt>
      <trkpt lat="46.359091" lon="13.705601">
        <ele>540.537050</ele>
        <time>2026-07-29T00:57:41.169Z</time>
      </trkpt>
      <trkpt lat="46.359408" lon="13.705898">
        <ele>539.958853</ele>
        <time>2026-07-29T00:57:45.339Z</time>
      </trkpt>
      <trkpt lat="46.359604" lon="13.706219">
        <ele>539.505797</ele>
        <time>2026-07-29T00:57:48.496Z</time>
      </trkpt>
      <trkpt lat="46.359721" lon="13.706520">
        <ele>539.291407</ele>
        <time>2026-07-29T00:57:50.932Z</time>
      </trkpt>
      <trkpt lat="46.359857" lon="13.707085">
        <ele>539.481044</ele>
        <time>2026-07-29T00:57:55.506Z</time>
      </trkpt>
      <trkpt lat="46.360072" lon="13.707896">
        <ele>539.756374</ele>
        <time>2026-07-29T00:58:06.977Z</time>
      </trkpt>
      <trkpt lat="46.360380" lon="13.708449">
        <ele>539.981582</ele>
        <time>2026-07-29T00:58:17.557Z</time>
      </trkpt>
      <trkpt lat="46.360653" lon="13.708952">
        <ele>540.945023</ele>
        <time>2026-07-29T00:58:26.939Z</time>
      </trkpt>
      <trkpt lat="46.361104" lon="13.709438">
        <ele>543.131844</ele>
        <time>2026-07-29T00:58:42.727Z</time>
      </trkpt>
      <trkpt lat="46.362247" lon="13.711138">
        <ele>547.142970</ele>
        <time>2026-07-29T00:59:39.979Z</time>
      </trkpt>
      <trkpt lat="46.362362" lon="13.711375">
        <ele>547.162909</ele>
        <time>2026-07-29T00:59:43.164Z</time>
      </trkpt>
      <trkpt lat="46.362426" lon="13.711601">
        <ele>547.179720</ele>
        <time>2026-07-29T00:59:45.016Z</time>
      </trkpt>
      <trkpt lat="46.362473" lon="13.711957">
        <ele>547.204664</ele>
        <time>2026-07-29T00:59:47.392Z</time>
      </trkpt>
      <trkpt lat="46.362476" lon="13.712276">
        <ele>547.226619</ele>
        <time>2026-07-29T00:59:49.395Z</time>
      </trkpt>
      <trkpt lat="46.362466" lon="13.712484">
        <ele>547.240968</ele>
        <time>2026-07-29T00:59:50.776Z</time>
      </trkpt>
      <trkpt lat="46.362375" lon="13.713046">
        <ele>547.764521</ele>
        <time>2026-07-29T00:59:55.278Z</time>
      </trkpt>
      <trkpt lat="46.362263" lon="13.713563">
        <ele>548.682674</ele>
        <time>2026-07-29T01:00:01.588Z</time>
      </trkpt>
      <trkpt lat="46.362246" lon="13.713746">
        <ele>548.995546</ele>
        <time>2026-07-29T01:00:04.043Z</time>
      </trkpt>
      <trkpt lat="46.362264" lon="13.713929">
        <ele>549.308755</ele>
        <time>2026-07-29T01:00:06.478Z</time>
      </trkpt>
      <trkpt lat="46.362349" lon="13.714124">
        <ele>549.699557</ele>
        <time>2026-07-29T01:00:09.557Z</time>
      </trkpt>
      <trkpt lat="46.362428" lon="13.714226">
        <ele>549.959352</ele>
        <time>2026-07-29T01:00:11.750Z</time>
      </trkpt>
      <trkpt lat="46.362610" lon="13.714344">
        <ele>550.448908</ele>
        <time>2026-07-29T01:00:17.743Z</time>
      </trkpt>
      <trkpt lat="46.362862" lon="13.714404">
        <ele>551.075942</ele>
        <time>2026-07-29T01:00:30.191Z</time>
      </trkpt>
      <trkpt lat="46.363053" lon="13.714455">
        <ele>551.552802</ele>
        <time>2026-07-29T01:00:41.821Z</time>
      </trkpt>
      <trkpt lat="46.363327" lon="13.714601">
        <ele>551.951094</ele>
        <time>2026-07-29T01:00:56.903Z</time>
      </trkpt>
      <trkpt lat="46.363466" lon="13.714716">
        <ele>552.133067</ele>
        <time>2026-07-29T01:01:02.253Z</time>
      </trkpt>
      <trkpt lat="46.363623" lon="13.714912">
        <ele>552.368665</ele>
        <time>2026-07-29T01:01:05.396Z</time>
      </trkpt>
      <trkpt lat="46.363791" lon="13.715237">
        <ele>552.687249</ele>
        <time>2026-07-29T01:01:08.189Z</time>
      </trkpt>
      <trkpt lat="46.363897" lon="13.715587">
        <ele>552.987124</ele>
        <time>2026-07-29T01:01:10.999Z</time>
      </trkpt>
      <trkpt lat="46.364129" lon="13.716730">
        <ele>553.727879</ele>
        <time>2026-07-29T01:01:22.395Z</time>
      </trkpt>
      <trkpt lat="46.364291" lon="13.717261">
        <ele>553.742759</ele>
        <time>2026-07-29T01:01:28.419Z</time>
      </trkpt>
      <trkpt lat="46.364531" lon="13.717727">
        <ele>553.757661</ele>
        <time>2026-07-29T01:01:34.452Z</time>
      </trkpt>
      <trkpt lat="46.365107" lon="13.718694">
        <ele>553.783936</ele>
        <time>2026-07-29T01:01:49.170Z</time>
      </trkpt>
      <trkpt lat="46.365287" lon="13.719065">
        <ele>553.762474</ele>
        <time>2026-07-29T01:01:54.087Z</time>
      </trkpt>
      <trkpt lat="46.365594" lon="13.720174">
        <ele>553.705928</ele>
        <time>2026-07-29T01:02:03.000Z</time>
      </trkpt>
      <trkpt lat="46.365692" lon="13.720401">
        <ele>553.693256</ele>
        <time>2026-07-29T01:02:05.250Z</time>
      </trkpt>
      <trkpt lat="46.365882" lon="13.720666">
        <ele>553.675172</ele>
        <time>2026-07-29T01:02:10.056Z</time>
      </trkpt>
      <trkpt lat="46.366093" lon="13.720899">
        <ele>554.155937</ele>
        <time>2026-07-29T01:02:17.063Z</time>
      </trkpt>
      <trkpt lat="46.366593" lon="13.721347">
        <ele>556.693953</ele>
        <time>2026-07-29T01:02:38.107Z</time>
      </trkpt>
      <trkpt lat="46.367055" lon="13.721689">
        <ele>558.933781</ele>
        <time>2026-07-29T01:03:01.283Z</time>
      </trkpt>
      <trkpt lat="46.367201" lon="13.721864">
        <ele>559.751799</ele>
        <time>2026-07-29T01:03:08.802Z</time>
      </trkpt>
      <trkpt lat="46.367741" lon="13.722757">
        <ele>561.065408</ele>
        <time>2026-07-29T01:03:28.085Z</time>
      </trkpt>
      <trkpt lat="46.367827" lon="13.723113">
        <ele>560.844801</ele>
        <time>2026-07-29T01:03:30.834Z</time>
      </trkpt>
      <trkpt lat="46.367905" lon="13.724191">
        <ele>560.210851</ele>
        <time>2026-07-29T01:03:38.150Z</time>
      </trkpt>
      <trkpt lat="46.368136" lon="13.725298">
        <ele>561.088651</ele>
        <time>2026-07-29T01:03:50.842Z</time>
      </trkpt>
      <trkpt lat="46.368390" lon="13.725776">
        <ele>562.212593</ele>
        <time>2026-07-29T01:03:59.389Z</time>
      </trkpt>
      <trkpt lat="46.368554" lon="13.726153">
        <ele>563.042846</ele>
        <time>2026-07-29T01:04:06.858Z</time>
      </trkpt>
      <trkpt lat="46.368693" lon="13.726304">
        <ele>563.511852</ele>
        <time>2026-07-29T01:04:11.761Z</time>
      </trkpt>
      <trkpt lat="46.369222" lon="13.726568">
        <ele>565.119417</ele>
        <time>2026-07-29T01:04:34.968Z</time>
      </trkpt>
      <trkpt lat="46.369542" lon="13.726782">
        <ele>566.425323</ele>
        <time>2026-07-29T01:04:50.601Z</time>
      </trkpt>
      <trkpt lat="46.369800" lon="13.726981">
        <ele>567.508300</ele>
        <time>2026-07-29T01:05:01.443Z</time>
      </trkpt>
      <trkpt lat="46.370017" lon="13.727191">
        <ele>568.475175</ele>
        <time>2026-07-29T01:05:07.789Z</time>
      </trkpt>
      <trkpt lat="46.370184" lon="13.727467">
        <ele>569.413738</ele>
        <time>2026-07-29T01:05:14.035Z</time>
      </trkpt>
      <trkpt lat="46.370270" lon="13.727712">
        <ele>570.116545</ele>
        <time>2026-07-29T01:05:18.715Z</time>
      </trkpt>
      <trkpt lat="46.370444" lon="13.728450">
        <ele>571.484536</ele>
        <time>2026-07-29T01:05:30.016Z</time>
      </trkpt>
      <trkpt lat="46.370844" lon="13.729133">
        <ele>571.678253</ele>
        <time>2026-07-29T01:05:39.270Z</time>
      </trkpt>
      <trkpt lat="46.370905" lon="13.729454">
        <ele>571.750249</ele>
        <time>2026-07-29T01:05:42.259Z</time>
      </trkpt>
      <trkpt lat="46.370920" lon="13.729846">
        <ele>571.835144</ele>
        <time>2026-07-29T01:05:45.696Z</time>
      </trkpt>
      <trkpt lat="46.370831" lon="13.730322">
        <ele>571.941784</ele>
        <time>2026-07-29T01:05:50.371Z</time>
      </trkpt>
      <trkpt lat="46.370698" lon="13.730807">
        <ele>572.113812</ele>
        <time>2026-07-29T01:05:56.878Z</time>
      </trkpt>
      <trkpt lat="46.370662" lon="13.731011">
        <ele>572.201272</ele>
        <time>2026-07-29T01:05:59.962Z</time>
      </trkpt>
      <trkpt lat="46.370648" lon="13.731321">
        <ele>572.330308</ele>
        <time>2026-07-29T01:06:04.605Z</time>
      </trkpt>
      <trkpt lat="46.370672" lon="13.731646">
        <ele>572.466070</ele>
        <time>2026-07-29T01:06:09.341Z</time>
      </trkpt>
      <trkpt lat="46.370739" lon="13.732015">
        <ele>572.624555</ele>
        <time>2026-07-29T01:06:14.131Z</time>
      </trkpt>
      <trkpt lat="46.370969" lon="13.732592">
        <ele>572.901334</ele>
        <time>2026-07-29T01:06:20.578Z</time>
      </trkpt>
      <trkpt lat="46.371233" lon="13.733006">
        <ele>573.264697</ele>
        <time>2026-07-29T01:06:26.023Z</time>
      </trkpt>
      <trkpt lat="46.371574" lon="13.733430">
        <ele>574.095544</ele>
        <time>2026-07-29T01:06:34.150Z</time>
      </trkpt>
      <trkpt lat="46.371601" lon="13.733467">
        <ele>574.164258</ele>
        <time>2026-07-29T01:06:34.993Z</time>
      </trkpt>
      <trkpt lat="46.371722" lon="13.733640">
        <ele>574.478566</ele>
        <time>2026-07-29T01:06:39.138Z</time>
      </trkpt>
      <trkpt lat="46.372334" lon="13.734471">
        <ele>576.029369</ele>
        <time>2026-07-29T01:07:02.104Z</time>
      </trkpt>
      <trkpt lat="46.372701" lon="13.735033">
        <ele>576.821158</ele>
        <time>2026-07-29T01:07:13.351Z</time>
      </trkpt>
      <trkpt lat="46.373066" lon="13.735706">
        <ele>577.567538</ele>
        <time>2026-07-29T01:07:25.921Z</time>
      </trkpt>
      <trkpt lat="46.373201" lon="13.736009">
        <ele>577.882021</ele>
        <time>2026-07-29T01:07:31.632Z</time>
      </trkpt>
      <trkpt lat="46.373279" lon="13.736333">
        <ele>578.181221</ele>
        <time>2026-07-29T01:07:36.618Z</time>
      </trkpt>
      <trkpt lat="46.373309" lon="13.736623">
        <ele>578.436899</ele>
        <time>2026-07-29T01:07:40.210Z</time>
      </trkpt>
      <trkpt lat="46.373306" lon="13.736817">
        <ele>578.606091</ele>
        <time>2026-07-29T01:07:42.203Z</time>
      </trkpt>
      <trkpt lat="46.373238" lon="13.737402">
        <ele>578.827368</ele>
        <time>2026-07-29T01:07:47.174Z</time>
      </trkpt>
      <trkpt lat="46.373252" lon="13.737816">
        <ele>578.951694</ele>
        <time>2026-07-29T01:07:50.596Z</time>
      </trkpt>
      <trkpt lat="46.373376" lon="13.738329">
        <ele>579.114734</ele>
        <time>2026-07-29T01:07:55.411Z</time>
      </trkpt>
      <trkpt lat="46.373483" lon="13.738608">
        <ele>579.210477</ele>
        <time>2026-07-29T01:07:58.965Z</time>
      </trkpt>
      <trkpt lat="46.373526" lon="13.738718">
        <ele>579.248398</ele>
        <time>2026-07-29T01:08:00.545Z</time>
      </trkpt>
      <trkpt lat="46.373907" lon="13.739664">
        <ele>580.182764</ele>
        <time>2026-07-29T01:08:18.543Z</time>
      </trkpt>
      <trkpt lat="46.373929" lon="13.739717">
        <ele>580.292786</ele>
        <time>2026-07-29T01:08:19.718Z</time>
      </trkpt>
      <trkpt lat="46.374190" lon="13.740268">
        <ele>581.481651</ele>
        <time>2026-07-29T01:08:31.703Z</time>
      </trkpt>
      <trkpt lat="46.374424" lon="13.740564">
        <ele>582.282383</ele>
        <time>2026-07-29T01:08:39.943Z</time>
      </trkpt>
      <trkpt lat="46.374705" lon="13.740899">
        <ele>583.220422</ele>
        <time>2026-07-29T01:08:49.500Z</time>
      </trkpt>
      <trkpt lat="46.374867" lon="13.741156">
        <ele>583.839628</ele>
        <time>2026-07-29T01:08:56.121Z</time>
      </trkpt>
      <trkpt lat="46.375029" lon="13.741600">
        <ele>584.647187</ele>
        <time>2026-07-29T01:09:04.325Z</time>
      </trkpt>
      <trkpt lat="46.375244" lon="13.742407">
        <ele>585.980126</ele>
        <time>2026-07-29T01:09:17.418Z</time>
      </trkpt>
      <trkpt lat="46.375357" lon="13.742769">
        <ele>586.592340</ele>
        <time>2026-07-29T01:09:23.217Z</time>
      </trkpt>
      <trkpt lat="46.375784" lon="13.743925">
        <ele>589.755819</ele>
        <time>2026-07-29T01:09:43.537Z</time>
      </trkpt>
      <trkpt lat="46.375939" lon="13.744495">
        <ele>592.838353</ele>
        <time>2026-07-29T01:09:58.859Z</time>
      </trkpt>
      <trkpt lat="46.375946" lon="13.744644">
        <ele>593.589745</ele>
        <time>2026-07-29T01:10:03.502Z</time>
      </trkpt>
      <trkpt lat="46.375943" lon="13.744794">
        <ele>594.344749</ele>
        <time>2026-07-29T01:10:08.306Z</time>
      </trkpt>
      <trkpt lat="46.375742" lon="13.745443">
        <ele>597.923942</ele>
        <time>2026-07-29T01:10:33.594Z</time>
      </trkpt>
      <trkpt lat="46.375684" lon="13.745823">
        <ele>599.882051</ele>
        <time>2026-07-29T01:10:48.872Z</time>
      </trkpt>
      <trkpt lat="46.375686" lon="13.746056">
        <ele>601.054428</ele>
        <time>2026-07-29T01:10:58.385Z</time>
      </trkpt>
      <trkpt lat="46.375773" lon="13.746496">
        <ele>603.368082</ele>
        <time>2026-07-29T01:11:16.966Z</time>
      </trkpt>
      <trkpt lat="46.375984" lon="13.747125">
        <ele>606.904770</ele>
        <time>2026-07-29T01:11:42.823Z</time>
      </trkpt>
      <trkpt lat="46.376097" lon="13.747381">
        <ele>608.441547</ele>
        <time>2026-07-29T01:11:52.415Z</time>
      </trkpt>
      <trkpt lat="46.376933" lon="13.748891">
        <ele>614.843796</ele>
        <time>2026-07-29T01:12:39.621Z</time>
      </trkpt>
      <trkpt lat="46.377214" lon="13.749298">
        <ele>615.175957</ele>
        <time>2026-07-29T01:12:43.291Z</time>
      </trkpt>
      <trkpt lat="46.377375" lon="13.749489">
        <ele>615.349919</ele>
        <time>2026-07-29T01:12:45.270Z</time>
      </trkpt>
      <trkpt lat="46.377780" lon="13.749885">
        <ele>615.758408</ele>
        <time>2026-07-29T01:12:54.666Z</time>
      </trkpt>
      <trkpt lat="46.378211" lon="13.750187">
        <ele>616.783779</ele>
        <time>2026-07-29T01:13:10.486Z</time>
      </trkpt>
      <trkpt lat="46.378972" lon="13.750613">
        <ele>619.190680</ele>
        <time>2026-07-29T01:13:27.573Z</time>
      </trkpt>
      <trkpt lat="46.379740" lon="13.750997">
        <ele>621.578280</ele>
        <time>2026-07-29T01:13:52.519Z</time>
      </trkpt>
      <trkpt lat="46.380222" lon="13.751159">
        <ele>623.001161</ele>
        <time>2026-07-29T01:14:10.283Z</time>
      </trkpt>
      <trkpt lat="46.380277" lon="13.751180">
        <ele>623.164722</ele>
        <time>2026-07-29T01:14:12.398Z</time>
      </trkpt>
      <trkpt lat="46.380531" lon="13.751283">
        <ele>623.923204</ele>
        <time>2026-07-29T01:14:21.772Z</time>
      </trkpt>
      <trkpt lat="46.380587" lon="13.751306">
        <ele>624.090585</ele>
        <time>2026-07-29T01:14:23.621Z</time>
      </trkpt>
      <trkpt lat="46.380847" lon="13.751418">
        <ele>624.870595</ele>
        <time>2026-07-29T01:14:30.820Z</time>
      </trkpt>
      <trkpt lat="46.381055" lon="13.751532">
        <ele>625.510078</ele>
        <time>2026-07-29T01:14:34.508Z</time>
      </trkpt>
      <trkpt lat="46.381355" lon="13.751819">
        <ele>626.386857</ele>
        <time>2026-07-29T01:14:38.692Z</time>
      </trkpt>
      <trkpt lat="46.381475" lon="13.752024">
        <ele>626.373473</ele>
        <time>2026-07-29T01:14:40.905Z</time>
      </trkpt>
      <trkpt lat="46.381520" lon="13.752191">
        <ele>626.364548</ele>
        <time>2026-07-29T01:14:42.564Z</time>
      </trkpt>
      <trkpt lat="46.381591" lon="13.752591">
        <ele>626.343986</ele>
        <time>2026-07-29T01:14:47.363Z</time>
      </trkpt>
      <trkpt lat="46.381603" lon="13.752896">
        <ele>626.328778</ele>
        <time>2026-07-29T01:14:51.542Z</time>
      </trkpt>
      <trkpt lat="46.381585" lon="13.753139">
        <ele>626.316611</ele>
        <time>2026-07-29T01:14:54.930Z</time>
      </trkpt>
      <trkpt lat="46.381501" lon="13.753613">
        <ele>626.292248</ele>
        <time>2026-07-29T01:15:01.256Z</time>
      </trkpt>
      <trkpt lat="46.381502" lon="13.753771">
        <ele>626.284382</ele>
        <time>2026-07-29T01:15:02.923Z</time>
      </trkpt>
      <trkpt lat="46.381530" lon="13.753844">
        <ele>626.280224</ele>
        <time>2026-07-29T01:15:03.639Z</time>
      </trkpt>
      <trkpt lat="46.381803" lon="13.753967">
        <ele>626.323548</ele>
        <time>2026-07-29T01:15:06.725Z</time>
      </trkpt>
      <trkpt lat="46.381891" lon="13.754047">
        <ele>626.682779</ele>
        <time>2026-07-29T01:15:07.766Z</time>
      </trkpt>
      <trkpt lat="46.381951" lon="13.754186">
        <ele>627.073966</ele>
        <time>2026-07-29T01:15:08.917Z</time>
      </trkpt>
      <trkpt lat="46.382046" lon="13.754596">
        <ele>628.105818</ele>
        <time>2026-07-29T01:15:12.135Z</time>
      </trkpt>
      <trkpt lat="46.382279" lon="13.755812">
        <ele>631.116691</ele>
        <time>2026-07-29T01:15:38.681Z</time>
      </trkpt>
      <trkpt lat="46.382298" lon="13.755912">
        <ele>631.364146</ele>
        <time>2026-07-29T01:15:42.088Z</time>
      </trkpt>
      <trkpt lat="46.382515" lon="13.757056">
        <ele>635.409163</ele>
        <time>2026-07-29T01:16:27.514Z</time>
      </trkpt>
      <trkpt lat="46.382529" lon="13.757154">
        <ele>635.817151</ele>
        <time>2026-07-29T01:16:30.209Z</time>
      </trkpt>
      <trkpt lat="46.382542" lon="13.757299">
        <ele>636.413235</ele>
        <time>2026-07-29T01:16:33.531Z</time>
      </trkpt>
      <trkpt lat="46.382526" lon="13.757521">
        <ele>637.323176</ele>
        <time>2026-07-29T01:16:37.381Z</time>
      </trkpt>
      <trkpt lat="46.382414" lon="13.757989">
        <ele>639.342593</ele>
        <time>2026-07-29T01:16:46.685Z</time>
      </trkpt>
      <trkpt lat="46.382407" lon="13.758083">
        <ele>639.728025</ele>
        <time>2026-07-29T01:16:48.482Z</time>
      </trkpt>
      <trkpt lat="46.382431" lon="13.758168">
        <ele>640.102442</ele>
        <time>2026-07-29T01:16:50.341Z</time>
      </trkpt>
      <trkpt lat="46.382496" lon="13.758135">
        <ele>640.509440</ele>
        <time>2026-07-29T01:16:52.510Z</time>
      </trkpt>
      <trkpt lat="46.382736" lon="13.757321">
        <ele>644.316567</ele>
        <time>2026-07-29T01:17:13.375Z</time>
      </trkpt>
      <trkpt lat="46.382903" lon="13.757008">
        <ele>646.247162</ele>
        <time>2026-07-29T01:17:25.569Z</time>
      </trkpt>
      <trkpt lat="46.383169" lon="13.756766">
        <ele>648.468308</ele>
        <time>2026-07-29T01:17:44.083Z</time>
      </trkpt>
      <trkpt lat="46.383311" lon="13.756597">
        <ele>649.767743</ele>
        <time>2026-07-29T01:17:55.706Z</time>
      </trkpt>
      <trkpt lat="46.383434" lon="13.756318">
        <ele>651.383209</ele>
        <time>2026-07-29T01:18:07.242Z</time>
      </trkpt>
      <trkpt lat="46.383612" lon="13.755634">
        <ele>654.949965</ele>
        <time>2026-07-29T01:18:21.419Z</time>
      </trkpt>
      <trkpt lat="46.383816" lon="13.754996">
        <ele>658.508187</ele>
        <time>2026-07-29T01:18:38.679Z</time>
      </trkpt>
      <trkpt lat="46.384056" lon="13.754010">
        <ele>663.864295</ele>
        <time>2026-07-29T01:19:15.787Z</time>
      </trkpt>
      <trkpt lat="46.384223" lon="13.753569">
        <ele>666.441368</ele>
        <time>2026-07-29T01:19:32.191Z</time>
      </trkpt>
      <trkpt lat="46.384323" lon="13.753385">
        <ele>667.641310</ele>
        <time>2026-07-29T01:19:39.345Z</time>
      </trkpt>
      <trkpt lat="46.385204" lon="13.752388">
        <ele>675.685525</ele>
        <time>2026-07-29T01:20:29.167Z</time>
      </trkpt>
      <trkpt lat="46.385379" lon="13.752075">
        <ele>677.671304</ele>
        <time>2026-07-29T01:20:42.364Z</time>
      </trkpt>
      <trkpt lat="46.385538" lon="13.751706">
        <ele>679.815654</ele>
        <time>2026-07-29T01:20:55.522Z</time>
      </trkpt>
      <trkpt lat="46.385752" lon="13.751300">
        <ele>682.217813</ele>
        <time>2026-07-29T01:21:09.186Z</time>
      </trkpt>
      <trkpt lat="46.386290" lon="13.750596">
        <ele>685.351676</ele>
        <time>2026-07-29T01:21:35.897Z</time>
      </trkpt>
      <trkpt lat="46.386553" lon="13.750350">
        <ele>686.705061</ele>
        <time>2026-07-29T01:21:48.425Z</time>
      </trkpt>
      <trkpt lat="46.386686" lon="13.750290">
        <ele>687.307360</ele>
        <time>2026-07-29T01:21:53.699Z</time>
      </trkpt>
      <trkpt lat="46.386818" lon="13.750270">
        <ele>687.881242</ele>
        <time>2026-07-29T01:21:58.437Z</time>
      </trkpt>
      <trkpt lat="46.387219" lon="13.750301">
        <ele>689.617646</ele>
        <time>2026-07-29T01:22:08.764Z</time>
      </trkpt>
      <trkpt lat="46.387368" lon="13.750260">
        <ele>689.631944</ele>
        <time>2026-07-29T01:22:10.778Z</time>
      </trkpt>
      <trkpt lat="46.387524" lon="13.750139">
        <ele>689.321494</ele>
        <time>2026-07-29T01:22:12.732Z</time>
      </trkpt>
      <trkpt lat="46.388099" lon="13.749238">
        <ele>687.835815</ele>
        <time>2026-07-29T01:22:21.096Z</time>
      </trkpt>
      <trkpt lat="46.388408" lon="13.748808">
        <ele>687.084249</ele>
        <time>2026-07-29T01:22:25.848Z</time>
      </trkpt>
      <trkpt lat="46.388792" lon="13.748205">
        <ele>687.264682</ele>
        <time>2026-07-29T01:22:32.607Z</time>
      </trkpt>
      <trkpt lat="46.389070" lon="13.747597">
        <ele>688.199551</ele>
        <time>2026-07-29T01:22:40.931Z</time>
      </trkpt>
      <trkpt lat="46.389363" lon="13.746876">
        <ele>689.272026</ele>
        <time>2026-07-29T01:22:58.849Z</time>
      </trkpt>
      <trkpt lat="46.389552" lon="13.746591">
        <ele>689.778710</ele>
        <time>2026-07-29T01:23:07.594Z</time>
      </trkpt>
      <trkpt lat="46.389714" lon="13.746455">
        <ele>690.259807</ele>
        <time>2026-07-29T01:23:13.012Z</time>
      </trkpt>
      <trkpt lat="46.390154" lon="13.746193">
        <ele>692.096866</ele>
        <time>2026-07-29T01:23:26.108Z</time>
      </trkpt>
      <trkpt lat="46.390440" lon="13.745985">
        <ele>693.332604</ele>
        <time>2026-07-29T01:23:35.155Z</time>
      </trkpt>
      <trkpt lat="46.390728" lon="13.745745">
        <ele>694.615528</ele>
        <time>2026-07-29T01:23:45.283Z</time>
      </trkpt>
      <trkpt lat="46.391166" lon="13.745307">
        <ele>696.670471</ele>
        <time>2026-07-29T01:24:02.493Z</time>
      </trkpt>
      <trkpt lat="46.391498" lon="13.745130">
        <ele>697.759421</ele>
        <time>2026-07-29T01:24:14.035Z</time>
      </trkpt>
      <trkpt lat="46.391722" lon="13.745099">
        <ele>698.406870</ele>
        <time>2026-07-29T01:24:21.257Z</time>
      </trkpt>
      <trkpt lat="46.391933" lon="13.745124">
        <ele>699.016008</ele>
        <time>2026-07-29T01:24:27.967Z</time>
      </trkpt>
      <trkpt lat="46.392668" lon="13.745388">
        <ele>701.194769</ele>
        <time>2026-07-29T01:24:49.298Z</time>
      </trkpt>
      <trkpt lat="46.392851" lon="13.745397">
        <ele>701.721621</ele>
        <time>2026-07-29T01:24:52.921Z</time>
      </trkpt>
      <trkpt lat="46.393027" lon="13.745328">
        <ele>702.205238</ele>
        <time>2026-07-29T01:24:55.610Z</time>
      </trkpt>
      <trkpt lat="46.393379" lon="13.745059">
        <ele>702.963874</ele>
        <time>2026-07-29T01:25:00.113Z</time>
      </trkpt>
      <trkpt lat="46.393613" lon="13.744814">
        <ele>703.514179</ele>
        <time>2026-07-29T01:25:03.506Z</time>
      </trkpt>
      <trkpt lat="46.393996" lon="13.744157">
        <ele>704.645380</ele>
        <time>2026-07-29T01:25:16.141Z</time>
      </trkpt>
      <trkpt lat="46.394179" lon="13.743967">
        <ele>705.074515</ele>
        <time>2026-07-29T01:25:23.875Z</time>
      </trkpt>
      <trkpt lat="46.394313" lon="13.743905">
        <ele>705.342691</ele>
        <time>2026-07-29T01:25:29.236Z</time>
      </trkpt>
      <trkpt lat="46.394452" lon="13.743895">
        <ele>705.682655</ele>
        <time>2026-07-29T01:25:34.929Z</time>
      </trkpt>
      <trkpt lat="46.394540" lon="13.743927">
        <ele>706.094652</ele>
        <time>2026-07-29T01:25:38.689Z</time>
      </trkpt>
      <trkpt lat="46.395027" lon="13.744193">
        <ele>708.457902</ele>
        <time>2026-07-29T01:25:58.126Z</time>
      </trkpt>
      <trkpt lat="46.395618" lon="13.744616">
        <ele>711.450890</ele>
        <time>2026-07-29T01:26:16.699Z</time>
      </trkpt>
      <trkpt lat="46.396406" lon="13.745086">
        <ele>715.573382</ele>
        <time>2026-07-29T01:26:44.899Z</time>
      </trkpt>
      <trkpt lat="46.396573" lon="13.745155">
        <ele>716.486835</ele>
        <time>2026-07-29T01:26:51.408Z</time>
      </trkpt>
      <trkpt lat="46.396877" lon="13.745153">
        <ele>718.086007</ele>
        <time>2026-07-29T01:27:02.874Z</time>
      </trkpt>
      <trkpt lat="46.397145" lon="13.745065">
        <ele>719.531485</ele>
        <time>2026-07-29T01:27:12.633Z</time>
      </trkpt>
      <trkpt lat="46.397413" lon="13.744927">
        <ele>721.027523</ele>
        <time>2026-07-29T01:27:22.524Z</time>
      </trkpt>
      <trkpt lat="46.397813" lon="13.744849">
        <ele>723.150618</ele>
        <time>2026-07-29T01:27:37.362Z</time>
      </trkpt>
      <trkpt lat="46.397960" lon="13.744769">
        <ele>724.006886</ele>
        <time>2026-07-29T01:27:43.585Z</time>
      </trkpt>
      <trkpt lat="46.398179" lon="13.744546">
        <ele>725.468413</ele>
        <time>2026-07-29T01:27:54.542Z</time>
      </trkpt>
      <trkpt lat="46.398599" lon="13.743989">
        <ele>728.576943</ele>
        <time>2026-07-29T01:28:17.840Z</time>
      </trkpt>
      <trkpt lat="46.398671" lon="13.743940">
        <ele>729.011327</ele>
        <time>2026-07-29T01:28:20.939Z</time>
      </trkpt>
      <trkpt lat="46.398768" lon="13.743931">
        <ele>729.542177</ele>
        <time>2026-07-29T01:28:24.629Z</time>
      </trkpt>
      <trkpt lat="46.398866" lon="13.743963">
        <ele>730.090807</ele>
        <time>2026-07-29T01:28:28.402Z</time>
      </trkpt>
      <trkpt lat="46.399077" lon="13.744096">
        <ele>731.347354</ele>
        <time>2026-07-29T01:28:36.691Z</time>
      </trkpt>
      <trkpt lat="46.399562" lon="13.744546">
        <ele>733.443288</ele>
        <time>2026-07-29T01:28:54.745Z</time>
      </trkpt>
      <trkpt lat="46.399669" lon="13.744573">
        <ele>733.617618</ele>
        <time>2026-07-29T01:28:57.417Z</time>
      </trkpt>
      <trkpt lat="46.399767" lon="13.744498">
        <ele>733.795484</ele>
        <time>2026-07-29T01:29:00.022Z</time>
      </trkpt>
      <trkpt lat="46.399865" lon="13.744359">
        <ele>734.015525</ele>
        <time>2026-07-29T01:29:02.806Z</time>
      </trkpt>
      <trkpt lat="46.399943" lon="13.744290">
        <ele>734.162183</ele>
        <time>2026-07-29T01:29:04.362Z</time>
      </trkpt>
      <trkpt lat="46.400004" lon="13.744281">
        <ele>734.260601</ele>
        <time>2026-07-29T01:29:05.281Z</time>
      </trkpt>
      <trkpt lat="46.400083" lon="13.744334">
        <ele>734.400320</ele>
        <time>2026-07-29T01:29:06.433Z</time>
      </trkpt>
      <trkpt lat="46.400549" lon="13.744689">
        <ele>735.245248</ele>
        <time>2026-07-29T01:29:13.131Z</time>
      </trkpt>
      <trkpt lat="46.400704" lon="13.744740">
        <ele>735.500367</ele>
        <time>2026-07-29T01:29:15.044Z</time>
      </trkpt>
      <trkpt lat="46.400880" lon="13.744743">
        <ele>735.782889</ele>
        <time>2026-07-29T01:29:17.454Z</time>
      </trkpt>
      <trkpt lat="46.401054" lon="13.744681">
        <ele>737.412919</ele>
        <time>2026-07-29T01:29:20.978Z</time>
      </trkpt>
      <trkpt lat="46.401233" lon="13.744526">
        <ele>740.290506</ele>
        <time>2026-07-29T01:29:26.503Z</time>
      </trkpt>
      <trkpt lat="46.401377" lon="13.744309">
        <ele>743.156920</ele>
        <time>2026-07-29T01:29:34.585Z</time>
      </trkpt>
      <trkpt lat="46.401544" lon="13.743986">
        <ele>746.999393</ele>
        <time>2026-07-29T01:29:51.961Z</time>
      </trkpt>
      <trkpt lat="46.401766" lon="13.743441">
        <ele>753.024127</ele>
        <time>2026-07-29T01:30:33.832Z</time>
      </trkpt>
      <trkpt lat="46.401787" lon="13.743371">
        <ele>753.750708</ele>
        <time>2026-07-29T01:30:39.393Z</time>
      </trkpt>
      <trkpt lat="46.401933" lon="13.742877">
        <ele>758.866249</ele>
        <time>2026-07-29T01:31:18.711Z</time>
      </trkpt>
      <trkpt lat="46.402043" lon="13.742639">
        <ele>761.517389</ele>
        <time>2026-07-29T01:31:39.064Z</time>
      </trkpt>
      <trkpt lat="46.402277" lon="13.742336">
        <ele>765.471397</ele>
        <time>2026-07-29T01:32:08.423Z</time>
      </trkpt>
      <trkpt lat="46.402406" lon="13.742090">
        <ele>768.157507</ele>
        <time>2026-07-29T01:32:27.140Z</time>
      </trkpt>
      <trkpt lat="46.402921" lon="13.740921">
        <ele>780.214346</ele>
        <time>2026-07-29T01:33:39.834Z</time>
      </trkpt>
      <trkpt lat="46.403230" lon="13.740452">
        <ele>783.888489</ele>
        <time>2026-07-29T01:33:44.499Z</time>
      </trkpt>
      <trkpt lat="46.403472" lon="13.740241">
        <ele>784.609785</ele>
        <time>2026-07-29T01:33:46.887Z</time>
      </trkpt>
      <trkpt lat="46.403648" lon="13.740154">
        <ele>785.084762</ele>
        <time>2026-07-29T01:33:48.466Z</time>
      </trkpt>
      <trkpt lat="46.404107" lon="13.739941">
        <ele>786.315802</ele>
        <time>2026-07-29T01:33:56.773Z</time>
      </trkpt>
      <trkpt lat="46.404280" lon="13.739812">
        <ele>786.812711</ele>
        <time>2026-07-29T01:34:08.390Z</time>
      </trkpt>
      <trkpt lat="46.404477" lon="13.739532">
        <ele>787.517320</ele>
        <time>2026-07-29T01:34:27.622Z</time>
      </trkpt>
      <trkpt lat="46.404616" lon="13.738862">
        <ele>787.454386</ele>
        <time>2026-07-29T01:34:59.876Z</time>
      </trkpt>
      <trkpt lat="46.404727" lon="13.738510">
        <ele>786.983072</ele>
        <time>2026-07-29T01:35:07.047Z</time>
      </trkpt>
      <trkpt lat="46.404843" lon="13.738380">
        <ele>786.724193</ele>
        <time>2026-07-29T01:35:08.398Z</time>
      </trkpt>
      <trkpt lat="46.404985" lon="13.738363">
        <ele>786.472587</ele>
        <time>2026-07-29T01:35:09.603Z</time>
      </trkpt>
      <trkpt lat="46.405103" lon="13.738471">
        <ele>786.226185</ele>
        <time>2026-07-29T01:35:10.754Z</time>
      </trkpt>
      <trkpt lat="46.405148" lon="13.738639">
        <ele>786.006725</ele>
        <time>2026-07-29T01:35:11.767Z</time>
      </trkpt>
      <trkpt lat="46.405073" lon="13.739059">
        <ele>785.478435</ele>
        <time>2026-07-29T01:35:14.234Z</time>
      </trkpt>
      <trkpt lat="46.405071" lon="13.739188">
        <ele>785.321316</ele>
        <time>2026-07-29T01:35:14.996Z</time>
      </trkpt>
      <trkpt lat="46.405105" lon="13.739351">
        <ele>785.113954</ele>
        <time>2026-07-29T01:35:16.130Z</time>
      </trkpt>
      <trkpt lat="46.405170" lon="13.739499">
        <ele>784.900291</ele>
        <time>2026-07-29T01:35:18.729Z</time>
      </trkpt>
      <trkpt lat="46.405299" lon="13.739614">
        <ele>785.584775</ele>
        <time>2026-07-29T01:35:25.848Z</time>
      </trkpt>
      <trkpt lat="46.405435" lon="13.739622">
        <ele>786.653471</ele>
        <time>2026-07-29T01:35:34.589Z</time>
      </trkpt>
      <trkpt lat="46.405691" lon="13.739473">
        <ele>788.819319</ele>
        <time>2026-07-29T01:35:54.471Z</time>
      </trkpt>
      <trkpt lat="46.405912" lon="13.739276">
        <ele>790.856105</ele>
        <time>2026-07-29T01:36:11.521Z</time>
      </trkpt>
      <trkpt lat="46.405969" lon="13.739295">
        <ele>791.315316</ele>
        <time>2026-07-29T01:36:14.784Z</time>
      </trkpt>
      <trkpt lat="46.405999" lon="13.739371">
        <ele>791.789433</ele>
        <time>2026-07-29T01:36:17.939Z</time>
      </trkpt>
      <trkpt lat="46.405871" lon="13.739838">
        <ele>794.510204</ele>
        <time>2026-07-29T01:36:33.389Z</time>
      </trkpt>
      <trkpt lat="46.405853" lon="13.740222">
        <ele>796.593993</ele>
        <time>2026-07-29T01:36:45.548Z</time>
      </trkpt>
      <trkpt lat="46.405814" lon="13.740424">
        <ele>797.729689</ele>
        <time>2026-07-29T01:36:52.359Z</time>
      </trkpt>
      <trkpt lat="46.405539" lon="13.741000">
        <ele>802.381948</ele>
        <time>2026-07-29T01:37:16.992Z</time>
      </trkpt>
      <trkpt lat="46.405539" lon="13.741175">
        <ele>803.643386</ele>
        <time>2026-07-29T01:37:23.813Z</time>
      </trkpt>
      <trkpt lat="46.405582" lon="13.741463">
        <ele>805.767457</ele>
        <time>2026-07-29T01:37:35.588Z</time>
      </trkpt>
      <trkpt lat="46.405569" lon="13.741563">
        <ele>806.500976</ele>
        <time>2026-07-29T01:37:39.742Z</time>
      </trkpt>
      <trkpt lat="46.405397" lon="13.741916">
        <ele>809.616631</ele>
        <time>2026-07-29T01:37:58.123Z</time>
      </trkpt>
      <trkpt lat="46.405295" lon="13.742283">
        <ele>812.468853</ele>
        <time>2026-07-29T01:38:14.835Z</time>
      </trkpt>
      <trkpt lat="46.404957" lon="13.742852">
        <ele>817.876891</ele>
        <time>2026-07-29T01:38:46.421Z</time>
      </trkpt>
      <trkpt lat="46.404965" lon="13.742976">
        <ele>818.741754</ele>
        <time>2026-07-29T01:38:51.273Z</time>
      </trkpt>
      <trkpt lat="46.405051" lon="13.742977">
        <ele>819.607869</ele>
        <time>2026-07-29T01:38:56.119Z</time>
      </trkpt>
      <trkpt lat="46.405531" lon="13.742560">
        <ele>825.242838</ele>
        <time>2026-07-29T01:39:25.104Z</time>
      </trkpt>
      <trkpt lat="46.405597" lon="13.742541">
        <ele>825.920478</ele>
        <time>2026-07-29T01:39:28.585Z</time>
      </trkpt>
      <trkpt lat="46.405905" lon="13.742621">
        <ele>829.071635</ele>
        <time>2026-07-29T01:39:45.814Z</time>
      </trkpt>
      <trkpt lat="46.406028" lon="13.742582">
        <ele>830.339601</ele>
        <time>2026-07-29T01:39:53.152Z</time>
      </trkpt>
      <trkpt lat="46.406080" lon="13.742498">
        <ele>831.123501</ele>
        <time>2026-07-29T01:39:57.823Z</time>
      </trkpt>
      <trkpt lat="46.406147" lon="13.742237">
        <ele>833.057467</ele>
        <time>2026-07-29T01:40:09.303Z</time>
      </trkpt>
      <trkpt lat="46.406347" lon="13.741960">
        <ele>835.842580</ele>
        <time>2026-07-29T01:40:25.399Z</time>
      </trkpt>
      <trkpt lat="46.406803" lon="13.741138">
        <ele>842.872164</ele>
        <time>2026-07-29T01:41:01.613Z</time>
      </trkpt>
      <trkpt lat="46.406945" lon="13.740825">
        <ele>845.368590</ele>
        <time>2026-07-29T01:41:13.398Z</time>
      </trkpt>
      <trkpt lat="46.407023" lon="13.740732">
        <ele>846.344325</ele>
        <time>2026-07-29T01:41:18.091Z</time>
      </trkpt>
      <trkpt lat="46.407085" lon="13.740755">
        <ele>846.962722</ele>
        <time>2026-07-29T01:41:21.175Z</time>
      </trkpt>
      <trkpt lat="46.407099" lon="13.740800">
        <ele>847.291660</ele>
        <time>2026-07-29T01:41:22.837Z</time>
      </trkpt>
      <trkpt lat="46.407094" lon="13.740856">
        <ele>847.667900</ele>
        <time>2026-07-29T01:41:24.807Z</time>
      </trkpt>
      <trkpt lat="46.406975" lon="13.741139">
        <ele>849.876477</ele>
        <time>2026-07-29T01:41:37.403Z</time>
      </trkpt>
      <trkpt lat="46.406859" lon="13.741585">
        <ele>853.052533</ele>
        <time>2026-07-29T01:41:57.718Z</time>
      </trkpt>
      <trkpt lat="46.406804" lon="13.742292">
        <ele>858.246094</ele>
        <time>2026-07-29T01:42:29.608Z</time>
      </trkpt>
      <trkpt lat="46.406768" lon="13.742390">
        <ele>859.059327</ele>
        <time>2026-07-29T01:42:34.326Z</time>
      </trkpt>
      <trkpt lat="46.406612" lon="13.742611">
        <ele>861.375614</ele>
        <time>2026-07-29T01:42:47.209Z</time>
      </trkpt>
      <trkpt lat="46.406545" lon="13.742761">
        <ele>862.684540</ele>
        <time>2026-07-29T01:42:54.143Z</time>
      </trkpt>
      <trkpt lat="46.406457" lon="13.743415">
        <ele>867.564679</ele>
        <time>2026-07-29T01:43:17.674Z</time>
      </trkpt>
      <trkpt lat="46.406205" lon="13.743803">
        <ele>871.468416</ele>
        <time>2026-07-29T01:43:36.078Z</time>
      </trkpt>
      <trkpt lat="46.406115" lon="13.743989">
        <ele>873.082890</ele>
        <time>2026-07-29T01:43:44.854Z</time>
      </trkpt>
      <trkpt lat="46.405747" lon="13.745101">
        <ele>881.556868</ele>
        <time>2026-07-29T01:44:41.186Z</time>
      </trkpt>
      <trkpt lat="46.405608" lon="13.745446">
        <ele>884.302049</ele>
        <time>2026-07-29T01:44:58.238Z</time>
      </trkpt>
      <trkpt lat="46.405627" lon="13.745520">
        <ele>884.844549</ele>
        <time>2026-07-29T01:45:01.249Z</time>
      </trkpt>
      <trkpt lat="46.405700" lon="13.745524">
        <ele>885.572397</ele>
        <time>2026-07-29T01:45:05.108Z</time>
      </trkpt>
      <trkpt lat="46.406254" lon="13.744494">
        <ele>893.364186</ele>
        <time>2026-07-29T01:45:40.398Z</time>
      </trkpt>
      <trkpt lat="46.406323" lon="13.744402">
        <ele>894.040962</ele>
        <time>2026-07-29T01:45:43.804Z</time>
      </trkpt>
      <trkpt lat="46.406410" lon="13.744390">
        <ele>894.671978</ele>
        <time>2026-07-29T01:45:47.042Z</time>
      </trkpt>
      <trkpt lat="46.406443" lon="13.744452">
        <ele>895.061929</ele>
        <time>2026-07-29T01:45:49.101Z</time>
      </trkpt>
      <trkpt lat="46.406441" lon="13.744499">
        <ele>895.296378</ele>
        <time>2026-07-29T01:45:50.366Z</time>
      </trkpt>
      <trkpt lat="46.406249" lon="13.744831">
        <ele>897.453736</ele>
        <time>2026-07-29T01:46:02.672Z</time>
      </trkpt>
      <trkpt lat="46.405951" lon="13.745735">
        <ele>902.442476</ele>
        <time>2026-07-29T01:46:34.577Z</time>
      </trkpt>
      <trkpt lat="46.405941" lon="13.745850">
        <ele>903.019577</ele>
        <time>2026-07-29T01:46:38.664Z</time>
      </trkpt>
      <trkpt lat="46.405956" lon="13.745881">
        <ele>903.208131</ele>
        <time>2026-07-29T01:46:40.053Z</time>
      </trkpt>
      <trkpt lat="46.406030" lon="13.745881">
        <ele>903.864357</ele>
        <time>2026-07-29T01:46:43.928Z</time>
      </trkpt>
      <trkpt lat="46.406221" lon="13.745406">
        <ele>907.263501</ele>
        <time>2026-07-29T01:47:04.225Z</time>
      </trkpt>
      <trkpt lat="46.406466" lon="13.744981">
        <ele>910.687936</ele>
        <time>2026-07-29T01:47:21.982Z</time>
      </trkpt>
      <trkpt lat="46.406844" lon="13.744485">
        <ele>915.257953</ele>
        <time>2026-07-29T01:47:40.982Z</time>
      </trkpt>
      <trkpt lat="46.407024" lon="13.744075">
        <ele>918.262567</ele>
        <time>2026-07-29T01:47:58.517Z</time>
      </trkpt>
      <trkpt lat="46.407096" lon="13.744074">
        <ele>918.908080</ele>
        <time>2026-07-29T01:48:03.305Z</time>
      </trkpt>
      <trkpt lat="46.407122" lon="13.744181">
        <ele>919.696951</ele>
        <time>2026-07-29T01:48:08.834Z</time>
      </trkpt>
      <trkpt lat="46.407102" lon="13.744268">
        <ele>920.465167</ele>
        <time>2026-07-29T01:48:13.498Z</time>
      </trkpt>
      <trkpt lat="46.406749" lon="13.745005">
        <ele>927.982176</ele>
        <time>2026-07-29T01:49:03.487Z</time>
      </trkpt>
      <trkpt lat="46.406683" lon="13.745199">
        <ele>929.794321</ele>
        <time>2026-07-29T01:49:14.641Z</time>
      </trkpt>
      <trkpt lat="46.406574" lon="13.745585">
        <ele>933.288430</ele>
        <time>2026-07-29T01:49:33.079Z</time>
      </trkpt>
      <trkpt lat="46.406399" lon="13.746530">
        <ele>941.459593</ele>
        <time>2026-07-29T01:50:06.003Z</time>
      </trkpt>
      <trkpt lat="46.406153" lon="13.747140">
        <ele>946.822983</ele>
        <time>2026-07-29T01:50:35.930Z</time>
      </trkpt>
      <trkpt lat="46.405877" lon="13.747611">
        <ele>951.514236</ele>
        <time>2026-07-29T01:51:05.251Z</time>
      </trkpt>
      <trkpt lat="46.405800" lon="13.748048">
        <ele>954.937538</ele>
        <time>2026-07-29T01:51:23.917Z</time>
      </trkpt>
      <trkpt lat="46.405797" lon="13.748122">
        <ele>955.500151</ele>
        <time>2026-07-29T01:51:26.648Z</time>
      </trkpt>
      <trkpt lat="46.405831" lon="13.748198">
        <ele>956.187738</ele>
        <time>2026-07-29T01:51:29.721Z</time>
      </trkpt>
      <trkpt lat="46.405911" lon="13.748156">
        <ele>957.124214</ele>
        <time>2026-07-29T01:51:33.570Z</time>
      </trkpt>
      <trkpt lat="46.405956" lon="13.747857">
        <ele>959.446976</ele>
        <time>2026-07-29T01:51:42.788Z</time>
      </trkpt>
      <trkpt lat="46.405995" lon="13.747734">
        <ele>960.474481</ele>
        <time>2026-07-29T01:51:47.038Z</time>
      </trkpt>
      <trkpt lat="46.406284" lon="13.747431">
        <ele>963.950590</ele>
        <time>2026-07-29T01:52:07.931Z</time>
      </trkpt>
      <trkpt lat="46.406672" lon="13.746779">
        <ele>969.620770</ele>
        <time>2026-07-29T01:52:55.183Z</time>
      </trkpt>
      <trkpt lat="46.406817" lon="13.746484">
        <ele>972.005909</ele>
        <time>2026-07-29T01:53:11.780Z</time>
      </trkpt>
      <trkpt lat="46.406882" lon="13.746479">
        <ele>972.627406</ele>
        <time>2026-07-29T01:53:15.148Z</time>
      </trkpt>
      <trkpt lat="46.406903" lon="13.746562">
        <ele>973.209479</ele>
        <time>2026-07-29T01:53:17.939Z</time>
      </trkpt>
      <trkpt lat="46.406862" lon="13.746680">
        <ele>974.079415</ele>
        <time>2026-07-29T01:53:21.483Z</time>
      </trkpt>
      <trkpt lat="46.406595" lon="13.747121">
        <ele>977.943218</ele>
        <time>2026-07-29T01:53:29.751Z</time>
      </trkpt>
      <trkpt lat="46.406414" lon="13.747737">
        <ele>981.483460</ele>
        <time>2026-07-29T01:53:39.047Z</time>
      </trkpt>
      <trkpt lat="46.406287" lon="13.748064">
        <ele>983.439525</ele>
        <time>2026-07-29T01:53:50.854Z</time>
      </trkpt>
      <trkpt lat="46.406241" lon="13.748339">
        <ele>984.914390</ele>
        <time>2026-07-29T01:54:03.292Z</time>
      </trkpt>
      <trkpt lat="46.406254" lon="13.748728">
        <ele>986.944231</ele>
        <time>2026-07-29T01:54:22.546Z</time>
      </trkpt>
      <trkpt lat="46.406234" lon="13.748868">
        <ele>987.689404</ele>
        <time>2026-07-29T01:54:29.393Z</time>
      </trkpt>
      <trkpt lat="46.406151" lon="13.748974">
        <ele>988.525354</ele>
        <time>2026-07-29T01:54:36.531Z</time>
      </trkpt>
      <trkpt lat="46.405978" lon="13.749086">
        <ele>989.957376</ele>
        <time>2026-07-29T01:54:46.384Z</time>
      </trkpt>
      <trkpt lat="46.405805" lon="13.749246">
        <ele>991.508298</ele>
        <time>2026-07-29T01:54:54.357Z</time>
      </trkpt>
      <trkpt lat="46.405779" lon="13.749397">
        <ele>992.660055</ele>
        <time>2026-07-29T01:54:57.978Z</time>
      </trkpt>
      <trkpt lat="46.405807" lon="13.749608">
        <ele>994.487067</ele>
        <time>2026-07-29T01:55:02.569Z</time>
      </trkpt>
      <trkpt lat="46.405783" lon="13.749801">
        <ele>996.154579</ele>
        <time>2026-07-29T01:55:06.553Z</time>
      </trkpt>
      <trkpt lat="46.405705" lon="13.749929">
        <ele>997.607033</ele>
        <time>2026-07-29T01:55:09.903Z</time>
      </trkpt>
      <trkpt lat="46.405542" lon="13.750068">
        <ele>999.938725</ele>
        <time>2026-07-29T01:55:15.834Z</time>
      </trkpt>
      <trkpt lat="46.405520" lon="13.750160">
        <ele>1000.766690</ele>
        <time>2026-07-29T01:55:18.333Z</time>
      </trkpt>
      <trkpt lat="46.405536" lon="13.750207">
        <ele>1001.212373</ele>
        <time>2026-07-29T01:55:19.849Z</time>
      </trkpt>
      <trkpt lat="46.405572" lon="13.750227">
        <ele>1001.687747</ele>
        <time>2026-07-29T01:55:21.610Z</time>
      </trkpt>
      <trkpt lat="46.405730" lon="13.750152">
        <ele>1003.737758</ele>
        <time>2026-07-29T01:55:30.708Z</time>
      </trkpt>
      <trkpt lat="46.405848" lon="13.750000">
        <ele>1005.683924</ele>
        <time>2026-07-29T01:55:41.389Z</time>
      </trkpt>
      <trkpt lat="46.406072" lon="13.749467">
        <ele>1010.991304</ele>
        <time>2026-07-29T01:56:23.144Z</time>
      </trkpt>
      <trkpt lat="46.406137" lon="13.749394">
        <ele>1012.005058</ele>
        <time>2026-07-29T01:56:31.904Z</time>
      </trkpt>
      <trkpt lat="46.406515" lon="13.749281">
        <ele>1016.427876</ele>
        <time>2026-07-29T01:57:12.916Z</time>
      </trkpt>
      <trkpt lat="46.406714" lon="13.749094">
        <ele>1019.001284</ele>
        <time>2026-07-29T01:57:33.746Z</time>
      </trkpt>
      <trkpt lat="46.406752" lon="13.749088">
        <ele>1019.416121</ele>
        <time>2026-07-29T01:57:36.494Z</time>
      </trkpt>
      <trkpt lat="46.406799" lon="13.749151">
        <ele>1020.110696</ele>
        <time>2026-07-29T01:57:40.667Z</time>
      </trkpt>
      <trkpt lat="46.406786" lon="13.749256">
        <ele>1020.909003</ele>
        <time>2026-07-29T01:57:44.914Z</time>
      </trkpt>
      <trkpt lat="46.406389" lon="13.749670">
        <ele>1026.215714</ele>
        <time>2026-07-29T01:57:57.284Z</time>
      </trkpt>
      <trkpt lat="46.406336" lon="13.749768">
        <ele>1027.147737</ele>
        <time>2026-07-29T01:57:58.523Z</time>
      </trkpt>
      <trkpt lat="46.406280" lon="13.749991">
        <ele>1028.923738</ele>
        <time>2026-07-29T01:58:01.727Z</time>
      </trkpt>
      <trkpt lat="46.406180" lon="13.750673">
        <ele>1034.266335</ele>
        <time>2026-07-29T01:58:23.480Z</time>
      </trkpt>
      <trkpt lat="46.406244" lon="13.750860">
        <ele>1036.123110</ele>
        <time>2026-07-29T01:58:34.455Z</time>
      </trkpt>
      <trkpt lat="46.406422" lon="13.751036">
        <ele>1038.901879</ele>
        <time>2026-07-29T01:58:52.704Z</time>
      </trkpt>
      <trkpt lat="46.406463" lon="13.751128">
        <ele>1039.876144</ele>
        <time>2026-07-29T01:58:59.562Z</time>
      </trkpt>
      <trkpt lat="46.406489" lon="13.751377">
        <ele>1042.115988</ele>
        <time>2026-07-29T01:59:15.432Z</time>
      </trkpt>
      <trkpt lat="46.406672" lon="13.751776">
        <ele>1046.377996</ele>
        <time>2026-07-29T01:59:41.873Z</time>
      </trkpt>
      <trkpt lat="46.406945" lon="13.752116">
        <ele>1051.019495</ele>
        <time>2026-07-29T02:00:06.025Z</time>
      </trkpt>
      <trkpt lat="46.407000" lon="13.752305">
        <ele>1052.844006</ele>
        <time>2026-07-29T02:00:14.557Z</time>
      </trkpt>
      <trkpt lat="46.407018" lon="13.752608">
        <ele>1055.548833</ele>
        <time>2026-07-29T02:00:26.973Z</time>
      </trkpt>
      <trkpt lat="46.407051" lon="13.752772">
        <ele>1056.981626</ele>
        <time>2026-07-29T02:00:33.950Z</time>
      </trkpt>
      <trkpt lat="46.407342" lon="13.753292">
        <ele>1061.612737</ele>
        <time>2026-07-29T02:00:59.274Z</time>
      </trkpt>
      <trkpt lat="46.407390" lon="13.753571">
        <ele>1063.601201</ele>
        <time>2026-07-29T02:01:08.387Z</time>
      </trkpt>
      <trkpt lat="46.407357" lon="13.753758">
        <ele>1064.936005</ele>
        <time>2026-07-29T02:01:13.367Z</time>
      </trkpt>
      <trkpt lat="46.407279" lon="13.753976">
        <ele>1066.634372</ele>
        <time>2026-07-29T02:01:20.606Z</time>
      </trkpt>
      <trkpt lat="46.407252" lon="13.754222">
        <ele>1068.356908</ele>
        <time>2026-07-29T02:01:30.962Z</time>
      </trkpt>
      <trkpt lat="46.407277" lon="13.754325">
        <ele>1069.112005</ele>
        <time>2026-07-29T02:01:36.340Z</time>
      </trkpt>
      <trkpt lat="46.407409" lon="13.754556">
        <ele>1071.186639</ele>
        <time>2026-07-29T02:01:48.552Z</time>
      </trkpt>
      <trkpt lat="46.407501" lon="13.754653">
        <ele>1072.327342</ele>
        <time>2026-07-29T02:01:55.116Z</time>
      </trkpt>
      <trkpt lat="46.407545" lon="13.754653">
        <ele>1072.768609</ele>
        <time>2026-07-29T02:01:58.039Z</time>
      </trkpt>
      <trkpt lat="46.407582" lon="13.754574">
        <ele>1073.429005</ele>
        <time>2026-07-29T02:02:02.703Z</time>
      </trkpt>
      <trkpt lat="46.407571" lon="13.754508">
        <ele>1073.898544</ele>
        <time>2026-07-29T02:02:06.153Z</time>
      </trkpt>
      <trkpt lat="46.407441" lon="13.754355">
        <ele>1075.598257</ele>
        <time>2026-07-29T02:02:17.519Z</time>
      </trkpt>
      <trkpt lat="46.407416" lon="13.754290">
        <ele>1076.125309</ele>
        <time>2026-07-29T02:02:20.617Z</time>
      </trkpt>
      <trkpt lat="46.407417" lon="13.754144">
        <ele>1077.159236</ele>
        <time>2026-07-29T02:02:25.613Z</time>
      </trkpt>
      <trkpt lat="46.407455" lon="13.754052">
        <ele>1077.918663</ele>
        <time>2026-07-29T02:02:28.452Z</time>
      </trkpt>
      <trkpt lat="46.407621" lon="13.753939">
        <ele>1079.801918</ele>
        <time>2026-07-29T02:02:37.241Z</time>
      </trkpt>
      <trkpt lat="46.407721" lon="13.753776">
        <ele>1081.346911</ele>
        <time>2026-07-29T02:02:46.581Z</time>
      </trkpt>
      <trkpt lat="46.407766" lon="13.753611">
        <ele>1082.603403</ele>
        <time>2026-07-29T02:02:53.760Z</time>
      </trkpt>
      <trkpt lat="46.407770" lon="13.753452">
        <ele>1083.730079</ele>
        <time>2026-07-29T02:03:00.174Z</time>
      </trkpt>
      <trkpt lat="46.407627" lon="13.752787">
        <ele>1088.662838</ele>
        <time>2026-07-29T02:03:27.965Z</time>
      </trkpt>
      <trkpt lat="46.407671" lon="13.752260">
        <ele>1092.421949</ele>
        <time>2026-07-29T02:03:47.239Z</time>
      </trkpt>
      <trkpt lat="46.407666" lon="13.751978">
        <ele>1094.312688</ele>
        <time>2026-07-29T02:03:57.167Z</time>
      </trkpt>
      <trkpt lat="46.407485" lon="13.751572">
        <ele>1097.439033</ele>
        <time>2026-07-29T02:04:14.172Z</time>
      </trkpt>
      <trkpt lat="46.407472" lon="13.751487">
        <ele>1098.002044</ele>
        <time>2026-07-29T02:04:17.310Z</time>
      </trkpt>
      <trkpt lat="46.407551" lon="13.751096">
        <ele>1100.636754</ele>
        <time>2026-07-29T02:04:32.123Z</time>
      </trkpt>
      <trkpt lat="46.407516" lon="13.750533">
        <ele>1104.292155</ele>
        <time>2026-07-29T02:04:52.727Z</time>
      </trkpt>
      <trkpt lat="46.407527" lon="13.750443">
        <ele>1104.883212</ele>
        <time>2026-07-29T02:04:55.989Z</time>
      </trkpt>
      <trkpt lat="46.407593" lon="13.750394">
        <ele>1105.578562</ele>
        <time>2026-07-29T02:04:59.769Z</time>
      </trkpt>
      <trkpt lat="46.407647" lon="13.750458">
        <ele>1106.232579</ele>
        <time>2026-07-29T02:05:03.320Z</time>
      </trkpt>
      <trkpt lat="46.407745" lon="13.750942">
        <ele>1109.494504</ele>
        <time>2026-07-29T02:05:20.512Z</time>
      </trkpt>
      <trkpt lat="46.407771" lon="13.751381">
        <ele>1112.674845</ele>
        <time>2026-07-29T02:05:36.278Z</time>
      </trkpt>
      <trkpt lat="46.407837" lon="13.751589">
        <ele>1114.369831</ele>
        <time>2026-07-29T02:05:45.468Z</time>
      </trkpt>
      <trkpt lat="46.407987" lon="13.751770">
        <ele>1116.464762</ele>
        <time>2026-07-29T02:05:57.299Z</time>
      </trkpt>
      <trkpt lat="46.408029" lon="13.751957">
        <ele>1117.920657</ele>
        <time>2026-07-29T02:06:05.697Z</time>
      </trkpt>
      <trkpt lat="46.408055" lon="13.752222">
        <ele>1119.902135</ele>
        <time>2026-07-29T02:06:17.299Z</time>
      </trkpt>
      <trkpt lat="46.408098" lon="13.752292">
        <ele>1120.596139</ele>
        <time>2026-07-29T02:06:21.276Z</time>
      </trkpt>
      <trkpt lat="46.408160" lon="13.752274">
        <ele>1121.274982</ele>
        <time>2026-07-29T02:06:25.128Z</time>
      </trkpt>
      <trkpt lat="46.408180" lon="13.752137">
        <ele>1122.311632</ele>
        <time>2026-07-29T02:06:30.978Z</time>
      </trkpt>
      <trkpt lat="46.408112" lon="13.751745">
        <ele>1125.303913</ele>
        <time>2026-07-29T02:06:47.893Z</time>
      </trkpt>
      <trkpt lat="46.408050" lon="13.751552">
        <ele>1126.880085</ele>
        <time>2026-07-29T02:06:56.438Z</time>
      </trkpt>
      <trkpt lat="46.408039" lon="13.751342">
        <ele>1128.439133</ele>
        <time>2026-07-29T02:07:04.567Z</time>
      </trkpt>
      <trkpt lat="46.408135" lon="13.750742">
        <ele>1132.859269</ele>
        <time>2026-07-29T02:07:28.497Z</time>
      </trkpt>
      <trkpt lat="46.408160" lon="13.750669">
        <ele>1133.439472</ele>
        <time>2026-07-29T02:07:31.740Z</time>
      </trkpt>
      <trkpt lat="46.408198" lon="13.750634">
        <ele>1133.904198</ele>
        <time>2026-07-29T02:07:34.392Z</time>
      </trkpt>
      <trkpt lat="46.408260" lon="13.750652">
        <ele>1134.556963</ele>
        <time>2026-07-29T02:07:38.195Z</time>
      </trkpt>
      <trkpt lat="46.408280" lon="13.750761">
        <ele>1135.359862</ele>
        <time>2026-07-29T02:07:42.947Z</time>
      </trkpt>
      <trkpt lat="46.408222" lon="13.751206">
        <ele>1138.583610</ele>
        <time>2026-07-29T02:08:02.236Z</time>
      </trkpt>
      <trkpt lat="46.408220" lon="13.751399">
        <ele>1139.957601</ele>
        <time>2026-07-29T02:08:10.030Z</time>
      </trkpt>
      <trkpt lat="46.408385" lon="13.751738">
        <ele>1142.911357</ele>
        <time>2026-07-29T02:08:25.661Z</time>
      </trkpt>
      <trkpt lat="46.408414" lon="13.751841">
        <ele>1143.703311</ele>
        <time>2026-07-29T02:08:29.648Z</time>
      </trkpt>
      <trkpt lat="46.408497" lon="13.752734">
        <ele>1150.668358</ele>
        <time>2026-07-29T02:09:01.584Z</time>
      </trkpt>
      <trkpt lat="46.408532" lon="13.752825">
        <ele>1151.597391</ele>
        <time>2026-07-29T02:09:05.293Z</time>
      </trkpt>
      <trkpt lat="46.408600" lon="13.752843">
        <ele>1152.491203</ele>
        <time>2026-07-29T02:09:08.839Z</time>
      </trkpt>
      <trkpt lat="46.408642" lon="13.752753">
        <ele>1153.460137</ele>
        <time>2026-07-29T02:09:12.784Z</time>
      </trkpt>
      <trkpt lat="46.408568" lon="13.752395">
        <ele>1156.792353</ele>
        <time>2026-07-29T02:09:26.534Z</time>
      </trkpt>
      <trkpt lat="46.408589" lon="13.751517">
        <ele>1164.625180</ele>
        <time>2026-07-29T02:10:06.220Z</time>
      </trkpt>
      <trkpt lat="46.408679" lon="13.751342">
        <ele>1166.571662</ele>
        <time>2026-07-29T02:10:18.956Z</time>
      </trkpt>
      <trkpt lat="46.408947" lon="13.751074">
        <ele>1170.781007</ele>
        <time>2026-07-29T02:10:49.269Z</time>
      </trkpt>
      <trkpt lat="46.409092" lon="13.750945">
        <ele>1172.998385</ele>
        <time>2026-07-29T02:11:05.267Z</time>
      </trkpt>
      <trkpt lat="46.409327" lon="13.750833">
        <ele>1176.228778</ele>
        <time>2026-07-29T02:11:26.425Z</time>
      </trkpt>
      <trkpt lat="46.409376" lon="13.750760">
        <ele>1177.146139</ele>
        <time>2026-07-29T02:11:31.891Z</time>
      </trkpt>
      <trkpt lat="46.409396" lon="13.750560">
        <ele>1178.965861</ele>
        <time>2026-07-29T02:11:41.960Z</time>
      </trkpt>
      <trkpt lat="46.409278" lon="13.749822">
        <ele>1185.787451</ele>
        <time>2026-07-29T02:12:13.271Z</time>
      </trkpt>
      <trkpt lat="46.409486" lon="13.749173">
        <ele>1192.231763</ele>
        <time>2026-07-29T02:12:39.006Z</time>
      </trkpt>
      <trkpt lat="46.409538" lon="13.749114">
        <ele>1193.093964</ele>
        <time>2026-07-29T02:12:42.713Z</time>
      </trkpt>
      <trkpt lat="46.409588" lon="13.749126">
        <ele>1193.755809</ele>
        <time>2026-07-29T02:12:45.620Z</time>
      </trkpt>
      <trkpt lat="46.409615" lon="13.749264">
        <ele>1194.914324</ele>
        <time>2026-07-29T02:12:51.602Z</time>
      </trkpt>
      <trkpt lat="46.409538" lon="13.749545">
        <ele>1196.643590</ele>
        <time>2026-07-29T02:13:05.446Z</time>
      </trkpt>
      <trkpt lat="46.409527" lon="13.749743">
        <ele>1197.779601</ele>
        <time>2026-07-29T02:13:15.415Z</time>
      </trkpt>
      <trkpt lat="46.409706" lon="13.750435">
        <ele>1202.006398</ele>
        <time>2026-07-29T02:13:51.409Z</time>
      </trkpt>
      <trkpt lat="46.409882" lon="13.750835">
        <ele>1204.720042</ele>
        <time>2026-07-29T02:14:09.125Z</time>
      </trkpt>
      <trkpt lat="46.409915" lon="13.750974">
        <ele>1205.560766</ele>
        <time>2026-07-29T02:14:13.135Z</time>
      </trkpt>
      <trkpt lat="46.409896" lon="13.751161">
        <ele>1206.641740</ele>
        <time>2026-07-29T02:14:17.133Z</time>
      </trkpt>
      <trkpt lat="46.409866" lon="13.751215">
        <ele>1207.038331</ele>
        <time>2026-07-29T02:14:18.276Z</time>
      </trkpt>
      <trkpt lat="46.409623" lon="13.751388">
        <ele>1209.283574</ele>
        <time>2026-07-29T02:14:21.938Z</time>
      </trkpt>
      <trkpt lat="46.409499" lon="13.751725">
        <ele>1211.767537</ele>
        <time>2026-07-29T02:14:24.731Z</time>
      </trkpt>
      <trkpt lat="46.409454" lon="13.752048">
        <ele>1213.954307</ele>
        <time>2026-07-29T02:14:27.648Z</time>
      </trkpt>
      <trkpt lat="46.409457" lon="13.752279">
        <ele>1215.487513</ele>
        <time>2026-07-29T02:14:31.593Z</time>
      </trkpt>
      <trkpt lat="46.409498" lon="13.752500">
        <ele>1217.006246</ele>
        <time>2026-07-29T02:14:37.786Z</time>
      </trkpt>
      <trkpt lat="46.409554" lon="13.752643">
        <ele>1218.097580</ele>
        <time>2026-07-29T02:14:43.673Z</time>
      </trkpt>
      <trkpt lat="46.409599" lon="13.752705">
        <ele>1218.694955</ele>
        <time>2026-07-29T02:14:47.422Z</time>
      </trkpt>
      <trkpt lat="46.409666" lon="13.752695">
        <ele>1219.343200</ele>
        <time>2026-07-29T02:14:51.821Z</time>
      </trkpt>
      <trkpt lat="46.409693" lon="13.752626">
        <ele>1219.869688</ele>
        <time>2026-07-29T02:14:55.609Z</time>
      </trkpt>
      <trkpt lat="46.409649" lon="13.752308">
        <ele>1222.022023</ele>
        <time>2026-07-29T02:15:13.091Z</time>
      </trkpt>
      <trkpt lat="46.409666" lon="13.752173">
        <ele>1222.932709</ele>
        <time>2026-07-29T02:15:21.081Z</time>
      </trkpt>
      <trkpt lat="46.409807" lon="13.751807">
        <ele>1225.714906</ele>
        <time>2026-07-29T02:15:47.303Z</time>
      </trkpt>
      <trkpt lat="46.409918" lon="13.751670">
        <ele>1227.206543</ele>
        <time>2026-07-29T02:16:01.125Z</time>
      </trkpt>
      <trkpt lat="46.410319" lon="13.751484">
        <ele>1233.008653</ele>
        <time>2026-07-29T02:16:38.718Z</time>
      </trkpt>
      <trkpt lat="46.410411" lon="13.751345">
        <ele>1234.839519</ele>
        <time>2026-07-29T02:16:49.233Z</time>
      </trkpt>
      <trkpt lat="46.410464" lon="13.751205">
        <ele>1236.357152</ele>
        <time>2026-07-29T02:16:57.217Z</time>
      </trkpt>
      <trkpt lat="46.410541" lon="13.750837">
        <ele>1240.011411</ele>
        <time>2026-07-29T02:17:14.065Z</time>
      </trkpt>
      <trkpt lat="46.410500" lon="13.749813">
        <ele>1249.757990</ele>
        <time>2026-07-29T02:17:54.260Z</time>
      </trkpt>
      <trkpt lat="46.410806" lon="13.748840">
        <ele>1255.831624</ele>
        <time>2026-07-29T02:18:44.834Z</time>
      </trkpt>
      <trkpt lat="46.410796" lon="13.748577">
        <ele>1257.089654</ele>
        <time>2026-07-29T02:18:54.014Z</time>
      </trkpt>
      <trkpt lat="46.410704" lon="13.748294">
        <ele>1258.584007</ele>
        <time>2026-07-29T02:19:02.695Z</time>
      </trkpt>
      <trkpt lat="46.410613" lon="13.748126">
        <ele>1259.604397</ele>
        <time>2026-07-29T02:19:07.373Z</time>
      </trkpt>
      <trkpt lat="46.410296" lon="13.747736">
        <ele>1262.483913</ele>
        <time>2026-07-29T02:19:16.397Z</time>
      </trkpt>
      <trkpt lat="46.410263" lon="13.747663">
        <ele>1262.900830</ele>
        <time>2026-07-29T02:19:17.334Z</time>
      </trkpt>
      <trkpt lat="46.410256" lon="13.747585">
        <ele>1263.276514</ele>
        <time>2026-07-29T02:19:18.125Z</time>
      </trkpt>
      <trkpt lat="46.410281" lon="13.747495">
        <ele>1263.739943</ele>
        <time>2026-07-29T02:19:19.094Z</time>
      </trkpt>
      <trkpt lat="46.410452" lon="13.747192">
        <ele>1266.668549</ele>
        <time>2026-07-29T02:19:23.897Z</time>
      </trkpt>
      <trkpt lat="46.410467" lon="13.747041">
        <ele>1267.928816</ele>
        <time>2026-07-29T02:19:26.526Z</time>
      </trkpt>
      <trkpt lat="46.410421" lon="13.746861">
        <ele>1269.514619</ele>
        <time>2026-07-29T02:19:30.687Z</time>
      </trkpt>
      <trkpt lat="46.410287" lon="13.746669">
        <ele>1271.771432</ele>
        <time>2026-07-29T02:19:38.619Z</time>
      </trkpt>
      <trkpt lat="46.410269" lon="13.746559">
        <ele>1272.705369</ele>
        <time>2026-07-29T02:19:42.713Z</time>
      </trkpt>
      <trkpt lat="46.410305" lon="13.746389">
        <ele>1274.174460</ele>
        <time>2026-07-29T02:19:50.054Z</time>
      </trkpt>
      <trkpt lat="46.410379" lon="13.746257">
        <ele>1275.579847</ele>
        <time>2026-07-29T02:19:58.218Z</time>
      </trkpt>
      <trkpt lat="46.410476" lon="13.746169">
        <ele>1276.950650</ele>
        <time>2026-07-29T02:20:07.257Z</time>
      </trkpt>
      <trkpt lat="46.410626" lon="13.746123">
        <ele>1278.787555</ele>
        <time>2026-07-29T02:20:20.948Z</time>
      </trkpt>
      <trkpt lat="46.410718" lon="13.746151">
        <ele>1279.913826</ele>
        <time>2026-07-29T02:20:30.286Z</time>
      </trkpt>
      <trkpt lat="46.410907" lon="13.746312">
        <ele>1282.539951</ele>
        <time>2026-07-29T02:20:53.499Z</time>
      </trkpt>
      <trkpt lat="46.411048" lon="13.746349">
        <ele>1284.256718</ele>
        <time>2026-07-29T02:21:08.750Z</time>
      </trkpt>
      <trkpt lat="46.411165" lon="13.746326">
        <ele>1285.671328</ele>
        <time>2026-07-29T02:21:21.212Z</time>
      </trkpt>
      <trkpt lat="46.411477" lon="13.746181">
        <ele>1289.131835</ele>
        <time>2026-07-29T02:21:50.635Z</time>
      </trkpt>
      <trkpt lat="46.411706" lon="13.745994">
        <ele>1291.904008</ele>
        <time>2026-07-29T02:22:06.590Z</time>
      </trkpt>
      <trkpt lat="46.412790" lon="13.744760">
        <ele>1306.881931</ele>
        <time>2026-07-29T02:23:01.915Z</time>
      </trkpt>
      <trkpt lat="46.413012" lon="13.744578">
        <ele>1310.248116</ele>
        <time>2026-07-29T02:23:15.608Z</time>
      </trkpt>
      <trkpt lat="46.413097" lon="13.744613">
        <ele>1311.414478</ele>
        <time>2026-07-29T02:23:21.034Z</time>
      </trkpt>
      <trkpt lat="46.413114" lon="13.744660">
        <ele>1311.897514</ele>
        <time>2026-07-29T02:23:23.420Z</time>
      </trkpt>
      <trkpt lat="46.413096" lon="13.744752">
        <ele>1312.767865</ele>
        <time>2026-07-29T02:23:27.956Z</time>
      </trkpt>
      <trkpt lat="46.412903" lon="13.745005">
        <ele>1316.201852</ele>
        <time>2026-07-29T02:23:47.710Z</time>
      </trkpt>
      <trkpt lat="46.412643" lon="13.745510">
        <ele>1321.937923</ele>
        <time>2026-07-29T02:24:23.573Z</time>
      </trkpt>
      <trkpt lat="46.412361" lon="13.745941">
        <ele>1327.345634</ele>
        <time>2026-07-29T02:25:01.022Z</time>
      </trkpt>
      <trkpt lat="46.412351" lon="13.746082">
        <ele>1328.552640</ele>
        <time>2026-07-29T02:25:08.011Z</time>
      </trkpt>
      <trkpt lat="46.412393" lon="13.746128">
        <ele>1328.973807</ele>
        <time>2026-07-29T02:25:11.691Z</time>
      </trkpt>
      <trkpt lat="46.412432" lon="13.746124">
        <ele>1329.286684</ele>
        <time>2026-07-29T02:25:14.311Z</time>
      </trkpt>
      <trkpt lat="46.412540" lon="13.745879">
        <ele>1330.891129</ele>
        <time>2026-07-29T02:25:27.257Z</time>
      </trkpt>
      <trkpt lat="46.413043" lon="13.745338">
        <ele>1335.902356</ele>
        <time>2026-07-29T02:25:59.024Z</time>
      </trkpt>
      <trkpt lat="46.413201" lon="13.745228">
        <ele>1337.304867</ele>
        <time>2026-07-29T02:26:08.879Z</time>
      </trkpt>
      <trkpt lat="46.413302" lon="13.745195">
        <ele>1338.133373</ele>
        <time>2026-07-29T02:26:14.432Z</time>
      </trkpt>
      <trkpt lat="46.413647" lon="13.745202">
        <ele>1340.894508</ele>
        <time>2026-07-29T02:26:26.722Z</time>
      </trkpt>
      <trkpt lat="46.413693" lon="13.745173">
        <ele>1341.295893</ele>
        <time>2026-07-29T02:26:27.443Z</time>
      </trkpt>
      <trkpt lat="46.413976" lon="13.744460">
        <ele>1344.366374</ele>
        <time>2026-07-29T02:26:33.120Z</time>
      </trkpt>
      <trkpt lat="46.414078" lon="13.744331">
        <ele>1344.922082</ele>
        <time>2026-07-29T02:26:37.419Z</time>
      </trkpt>
      <trkpt lat="46.414256" lon="13.744213">
        <ele>1345.725736</ele>
        <time>2026-07-29T02:26:46.132Z</time>
      </trkpt>
      <trkpt lat="46.414307" lon="13.744129">
        <ele>1346.042615</ele>
        <time>2026-07-29T02:26:50.029Z</time>
      </trkpt>
      <trkpt lat="46.414365" lon="13.744013">
        <ele>1346.448291</ele>
        <time>2026-07-29T02:26:55.385Z</time>
      </trkpt>
      <trkpt lat="46.414434" lon="13.743803">
        <ele>1347.106881</ele>
        <time>2026-07-29T02:27:05.347Z</time>
      </trkpt>
      <trkpt lat="46.414530" lon="13.743073">
        <ele>1349.210820</ele>
        <time>2026-07-29T02:27:22.099Z</time>
      </trkpt>
      <trkpt lat="46.414564" lon="13.742581">
        <ele>1351.127236</ele>
        <time>2026-07-29T02:27:29.323Z</time>
      </trkpt>
      <trkpt lat="46.414618" lon="13.742422">
        <ele>1352.266899</ele>
        <time>2026-07-29T02:27:32.261Z</time>
      </trkpt>
      <trkpt lat="46.414788" lon="13.742080">
        <ele>1354.977871</ele>
        <time>2026-07-29T02:27:40.631Z</time>
      </trkpt>
      <trkpt lat="46.414866" lon="13.741803">
        <ele>1356.901770</ele>
        <time>2026-07-29T02:27:47.168Z</time>
      </trkpt>
      <trkpt lat="46.414974" lon="13.741589">
        <ele>1358.607017</ele>
        <time>2026-07-29T02:27:54.236Z</time>
      </trkpt>
      <trkpt lat="46.415221" lon="13.741311">
        <ele>1361.522778</ele>
        <time>2026-07-29T02:28:13.921Z</time>
      </trkpt>
      <trkpt lat="46.415433" lon="13.741122">
        <ele>1363.843554</ele>
        <time>2026-07-29T02:28:33.644Z</time>
      </trkpt>
      <trkpt lat="46.415547" lon="13.741108">
        <ele>1364.910555</ele>
        <time>2026-07-29T02:28:43.985Z</time>
      </trkpt>
      <trkpt lat="46.416080" lon="13.741582">
        <ele>1371.387554</ele>
        <time>2026-07-29T02:29:35.447Z</time>
      </trkpt>
      <trkpt lat="46.416229" lon="13.741662">
        <ele>1373.123807</ele>
        <time>2026-07-29T02:29:45.300Z</time>
      </trkpt>
      <trkpt lat="46.416407" lon="13.741716">
        <ele>1375.111094</ele>
        <time>2026-07-29T02:29:57.328Z</time>
      </trkpt>
      <trkpt lat="46.416873" lon="13.742228">
        <ele>1381.499571</ele>
        <time>2026-07-29T02:30:39.431Z</time>
      </trkpt>
      <trkpt lat="46.417036" lon="13.742340">
        <ele>1383.470595</ele>
        <time>2026-07-29T02:30:49.550Z</time>
      </trkpt>
      <trkpt lat="46.417400" lon="13.742431">
        <ele>1387.094299</ele>
        <time>2026-07-29T02:30:57.601Z</time>
      </trkpt>
      <trkpt lat="46.417973" lon="13.742802">
        <ele>1390.706977</ele>
        <time>2026-07-29T02:31:03.815Z</time>
      </trkpt>
      <trkpt lat="46.418154" lon="13.742968">
        <ele>1391.939870</ele>
        <time>2026-07-29T02:31:08.245Z</time>
      </trkpt>
      <trkpt lat="46.418315" lon="13.743251">
        <ele>1393.396191</ele>
        <time>2026-07-29T02:31:18.978Z</time>
      </trkpt>
      <trkpt lat="46.418445" lon="13.743391">
        <ele>1394.328364</ele>
        <time>2026-07-29T02:31:28.393Z</time>
      </trkpt>
      <trkpt lat="46.419443" lon="13.744094">
        <ele>1404.844571</ele>
        <time>2026-07-29T02:32:47.491Z</time>
      </trkpt>
      <trkpt lat="46.420013" lon="13.744314">
        <ele>1412.003626</ele>
        <time>2026-07-29T02:33:26.125Z</time>
      </trkpt>
      <trkpt lat="46.420415" lon="13.744652">
        <ele>1417.643240</ele>
        <time>2026-07-29T02:33:57.301Z</time>
      </trkpt>
      <trkpt lat="46.420527" lon="13.744672">
        <ele>1418.969347</ele>
        <time>2026-07-29T02:34:03.820Z</time>
      </trkpt>
      <trkpt lat="46.420863" lon="13.744568">
        <ele>1422.192693</ele>
        <time>2026-07-29T02:34:18.654Z</time>
      </trkpt>
      <trkpt lat="46.421067" lon="13.744476">
        <ele>1424.196999</ele>
        <time>2026-07-29T02:34:24.849Z</time>
      </trkpt>
      <trkpt lat="46.421187" lon="13.744316">
        <ele>1425.726174</ele>
        <time>2026-07-29T02:34:29.802Z</time>
      </trkpt>
      <trkpt lat="46.421292" lon="13.744092">
        <ele>1427.478112</ele>
        <time>2026-07-29T02:34:36.838Z</time>
      </trkpt>
      <trkpt lat="46.421419" lon="13.743993">
        <ele>1428.830777</ele>
        <time>2026-07-29T02:34:43.863Z</time>
      </trkpt>
      <trkpt lat="46.422482" lon="13.743643">
        <ele>1439.311134</ele>
        <time>2026-07-29T02:35:55.768Z</time>
      </trkpt>
      <trkpt lat="46.423176" lon="13.743629">
        <ele>1446.314065</ele>
        <time>2026-07-29T02:36:36.005Z</time>
      </trkpt>
      <trkpt lat="46.423356" lon="13.743693">
        <ele>1448.183965</ele>
        <time>2026-07-29T02:36:43.370Z</time>
      </trkpt>
      <trkpt lat="46.423496" lon="13.743694">
        <ele>1449.596540</ele>
        <time>2026-07-29T02:36:48.226Z</time>
      </trkpt>
      <trkpt lat="46.423961" lon="13.743461">
        <ele>1454.719701</ele>
        <time>2026-07-29T02:37:09.174Z</time>
      </trkpt>
      <trkpt lat="46.424100" lon="13.743457">
        <ele>1456.434708</ele>
        <time>2026-07-29T02:37:17.709Z</time>
      </trkpt>
      <trkpt lat="46.424866" lon="13.743714">
        <ele>1466.133303</ele>
        <time>2026-07-29T02:38:13.828Z</time>
      </trkpt>
      <trkpt lat="46.424998" lon="13.743742">
        <ele>1467.778936</ele>
        <time>2026-07-29T02:38:19.513Z</time>
      </trkpt>
      <trkpt lat="46.425195" lon="13.743715">
        <ele>1470.219900</ele>
        <time>2026-07-29T02:38:27.984Z</time>
      </trkpt>
      <trkpt lat="46.425428" lon="13.743602">
        <ele>1473.250481</ele>
        <time>2026-07-29T02:38:41.137Z</time>
      </trkpt>
      <trkpt lat="46.425498" lon="13.743577">
        <ele>1474.139765</ele>
        <time>2026-07-29T02:38:45.617Z</time>
      </trkpt>
      <trkpt lat="46.425622" lon="13.743589">
        <ele>1475.672798</ele>
        <time>2026-07-29T02:38:54.566Z</time>
      </trkpt>
      <trkpt lat="46.426254" lon="13.743738">
        <ele>1486.471696</ele>
        <time>2026-07-29T02:40:02.414Z</time>
      </trkpt>
      <trkpt lat="46.426586" lon="13.743851">
        <ele>1492.296603</ele>
        <time>2026-07-29T02:40:37.121Z</time>
      </trkpt>
      <trkpt lat="46.427028" lon="13.744146">
        <ele>1500.607061</ele>
        <time>2026-07-29T02:41:19.717Z</time>
      </trkpt>
      <trkpt lat="46.427287" lon="13.744172">
        <ele>1505.041650</ele>
        <time>2026-07-29T02:41:37.100Z</time>
      </trkpt>
      <trkpt lat="46.427332" lon="13.744201">
        <ele>1505.882721</ele>
        <time>2026-07-29T02:41:39.927Z</time>
      </trkpt>
      <trkpt lat="46.427356" lon="13.744257">
        <ele>1506.659097</ele>
        <time>2026-07-29T02:41:42.691Z</time>
      </trkpt>
      <trkpt lat="46.427350" lon="13.744322">
        <ele>1507.213749</ele>
        <time>2026-07-29T02:41:45.660Z</time>
      </trkpt>
      <trkpt lat="46.427315" lon="13.744365">
        <ele>1507.745459</ele>
        <time>2026-07-29T02:41:48.726Z</time>
      </trkpt>
      <trkpt lat="46.427064" lon="13.744421">
        <ele>1510.689592</ele>
        <time>2026-07-29T02:42:02.690Z</time>
      </trkpt>
      <trkpt lat="46.427025" lon="13.744470">
        <ele>1511.287714</ele>
        <time>2026-07-29T02:42:04.965Z</time>
      </trkpt>
      <trkpt lat="46.427019" lon="13.744550">
        <ele>1511.930770</ele>
        <time>2026-07-29T02:42:07.471Z</time>
      </trkpt>
      <trkpt lat="46.427043" lon="13.744604">
        <ele>1512.444212</ele>
        <time>2026-07-29T02:42:09.594Z</time>
      </trkpt>
      <trkpt lat="46.427131" lon="13.744624">
        <ele>1513.476867</ele>
        <time>2026-07-29T02:42:14.322Z</time>
      </trkpt>
      <trkpt lat="46.427310" lon="13.744505">
        <ele>1515.759573</ele>
        <time>2026-07-29T02:42:27.142Z</time>
      </trkpt>
      <trkpt lat="46.427407" lon="13.744485">
        <ele>1516.895426</ele>
        <time>2026-07-29T02:42:34.318Z</time>
      </trkpt>
      <trkpt lat="46.427488" lon="13.744506">
        <ele>1517.849362</ele>
        <time>2026-07-29T02:42:39.805Z</time>
      </trkpt>
      <trkpt lat="46.427565" lon="13.744571">
        <ele>1518.882163</ele>
        <time>2026-07-29T02:42:45.628Z</time>
      </trkpt>
      <trkpt lat="46.427645" lon="13.744705">
        <ele>1520.298770</ele>
        <time>2026-07-29T02:42:55.015Z</time>
      </trkpt>
      <trkpt lat="46.427834" lon="13.745155">
        <ele>1524.509672</ele>
        <time>2026-07-29T02:43:25.482Z</time>
      </trkpt>
      <trkpt lat="46.427940" lon="13.745211">
        <ele>1525.817504</ele>
        <time>2026-07-29T02:43:32.253Z</time>
      </trkpt>
      <trkpt lat="46.428035" lon="13.745207">
        <ele>1526.919335</ele>
        <time>2026-07-29T02:43:37.055Z</time>
      </trkpt>
      <trkpt lat="46.428367" lon="13.745074">
        <ele>1529.846103</ele>
        <time>2026-07-29T02:43:47.715Z</time>
      </trkpt>
      <trkpt lat="46.428988" lon="13.744881">
        <ele>1534.834061</ele>
        <time>2026-07-29T02:44:02.179Z</time>
      </trkpt>
      <trkpt lat="46.429530" lon="13.745183">
        <ele>1539.394040</ele>
        <time>2026-07-29T02:44:51.965Z</time>
      </trkpt>
      <trkpt lat="46.429739" lon="13.745265">
        <ele>1541.094478</ele>
        <time>2026-07-29T02:45:05.386Z</time>
      </trkpt>
      <trkpt lat="46.429983" lon="13.745236">
        <ele>1543.371601</ele>
        <time>2026-07-29T02:45:12.049Z</time>
      </trkpt>
      <trkpt lat="46.430064" lon="13.745178">
        <ele>1544.276779</ele>
        <time>2026-07-29T02:45:12.950Z</time>
      </trkpt>
      <trkpt lat="46.430245" lon="13.744912">
        <ele>1546.858514</ele>
        <time>2026-07-29T02:45:15.237Z</time>
      </trkpt>
      <trkpt lat="46.430503" lon="13.744703">
        <ele>1549.819641</ele>
        <time>2026-07-29T02:45:19.139Z</time>
      </trkpt>
      <trkpt lat="46.430633" lon="13.744651">
        <ele>1551.170981</ele>
        <time>2026-07-29T02:45:25.502Z</time>
      </trkpt>
      <trkpt lat="46.430951" lon="13.744538">
        <ele>1554.451863</ele>
        <time>2026-07-29T02:45:53.687Z</time>
      </trkpt>
      <trkpt lat="46.431031" lon="13.744542">
        <ele>1555.254024</ele>
        <time>2026-07-29T02:46:02.219Z</time>
      </trkpt>
      <trkpt lat="46.431110" lon="13.744606">
        <ele>1556.160736</ele>
        <time>2026-07-29T02:46:11.794Z</time>
      </trkpt>
      <trkpt lat="46.431110" lon="13.744714">
        <ele>1556.906668</ele>
        <time>2026-07-29T02:46:19.747Z</time>
      </trkpt>
      <trkpt lat="46.430880" lon="13.744901">
        <ele>1559.548725</ele>
        <time>2026-07-29T02:46:47.681Z</time>
      </trkpt>
      <trkpt lat="46.430832" lon="13.745014">
        <ele>1560.752395</ele>
        <time>2026-07-29T02:46:55.313Z</time>
      </trkpt>
      <trkpt lat="46.430834" lon="13.745079">
        <ele>1561.383848</ele>
        <time>2026-07-29T02:46:58.579Z</time>
      </trkpt>
      <trkpt lat="46.430866" lon="13.745130">
        <ele>1562.053184</ele>
        <time>2026-07-29T02:47:01.448Z</time>
      </trkpt>
      <trkpt lat="46.430971" lon="13.745134">
        <ele>1563.532190</ele>
        <time>2026-07-29T02:47:06.715Z</time>
      </trkpt>
      <trkpt lat="46.431071" lon="13.745052">
        <ele>1565.149606</ele>
        <time>2026-07-29T02:47:12.299Z</time>
      </trkpt>
      <trkpt lat="46.431323" lon="13.744824">
        <ele>1569.331380</ele>
        <time>2026-07-29T02:47:25.476Z</time>
      </trkpt>
      <trkpt lat="46.431563" lon="13.744698">
        <ele>1572.925231</ele>
        <time>2026-07-29T02:47:38.854Z</time>
      </trkpt>
      <trkpt lat="46.431861" lon="13.744621">
        <ele>1577.187367</ele>
        <time>2026-07-29T02:48:00.054Z</time>
      </trkpt>
      <trkpt lat="46.432017" lon="13.744482">
        <ele>1579.765131</ele>
        <time>2026-07-29T02:48:14.674Z</time>
      </trkpt>
      <trkpt lat="46.432337" lon="13.744091">
        <ele>1585.668223</ele>
        <time>2026-07-29T02:48:46.146Z</time>
      </trkpt>
      <trkpt lat="46.432674" lon="13.743590">
        <ele>1592.607884</ele>
        <time>2026-07-29T02:49:33.216Z</time>
      </trkpt>
      <trkpt lat="46.432952" lon="13.743360">
        <ele>1597.210711</ele>
        <time>2026-07-29T02:50:02.710Z</time>
      </trkpt>
      <trkpt lat="46.433112" lon="13.743348">
        <ele>1599.515066</ele>
        <time>2026-07-29T02:50:15.518Z</time>
      </trkpt>
      <trkpt lat="46.433293" lon="13.743439">
        <ele>1602.270247</ele>
        <time>2026-07-29T02:50:28.654Z</time>
      </trkpt>
      <trkpt lat="46.433468" lon="13.743454">
        <ele>1604.791662</ele>
        <time>2026-07-29T02:50:38.594Z</time>
      </trkpt>
      <trkpt lat="46.433864" lon="13.743375">
        <ele>1610.540919</ele>
        <time>2026-07-29T02:50:58.760Z</time>
      </trkpt>
      <trkpt lat="46.434099" lon="13.743388">
        <ele>1611.294723</ele>
        <time>2026-07-29T02:51:11.494Z</time>
      </trkpt>
      <trkpt lat="46.434279" lon="13.743438">
        <ele>1611.597284</ele>
        <time>2026-07-29T02:51:20.560Z</time>
      </trkpt>
      <trkpt lat="46.434467" lon="13.743524">
        <ele>1611.922715</ele>
        <time>2026-07-29T02:51:28.277Z</time>
      </trkpt>
      <trkpt lat="46.434746" lon="13.743691">
        <ele>1612.420972</ele>
        <time>2026-07-29T02:51:38.727Z</time>
      </trkpt>
      <trkpt lat="46.434779" lon="13.743712">
        <ele>1612.480462</ele>
        <time>2026-07-29T02:51:39.705Z</time>
      </trkpt>
      <trkpt lat="46.434855" lon="13.743772">
        <ele>1612.623301</ele>
        <time>2026-07-29T02:51:41.375Z</time>
      </trkpt>
      <trkpt lat="46.434919" lon="13.743832">
        <ele>1612.749094</ele>
        <time>2026-07-29T02:51:42.312Z</time>
      </trkpt>
      <trkpt lat="46.435082" lon="13.743986">
        <ele>1613.070210</ele>
        <time>2026-07-29T02:51:44.537Z</time>
      </trkpt>
      <trkpt lat="46.435392" lon="13.744306">
        <ele>1613.698287</ele>
        <time>2026-07-29T02:51:48.430Z</time>
      </trkpt>
      <trkpt lat="46.435520" lon="13.744407">
        <ele>1613.807372</ele>
        <time>2026-07-29T02:51:49.744Z</time>
      </trkpt>
      <trkpt lat="46.436193" lon="13.744950">
        <ele>1604.328692</ele>
        <time>2026-07-29T02:51:56.360Z</time>
      </trkpt>
      <trkpt lat="46.436518" lon="13.745250">
        <ele>1599.587309</ele>
        <time>2026-07-29T02:51:59.585Z</time>
      </trkpt>
      <trkpt lat="46.436995" lon="13.745622">
        <ele>1592.921496</ele>
        <time>2026-07-29T02:52:04.085Z</time>
      </trkpt>
      <trkpt lat="46.437456" lon="13.746064">
        <ele>1583.728377</ele>
        <time>2026-07-29T02:52:08.615Z</time>
      </trkpt>
      <trkpt lat="46.438433" lon="13.746637">
        <ele>1565.278995</ele>
        <time>2026-07-29T02:52:17.238Z</time>
      </trkpt>
      <trkpt lat="46.438736" lon="13.746678">
        <ele>1560.110693</ele>
        <time>2026-07-29T02:52:19.762Z</time>
      </trkpt>
      <trkpt lat="46.438891" lon="13.746697">
        <ele>1558.658249</ele>
        <time>2026-07-29T02:52:23.394Z</time>
      </trkpt>
      <trkpt lat="46.438946" lon="13.746770">
        <ele>1557.962274</ele>
        <time>2026-07-29T02:52:25.130Z</time>
      </trkpt>
      <trkpt lat="46.438954" lon="13.746824">
        <ele>1557.606866</ele>
        <time>2026-07-29T02:52:26.035Z</time>
      </trkpt>
      <trkpt lat="46.438915" lon="13.746914">
        <ele>1556.922771</ele>
        <time>2026-07-29T02:52:27.765Z</time>
      </trkpt>
      <trkpt lat="46.438752" lon="13.746946">
        <ele>1555.386918</ele>
        <time>2026-07-29T02:52:31.670Z</time>
      </trkpt>
      <trkpt lat="46.438488" lon="13.747000">
        <ele>1552.897488</ele>
        <time>2026-07-29T02:52:33.940Z</time>
      </trkpt>
      <trkpt lat="46.438358" lon="13.747060">
        <ele>1551.623713</ele>
        <time>2026-07-29T02:52:35.161Z</time>
      </trkpt>
      <trkpt lat="46.438223" lon="13.747140">
        <ele>1550.262111</ele>
        <time>2026-07-29T02:52:36.604Z</time>
      </trkpt>
      <trkpt lat="46.437961" lon="13.747376">
        <ele>1547.382713</ele>
        <time>2026-07-29T02:52:43.639Z</time>
      </trkpt>
      <trkpt lat="46.437799" lon="13.747624">
        <ele>1545.183908</ele>
        <time>2026-07-29T02:52:45.789Z</time>
      </trkpt>
      <trkpt lat="46.437736" lon="13.747751">
        <ele>1544.176991</ele>
        <time>2026-07-29T02:52:48.615Z</time>
      </trkpt>
      <trkpt lat="46.437741" lon="13.747806">
        <ele>1543.820013</ele>
        <time>2026-07-29T02:52:49.607Z</time>
      </trkpt>
      <trkpt lat="46.437792" lon="13.747858">
        <ele>1543.152314</ele>
        <time>2026-07-29T02:52:51.251Z</time>
      </trkpt>
      <trkpt lat="46.437903" lon="13.747807">
        <ele>1541.707513</ele>
        <time>2026-07-29T02:52:54.169Z</time>
      </trkpt>
      <trkpt lat="46.438089" lon="13.747718">
        <ele>1539.277185</ele>
        <time>2026-07-29T02:52:55.787Z</time>
      </trkpt>
      <trkpt lat="46.438293" lon="13.747660">
        <ele>1536.697610</ele>
        <time>2026-07-29T02:52:57.483Z</time>
      </trkpt>
      <trkpt lat="46.438456" lon="13.747663">
        <ele>1534.674774</ele>
        <time>2026-07-29T02:52:58.837Z</time>
      </trkpt>
      <trkpt lat="46.438653" lon="13.747770">
        <ele>1532.064561</ele>
        <time>2026-07-29T02:53:00.548Z</time>
      </trkpt>
      <trkpt lat="46.438981" lon="13.748068">
        <ele>1527.262458</ele>
        <time>2026-07-29T02:53:03.731Z</time>
      </trkpt>
      <trkpt lat="46.439319" lon="13.748250">
        <ele>1522.788757</ele>
        <time>2026-07-29T02:53:06.817Z</time>
      </trkpt>
      <trkpt lat="46.439534" lon="13.748303">
        <ele>1520.377420</ele>
        <time>2026-07-29T02:53:09.123Z</time>
      </trkpt>
      <trkpt lat="46.439768" lon="13.748318">
        <ele>1518.252412</ele>
        <time>2026-07-29T02:53:11.928Z</time>
      </trkpt>
      <trkpt lat="46.439938" lon="13.748329">
        <ele>1516.708574</ele>
        <time>2026-07-29T02:53:17.267Z</time>
      </trkpt>
      <trkpt lat="46.440000" lon="13.748412">
        <ele>1515.943291</ele>
        <time>2026-07-29T02:53:19.999Z</time>
      </trkpt>
      <trkpt lat="46.440015" lon="13.748477">
        <ele>1515.514737</ele>
        <time>2026-07-29T02:53:21.545Z</time>
      </trkpt>
      <trkpt lat="46.439995" lon="13.748621">
        <ele>1514.596359</ele>
        <time>2026-07-29T02:53:24.869Z</time>
      </trkpt>
      <trkpt lat="46.439876" lon="13.748778">
        <ele>1513.137248</ele>
        <time>2026-07-29T02:53:29.863Z</time>
      </trkpt>
      <trkpt lat="46.439577" lon="13.749021">
        <ele>1510.028154</ele>
        <time>2026-07-29T02:53:32.884Z</time>
      </trkpt>
      <trkpt lat="46.439623" lon="13.749313">
        <ele>1508.155490</ele>
        <time>2026-07-29T02:53:34.630Z</time>
      </trkpt>
      <trkpt lat="46.439668" lon="13.749417">
        <ele>1507.387742</ele>
        <time>2026-07-29T02:53:35.334Z</time>
      </trkpt>
      <trkpt lat="46.439918" lon="13.749788">
        <ele>1503.416838</ele>
        <time>2026-07-29T02:53:38.269Z</time>
      </trkpt>
      <trkpt lat="46.440323" lon="13.750330">
        <ele>1493.355019</ele>
        <time>2026-07-29T02:53:42.755Z</time>
      </trkpt>
      <trkpt lat="46.440545" lon="13.750723">
        <ele>1486.959560</ele>
        <time>2026-07-29T02:53:45.615Z</time>
      </trkpt>
      <trkpt lat="46.440598" lon="13.750878">
        <ele>1484.781886</ele>
        <time>2026-07-29T02:53:48.262Z</time>
      </trkpt>
      <trkpt lat="46.440581" lon="13.751007">
        <ele>1483.128958</ele>
        <time>2026-07-29T02:53:50.273Z</time>
      </trkpt>
      <trkpt lat="46.440501" lon="13.751086">
        <ele>1481.361696</ele>
        <time>2026-07-29T02:53:52.447Z</time>
      </trkpt>
      <trkpt lat="46.440381" lon="13.751131">
        <ele>1479.098112</ele>
        <time>2026-07-29T02:53:55.270Z</time>
      </trkpt>
      <trkpt lat="46.440243" lon="13.751151">
        <ele>1476.565245</ele>
        <time>2026-07-29T02:53:56.427Z</time>
      </trkpt>
      <trkpt lat="46.439993" lon="13.751046">
        <ele>1471.901034</ele>
        <time>2026-07-29T02:53:58.634Z</time>
      </trkpt>
      <trkpt lat="46.439843" lon="13.751056">
        <ele>1470.379215</ele>
        <time>2026-07-29T02:53:59.947Z</time>
      </trkpt>
      <trkpt lat="46.439774" lon="13.751092">
        <ele>1469.636090</ele>
        <time>2026-07-29T02:54:00.593Z</time>
      </trkpt>
      <trkpt lat="46.439653" lon="13.751153">
        <ele>1468.337888</ele>
        <time>2026-07-29T02:54:01.691Z</time>
      </trkpt>
      <trkpt lat="46.439543" lon="13.751140">
        <ele>1467.219371</ele>
        <time>2026-07-29T02:54:02.624Z</time>
      </trkpt>
      <trkpt lat="46.439377" lon="13.751096">
        <ele>1465.509164</ele>
        <time>2026-07-29T02:54:06.646Z</time>
      </trkpt>
      <trkpt lat="46.439334" lon="13.751178">
        <ele>1464.789512</ele>
        <time>2026-07-29T02:54:08.395Z</time>
      </trkpt>
      <trkpt lat="46.439359" lon="13.751280">
        <ele>1464.033418</ele>
        <time>2026-07-29T02:54:10.313Z</time>
      </trkpt>
      <trkpt lat="46.439487" lon="13.751347">
        <ele>1462.654352</ele>
        <time>2026-07-29T02:54:14.008Z</time>
      </trkpt>
      <trkpt lat="46.439866" lon="13.751371">
        <ele>1458.809617</ele>
        <time>2026-07-29T02:54:17.394Z</time>
      </trkpt>
      <trkpt lat="46.439998" lon="13.751409">
        <ele>1457.445756</ele>
        <time>2026-07-29T02:54:20.696Z</time>
      </trkpt>
      <trkpt lat="46.440032" lon="13.751450">
        <ele>1456.997727</ele>
        <time>2026-07-29T02:54:21.768Z</time>
      </trkpt>
      <trkpt lat="46.440047" lon="13.751523">
        <ele>1456.465712</ele>
        <time>2026-07-29T02:54:22.994Z</time>
      </trkpt>
      <trkpt lat="46.440016" lon="13.751600">
        <ele>1455.842894</ele>
        <time>2026-07-29T02:54:24.415Z</time>
      </trkpt>
      <trkpt lat="46.439980" lon="13.751625">
        <ele>1455.438416</ele>
        <time>2026-07-29T02:54:25.328Z</time>
      </trkpt>
      <trkpt lat="46.439827" lon="13.751642">
        <ele>1453.883257</ele>
        <time>2026-07-29T02:54:28.841Z</time>
      </trkpt>
      <trkpt lat="46.439590" lon="13.751793">
        <ele>1450.475260</ele>
        <time>2026-07-29T02:54:31.053Z</time>
      </trkpt>
      <trkpt lat="46.439425" lon="13.751701">
        <ele>1448.126665</ele>
        <time>2026-07-29T02:54:32.684Z</time>
      </trkpt>
      <trkpt lat="46.439245" lon="13.751545">
        <ele>1445.340958</ele>
        <time>2026-07-29T02:54:38.292Z</time>
      </trkpt>
      <trkpt lat="46.439207" lon="13.751532">
        <ele>1444.822217</ele>
        <time>2026-07-29T02:54:39.323Z</time>
      </trkpt>
      <trkpt lat="46.439159" lon="13.751560">
        <ele>1444.134847</ele>
        <time>2026-07-29T02:54:40.680Z</time>
      </trkpt>
      <trkpt lat="46.439141" lon="13.751653">
        <ele>1443.250364</ele>
        <time>2026-07-29T02:54:42.359Z</time>
      </trkpt>
      <trkpt lat="46.439157" lon="13.751704">
        <ele>1442.737279</ele>
        <time>2026-07-29T02:54:43.297Z</time>
      </trkpt>
      <trkpt lat="46.439343" lon="13.751823">
        <ele>1440.036390</ele>
        <time>2026-07-29T02:54:48.047Z</time>
      </trkpt>
      <trkpt lat="46.439528" lon="13.751956">
        <ele>1437.293203</ele>
        <time>2026-07-29T02:54:49.730Z</time>
      </trkpt>
      <trkpt lat="46.439875" lon="13.752484">
        <ele>1430.612699</ele>
        <time>2026-07-29T02:54:53.836Z</time>
      </trkpt>
      <trkpt lat="46.440434" lon="13.753224">
        <ele>1424.349023</ele>
        <time>2026-07-29T02:55:00.206Z</time>
      </trkpt>
      <trkpt lat="46.440588" lon="13.753266">
        <ele>1423.113124</ele>
        <time>2026-07-29T02:55:01.847Z</time>
      </trkpt>
      <trkpt lat="46.441157" lon="13.753138">
        <ele>1418.571687</ele>
        <time>2026-07-29T02:55:13.853Z</time>
      </trkpt>
      <trkpt lat="46.441372" lon="13.753136">
        <ele>1416.875897</ele>
        <time>2026-07-29T02:55:19.929Z</time>
      </trkpt>
      <trkpt lat="46.441415" lon="13.753221">
        <ele>1416.302792</ele>
        <time>2026-07-29T02:55:21.809Z</time>
      </trkpt>
      <trkpt lat="46.441408" lon="13.753283">
        <ele>1415.961326</ele>
        <time>2026-07-29T02:55:22.882Z</time>
      </trkpt>
      <trkpt lat="46.441333" lon="13.753337">
        <ele>1415.408319</ele>
        <time>2026-07-29T02:55:24.881Z</time>
      </trkpt>
      <trkpt lat="46.441142" lon="13.753321">
        <ele>1414.306767</ele>
        <time>2026-07-29T02:55:26.482Z</time>
      </trkpt>
      <trkpt lat="46.441018" lon="13.753357">
        <ele>1413.578665</ele>
        <time>2026-07-29T02:55:27.542Z</time>
      </trkpt>
      <trkpt lat="46.440695" lon="13.753583">
        <ele>1411.514040</ele>
        <time>2026-07-29T02:55:30.590Z</time>
      </trkpt>
      <trkpt lat="46.440545" lon="13.753647">
        <ele>1410.613828</ele>
        <time>2026-07-29T02:55:31.959Z</time>
      </trkpt>
      <trkpt lat="46.440385" lon="13.753657">
        <ele>1409.691742</ele>
        <time>2026-07-29T02:55:33.435Z</time>
      </trkpt>
      <trkpt lat="46.440000" lon="13.753305">
        <ele>1407.071742</ele>
        <time>2026-07-29T02:55:40.520Z</time>
      </trkpt>
      <trkpt lat="46.439821" lon="13.753202">
        <ele>1405.963044</ele>
        <time>2026-07-29T02:55:46.538Z</time>
      </trkpt>
      <trkpt lat="46.439517" lon="13.753082">
        <ele>1402.733499</ele>
        <time>2026-07-29T02:55:50.724Z</time>
      </trkpt>
      <trkpt lat="46.439400" lon="13.753115">
        <ele>1401.233203</ele>
        <time>2026-07-29T02:55:51.799Z</time>
      </trkpt>
      <trkpt lat="46.439367" lon="13.753172">
        <ele>1400.587439</ele>
        <time>2026-07-29T02:55:52.246Z</time>
      </trkpt>
      <trkpt lat="46.439321" lon="13.753284">
        <ele>1399.456455</ele>
        <time>2026-07-29T02:55:53.004Z</time>
      </trkpt>
      <trkpt lat="46.439286" lon="13.753483">
        <ele>1397.674933</ele>
        <time>2026-07-29T02:55:54.181Z</time>
      </trkpt>
      <trkpt lat="46.439251" lon="13.753981">
        <ele>1393.332715</ele>
        <time>2026-07-29T02:55:57.007Z</time>
      </trkpt>
      <trkpt lat="46.439183" lon="13.754295">
        <ele>1390.477650</ele>
        <time>2026-07-29T02:55:58.876Z</time>
      </trkpt>
      <trkpt lat="46.438962" lon="13.754627">
        <ele>1386.473612</ele>
        <time>2026-07-29T02:56:01.531Z</time>
      </trkpt>
      <trkpt lat="46.438925" lon="13.754860">
        <ele>1384.399518</ele>
        <time>2026-07-29T02:56:02.901Z</time>
      </trkpt>
      <trkpt lat="46.438943" lon="13.755208">
        <ele>1381.072119</ele>
        <time>2026-07-29T02:56:04.887Z</time>
      </trkpt>
      <trkpt lat="46.438988" lon="13.755472">
        <ele>1378.180466</ele>
        <time>2026-07-29T02:56:06.421Z</time>
      </trkpt>
      <trkpt lat="46.439331" lon="13.756249">
        <ele>1368.369092</ele>
        <time>2026-07-29T02:56:11.631Z</time>
      </trkpt>
      <trkpt lat="46.439375" lon="13.756336">
        <ele>1367.221658</ele>
        <time>2026-07-29T02:56:12.247Z</time>
      </trkpt>
      <trkpt lat="46.439496" lon="13.756567">
        <ele>1364.136498</ele>
        <time>2026-07-29T02:56:13.913Z</time>
      </trkpt>
      <trkpt lat="46.439861" lon="13.757012">
        <ele>1356.780978</ele>
        <time>2026-07-29T02:56:17.922Z</time>
      </trkpt>
      <trkpt lat="46.439909" lon="13.757190">
        <ele>1354.785120</ele>
        <time>2026-07-29T02:56:19.034Z</time>
      </trkpt>
      <trkpt lat="46.439950" lon="13.757489">
        <ele>1352.130543</ele>
        <time>2026-07-29T02:56:20.808Z</time>
      </trkpt>
      <trkpt lat="46.439952" lon="13.757654">
        <ele>1350.693589</ele>
        <time>2026-07-29T02:56:21.771Z</time>
      </trkpt>
      <trkpt lat="46.439914" lon="13.757848">
        <ele>1348.937424</ele>
        <time>2026-07-29T02:56:22.957Z</time>
      </trkpt>
      <trkpt lat="46.439781" lon="13.758238">
        <ele>1345.148425</ele>
        <time>2026-07-29T02:56:25.512Z</time>
      </trkpt>
      <trkpt lat="46.439681" lon="13.758393">
        <ele>1343.299585</ele>
        <time>2026-07-29T02:56:26.771Z</time>
      </trkpt>
      <trkpt lat="46.439565" lon="13.758475">
        <ele>1341.669178</ele>
        <time>2026-07-29T02:56:27.881Z</time>
      </trkpt>
      <trkpt lat="46.439225" lon="13.758562">
        <ele>1337.306748</ele>
        <time>2026-07-29T02:56:30.779Z</time>
      </trkpt>
      <trkpt lat="46.438963" lon="13.758736">
        <ele>1333.665948</ele>
        <time>2026-07-29T02:56:33.139Z</time>
      </trkpt>
      <trkpt lat="46.438843" lon="13.758890">
        <ele>1331.621859</ele>
        <time>2026-07-29T02:56:36.792Z</time>
      </trkpt>
      <trkpt lat="46.438856" lon="13.758992">
        <ele>1330.687694</ele>
        <time>2026-07-29T02:56:38.435Z</time>
      </trkpt>
      <trkpt lat="46.438927" lon="13.759030">
        <ele>1329.698745</ele>
        <time>2026-07-29T02:56:40.208Z</time>
      </trkpt>
      <trkpt lat="46.439341" lon="13.758982">
        <ele>1324.271219</ele>
        <time>2026-07-29T02:56:43.753Z</time>
      </trkpt>
      <trkpt lat="46.439583" lon="13.759133">
        <ele>1320.828717</ele>
        <time>2026-07-29T02:56:46.045Z</time>
      </trkpt>
      <trkpt lat="46.439947" lon="13.759429">
        <ele>1315.375870</ele>
        <time>2026-07-29T02:56:49.508Z</time>
      </trkpt>
      <trkpt lat="46.440045" lon="13.759485">
        <ele>1313.999458</ele>
        <time>2026-07-29T02:56:50.377Z</time>
      </trkpt>
      <trkpt lat="46.440182" lon="13.759480">
        <ele>1312.208532</ele>
        <time>2026-07-29T02:56:51.504Z</time>
      </trkpt>
      <trkpt lat="46.440337" lon="13.759435">
        <ele>1310.142802</ele>
        <time>2026-07-29T02:56:55.105Z</time>
      </trkpt>
      <trkpt lat="46.440397" lon="13.759479">
        <ele>1309.264270</ele>
        <time>2026-07-29T02:56:56.677Z</time>
      </trkpt>
      <trkpt lat="46.440413" lon="13.759528">
        <ele>1308.775968</ele>
        <time>2026-07-29T02:56:57.558Z</time>
      </trkpt>
      <trkpt lat="46.440398" lon="13.759615">
        <ele>1308.293306</ele>
        <time>2026-07-29T02:56:59.028Z</time>
      </trkpt>
      <trkpt lat="46.440343" lon="13.759673">
        <ele>1307.790078</ele>
        <time>2026-07-29T02:57:00.658Z</time>
      </trkpt>
      <trkpt lat="46.440277" lon="13.759690">
        <ele>1307.293936</ele>
        <time>2026-07-29T02:57:02.309Z</time>
      </trkpt>
      <trkpt lat="46.439247" lon="13.759759">
        <ele>1299.662143</ele>
        <time>2026-07-29T02:57:12.022Z</time>
      </trkpt>
      <trkpt lat="46.439042" lon="13.759761">
        <ele>1298.144776</ele>
        <time>2026-07-29T02:57:16.995Z</time>
      </trkpt>
      <trkpt lat="46.438983" lon="13.759791">
        <ele>1297.682046</ele>
        <time>2026-07-29T02:57:18.536Z</time>
      </trkpt>
      <trkpt lat="46.438953" lon="13.759840">
        <ele>1297.347724</ele>
        <time>2026-07-29T02:57:19.635Z</time>
      </trkpt>
      <trkpt lat="46.438966" lon="13.759956">
        <ele>1296.748274</ele>
        <time>2026-07-29T02:57:21.643Z</time>
      </trkpt>
      <trkpt lat="46.439001" lon="13.759994">
        <ele>1296.424734</ele>
        <time>2026-07-29T02:57:22.759Z</time>
      </trkpt>
      <trkpt lat="46.439193" lon="13.759998">
        <ele>1295.101793</ele>
        <time>2026-07-29T02:57:27.776Z</time>
      </trkpt>
      <trkpt lat="46.439493" lon="13.759967">
        <ele>1293.420932</ele>
        <time>2026-07-29T02:57:31.011Z</time>
      </trkpt>
      <trkpt lat="46.440152" lon="13.760033">
        <ele>1289.729206</ele>
        <time>2026-07-29T02:57:37.976Z</time>
      </trkpt>
      <trkpt lat="46.440367" lon="13.759967">
        <ele>1288.501040</ele>
        <time>2026-07-29T02:57:39.857Z</time>
      </trkpt>
      <trkpt lat="46.440442" lon="13.759976">
        <ele>1288.080456</ele>
        <time>2026-07-29T02:57:41.712Z</time>
      </trkpt>
      <trkpt lat="46.440474" lon="13.760060">
        <ele>1287.710810</ele>
        <time>2026-07-29T02:57:43.338Z</time>
      </trkpt>
      <trkpt lat="46.440432" lon="13.760144">
        <ele>1287.311122</ele>
        <time>2026-07-29T02:57:45.100Z</time>
      </trkpt>
      <trkpt lat="46.440357" lon="13.760171">
        <ele>1286.879263</ele>
        <time>2026-07-29T02:57:46.987Z</time>
      </trkpt>
      <trkpt lat="46.439388" lon="13.760223">
        <ele>1276.352698</ele>
        <time>2026-07-29T02:57:56.100Z</time>
      </trkpt>
      <trkpt lat="46.438993" lon="13.760403">
        <ele>1271.002994</ele>
        <time>2026-07-29T02:57:59.532Z</time>
      </trkpt>
      <trkpt lat="46.438867" lon="13.760451">
        <ele>1269.319728</ele>
        <time>2026-07-29T02:58:02.412Z</time>
      </trkpt>
      <trkpt lat="46.438842" lon="13.760491">
        <ele>1268.838879</ele>
        <time>2026-07-29T02:58:03.254Z</time>
      </trkpt>
      <trkpt lat="46.438847" lon="13.760581">
        <ele>1268.034873</ele>
        <time>2026-07-29T02:58:04.631Z</time>
      </trkpt>
      <trkpt lat="46.438894" lon="13.760670">
        <ele>1267.036435</ele>
        <time>2026-07-29T02:58:06.334Z</time>
      </trkpt>
      <trkpt lat="46.439370" lon="13.761109">
        <ele>1261.067776</ele>
        <time>2026-07-29T02:58:10.933Z</time>
      </trkpt>
      <trkpt lat="46.439444" lon="13.761206">
        <ele>1260.498497</ele>
        <time>2026-07-29T02:58:13.267Z</time>
      </trkpt>
      <trkpt lat="46.439441" lon="13.761307">
        <ele>1260.100794</ele>
        <time>2026-07-29T02:58:14.963Z</time>
      </trkpt>
      <trkpt lat="46.439420" lon="13.761345">
        <ele>1259.909170</ele>
        <time>2026-07-29T02:58:15.797Z</time>
      </trkpt>
      <trkpt lat="46.439334" lon="13.761372">
        <ele>1259.406860</ele>
        <time>2026-07-29T02:58:18.043Z</time>
      </trkpt>
      <trkpt lat="46.439223" lon="13.761280">
        <ele>1258.677114</ele>
        <time>2026-07-29T02:58:21.663Z</time>
      </trkpt>
      <trkpt lat="46.439162" lon="13.761212">
        <ele>1258.237991</ele>
        <time>2026-07-29T02:58:22.622Z</time>
      </trkpt>
      <trkpt lat="46.438960" lon="13.761096">
        <ele>1256.997814</ele>
        <time>2026-07-29T02:58:30.232Z</time>
      </trkpt>
      <trkpt lat="46.438545" lon="13.760990">
        <ele>1254.592270</ele>
        <time>2026-07-29T02:58:48.063Z</time>
      </trkpt>
      <trkpt lat="46.438372" lon="13.760748">
        <ele>1253.220496</ele>
        <time>2026-07-29T02:58:54.284Z</time>
      </trkpt>
      <trkpt lat="46.438319" lon="13.760703">
        <ele>1252.869946</ele>
        <time>2026-07-29T02:58:54.907Z</time>
      </trkpt>
      <trkpt lat="46.438271" lon="13.760703">
        <ele>1252.595927</ele>
        <time>2026-07-29T02:58:55.343Z</time>
      </trkpt>
      <trkpt lat="46.438196" lon="13.760825">
        <ele>1251.952749</ele>
        <time>2026-07-29T02:58:56.310Z</time>
      </trkpt>
      <trkpt lat="46.438132" lon="13.761025">
        <ele>1250.030184</ele>
        <time>2026-07-29T02:58:57.568Z</time>
      </trkpt>
      <trkpt lat="46.438050" lon="13.761447">
        <ele>1245.906133</ele>
        <time>2026-07-29T02:59:00.051Z</time>
      </trkpt>
      <trkpt lat="46.438068" lon="13.761592">
        <ele>1244.520329</ele>
        <time>2026-07-29T02:59:02.350Z</time>
      </trkpt>
      <trkpt lat="46.438144" lon="13.761658">
        <ele>1243.311453</ele>
        <time>2026-07-29T02:59:04.353Z</time>
      </trkpt>
      <trkpt lat="46.438199" lon="13.761651">
        <ele>1242.557889</ele>
        <time>2026-07-29T02:59:05.617Z</time>
      </trkpt>
      <trkpt lat="46.438390" lon="13.761520">
        <ele>1239.674449</ele>
        <time>2026-07-29T02:59:10.574Z</time>
      </trkpt>
      <trkpt lat="46.438538" lon="13.761505">
        <ele>1237.649512</ele>
        <time>2026-07-29T02:59:14.111Z</time>
      </trkpt>
      <trkpt lat="46.438592" lon="13.761555">
        <ele>1236.775218</ele>
        <time>2026-07-29T02:59:15.618Z</time>
      </trkpt>
      <trkpt lat="46.438637" lon="13.761657">
        <ele>1235.636067</ele>
        <time>2026-07-29T02:59:17.549Z</time>
      </trkpt>
      <trkpt lat="46.438662" lon="13.761824">
        <ele>1234.028667</ele>
        <time>2026-07-29T02:59:20.227Z</time>
      </trkpt>
      <trkpt lat="46.438703" lon="13.762086">
        <ele>1231.501615</ele>
        <time>2026-07-29T02:59:21.742Z</time>
      </trkpt>
      <trkpt lat="46.438758" lon="13.762273">
        <ele>1229.589240</ele>
        <time>2026-07-29T02:59:22.886Z</time>
      </trkpt>
      <trkpt lat="46.438977" lon="13.762622">
        <ele>1226.816049</ele>
        <time>2026-07-29T02:59:25.560Z</time>
      </trkpt>
      <trkpt lat="46.439166" lon="13.762822">
        <ele>1226.103801</ele>
        <time>2026-07-29T02:59:27.571Z</time>
      </trkpt>
      <trkpt lat="46.439277" lon="13.762878">
        <ele>1225.745975</ele>
        <time>2026-07-29T02:59:28.675Z</time>
      </trkpt>
      <trkpt lat="46.439438" lon="13.762872">
        <ele>1225.255587</ele>
        <time>2026-07-29T02:59:30.651Z</time>
      </trkpt>
      <trkpt lat="46.439581" lon="13.762784">
        <ele>1224.782634</ele>
        <time>2026-07-29T02:59:34.751Z</time>
      </trkpt>
      <trkpt lat="46.439915" lon="13.762500">
        <ele>1223.603913</ele>
        <time>2026-07-29T02:59:49.124Z</time>
      </trkpt>
      <trkpt lat="46.440094" lon="13.762429">
        <ele>1223.038885</ele>
        <time>2026-07-29T02:59:54.830Z</time>
      </trkpt>
      <trkpt lat="46.440228" lon="13.762438">
        <ele>1222.630434</ele>
        <time>2026-07-29T02:59:58.093Z</time>
      </trkpt>
      <trkpt lat="46.440376" lon="13.762467">
        <ele>1222.175701</ele>
        <time>2026-07-29T03:00:00.751Z</time>
      </trkpt>
      <trkpt lat="46.440590" lon="13.762506">
        <ele>1221.338929</ele>
        <time>2026-07-29T03:00:03.322Z</time>
      </trkpt>
      <trkpt lat="46.440778" lon="13.762579">
        <ele>1220.389423</ele>
        <time>2026-07-29T03:00:05.359Z</time>
      </trkpt>
      <trkpt lat="46.442263" lon="13.763821">
        <ele>1210.630292</ele>
        <time>2026-07-29T03:00:21.170Z</time>
      </trkpt>
      <trkpt lat="46.442800" lon="13.764123">
        <ele>1203.955233</ele>
        <time>2026-07-29T03:00:26.069Z</time>
      </trkpt>
      <trkpt lat="46.442889" lon="13.764202">
        <ele>1202.746026</ele>
        <time>2026-07-29T03:00:26.942Z</time>
      </trkpt>
      <trkpt lat="46.443065" lon="13.764449">
        <ele>1199.908280</ele>
        <time>2026-07-29T03:00:28.984Z</time>
      </trkpt>
      <trkpt lat="46.443303" lon="13.764949">
        <ele>1195.054829</ele>
        <time>2026-07-29T03:00:32.467Z</time>
      </trkpt>
      <trkpt lat="46.443484" lon="13.765389">
        <ele>1190.648375</ele>
        <time>2026-07-29T03:00:35.433Z</time>
      </trkpt>
      <trkpt lat="46.443564" lon="13.765721">
        <ele>1187.124707</ele>
        <time>2026-07-29T03:00:37.491Z</time>
      </trkpt>
      <trkpt lat="46.443576" lon="13.765877">
        <ele>1185.552105</ele>
        <time>2026-07-29T03:00:38.402Z</time>
      </trkpt>
      <trkpt lat="46.443539" lon="13.766522">
        <ele>1179.067788</ele>
        <time>2026-07-29T03:00:42.141Z</time>
      </trkpt>
      <trkpt lat="46.443581" lon="13.766823">
        <ele>1175.990999</ele>
        <time>2026-07-29T03:00:43.900Z</time>
      </trkpt>
      <trkpt lat="46.444464" lon="13.769173">
        <ele>1148.947648</ele>
        <time>2026-07-29T03:00:59.122Z</time>
      </trkpt>
      <trkpt lat="46.444484" lon="13.769285">
        <ele>1147.772917</ele>
        <time>2026-07-29T03:01:00.892Z</time>
      </trkpt>
      <trkpt lat="46.444460" lon="13.769530">
        <ele>1145.260355</ele>
        <time>2026-07-29T03:01:04.694Z</time>
      </trkpt>
      <trkpt lat="46.444417" lon="13.769621">
        <ele>1144.140027</ele>
        <time>2026-07-29T03:01:06.378Z</time>
      </trkpt>
      <trkpt lat="46.444275" lon="13.769755">
        <ele>1141.644212</ele>
        <time>2026-07-29T03:01:10.175Z</time>
      </trkpt>
      <trkpt lat="46.444149" lon="13.769756">
        <ele>1139.787573</ele>
        <time>2026-07-29T03:01:13.109Z</time>
      </trkpt>
      <trkpt lat="46.444001" lon="13.769644">
        <ele>1139.131343</ele>
        <time>2026-07-29T03:01:17.514Z</time>
      </trkpt>
      <trkpt lat="46.443937" lon="13.769493">
        <ele>1138.797795</ele>
        <time>2026-07-29T03:01:22.461Z</time>
      </trkpt>
      <trkpt lat="46.443919" lon="13.769350">
        <ele>1138.524289</ele>
        <time>2026-07-29T03:01:28.296Z</time>
      </trkpt>
      <trkpt lat="46.443880" lon="13.768998">
        <ele>1137.853497</ele>
        <time>2026-07-29T03:01:42.108Z</time>
      </trkpt>
      <trkpt lat="46.443816" lon="13.768702">
        <ele>1137.269801</ele>
        <time>2026-07-29T03:01:56.548Z</time>
      </trkpt>
      <trkpt lat="46.443592" lon="13.768175">
        <ele>1136.104783</ele>
        <time>2026-07-29T03:02:13.252Z</time>
      </trkpt>
      <trkpt lat="46.443505" lon="13.768033">
        <ele>1135.747273</ele>
        <time>2026-07-29T03:02:14.734Z</time>
      </trkpt>
      <trkpt lat="46.443371" lon="13.767989">
        <ele>1135.372137</ele>
        <time>2026-07-29T03:02:15.963Z</time>
      </trkpt>
      <trkpt lat="46.443296" lon="13.768027">
        <ele>1135.155227</ele>
        <time>2026-07-29T03:02:16.641Z</time>
      </trkpt>
      <trkpt lat="46.443199" lon="13.768173">
        <ele>1134.773637</ele>
        <time>2026-07-29T03:02:17.801Z</time>
      </trkpt>
      <trkpt lat="46.443039" lon="13.768528">
        <ele>1132.103192</ele>
        <time>2026-07-29T03:02:20.182Z</time>
      </trkpt>
      <trkpt lat="46.442941" lon="13.768662">
        <ele>1130.684255</ele>
        <time>2026-07-29T03:02:21.280Z</time>
      </trkpt>
      <trkpt lat="46.442848" lon="13.768748">
        <ele>1129.522149</ele>
        <time>2026-07-29T03:02:22.179Z</time>
      </trkpt>
      <trkpt lat="46.442767" lon="13.768776">
        <ele>1128.644677</ele>
        <time>2026-07-29T03:02:22.870Z</time>
      </trkpt>
      <trkpt lat="46.442614" lon="13.768766">
        <ele>1127.030705</ele>
        <time>2026-07-29T03:02:24.155Z</time>
      </trkpt>
      <trkpt lat="46.442536" lon="13.768721">
        <ele>1126.146157</ele>
        <time>2026-07-29T03:02:24.893Z</time>
      </trkpt>
      <trkpt lat="46.442416" lon="13.768600">
        <ele>1124.606287</ele>
        <time>2026-07-29T03:02:26.197Z</time>
      </trkpt>
      <trkpt lat="46.442236" lon="13.768472">
        <ele>1122.493927</ele>
        <time>2026-07-29T03:02:31.452Z</time>
      </trkpt>
      <trkpt lat="46.442197" lon="13.768488">
        <ele>1122.066831</ele>
        <time>2026-07-29T03:02:32.527Z</time>
      </trkpt>
      <trkpt lat="46.442161" lon="13.768586">
        <ele>1121.260380</ele>
        <time>2026-07-29T03:02:34.486Z</time>
      </trkpt>
      <trkpt lat="46.442179" lon="13.768646">
        <ele>1120.785177</ele>
        <time>2026-07-29T03:02:35.609Z</time>
      </trkpt>
      <trkpt lat="46.442371" lon="13.768819">
        <ele>1118.403569</ele>
        <time>2026-07-29T03:02:41.028Z</time>
      </trkpt>
      <trkpt lat="46.442435" lon="13.768911">
        <ele>1117.454257</ele>
        <time>2026-07-29T03:02:41.776Z</time>
      </trkpt>
      <trkpt lat="46.442680" lon="13.769439">
        <ele>1114.196771</ele>
        <time>2026-07-29T03:02:45.634Z</time>
      </trkpt>
      <trkpt lat="46.442737" lon="13.769512">
        <ele>1113.780115</ele>
        <time>2026-07-29T03:02:49.008Z</time>
      </trkpt>
      <trkpt lat="46.442824" lon="13.769510">
        <ele>1113.303233</ele>
        <time>2026-07-29T03:02:53.887Z</time>
      </trkpt>
      <trkpt lat="46.443108" lon="13.769082">
        <ele>1111.059240</ele>
        <time>2026-07-29T03:03:19.433Z</time>
      </trkpt>
      <trkpt lat="46.443173" lon="13.769099">
        <ele>1110.697254</ele>
        <time>2026-07-29T03:03:21.896Z</time>
      </trkpt>
      <trkpt lat="46.443191" lon="13.769143">
        <ele>1110.504005</ele>
        <time>2026-07-29T03:03:22.963Z</time>
      </trkpt>
      <trkpt lat="46.443187" lon="13.769203">
        <ele>1110.276350</ele>
        <time>2026-07-29T03:03:24.134Z</time>
      </trkpt>
      <trkpt lat="46.443099" lon="13.769388">
        <ele>1109.427373</ele>
        <time>2026-07-29T03:03:27.974Z</time>
      </trkpt>
      <trkpt lat="46.442867" lon="13.769713">
        <ele>1107.660088</ele>
        <time>2026-07-29T03:03:30.602Z</time>
      </trkpt>
      <trkpt lat="46.442612" lon="13.769960">
        <ele>1105.979787</ele>
        <time>2026-07-29T03:03:33.139Z</time>
      </trkpt>
      <trkpt lat="46.442601" lon="13.770014">
        <ele>1105.683820</ele>
        <time>2026-07-29T03:03:34.181Z</time>
      </trkpt>
      <trkpt lat="46.442624" lon="13.770092">
        <ele>1104.839553</ele>
        <time>2026-07-29T03:03:35.929Z</time>
      </trkpt>
      <trkpt lat="46.442689" lon="13.770115">
        <ele>1103.873378</ele>
        <time>2026-07-29T03:03:38.499Z</time>
      </trkpt>
      <trkpt lat="46.442730" lon="13.770080">
        <ele>1103.186448</ele>
        <time>2026-07-29T03:03:40.950Z</time>
      </trkpt>
      <trkpt lat="46.443025" lon="13.769784">
        <ele>1098.007178</ele>
        <time>2026-07-29T03:03:58.362Z</time>
      </trkpt>
      <trkpt lat="46.443095" lon="13.769746">
        <ele>1096.927888</ele>
        <time>2026-07-29T03:04:03.156Z</time>
      </trkpt>
      <trkpt lat="46.443199" lon="13.769767">
        <ele>1095.411540</ele>
        <time>2026-07-29T03:04:07.838Z</time>
      </trkpt>
      <trkpt lat="46.443273" lon="13.769875">
        <ele>1093.895955</ele>
        <time>2026-07-29T03:04:10.744Z</time>
      </trkpt>
      <trkpt lat="46.443295" lon="13.770013">
        <ele>1092.486445</ele>
        <time>2026-07-29T03:04:13.092Z</time>
      </trkpt>
      <trkpt lat="46.443299" lon="13.771200">
        <ele>1080.674478</ele>
        <time>2026-07-29T03:04:19.814Z</time>
      </trkpt>
      <trkpt lat="46.443266" lon="13.771482">
        <ele>1078.228639</ele>
        <time>2026-07-29T03:04:21.450Z</time>
      </trkpt>
      <trkpt lat="46.443186" lon="13.771811">
        <ele>1075.446803</ele>
        <time>2026-07-29T03:04:23.427Z</time>
      </trkpt>
      <trkpt lat="46.443160" lon="13.772069">
        <ele>1073.367746</ele>
        <time>2026-07-29T03:04:24.899Z</time>
      </trkpt>
      <trkpt lat="46.443167" lon="13.772177">
        <ele>1072.502802</ele>
        <time>2026-07-29T03:04:25.521Z</time>
      </trkpt>
      <trkpt lat="46.443235" lon="13.772329">
        <ele>1071.057800</ele>
        <time>2026-07-29T03:04:26.599Z</time>
      </trkpt>
      <trkpt lat="46.443507" lon="13.772395">
        <ele>1067.866689</ele>
        <time>2026-07-29T03:04:29.607Z</time>
      </trkpt>
      <trkpt lat="46.443805" lon="13.772688">
        <ele>1063.701529</ele>
        <time>2026-07-29T03:04:39.885Z</time>
      </trkpt>
      <trkpt lat="46.444016" lon="13.772671">
        <ele>1061.256205</ele>
        <time>2026-07-29T03:04:42.263Z</time>
      </trkpt>
      <trkpt lat="46.444133" lon="13.772714">
        <ele>1059.859614</ele>
        <time>2026-07-29T03:04:43.382Z</time>
      </trkpt>
      <trkpt lat="46.444187" lon="13.772767">
        <ele>1059.105275</ele>
        <time>2026-07-29T03:04:43.957Z</time>
      </trkpt>
      <trkpt lat="46.444265" lon="13.772934">
        <ele>1057.882549</ele>
        <time>2026-07-29T03:04:45.149Z</time>
      </trkpt>
      <trkpt lat="46.444281" lon="13.773042">
        <ele>1057.223302</ele>
        <time>2026-07-29T03:04:45.795Z</time>
      </trkpt>
      <trkpt lat="46.444274" lon="13.773137">
        <ele>1056.653132</ele>
        <time>2026-07-29T03:04:46.343Z</time>
      </trkpt>
      <trkpt lat="46.444184" lon="13.773427">
        <ele>1054.755047</ele>
        <time>2026-07-29T03:04:48.157Z</time>
      </trkpt>
      <trkpt lat="46.444142" lon="13.773656">
        <ele>1053.340844</ele>
        <time>2026-07-29T03:04:49.515Z</time>
      </trkpt>
      <trkpt lat="46.444153" lon="13.773813">
        <ele>1052.399072</ele>
        <time>2026-07-29T03:04:50.421Z</time>
      </trkpt>
      <trkpt lat="46.444192" lon="13.773932">
        <ele>1051.612673</ele>
        <time>2026-07-29T03:04:51.184Z</time>
      </trkpt>
      <trkpt lat="46.444293" lon="13.774047">
        <ele>1050.500847</ele>
        <time>2026-07-29T03:04:52.276Z</time>
      </trkpt>
      <trkpt lat="46.444784" lon="13.774449">
        <ele>1045.618384</ele>
        <time>2026-07-29T03:04:57.547Z</time>
      </trkpt>
      <trkpt lat="46.445025" lon="13.774534">
        <ele>1043.470393</ele>
        <time>2026-07-29T03:04:59.771Z</time>
      </trkpt>
      <trkpt lat="46.445108" lon="13.774574">
        <ele>1042.866440</ele>
        <time>2026-07-29T03:05:02.039Z</time>
      </trkpt>
      <trkpt lat="46.445141" lon="13.774683">
        <ele>1042.303258</ele>
        <time>2026-07-29T03:05:04.189Z</time>
      </trkpt>
      <trkpt lat="46.445085" lon="13.774751">
        <ele>1041.801996</ele>
        <time>2026-07-29T03:05:06.110Z</time>
      </trkpt>
      <trkpt lat="46.445005" lon="13.774727">
        <ele>1041.241183</ele>
        <time>2026-07-29T03:05:08.223Z</time>
      </trkpt>
      <trkpt lat="46.444383" lon="13.774323">
        <ele>1036.562985</ele>
        <time>2026-07-29T03:05:14.463Z</time>
      </trkpt>
      <trkpt lat="46.444292" lon="13.774290">
        <ele>1035.919059</ele>
        <time>2026-07-29T03:05:17.018Z</time>
      </trkpt>
      <trkpt lat="46.444252" lon="13.774330">
        <ele>1035.585579</ele>
        <time>2026-07-29T03:05:18.360Z</time>
      </trkpt>
      <trkpt lat="46.444254" lon="13.774394">
        <ele>1035.282521</ele>
        <time>2026-07-29T03:05:19.564Z</time>
      </trkpt>
      <trkpt lat="46.444287" lon="13.774444">
        <ele>1034.955007</ele>
        <time>2026-07-29T03:05:20.868Z</time>
      </trkpt>
      <trkpt lat="46.444432" lon="13.774520">
        <ele>1033.896645</ele>
        <time>2026-07-29T03:05:24.937Z</time>
      </trkpt>
      <trkpt lat="46.444744" lon="13.774763">
        <ele>1031.465800</ele>
        <time>2026-07-29T03:05:28.032Z</time>
      </trkpt>
      <trkpt lat="46.445014" lon="13.775038">
        <ele>1029.840255</ele>
        <time>2026-07-29T03:05:30.867Z</time>
      </trkpt>
      <trkpt lat="46.445134" lon="13.775127">
        <ele>1029.225541</ele>
        <time>2026-07-29T03:05:32.023Z</time>
      </trkpt>
      <trkpt lat="46.445798" lon="13.775398">
        <ele>1026.079231</ele>
        <time>2026-07-29T03:05:38.274Z</time>
      </trkpt>
      <trkpt lat="46.446095" lon="13.775591">
        <ele>1024.594866</ele>
        <time>2026-07-29T03:05:42.019Z</time>
      </trkpt>
      <trkpt lat="46.446439" lon="13.775619">
        <ele>1023.023252</ele>
        <time>2026-07-29T03:05:48.428Z</time>
      </trkpt>
      <trkpt lat="46.446791" lon="13.775596">
        <ele>1021.577142</ele>
        <time>2026-07-29T03:05:56.678Z</time>
      </trkpt>
      <trkpt lat="46.447461" lon="13.775728">
        <ele>1018.827625</ele>
        <time>2026-07-29T03:06:09.809Z</time>
      </trkpt>
      <trkpt lat="46.447559" lon="13.775714">
        <ele>1018.427186</ele>
        <time>2026-07-29T03:06:10.761Z</time>
      </trkpt>
      <trkpt lat="46.447803" lon="13.775597">
        <ele>1017.382218</ele>
        <time>2026-07-29T03:06:13.041Z</time>
      </trkpt>
      <trkpt lat="46.447956" lon="13.775633">
        <ele>1016.751927</ele>
        <time>2026-07-29T03:06:14.358Z</time>
      </trkpt>
      <trkpt lat="46.448021" lon="13.775682">
        <ele>1016.454079</ele>
        <time>2026-07-29T03:06:14.973Z</time>
      </trkpt>
      <trkpt lat="46.448103" lon="13.775804">
        <ele>1015.976551</ele>
        <time>2026-07-29T03:06:15.952Z</time>
      </trkpt>
      <trkpt lat="46.448253" lon="13.776124">
        <ele>1014.340077</ele>
        <time>2026-07-29T03:06:18.167Z</time>
      </trkpt>
      <trkpt lat="46.448577" lon="13.776400">
        <ele>1011.598403</ele>
        <time>2026-07-29T03:06:21.325Z</time>
      </trkpt>
      <trkpt lat="46.449772" lon="13.777162">
        <ele>1002.166507</ele>
        <time>2026-07-29T03:06:33.654Z</time>
      </trkpt>
      <trkpt lat="46.450040" lon="13.777279">
        <ele>1000.616759</ele>
        <time>2026-07-29T03:06:36.498Z</time>
      </trkpt>
      <trkpt lat="46.450367" lon="13.777277">
        <ele>998.805960</ele>
        <time>2026-07-29T03:06:39.772Z</time>
      </trkpt>
      <trkpt lat="46.450468" lon="13.777343">
        <ele>998.192595</ele>
        <time>2026-07-29T03:06:40.828Z</time>
      </trkpt>
      <trkpt lat="46.450639" lon="13.777624">
        <ele>996.762195</ele>
        <time>2026-07-29T03:06:43.241Z</time>
      </trkpt>
      <trkpt lat="46.450759" lon="13.777738">
        <ele>995.968002</ele>
        <time>2026-07-29T03:06:44.545Z</time>
      </trkpt>
      <trkpt lat="46.451912" lon="13.778372">
        <ele>988.697723</ele>
        <time>2026-07-29T03:06:55.551Z</time>
      </trkpt>
      <trkpt lat="46.452657" lon="13.778825">
        <ele>983.635660</ele>
        <time>2026-07-29T03:07:03.094Z</time>
      </trkpt>
      <trkpt lat="46.452764" lon="13.778772">
        <ele>982.927118</ele>
        <time>2026-07-29T03:07:04.159Z</time>
      </trkpt>
      <trkpt lat="46.452807" lon="13.778542">
        <ele>981.898139</ele>
        <time>2026-07-29T03:07:05.715Z</time>
      </trkpt>
      <trkpt lat="46.452872" lon="13.778421">
        <ele>981.235659</ele>
        <time>2026-07-29T03:07:06.715Z</time>
      </trkpt>
      <trkpt lat="46.452994" lon="13.778412">
        <ele>980.071201</ele>
        <time>2026-07-29T03:07:07.867Z</time>
      </trkpt>
      <trkpt lat="46.453297" lon="13.778781">
        <ele>976.288780</ele>
        <time>2026-07-29T03:07:11.378Z</time>
      </trkpt>
      <trkpt lat="46.453619" lon="13.778977">
        <ele>972.949653</ele>
        <time>2026-07-29T03:07:14.331Z</time>
      </trkpt>
      <trkpt lat="46.453784" lon="13.779146">
        <ele>971.018445</ele>
        <time>2026-07-29T03:07:16.013Z</time>
      </trkpt>
      <trkpt lat="46.453861" lon="13.779265">
        <ele>969.942846</ele>
        <time>2026-07-29T03:07:16.942Z</time>
      </trkpt>
      <trkpt lat="46.453981" lon="13.779752">
        <ele>966.535254</ele>
        <time>2026-07-29T03:07:19.937Z</time>
      </trkpt>
      <trkpt lat="46.454107" lon="13.779886">
        <ele>965.041494</ele>
        <time>2026-07-29T03:07:21.285Z</time>
      </trkpt>
      <trkpt lat="46.454894" lon="13.779857">
        <ele>959.900558</ele>
        <time>2026-07-29T03:07:28.717Z</time>
      </trkpt>
      <trkpt lat="46.455411" lon="13.779949">
        <ele>956.744933</ele>
        <time>2026-07-29T03:07:33.708Z</time>
      </trkpt>
      <trkpt lat="46.455812" lon="13.780102">
        <ele>954.233003</ele>
        <time>2026-07-29T03:07:37.505Z</time>
      </trkpt>
      <trkpt lat="46.456023" lon="13.780085">
        <ele>953.088566</ele>
        <time>2026-07-29T03:07:39.388Z</time>
      </trkpt>
      <trkpt lat="46.456376" lon="13.780109">
        <ele>952.578360</ele>
        <time>2026-07-29T03:07:42.531Z</time>
      </trkpt>
      <trkpt lat="46.456455" lon="13.780154">
        <ele>952.455835</ele>
        <time>2026-07-29T03:07:43.300Z</time>
      </trkpt>
      <trkpt lat="46.456604" lon="13.780333">
        <ele>952.176597</ele>
        <time>2026-07-29T03:07:45.109Z</time>
      </trkpt>
      <trkpt lat="46.456791" lon="13.780433">
        <ele>951.888876</ele>
        <time>2026-07-29T03:07:47.157Z</time>
      </trkpt>
      <trkpt lat="46.457840" lon="13.780364">
        <ele>950.519849</ele>
        <time>2026-07-29T03:08:09.263Z</time>
      </trkpt>
      <trkpt lat="46.458169" lon="13.780312">
        <ele>950.477209</ele>
        <time>2026-07-29T03:08:22.979Z</time>
      </trkpt>
      <trkpt lat="46.458297" lon="13.780247">
        <ele>950.459737</ele>
        <time>2026-07-29T03:08:29.380Z</time>
      </trkpt>
      <trkpt lat="46.458496" lon="13.780042">
        <ele>950.428296</ele>
        <time>2026-07-29T03:08:39.845Z</time>
      </trkpt>
      <trkpt lat="46.458576" lon="13.780001">
        <ele>950.417365</ele>
        <time>2026-07-29T03:08:43.026Z</time>
      </trkpt>
      <trkpt lat="46.459046" lon="13.779882">
        <ele>950.355895</ele>
        <time>2026-07-29T03:08:50.929Z</time>
      </trkpt>
      <trkpt lat="46.459277" lon="13.779923">
        <ele>950.325910</ele>
        <time>2026-07-29T03:08:53.010Z</time>
      </trkpt>
      <trkpt lat="46.460131" lon="13.780296">
        <ele>945.100631</ele>
        <time>2026-07-29T03:09:00.521Z</time>
      </trkpt>
      <trkpt lat="46.460281" lon="13.780291">
        <ele>944.001686</ele>
        <time>2026-07-29T03:09:01.857Z</time>
      </trkpt>
      <trkpt lat="46.460791" lon="13.780125">
        <ele>940.173513</ele>
        <time>2026-07-29T03:09:07.715Z</time>
      </trkpt>
      <trkpt lat="46.461121" lon="13.779909">
        <ele>937.522143</ele>
        <time>2026-07-29T03:09:11.476Z</time>
      </trkpt>
      <trkpt lat="46.461250" lon="13.779921">
        <ele>936.247570</ele>
        <time>2026-07-29T03:09:12.642Z</time>
      </trkpt>
      <trkpt lat="46.461332" lon="13.779969">
        <ele>935.216279</ele>
        <time>2026-07-29T03:09:13.411Z</time>
      </trkpt>
      <trkpt lat="46.461953" lon="13.780352">
        <ele>927.346250</ele>
        <time>2026-07-29T03:09:19.030Z</time>
      </trkpt>
      <trkpt lat="46.462075" lon="13.780508">
        <ele>925.449924</ele>
        <time>2026-07-29T03:09:22.799Z</time>
      </trkpt>
      <trkpt lat="46.462095" lon="13.780664">
        <ele>924.174990</ele>
        <time>2026-07-29T03:09:25.343Z</time>
      </trkpt>
      <trkpt lat="46.462090" lon="13.780769">
        <ele>923.329335</ele>
        <time>2026-07-29T03:09:27.048Z</time>
      </trkpt>
      <trkpt lat="46.462055" lon="13.780859">
        <ele>922.498932</ele>
        <time>2026-07-29T03:09:28.738Z</time>
      </trkpt>
      <trkpt lat="46.461949" lon="13.780962">
        <ele>921.011126</ele>
        <time>2026-07-29T03:09:31.766Z</time>
      </trkpt>
      <trkpt lat="46.461365" lon="13.781265">
        <ele>914.081069</ele>
        <time>2026-07-29T03:09:37.046Z</time>
      </trkpt>
      <trkpt lat="46.461273" lon="13.781374">
        <ele>912.873372</ele>
        <time>2026-07-29T03:09:38.035Z</time>
      </trkpt>
      <trkpt lat="46.461238" lon="13.781452">
        <ele>912.221225</ele>
        <time>2026-07-29T03:09:39.553Z</time>
      </trkpt>
      <trkpt lat="46.461223" lon="13.781564">
        <ele>911.421906</ele>
        <time>2026-07-29T03:09:41.418Z</time>
      </trkpt>
      <trkpt lat="46.461245" lon="13.781661">
        <ele>910.706477</ele>
        <time>2026-07-29T03:09:43.080Z</time>
      </trkpt>
      <trkpt lat="46.461307" lon="13.781756">
        <ele>909.789679</ele>
        <time>2026-07-29T03:09:45.229Z</time>
      </trkpt>
      <trkpt lat="46.461489" lon="13.781815">
        <ele>907.893140</ele>
        <time>2026-07-29T03:09:49.771Z</time>
      </trkpt>
      <trkpt lat="46.462004" lon="13.781819">
        <ele>902.655482</ele>
        <time>2026-07-29T03:09:54.407Z</time>
      </trkpt>
      <trkpt lat="46.462855" lon="13.782016">
        <ele>894.965020</ele>
        <time>2026-07-29T03:10:01.727Z</time>
      </trkpt>
      <trkpt lat="46.463510" lon="13.782207">
        <ele>890.010229</ele>
        <time>2026-07-29T03:10:07.777Z</time>
      </trkpt>
      <trkpt lat="46.463597" lon="13.782204">
        <ele>889.364817</ele>
        <time>2026-07-29T03:10:08.602Z</time>
      </trkpt>
      <trkpt lat="46.463799" lon="13.782107">
        <ele>887.786872</ele>
        <time>2026-07-29T03:10:10.641Z</time>
      </trkpt>
      <trkpt lat="46.464298" lon="13.782008">
        <ele>883.966338</ele>
        <time>2026-07-29T03:10:15.351Z</time>
      </trkpt>
      <trkpt lat="46.464679" lon="13.781642">
        <ele>879.956831</ele>
        <time>2026-07-29T03:10:19.381Z</time>
      </trkpt>
      <trkpt lat="46.464789" lon="13.781578">
        <ele>878.916797</ele>
        <time>2026-07-29T03:10:20.395Z</time>
      </trkpt>
      <trkpt lat="46.465070" lon="13.781519">
        <ele>876.424994</ele>
        <time>2026-07-29T03:10:22.805Z</time>
      </trkpt>
      <trkpt lat="46.465453" lon="13.781543">
        <ele>873.060534</ele>
        <time>2026-07-29T03:10:26.067Z</time>
      </trkpt>
      <trkpt lat="46.465557" lon="13.781571">
        <ele>872.132235</ele>
        <time>2026-07-29T03:10:26.981Z</time>
      </trkpt>
      <trkpt lat="46.465596" lon="13.781586">
        <ele>871.778151</ele>
        <time>2026-07-29T03:10:27.332Z</time>
      </trkpt>
      <trkpt lat="46.466082" lon="13.781782">
        <ele>867.534251</ele>
        <time>2026-07-29T03:10:31.987Z</time>
      </trkpt>
      <trkpt lat="46.466498" lon="13.781856">
        <ele>864.343402</ele>
        <time>2026-07-29T03:10:35.632Z</time>
      </trkpt>
      <trkpt lat="46.466651" lon="13.782069">
        <ele>862.729569</ele>
        <time>2026-07-29T03:10:37.402Z</time>
      </trkpt>
      <trkpt lat="46.466772" lon="13.782334">
        <ele>861.062317</ele>
        <time>2026-07-29T03:10:39.233Z</time>
      </trkpt>
      <trkpt lat="46.466933" lon="13.782707">
        <ele>858.754005</ele>
        <time>2026-07-29T03:10:41.825Z</time>
      </trkpt>
      <trkpt lat="46.467047" lon="13.782857">
        <ele>857.582678</ele>
        <time>2026-07-29T03:10:43.330Z</time>
      </trkpt>
      <trkpt lat="46.467112" lon="13.782910">
        <ele>857.015106</ele>
        <time>2026-07-29T03:10:44.199Z</time>
      </trkpt>
      <trkpt lat="46.467306" lon="13.782961">
        <ele>855.514094</ele>
        <time>2026-07-29T03:10:46.833Z</time>
      </trkpt>
      <trkpt lat="46.467508" lon="13.782930">
        <ele>854.939734</ele>
        <time>2026-07-29T03:10:50.539Z</time>
      </trkpt>
      <trkpt lat="46.467855" lon="13.782677">
        <ele>854.668701</ele>
        <time>2026-07-29T03:10:56.530Z</time>
      </trkpt>
      <trkpt lat="46.468080" lon="13.782569">
        <ele>854.503290</ele>
        <time>2026-07-29T03:10:59.793Z</time>
      </trkpt>
      <trkpt lat="46.468245" lon="13.782547">
        <ele>854.387635</ele>
        <time>2026-07-29T03:11:02.166Z</time>
      </trkpt>
      <trkpt lat="46.468434" lon="13.782571">
        <ele>854.255208</ele>
        <time>2026-07-29T03:11:04.962Z</time>
      </trkpt>
      <trkpt lat="46.468579" lon="13.782686">
        <ele>854.139882</ele>
        <time>2026-07-29T03:11:07.516Z</time>
      </trkpt>
      <trkpt lat="46.468781" lon="13.782971">
        <ele>853.943278</ele>
        <time>2026-07-29T03:11:11.915Z</time>
      </trkpt>
      <trkpt lat="46.468938" lon="13.783481">
        <ele>852.895893</ele>
        <time>2026-07-29T03:11:17.254Z</time>
      </trkpt>
      <trkpt lat="46.469088" lon="13.783834">
        <ele>851.254165</ele>
        <time>2026-07-29T03:11:20.307Z</time>
      </trkpt>
      <trkpt lat="46.469242" lon="13.784100">
        <ele>849.878761</ele>
        <time>2026-07-29T03:11:22.596Z</time>
      </trkpt>
      <trkpt lat="46.469496" lon="13.784458">
        <ele>847.844417</ele>
        <time>2026-07-29T03:11:25.676Z</time>
      </trkpt>
      <trkpt lat="46.469664" lon="13.784595">
        <ele>846.737095</ele>
        <time>2026-07-29T03:11:27.308Z</time>
      </trkpt>
      <trkpt lat="46.469859" lon="13.784689">
        <ele>845.556319</ele>
        <time>2026-07-29T03:11:29.056Z</time>
      </trkpt>
      <trkpt lat="46.470186" lon="13.784778">
        <ele>843.644380</ele>
        <time>2026-07-29T03:11:31.982Z</time>
      </trkpt>
      <trkpt lat="46.470266" lon="13.784797">
        <ele>843.336811</ele>
        <time>2026-07-29T03:11:32.756Z</time>
      </trkpt>
      <trkpt lat="46.470571" lon="13.784871">
        <ele>842.611645</ele>
        <time>2026-07-29T03:11:36.042Z</time>
      </trkpt>
      <trkpt lat="46.470847" lon="13.784945">
        <ele>841.953461</ele>
        <time>2026-07-29T03:11:39.673Z</time>
      </trkpt>
      <trkpt lat="46.471250" lon="13.785017">
        <ele>841.001267</ele>
        <time>2026-07-29T03:11:44.673Z</time>
      </trkpt>
      <trkpt lat="46.471904" lon="13.785005">
        <ele>839.467464</ele>
        <time>2026-07-29T03:11:52.233Z</time>
      </trkpt>
      <trkpt lat="46.472319" lon="13.784938">
        <ele>838.640628</ele>
        <time>2026-07-29T03:11:56.852Z</time>
      </trkpt>
      <trkpt lat="46.472641" lon="13.784812">
        <ele>838.019663</ele>
        <time>2026-07-29T03:12:00.845Z</time>
      </trkpt>
      <trkpt lat="46.472873" lon="13.784807">
        <ele>837.587624</ele>
        <time>2026-07-29T03:12:04.532Z</time>
      </trkpt>
      <trkpt lat="46.473003" lon="13.784831">
        <ele>837.343612</ele>
        <time>2026-07-29T03:12:07.577Z</time>
      </trkpt>
      <trkpt lat="46.473174" lon="13.784918">
        <ele>837.006224</ele>
        <time>2026-07-29T03:12:12.297Z</time>
      </trkpt>
      <trkpt lat="46.473485" lon="13.785162">
        <ele>836.348006</ele>
        <time>2026-07-29T03:12:16.062Z</time>
      </trkpt>
      <trkpt lat="46.473688" lon="13.785230">
        <ele>835.960086</ele>
        <time>2026-07-29T03:12:17.945Z</time>
      </trkpt>
      <trkpt lat="46.473849" lon="13.785180">
        <ele>835.727544</ele>
        <time>2026-07-29T03:12:19.382Z</time>
      </trkpt>
      <trkpt lat="46.474029" lon="13.785060">
        <ele>835.479904</ele>
        <time>2026-07-29T03:12:21.097Z</time>
      </trkpt>
      <trkpt lat="46.474207" lon="13.784970">
        <ele>835.244245</ele>
        <time>2026-07-29T03:12:22.871Z</time>
      </trkpt>
      <trkpt lat="46.474474" lon="13.784915">
        <ele>834.907073</ele>
        <time>2026-07-29T03:12:25.954Z</time>
      </trkpt>
      <trkpt lat="46.474711" lon="13.784878">
        <ele>834.609045</ele>
        <time>2026-07-29T03:12:29.781Z</time>
      </trkpt>
      <trkpt lat="46.474831" lon="13.784801">
        <ele>834.445013</ele>
        <time>2026-07-29T03:12:31.877Z</time>
      </trkpt>
      <trkpt lat="46.475103" lon="13.784495">
        <ele>834.014807</ele>
        <time>2026-07-29T03:12:36.660Z</time>
      </trkpt>
      <trkpt lat="46.475399" lon="13.784205">
        <ele>833.621479</ele>
        <time>2026-07-29T03:12:46.766Z</time>
      </trkpt>
      <trkpt lat="46.475472" lon="13.784122">
        <ele>833.605449</ele>
        <time>2026-07-29T03:12:49.909Z</time>
      </trkpt>
      <trkpt lat="46.475585" lon="13.783992">
        <ele>833.580523</ele>
        <time>2026-07-29T03:12:54.976Z</time>
      </trkpt>
      <trkpt lat="46.475666" lon="13.783864">
        <ele>833.559825</ele>
        <time>2026-07-29T03:12:59.189Z</time>
      </trkpt>
      <trkpt lat="46.475768" lon="13.783549">
        <ele>833.518380</ele>
        <time>2026-07-29T03:13:04.953Z</time>
      </trkpt>
      <trkpt lat="46.475785" lon="13.783325">
        <ele>833.491548</ele>
        <time>2026-07-29T03:13:06.621Z</time>
      </trkpt>
      <trkpt lat="46.475772" lon="13.783226">
        <ele>833.479548</ele>
        <time>2026-07-29T03:13:07.285Z</time>
      </trkpt>
      <trkpt lat="46.475725" lon="13.783059">
        <ele>833.458067</ele>
        <time>2026-07-29T03:13:08.457Z</time>
      </trkpt>
      <trkpt lat="46.475548" lon="13.782602">
        <ele>833.395639</ele>
        <time>2026-07-29T03:13:11.761Z</time>
      </trkpt>
      <trkpt lat="46.475470" lon="13.782258">
        <ele>833.352517</ele>
        <time>2026-07-29T03:13:14.282Z</time>
      </trkpt>
      <trkpt lat="46.475441" lon="13.782123">
        <ele>833.335679</ele>
        <time>2026-07-29T03:13:15.367Z</time>
      </trkpt>
      <trkpt lat="46.475404" lon="13.781920">
        <ele>833.490691</ele>
        <time>2026-07-29T03:13:17.115Z</time>
      </trkpt>
      <trkpt lat="46.475325" lon="13.781456">
        <ele>834.660667</ele>
        <time>2026-07-29T03:13:26.175Z</time>
      </trkpt>
      <trkpt lat="46.475312" lon="13.781340">
        <ele>834.948347</ele>
        <time>2026-07-29T03:13:30.906Z</time>
      </trkpt>
      <trkpt lat="46.475301" lon="13.781109">
        <ele>835.515140</ele>
        <time>2026-07-29T03:13:43.038Z</time>
      </trkpt>
      <trkpt lat="46.475323" lon="13.780909">
        <ele>836.010906</ele>
        <time>2026-07-29T03:13:54.880Z</time>
      </trkpt>
      <trkpt lat="46.475462" lon="13.780544">
        <ele>837.031859</ele>
        <time>2026-07-29T03:14:17.828Z</time>
      </trkpt>
      <trkpt lat="46.475621" lon="13.780356">
        <ele>837.760670</ele>
        <time>2026-07-29T03:14:28.737Z</time>
      </trkpt>
      <trkpt lat="46.476021" lon="13.780147">
        <ele>839.271673</ele>
        <time>2026-07-29T03:14:32.776Z</time>
      </trkpt>
      <trkpt lat="46.476500" lon="13.780024">
        <ele>836.935155</ele>
        <time>2026-07-29T03:14:36.950Z</time>
      </trkpt>
      <trkpt lat="46.476734" lon="13.780018">
        <ele>835.142343</ele>
        <time>2026-07-29T03:14:38.965Z</time>
      </trkpt>
      <trkpt lat="46.477552" lon="13.780183">
        <ele>828.815974</ele>
        <time>2026-07-29T03:14:46.207Z</time>
      </trkpt>
      <trkpt lat="46.478034" lon="13.780244">
        <ele>825.371162</ele>
        <time>2026-07-29T03:14:50.638Z</time>
      </trkpt>
      <trkpt lat="46.478553" lon="13.780347">
        <ele>822.631653</ele>
        <time>2026-07-29T03:14:55.434Z</time>
      </trkpt>
      <trkpt lat="46.479622" lon="13.780708">
        <ele>816.891796</ele>
        <time>2026-07-29T03:15:05.612Z</time>
      </trkpt>
      <trkpt lat="46.479653" lon="13.780719">
        <ele>816.724902</ele>
        <time>2026-07-29T03:15:05.937Z</time>
      </trkpt>
      <trkpt lat="46.480220" lon="13.781008">
        <ele>815.408174</ele>
        <time>2026-07-29T03:15:12.970Z</time>
      </trkpt>
      <trkpt lat="46.480626" lon="13.781291">
        <ele>814.513215</ele>
        <time>2026-07-29T03:15:19.875Z</time>
      </trkpt>
      <trkpt lat="46.481013" lon="13.781646">
        <ele>813.603564</ele>
        <time>2026-07-29T03:15:25.402Z</time>
      </trkpt>
      <trkpt lat="46.481121" lon="13.781753">
        <ele>813.343750</ele>
        <time>2026-07-29T03:15:26.745Z</time>
      </trkpt>
      <trkpt lat="46.481441" lon="13.782113">
        <ele>812.575168</ele>
        <time>2026-07-29T03:15:30.640Z</time>
      </trkpt>
      <trkpt lat="46.481659" lon="13.782379">
        <ele>812.058359</ele>
        <time>2026-07-29T03:15:33.428Z</time>
      </trkpt>
      <trkpt lat="46.481992" lon="13.782857">
        <ele>811.208523</ele>
        <time>2026-07-29T03:15:38.541Z</time>
      </trkpt>
      <trkpt lat="46.482256" lon="13.783294">
        <ele>810.481949</ele>
        <time>2026-07-29T03:15:43.477Z</time>
      </trkpt>
      <trkpt lat="46.482598" lon="13.783963">
        <ele>809.301761</ele>
        <time>2026-07-29T03:15:51.865Z</time>
      </trkpt>
      <trkpt lat="46.482801" lon="13.784439">
        <ele>808.209662</ele>
        <time>2026-07-29T03:15:57.124Z</time>
      </trkpt>
      <trkpt lat="46.482810" lon="13.784460">
        <ele>808.161415</ele>
        <time>2026-07-29T03:15:57.321Z</time>
      </trkpt>
      <trkpt lat="46.483041" lon="13.785155">
        <ele>806.656144</ele>
        <time>2026-07-29T03:16:02.785Z</time>
      </trkpt>
      <trkpt lat="46.483261" lon="13.785837">
        <ele>805.187160</ele>
        <time>2026-07-29T03:16:07.746Z</time>
      </trkpt>
      <trkpt lat="46.483498" lon="13.786625">
        <ele>803.537661</ele>
        <time>2026-07-29T03:16:13.273Z</time>
      </trkpt>
      <trkpt lat="46.483539" lon="13.786739">
        <ele>803.293219</ele>
        <time>2026-07-29T03:16:14.126Z</time>
      </trkpt>
      <trkpt lat="46.483542" lon="13.786749">
        <ele>803.272488</ele>
        <time>2026-07-29T03:16:14.200Z</time>
      </trkpt>
      <trkpt lat="46.483718" lon="13.787283">
        <ele>802.147302</ele>
        <time>2026-07-29T03:16:18.462Z</time>
      </trkpt>
      <trkpt lat="46.483974" lon="13.787908">
        <ele>800.765160</ele>
        <time>2026-07-29T03:16:23.955Z</time>
      </trkpt>
      <trkpt lat="46.484152" lon="13.788250">
        <ele>799.950368</ele>
        <time>2026-07-29T03:16:27.425Z</time>
      </trkpt>
      <trkpt lat="46.484267" lon="13.788470">
        <ele>799.581416</ele>
        <time>2026-07-29T03:16:29.770Z</time>
      </trkpt>
      <trkpt lat="46.484511" lon="13.788885">
        <ele>799.340794</ele>
        <time>2026-07-29T03:16:34.461Z</time>
      </trkpt>
      <trkpt lat="46.484979" lon="13.789549">
        <ele>798.921824</ele>
        <time>2026-07-29T03:16:42.535Z</time>
      </trkpt>
      <trkpt lat="46.485164" lon="13.789744">
        <ele>798.775442</ele>
        <time>2026-07-29T03:16:45.449Z</time>
      </trkpt>
      <trkpt lat="46.485272" lon="13.789821">
        <ele>798.698397</ele>
        <time>2026-07-29T03:16:47.128Z</time>
      </trkpt>
      <trkpt lat="46.485472" lon="13.789877">
        <ele>798.567963</ele>
        <time>2026-07-29T03:16:50.580Z</time>
      </trkpt>
      <trkpt lat="46.485731" lon="13.789867">
        <ele>798.526890</ele>
        <time>2026-07-29T03:16:55.325Z</time>
      </trkpt>
      <trkpt lat="46.485954" lon="13.789820">
        <ele>798.623786</ele>
        <time>2026-07-29T03:16:58.413Z</time>
      </trkpt>
      <trkpt lat="46.485781" lon="13.790142">
        <ele>798.744713</ele>
        <time>2026-07-29T03:17:02.122Z</time>
      </trkpt>
      <trkpt lat="46.485509" lon="13.790526">
        <ele>798.907828</ele>
        <time>2026-07-29T03:17:07.119Z</time>
      </trkpt>
      <trkpt lat="46.485377" lon="13.790720">
        <ele>798.988581</ele>
        <time>2026-07-29T03:17:10.963Z</time>
      </trkpt>
      <trkpt lat="46.485253" lon="13.790886">
        <ele>799.061098</ele>
        <time>2026-07-29T03:17:14.745Z</time>
      </trkpt>
      <trkpt lat="46.485153" lon="13.791022">
        <ele>799.120009</ele>
        <time>2026-07-29T03:17:17.841Z</time>
      </trkpt>
      <trkpt lat="46.485058" lon="13.791183">
        <ele>799.182788</ele>
        <time>2026-07-29T03:17:20.988Z</time>
      </trkpt>
      <trkpt lat="46.484977" lon="13.791423">
        <ele>799.264202</ele>
        <time>2026-07-29T03:17:24.636Z</time>
      </trkpt>
      <trkpt lat="46.484912" lon="13.791831">
        <ele>799.412225</ele>
        <time>2026-07-29T03:17:29.371Z</time>
      </trkpt>
      <trkpt lat="46.484893" lon="13.792175">
        <ele>799.534207</ele>
        <time>2026-07-29T03:17:32.647Z</time>
      </trkpt>
      <trkpt lat="46.484877" lon="13.792949">
        <ele>799.807911</ele>
        <time>2026-07-29T03:17:42.458Z</time>
      </trkpt>
      <trkpt lat="46.484868" lon="13.793212">
        <ele>799.900987</ele>
        <time>2026-07-29T03:17:47.332Z</time>
      </trkpt>
      <trkpt lat="46.484883" lon="13.793743">
        <ele>800.088834</ele>
        <time>2026-07-29T03:17:57.237Z</time>
      </trkpt>
      <trkpt lat="46.484969" lon="13.794093">
        <ele>799.877202</ele>
        <time>2026-07-29T03:18:00.580Z</time>
      </trkpt>
      <trkpt lat="46.485506" lon="13.795468">
        <ele>796.331184</ele>
        <time>2026-07-29T03:18:10.593Z</time>
      </trkpt>
      <trkpt lat="46.485508" lon="13.795549">
        <ele>796.149368</ele>
        <time>2026-07-29T03:18:11.142Z</time>
      </trkpt>
      <trkpt lat="46.485502" lon="13.795631">
        <ele>795.964391</ele>
        <time>2026-07-29T03:18:11.720Z</time>
      </trkpt>
      <trkpt lat="46.485376" lon="13.796465">
        <ele>794.139845</ele>
        <time>2026-07-29T03:18:18.705Z</time>
      </trkpt>
      <trkpt lat="46.485373" lon="13.796910">
        <ele>793.484025</ele>
        <time>2026-07-29T03:18:22.515Z</time>
      </trkpt>
      <trkpt lat="46.485449" lon="13.797559">
        <ele>792.513872</ele>
        <time>2026-07-29T03:18:27.492Z</time>
      </trkpt>
      <trkpt lat="46.485589" lon="13.798229">
        <ele>791.482042</ele>
        <time>2026-07-29T03:18:32.403Z</time>
      </trkpt>
      <trkpt lat="46.485959" lon="13.799728">
        <ele>789.354610</ele>
        <time>2026-07-29T03:18:44.329Z</time>
      </trkpt>
      <trkpt lat="46.486203" lon="13.800676">
        <ele>788.109269</ele>
        <time>2026-07-29T03:18:52.341Z</time>
      </trkpt>
      <trkpt lat="46.486274" lon="13.800857">
        <ele>787.852943</ele>
        <time>2026-07-29T03:18:53.978Z</time>
      </trkpt>
      <trkpt lat="46.486416" lon="13.800892">
        <ele>787.595544</ele>
        <time>2026-07-29T03:18:55.628Z</time>
      </trkpt>
      <trkpt lat="46.486422" lon="13.800927">
        <ele>787.551162</ele>
        <time>2026-07-29T03:18:56.036Z</time>
      </trkpt>
      <trkpt lat="46.486433" lon="13.801028">
        <ele>787.425339</ele>
        <time>2026-07-29T03:18:57.186Z</time>
      </trkpt>
      <trkpt lat="46.486445" lon="13.801553">
        <ele>786.783331</ele>
        <time>2026-07-29T03:19:03.229Z</time>
      </trkpt>
      <trkpt lat="46.486429" lon="13.801866">
        <ele>786.400700</ele>
        <time>2026-07-29T03:19:06.755Z</time>
      </trkpt>
      <trkpt lat="46.486536" lon="13.803167">
        <ele>784.803366</ele>
        <time>2026-07-29T03:19:20.556Z</time>
      </trkpt>
      <trkpt lat="46.486546" lon="13.803528">
        <ele>784.362912</ele>
        <time>2026-07-29T03:19:24.510Z</time>
      </trkpt>
      <trkpt lat="46.486515" lon="13.804356">
        <ele>783.827014</ele>
        <time>2026-07-29T03:19:34.559Z</time>
      </trkpt>
      <trkpt lat="46.486259" lon="13.806270">
        <ele>783.033656</ele>
        <time>2026-07-29T03:20:00.950Z</time>
      </trkpt>
      <trkpt lat="46.486065" lon="13.807697">
        <ele>781.241160</ele>
        <time>2026-07-29T03:20:17.764Z</time>
      </trkpt>
      <trkpt lat="46.486047" lon="13.808464">
        <ele>780.259664</ele>
        <time>2026-07-29T03:20:25.654Z</time>
      </trkpt>
      <trkpt lat="46.486100" lon="13.809105">
        <ele>779.384442</ele>
        <time>2026-07-29T03:20:32.213Z</time>
      </trkpt>
      <trkpt lat="46.486407" lon="13.811512">
        <ele>775.572832</ele>
        <time>2026-07-29T03:20:58.262Z</time>
      </trkpt>
      <trkpt lat="46.486421" lon="13.811628">
        <ele>775.406847</ele>
        <time>2026-07-29T03:20:59.583Z</time>
      </trkpt>
      <trkpt lat="46.486461" lon="13.812011">
        <ele>774.860866</ele>
        <time>2026-07-29T03:21:03.994Z</time>
      </trkpt>
      <trkpt lat="46.486498" lon="13.812714">
        <ele>773.867156</ele>
        <time>2026-07-29T03:21:12.075Z</time>
      </trkpt>
      <trkpt lat="46.486498" lon="13.813536">
        <ele>772.708617</ele>
        <time>2026-07-29T03:21:20.927Z</time>
      </trkpt>
      <trkpt lat="46.486420" lon="13.814465">
        <ele>771.326585</ele>
        <time>2026-07-29T03:21:30.567Z</time>
      </trkpt>
      <trkpt lat="46.486364" lon="13.814817">
        <ele>770.755739</ele>
        <time>2026-07-29T03:21:34.297Z</time>
      </trkpt>
      <trkpt lat="46.486159" lon="13.815710">
        <ele>769.268353</ele>
        <time>2026-07-29T03:21:44.280Z</time>
      </trkpt>
      <trkpt lat="46.485393" lon="13.818405">
        <ele>765.971295</ele>
        <time>2026-07-29T03:22:15.783Z</time>
      </trkpt>
      <trkpt lat="46.484743" lon="13.820656">
        <ele>765.739284</ele>
        <time>2026-07-29T03:22:53.356Z</time>
      </trkpt>
      <trkpt lat="46.484669" lon="13.820978">
        <ele>765.805597</ele>
        <time>2026-07-29T03:22:58.999Z</time>
      </trkpt>
      <trkpt lat="46.484591" lon="13.821520">
        <ele>765.758673</ele>
        <time>2026-07-29T03:23:07.552Z</time>
      </trkpt>
      <trkpt lat="46.484572" lon="13.822364">
        <ele>764.374647</ele>
        <time>2026-07-29T03:23:17.577Z</time>
      </trkpt>
      <trkpt lat="46.484552" lon="13.822539">
        <ele>764.083904</ele>
        <time>2026-07-29T03:23:19.376Z</time>
      </trkpt>
      <trkpt lat="46.484363" lon="13.823206">
        <ele>762.901762</ele>
        <time>2026-07-29T03:23:26.354Z</time>
      </trkpt>
      <trkpt lat="46.483671" lon="13.824551">
        <ele>760.625622</ele>
        <time>2026-07-29T03:23:43.199Z</time>
      </trkpt>
      <trkpt lat="46.483064" lon="13.825461">
        <ele>759.222897</ele>
        <time>2026-07-29T03:23:56.438Z</time>
      </trkpt>
      <trkpt lat="46.482922" lon="13.825728">
        <ele>758.849377</ele>
        <time>2026-07-29T03:24:01.787Z</time>
      </trkpt>
      <trkpt lat="46.482243" lon="13.827197">
        <ele>759.688687</ele>
        <time>2026-07-29T03:24:43.859Z</time>
      </trkpt>
      <trkpt lat="46.481463" lon="13.829017">
        <ele>757.047254</ele>
        <time>2026-07-29T03:25:06.335Z</time>
      </trkpt>
      <trkpt lat="46.481129" lon="13.829688">
        <ele>754.817136</ele>
        <time>2026-07-29T03:25:13.949Z</time>
      </trkpt>
      <trkpt lat="46.480824" lon="13.830459">
        <ele>752.576167</ele>
        <time>2026-07-29T03:25:22.121Z</time>
      </trkpt>
      <trkpt lat="46.480612" lon="13.831188">
        <ele>750.861305</ele>
        <time>2026-07-29T03:25:29.701Z</time>
      </trkpt>
      <trkpt lat="46.480436" lon="13.832063">
        <ele>748.885914</ele>
        <time>2026-07-29T03:25:38.908Z</time>
      </trkpt>
      <trkpt lat="46.480359" lon="13.832809">
        <ele>747.533529</ele>
        <time>2026-07-29T03:25:47.789Z</time>
      </trkpt>
      <trkpt lat="46.480357" lon="13.833663">
        <ele>747.432366</ele>
        <time>2026-07-29T03:25:59.639Z</time>
      </trkpt>
      <trkpt lat="46.480412" lon="13.834388">
        <ele>747.345964</ele>
        <time>2026-07-29T03:26:10.499Z</time>
      </trkpt>
      <trkpt lat="46.480473" lon="13.834798">
        <ele>747.296276</ele>
        <time>2026-07-29T03:26:16.865Z</time>
      </trkpt>
      <trkpt lat="46.480650" lon="13.835563">
        <ele>746.802577</ele>
        <time>2026-07-29T03:26:28.253Z</time>
      </trkpt>
      <trkpt lat="46.480842" lon="13.836164">
        <ele>745.938317</ele>
        <time>2026-07-29T03:26:35.878Z</time>
      </trkpt>
      <trkpt lat="46.481133" lon="13.836890">
        <ele>744.842502</ele>
        <time>2026-07-29T03:26:44.613Z</time>
      </trkpt>
      <trkpt lat="46.481489" lon="13.837511">
        <ele>743.767724</ele>
        <time>2026-07-29T03:26:52.769Z</time>
      </trkpt>
      <trkpt lat="46.481713" lon="13.837802">
        <ele>742.934180</ele>
        <time>2026-07-29T03:26:55.923Z</time>
      </trkpt>
      <trkpt lat="46.481909" lon="13.838001">
        <ele>742.270912</ele>
        <time>2026-07-29T03:26:58.498Z</time>
      </trkpt>
      <trkpt lat="46.481978" lon="13.838122">
        <ele>741.970881</ele>
        <time>2026-07-29T03:26:59.679Z</time>
      </trkpt>
      <trkpt lat="46.482018" lon="13.838256">
        <ele>741.691964</ele>
        <time>2026-07-29T03:27:00.784Z</time>
      </trkpt>
      <trkpt lat="46.482036" lon="13.838564">
        <ele>741.101650</ele>
        <time>2026-07-29T03:27:03.119Z</time>
      </trkpt>
      <trkpt lat="46.482476" lon="13.839441">
        <ele>739.029398</ele>
        <time>2026-07-29T03:27:13.990Z</time>
      </trkpt>
      <trkpt lat="46.482661" lon="13.839782">
        <ele>738.509231</ele>
        <time>2026-07-29T03:27:18.169Z</time>
      </trkpt>
      <trkpt lat="46.482708" lon="13.839815">
        <ele>738.433857</ele>
        <time>2026-07-29T03:27:18.912Z</time>
      </trkpt>
      <trkpt lat="46.482937" lon="13.840460">
        <ele>737.712394</ele>
        <time>2026-07-29T03:27:26.932Z</time>
      </trkpt>
      <trkpt lat="46.483043" lon="13.840848">
        <ele>737.297405</ele>
        <time>2026-07-29T03:27:32.911Z</time>
      </trkpt>
      <trkpt lat="46.483137" lon="13.841350">
        <ele>736.780209</ele>
        <time>2026-07-29T03:27:40.326Z</time>
      </trkpt>
      <trkpt lat="46.483171" lon="13.841600">
        <ele>736.526866</ele>
        <time>2026-07-29T03:27:43.585Z</time>
      </trkpt>
      <trkpt lat="46.483207" lon="13.842045">
        <ele>736.151300</ele>
        <time>2026-07-29T03:27:48.842Z</time>
      </trkpt>
      <trkpt lat="46.483208" lon="13.842547">
        <ele>735.861913</ele>
        <time>2026-07-29T03:27:54.327Z</time>
      </trkpt>
      <trkpt lat="46.483178" lon="13.842956">
        <ele>735.624805</ele>
        <time>2026-07-29T03:27:58.914Z</time>
      </trkpt>
      <trkpt lat="46.483104" lon="13.843370">
        <ele>735.378238</ele>
        <time>2026-07-29T03:28:03.917Z</time>
      </trkpt>
      <trkpt lat="46.482982" lon="13.843845">
        <ele>735.085987</ele>
        <time>2026-07-29T03:28:10.519Z</time>
      </trkpt>
      <trkpt lat="46.482748" lon="13.844448">
        <ele>734.717753</ele>
        <time>2026-07-29T03:28:20.362Z</time>
      </trkpt>
      <trkpt lat="46.481457" lon="13.846938">
        <ele>733.695549</ele>
        <time>2026-07-29T03:29:00.677Z</time>
      </trkpt>
      <trkpt lat="46.481345" lon="13.847184">
        <ele>733.506863</ele>
        <time>2026-07-29T03:29:04.550Z</time>
      </trkpt>
      <trkpt lat="46.481059" lon="13.847994">
        <ele>732.924454</ele>
        <time>2026-07-29T03:29:15.686Z</time>
      </trkpt>
      <trkpt lat="46.480909" lon="13.848545">
        <ele>732.545364</ele>
        <time>2026-07-29T03:29:22.248Z</time>
      </trkpt>
      <trkpt lat="46.480743" lon="13.849388">
        <ele>731.670814</ele>
        <time>2026-07-29T03:29:32.182Z</time>
      </trkpt>
      <trkpt lat="46.480680" lon="13.849891">
        <ele>731.101750</ele>
        <time>2026-07-29T03:29:38.103Z</time>
      </trkpt>
      <trkpt lat="46.480621" lon="13.850841">
        <ele>730.040033</ele>
        <time>2026-07-29T03:29:48.619Z</time>
      </trkpt>
      <trkpt lat="46.480288" lon="13.860899">
        <ele>717.461480</ele>
        <time>2026-07-29T03:31:39.633Z</time>
      </trkpt>
      <trkpt lat="46.480142" lon="13.861951">
        <ele>716.018042</ele>
        <time>2026-07-29T03:31:47.746Z</time>
      </trkpt>
      <trkpt lat="46.480004" lon="13.862341">
        <ele>715.384225</ele>
        <time>2026-07-29T03:31:50.940Z</time>
      </trkpt>
      <trkpt lat="46.479980" lon="13.862481">
        <ele>715.175679</ele>
        <time>2026-07-29T03:31:51.983Z</time>
      </trkpt>
      <trkpt lat="46.479963" lon="13.864432">
        <ele>712.562241</ele>
        <time>2026-07-29T03:32:06.250Z</time>
      </trkpt>
      <trkpt lat="46.480013" lon="13.865805">
        <ele>712.726650</ele>
        <time>2026-07-29T03:32:21.772Z</time>
      </trkpt>
      <trkpt lat="46.479984" lon="13.866558">
        <ele>712.816833</ele>
        <time>2026-07-29T03:32:33.518Z</time>
      </trkpt>
      <trkpt lat="46.479911" lon="13.867263">
        <ele>712.555667</ele>
        <time>2026-07-29T03:32:42.046Z</time>
      </trkpt>
      <trkpt lat="46.479678" lon="13.869019">
        <ele>711.059404</ele>
        <time>2026-07-29T03:32:55.281Z</time>
      </trkpt>
      <trkpt lat="46.479556" lon="13.869404">
        <ele>710.704805</ele>
        <time>2026-07-29T03:32:58.542Z</time>
      </trkpt>
      <trkpt lat="46.479489" lon="13.869835">
        <ele>710.609078</ele>
        <time>2026-07-29T03:33:02.647Z</time>
      </trkpt>
      <trkpt lat="46.479404" lon="13.870086">
        <ele>710.564620</ele>
        <time>2026-07-29T03:33:06.040Z</time>
      </trkpt>
      <trkpt lat="46.479345" lon="13.870214">
        <ele>710.540138</ele>
        <time>2026-07-29T03:33:10.526Z</time>
      </trkpt>
      <trkpt lat="46.479099" lon="13.870778">
        <ele>710.434024</ele>
        <time>2026-07-29T03:33:30.452Z</time>
      </trkpt>
      <trkpt lat="46.479001" lon="13.870954">
        <ele>710.398049</ele>
        <time>2026-07-29T03:33:33.931Z</time>
      </trkpt>
      <trkpt lat="46.477170" lon="13.875032">
        <ele>706.796136</ele>
        <time>2026-07-29T03:34:29.450Z</time>
      </trkpt>
      <trkpt lat="46.476924" lon="13.875658">
        <ele>706.330489</ele>
        <time>2026-07-29T03:34:38.710Z</time>
      </trkpt>
      <trkpt lat="46.476806" lon="13.876066">
        <ele>706.044594</ele>
        <time>2026-07-29T03:34:44.670Z</time>
      </trkpt>
      <trkpt lat="46.476697" lon="13.876647">
        <ele>705.752856</ele>
        <time>2026-07-29T03:34:52.441Z</time>
      </trkpt>
      <trkpt lat="46.476608" lon="13.877498">
        <ele>705.354817</ele>
        <time>2026-07-29T03:35:03.215Z</time>
      </trkpt>
      <trkpt lat="46.476597" lon="13.877839">
        <ele>705.196956</ele>
        <time>2026-07-29T03:35:07.855Z</time>
      </trkpt>
      <trkpt lat="46.476622" lon="13.878305">
        <ele>704.980811</ele>
        <time>2026-07-29T03:35:14.030Z</time>
      </trkpt>
      <trkpt lat="46.476781" lon="13.880068">
        <ele>702.919112</ele>
        <time>2026-07-29T03:35:33.936Z</time>
      </trkpt>
      <trkpt lat="46.476784" lon="13.880949">
        <ele>701.712086</ele>
        <time>2026-07-29T03:35:42.664Z</time>
      </trkpt>
      <trkpt lat="46.476711" lon="13.881718">
        <ele>700.978599</ele>
        <time>2026-07-29T03:35:51.181Z</time>
      </trkpt>
      <trkpt lat="46.476522" lon="13.882711">
        <ele>700.394285</ele>
        <time>2026-07-29T03:36:05.355Z</time>
      </trkpt>
      <trkpt lat="46.475811" lon="13.885843">
        <ele>698.062640</ele>
        <time>2026-07-29T03:36:46.258Z</time>
      </trkpt>
      <trkpt lat="46.475636" lon="13.886429">
        <ele>697.402819</ele>
        <time>2026-07-29T03:36:53.294Z</time>
      </trkpt>
      <trkpt lat="46.475221" lon="13.887571">
        <ele>695.058273</ele>
        <time>2026-07-29T03:37:06.007Z</time>
      </trkpt>
      <trkpt lat="46.475024" lon="13.888109">
        <ele>693.951903</ele>
        <time>2026-07-29T03:37:12.454Z</time>
      </trkpt>
      <trkpt lat="46.474910" lon="13.888523">
        <ele>693.142322</ele>
        <time>2026-07-29T03:37:17.323Z</time>
      </trkpt>
      <trkpt lat="46.474840" lon="13.888889">
        <ele>692.513758</ele>
        <time>2026-07-29T03:37:21.368Z</time>
      </trkpt>
      <trkpt lat="46.474776" lon="13.889459">
        <ele>691.596561</ele>
        <time>2026-07-29T03:37:27.580Z</time>
      </trkpt>
      <trkpt lat="46.474765" lon="13.889855">
        <ele>690.967141</ele>
        <time>2026-07-29T03:37:31.989Z</time>
      </trkpt>
      <trkpt lat="46.474826" lon="13.890466">
        <ele>689.986638</ele>
        <time>2026-07-29T03:37:38.917Z</time>
      </trkpt>
      <trkpt lat="46.474902" lon="13.890784">
        <ele>689.452060</ele>
        <time>2026-07-29T03:37:42.415Z</time>
      </trkpt>
      <trkpt lat="46.474959" lon="13.891024">
        <ele>689.048876</ele>
        <time>2026-07-29T03:37:44.926Z</time>
      </trkpt>
      <trkpt lat="46.475151" lon="13.891646">
        <ele>688.265385</ele>
        <time>2026-07-29T03:37:51.499Z</time>
      </trkpt>
      <trkpt lat="46.475198" lon="13.891861">
        <ele>688.036794</ele>
        <time>2026-07-29T03:37:53.817Z</time>
      </trkpt>
      <trkpt lat="46.475189" lon="13.892001">
        <ele>687.894303</ele>
        <time>2026-07-29T03:37:55.341Z</time>
      </trkpt>
      <trkpt lat="46.475025" lon="13.892697">
        <ele>687.148844</ele>
        <time>2026-07-29T03:38:04.600Z</time>
      </trkpt>
      <trkpt lat="46.474965" lon="13.893249">
        <ele>686.582529</ele>
        <time>2026-07-29T03:38:12.247Z</time>
      </trkpt>
      <trkpt lat="46.474961" lon="13.893423">
        <ele>686.406101</ele>
        <time>2026-07-29T03:38:14.464Z</time>
      </trkpt>
      <trkpt lat="46.474988" lon="13.893532">
        <ele>686.288714</ele>
        <time>2026-07-29T03:38:15.907Z</time>
      </trkpt>
      <trkpt lat="46.475127" lon="13.893785">
        <ele>686.080486</ele>
        <time>2026-07-29T03:38:19.850Z</time>
      </trkpt>
      <trkpt lat="46.475199" lon="13.893992">
        <ele>685.997471</ele>
        <time>2026-07-29T03:38:22.613Z</time>
      </trkpt>
      <trkpt lat="46.475208" lon="13.894118">
        <ele>685.952125</ele>
        <time>2026-07-29T03:38:24.106Z</time>
      </trkpt>
      <trkpt lat="46.475141" lon="13.894648">
        <ele>685.759231</ele>
        <time>2026-07-29T03:38:30.704Z</time>
      </trkpt>
      <trkpt lat="46.474731" lon="13.896417">
        <ele>684.936562</ele>
        <time>2026-07-29T03:38:55.561Z</time>
      </trkpt>
      <trkpt lat="46.474407" lon="13.897586">
        <ele>683.904040</ele>
        <time>2026-07-29T03:39:10.020Z</time>
      </trkpt>
      <trkpt lat="46.474251" lon="13.898311">
        <ele>683.281662</ele>
        <time>2026-07-29T03:39:18.923Z</time>
      </trkpt>
      <trkpt lat="46.474120" lon="13.898614">
        <ele>682.941870</ele>
        <time>2026-07-29T03:39:23.056Z</time>
      </trkpt>
      <trkpt lat="46.474097" lon="13.898969">
        <ele>682.484345</ele>
        <time>2026-07-29T03:39:27.045Z</time>
      </trkpt>
      <trkpt lat="46.473931" lon="13.899529">
        <ele>681.702050</ele>
        <time>2026-07-29T03:39:33.480Z</time>
      </trkpt>
      <trkpt lat="46.473836" lon="13.899758">
        <ele>681.359017</ele>
        <time>2026-07-29T03:39:35.380Z</time>
      </trkpt>
      <trkpt lat="46.473625" lon="13.900413">
        <ele>680.431155</ele>
        <time>2026-07-29T03:39:40.585Z</time>
      </trkpt>
      <trkpt lat="46.473522" lon="13.900879">
        <ele>679.803166</ele>
        <time>2026-07-29T03:39:44.459Z</time>
      </trkpt>
      <trkpt lat="46.472491" lon="13.906180">
        <ele>677.953479</ele>
        <time>2026-07-29T03:40:37.187Z</time>
      </trkpt>
      <trkpt lat="46.472440" lon="13.906443">
        <ele>677.746707</ele>
        <time>2026-07-29T03:40:39.133Z</time>
      </trkpt>
      <trkpt lat="46.472428" lon="13.906504">
        <ele>677.698697</ele>
        <time>2026-07-29T03:40:39.588Z</time>
      </trkpt>
      <trkpt lat="46.472359" lon="13.906838">
        <ele>677.434806</ele>
        <time>2026-07-29T03:40:47.004Z</time>
      </trkpt>
      <trkpt lat="46.472161" lon="13.907842">
        <ele>676.644462</ele>
        <time>2026-07-29T03:41:01.495Z</time>
      </trkpt>
      <trkpt lat="46.472107" lon="13.908103">
        <ele>676.438221</ele>
        <time>2026-07-29T03:41:03.959Z</time>
      </trkpt>
      <trkpt lat="46.472037" lon="13.908733">
        <ele>675.727018</ele>
        <time>2026-07-29T03:41:08.757Z</time>
      </trkpt>
      <trkpt lat="46.471912" lon="13.910866">
        <ele>672.142526</ele>
        <time>2026-07-29T03:41:23.971Z</time>
      </trkpt>
      <trkpt lat="46.471782" lon="13.913130">
        <ele>669.259073</ele>
        <time>2026-07-29T03:41:48.974Z</time>
      </trkpt>
      <trkpt lat="46.471634" lon="13.913948">
        <ele>668.375825</ele>
        <time>2026-07-29T03:41:58.579Z</time>
      </trkpt>
      <trkpt lat="46.470221" lon="13.919650">
        <ele>664.296837</ele>
        <time>2026-07-29T03:43:12.005Z</time>
      </trkpt>
      <trkpt lat="46.470098" lon="13.920136">
        <ele>663.884963</ele>
        <time>2026-07-29T03:43:17.258Z</time>
      </trkpt>
      <trkpt lat="46.469919" lon="13.920607">
        <ele>663.457040</ele>
        <time>2026-07-29T03:43:22.025Z</time>
      </trkpt>
      <trkpt lat="46.469731" lon="13.921042">
        <ele>663.039441</ele>
        <time>2026-07-29T03:43:25.691Z</time>
      </trkpt>
      <trkpt lat="46.469417" lon="13.921590">
        <ele>662.389715</ele>
        <time>2026-07-29T03:43:30.603Z</time>
      </trkpt>
      <trkpt lat="46.468685" lon="13.922713">
        <ele>660.980436</ele>
        <time>2026-07-29T03:43:44.332Z</time>
      </trkpt>
      <trkpt lat="46.468122" lon="13.923652">
        <ele>659.919506</ele>
        <time>2026-07-29T03:43:55.776Z</time>
      </trkpt>
      <trkpt lat="46.468003" lon="13.923885">
        <ele>659.677166</ele>
        <time>2026-07-29T03:43:58.134Z</time>
      </trkpt>
      <trkpt lat="46.467708" lon="13.924622">
        <ele>658.965008</ele>
        <time>2026-07-29T03:44:04.650Z</time>
      </trkpt>
      <trkpt lat="46.467436" lon="13.925502">
        <ele>658.134633</ele>
        <time>2026-07-29T03:44:12.059Z</time>
      </trkpt>
      <trkpt lat="46.466634" lon="13.929309">
        <ele>654.650381</ele>
        <time>2026-07-29T03:44:45.137Z</time>
      </trkpt>
      <trkpt lat="46.466240" lon="13.931142">
        <ele>653.562633</ele>
        <time>2026-07-29T03:45:00.341Z</time>
      </trkpt>
      <trkpt lat="46.466205" lon="13.931290">
        <ele>653.505108</ele>
        <time>2026-07-29T03:45:01.978Z</time>
      </trkpt>
      <trkpt lat="46.466130" lon="13.931353">
        <ele>653.458862</ele>
        <time>2026-07-29T03:45:03.418Z</time>
      </trkpt>
      <trkpt lat="46.466064" lon="13.931364">
        <ele>653.423405</ele>
        <time>2026-07-29T03:45:04.586Z</time>
      </trkpt>
      <trkpt lat="46.465621" lon="13.931194">
        <ele>653.178847</ele>
        <time>2026-07-29T03:45:13.054Z</time>
      </trkpt>
      <trkpt lat="46.465589" lon="13.931242">
        <ele>653.154290</ele>
        <time>2026-07-29T03:45:13.800Z</time>
      </trkpt>
      <trkpt lat="46.465449" lon="13.932273">
        <ele>652.561831</ele>
        <time>2026-07-29T03:45:23.362Z</time>
      </trkpt>
      <trkpt lat="46.465423" lon="13.932452">
        <ele>652.440336</ele>
        <time>2026-07-29T03:45:24.779Z</time>
      </trkpt>
      <trkpt lat="46.465418" lon="13.932897">
        <ele>652.144754</ele>
        <time>2026-07-29T03:45:28.111Z</time>
      </trkpt>
      <trkpt lat="46.465595" lon="13.933613">
        <ele>651.639533</ele>
        <time>2026-07-29T03:45:33.847Z</time>
      </trkpt>
      <trkpt lat="46.465590" lon="13.933734">
        <ele>651.559028</ele>
        <time>2026-07-29T03:45:34.902Z</time>
      </trkpt>
      <trkpt lat="46.465137" lon="13.936332">
        <ele>650.119036</ele>
        <time>2026-07-29T03:46:04.173Z</time>
      </trkpt>
      <trkpt lat="46.465128" lon="13.936379">
        <ele>650.093929</ele>
        <time>2026-07-29T03:46:05.151Z</time>
      </trkpt>
      <trkpt lat="46.465120" lon="13.936538">
        <ele>650.011878</ele>
        <time>2026-07-29T03:46:06.219Z</time>
      </trkpt>
      <trkpt lat="46.465090" lon="13.936557">
        <ele>649.987422</ele>
        <time>2026-07-29T03:46:06.529Z</time>
      </trkpt>
      <trkpt lat="46.464954" lon="13.936699">
        <ele>649.696664</ele>
        <time>2026-07-29T03:46:08.117Z</time>
      </trkpt>
      <trkpt lat="46.464876" lon="13.936857">
        <ele>649.397232</ele>
        <time>2026-07-29T03:46:09.365Z</time>
      </trkpt>
      <trkpt lat="46.464660" lon="13.937923">
        <ele>647.685620</ele>
        <time>2026-07-29T03:46:17.069Z</time>
      </trkpt>
      <trkpt lat="46.464500" lon="13.939031">
        <ele>645.941779</ele>
        <time>2026-07-29T03:46:26.322Z</time>
      </trkpt>
      <trkpt lat="46.463698" lon="13.942841">
        <ele>645.172464</ele>
        <time>2026-07-29T03:47:04.293Z</time>
      </trkpt>
      <trkpt lat="46.463641" lon="13.942961">
        <ele>645.172385</ele>
        <time>2026-07-29T03:47:05.646Z</time>
      </trkpt>
      <trkpt lat="46.463593" lon="13.942965">
        <ele>645.172347</ele>
        <time>2026-07-29T03:47:06.305Z</time>
      </trkpt>
      <trkpt lat="46.463341" lon="13.942961">
        <ele>645.172147</ele>
        <time>2026-07-29T03:47:09.899Z</time>
      </trkpt>
      <trkpt lat="46.463279" lon="13.942923">
        <ele>645.172093</ele>
        <time>2026-07-29T03:47:10.902Z</time>
      </trkpt>
      <trkpt lat="46.463046" lon="13.942589">
        <ele>645.171834</ele>
        <time>2026-07-29T03:47:16.122Z</time>
      </trkpt>
      <trkpt lat="46.462644" lon="13.942428">
        <ele>645.649740</ele>
        <time>2026-07-29T03:47:23.937Z</time>
      </trkpt>
      <trkpt lat="46.462467" lon="13.942275">
        <ele>645.930448</ele>
        <time>2026-07-29T03:47:28.006Z</time>
      </trkpt>
      <trkpt lat="46.462269" lon="13.942009">
        <ele>646.298056</ele>
        <time>2026-07-29T03:47:33.565Z</time>
      </trkpt>
      <trkpt lat="46.462230" lon="13.941951">
        <ele>646.374135</ele>
        <time>2026-07-29T03:47:34.746Z</time>
      </trkpt>
      <trkpt lat="46.461711" lon="13.941118">
        <ele>647.428422</ele>
        <time>2026-07-29T03:47:51.912Z</time>
      </trkpt>
      <trkpt lat="46.461629" lon="13.940967">
        <ele>647.608906</ele>
        <time>2026-07-29T03:47:54.854Z</time>
      </trkpt>
      <trkpt lat="46.461518" lon="13.940586">
        <ele>648.173570</ele>
        <time>2026-07-29T03:48:00.923Z</time>
      </trkpt>
      <trkpt lat="46.461443" lon="13.939866">
        <ele>649.178993</ele>
        <time>2026-07-29T03:48:10.091Z</time>
      </trkpt>
      <trkpt lat="46.461341" lon="13.939597">
        <ele>649.602961</ele>
        <time>2026-07-29T03:48:14.211Z</time>
      </trkpt>
      <trkpt lat="46.461266" lon="13.939491">
        <ele>649.812770</ele>
        <time>2026-07-29T03:48:16.519Z</time>
      </trkpt>
      <trkpt lat="46.460980" lon="13.939198">
        <ele>650.514406</ele>
        <time>2026-07-29T03:48:25.971Z</time>
      </trkpt>
      <trkpt lat="46.460862" lon="13.939078">
        <ele>650.803187</ele>
        <time>2026-07-29T03:48:30.559Z</time>
      </trkpt>
      <trkpt lat="46.460632" lon="13.938841">
        <ele>651.227940</ele>
        <time>2026-07-29T03:48:39.330Z</time>
      </trkpt>
      <trkpt lat="46.460464" lon="13.938653">
        <ele>651.227940</ele>
        <time>2026-07-29T03:48:44.905Z</time>
      </trkpt>
      <trkpt lat="46.460248" lon="13.938383">
        <ele>651.227940</ele>
        <time>2026-07-29T03:48:50.398Z</time>
      </trkpt>
      <trkpt lat="46.460088" lon="13.938702">
        <ele>651.227940</ele>
        <time>2026-07-29T03:48:54.174Z</time>
      </trkpt>
      <trkpt lat="46.460065" lon="13.938755">
        <ele>651.227940</ele>
        <time>2026-07-29T03:48:54.734Z</time>
      </trkpt>
      <trkpt lat="46.460010" lon="13.938871">
        <ele>651.227940</ele>
        <time>2026-07-29T03:49:05.297Z</time>
      </trkpt>
    </trkseg>
  </trk>
</gpx>