<?xml version='1.0' encoding='UTF-8'?>
<gpx version="1.1" creator="https://www.komoot.de" xmlns="http://www.topografix.com/GPX/1/1" xmlns:xsi="http://www.w3.org/2001/XMLSchema-instance" xsi:schemaLocation="http://www.topografix.com/GPX/1/1 http://www.topografix.com/GPX/1/1/gpx.xsd">
  <metadata>
    <name>Dag 4, Grand Escape Slovenie</name>
    <author>
      <link href="https://www.komoot.de">
        <text>komoot</text>
        <type>text/html</type>
      </link>
    </author>
  </metadata>
  <trk>
    <name>Dag 4, Grand Escape Slovenie</name>
    <type>racebike</type>
    <trkseg>
      <trkpt lat="46.460010" lon="13.938871">
        <ele>651.191350</ele>
        <time>2026-08-11T10:31:55.435Z</time>
      </trkpt>
      <trkpt lat="46.460024" lon="13.938841">
        <ele>651.191350</ele>
        <time>2026-08-11T10:31:58.146Z</time>
      </trkpt>
      <trkpt lat="46.460065" lon="13.938755">
        <ele>651.191350</ele>
        <time>2026-08-11T10:32:05.978Z</time>
      </trkpt>
      <trkpt lat="46.460088" lon="13.938702">
        <ele>651.191350</ele>
        <time>2026-08-11T10:32:06.512Z</time>
      </trkpt>
      <trkpt lat="46.460248" lon="13.938383">
        <ele>651.191350</ele>
        <time>2026-08-11T10:32:09.731Z</time>
      </trkpt>
      <trkpt lat="46.460464" lon="13.938653">
        <ele>651.191350</ele>
        <time>2026-08-11T10:32:12.972Z</time>
      </trkpt>
      <trkpt lat="46.460632" lon="13.938841">
        <ele>651.176683</ele>
        <time>2026-08-11T10:32:15.375Z</time>
      </trkpt>
      <trkpt lat="46.460862" lon="13.939078">
        <ele>650.755529</ele>
        <time>2026-08-11T10:32:18.563Z</time>
      </trkpt>
      <trkpt lat="46.460980" lon="13.939198">
        <ele>650.540402</ele>
        <time>2026-08-11T10:32:20.160Z</time>
      </trkpt>
      <trkpt lat="46.461266" lon="13.939491">
        <ele>650.017720</ele>
        <time>2026-08-11T10:32:23.954Z</time>
      </trkpt>
      <trkpt lat="46.461341" lon="13.939597">
        <ele>649.861424</ele>
        <time>2026-08-11T10:32:25.083Z</time>
      </trkpt>
      <trkpt lat="46.461443" lon="13.939866">
        <ele>649.545590</ele>
        <time>2026-08-11T10:32:27.386Z</time>
      </trkpt>
      <trkpt lat="46.461518" lon="13.940586">
        <ele>648.796603</ele>
        <time>2026-08-11T10:32:33.222Z</time>
      </trkpt>
      <trkpt lat="46.461629" lon="13.940967">
        <ele>648.622084</ele>
        <time>2026-08-11T10:32:37.102Z</time>
      </trkpt>
      <trkpt lat="46.461457" lon="13.941124">
        <ele>648.884632</ele>
        <time>2026-08-11T10:32:39.901Z</time>
      </trkpt>
      <trkpt lat="46.461273" lon="13.941326">
        <ele>649.182735</ele>
        <time>2026-08-11T10:32:43.080Z</time>
      </trkpt>
      <trkpt lat="46.461236" lon="13.941405">
        <ele>649.267771</ele>
        <time>2026-08-11T10:32:44.125Z</time>
      </trkpt>
      <trkpt lat="46.461213" lon="13.941548">
        <ele>649.398485</ele>
        <time>2026-08-11T10:32:45.776Z</time>
      </trkpt>
      <trkpt lat="46.461223" lon="13.941685">
        <ele>649.521118</ele>
        <time>2026-08-11T10:32:47.511Z</time>
      </trkpt>
      <trkpt lat="46.461348" lon="13.942072">
        <ele>649.901593</ele>
        <time>2026-08-11T10:32:53.285Z</time>
      </trkpt>
      <trkpt lat="46.461539" lon="13.942579">
        <ele>650.415976</ele>
        <time>2026-08-11T10:33:02.559Z</time>
      </trkpt>
      <trkpt lat="46.461412" lon="13.942690">
        <ele>650.607537</ele>
        <time>2026-08-11T10:33:06.627Z</time>
      </trkpt>
      <trkpt lat="46.461215" lon="13.943018">
        <ele>651.465094</ele>
        <time>2026-08-11T10:33:15.468Z</time>
      </trkpt>
      <trkpt lat="46.461075" lon="13.943143">
        <ele>652.282743</ele>
        <time>2026-08-11T10:33:20.483Z</time>
      </trkpt>
      <trkpt lat="46.460995" lon="13.943187">
        <ele>652.708329</ele>
        <time>2026-08-11T10:33:23.179Z</time>
      </trkpt>
      <trkpt lat="46.460784" lon="13.943174">
        <ele>653.758945</ele>
        <time>2026-08-11T10:33:29.912Z</time>
      </trkpt>
      <trkpt lat="46.460749" lon="13.943144">
        <ele>653.961147</ele>
        <time>2026-08-11T10:33:31.316Z</time>
      </trkpt>
      <trkpt lat="46.460583" lon="13.942749">
        <ele>655.546777</ele>
        <time>2026-08-11T10:33:42.746Z</time>
      </trkpt>
      <trkpt lat="46.459808" lon="13.942065">
        <ele>660.169711</ele>
        <time>2026-08-11T10:34:17.056Z</time>
      </trkpt>
      <trkpt lat="46.459657" lon="13.941987">
        <ele>661.281497</ele>
        <time>2026-08-11T10:34:23.329Z</time>
      </trkpt>
      <trkpt lat="46.459291" lon="13.941894">
        <ele>663.858944</ele>
        <time>2026-08-11T10:34:38.092Z</time>
      </trkpt>
      <trkpt lat="46.459076" lon="13.941760">
        <ele>665.481992</ele>
        <time>2026-08-11T10:34:47.789Z</time>
      </trkpt>
      <trkpt lat="46.458087" lon="13.940999">
        <ele>673.081948</ele>
        <time>2026-08-11T10:35:38.465Z</time>
      </trkpt>
      <trkpt lat="46.457785" lon="13.940899">
        <ele>674.874014</ele>
        <time>2026-08-11T10:35:52.933Z</time>
      </trkpt>
      <trkpt lat="46.457669" lon="13.940826">
        <ele>675.605469</ele>
        <time>2026-08-11T10:35:58.815Z</time>
      </trkpt>
      <trkpt lat="46.457287" lon="13.940459">
        <ele>678.255679</ele>
        <time>2026-08-11T10:36:18.657Z</time>
      </trkpt>
      <trkpt lat="46.456682" lon="13.940217">
        <ele>681.886293</ele>
        <time>2026-08-11T10:36:40.090Z</time>
      </trkpt>
      <trkpt lat="46.456582" lon="13.940126">
        <ele>682.569117</ele>
        <time>2026-08-11T10:36:43.212Z</time>
      </trkpt>
      <trkpt lat="46.456325" lon="13.939562">
        <ele>683.955581</ele>
        <time>2026-08-11T10:36:52.650Z</time>
      </trkpt>
      <trkpt lat="46.456197" lon="13.939383">
        <ele>684.467089</ele>
        <time>2026-08-11T10:36:55.112Z</time>
      </trkpt>
      <trkpt lat="46.455953" lon="13.939157">
        <ele>685.300071</ele>
        <time>2026-08-11T10:36:58.798Z</time>
      </trkpt>
      <trkpt lat="46.455326" lon="13.938451">
        <ele>687.583762</ele>
        <time>2026-08-11T10:37:19.190Z</time>
      </trkpt>
      <trkpt lat="46.455166" lon="13.938374">
        <ele>688.788305</ele>
        <time>2026-08-11T10:37:26.163Z</time>
      </trkpt>
      <trkpt lat="46.455066" lon="13.938396">
        <ele>689.980789</ele>
        <time>2026-08-11T10:37:30.900Z</time>
      </trkpt>
      <trkpt lat="46.454806" lon="13.938600">
        <ele>693.465414</ele>
        <time>2026-08-11T10:37:46.754Z</time>
      </trkpt>
      <trkpt lat="46.454635" lon="13.938671">
        <ele>695.562396</ele>
        <time>2026-08-11T10:37:57.767Z</time>
      </trkpt>
      <trkpt lat="46.454521" lon="13.938635">
        <ele>696.937917</ele>
        <time>2026-08-11T10:38:05.628Z</time>
      </trkpt>
      <trkpt lat="46.453023" lon="13.936936">
        <ele>718.862613</ele>
        <time>2026-08-11T10:40:24.205Z</time>
      </trkpt>
      <trkpt lat="46.452953" lon="13.936577">
        <ele>721.749395</ele>
        <time>2026-08-11T10:40:38.022Z</time>
      </trkpt>
      <trkpt lat="46.452982" lon="13.936260">
        <ele>724.223639</ele>
        <time>2026-08-11T10:40:49.113Z</time>
      </trkpt>
      <trkpt lat="46.452923" lon="13.936089">
        <ele>725.703356</ele>
        <time>2026-08-11T10:40:55.729Z</time>
      </trkpt>
      <trkpt lat="46.452775" lon="13.936018">
        <ele>727.453905</ele>
        <time>2026-08-11T10:41:03.671Z</time>
      </trkpt>
      <trkpt lat="46.452027" lon="13.936117">
        <ele>733.211885</ele>
        <time>2026-08-11T10:41:34.246Z</time>
      </trkpt>
      <trkpt lat="46.451677" lon="13.936126">
        <ele>735.559622</ele>
        <time>2026-08-11T10:41:47.661Z</time>
      </trkpt>
      <trkpt lat="46.451541" lon="13.936053">
        <ele>736.532116</ele>
        <time>2026-08-11T10:41:53.525Z</time>
      </trkpt>
      <trkpt lat="46.451029" lon="13.935638">
        <ele>740.465143</ele>
        <time>2026-08-11T10:42:18.242Z</time>
      </trkpt>
      <trkpt lat="46.450841" lon="13.935546">
        <ele>741.843734</ele>
        <time>2026-08-11T10:42:27.121Z</time>
      </trkpt>
      <trkpt lat="46.450440" lon="13.935488">
        <ele>744.811092</ele>
        <time>2026-08-11T10:42:43.589Z</time>
      </trkpt>
      <trkpt lat="46.450179" lon="13.935401">
        <ele>746.782978</ele>
        <time>2026-08-11T10:42:55.202Z</time>
      </trkpt>
      <trkpt lat="46.449903" lon="13.935169">
        <ele>749.131511</ele>
        <time>2026-08-11T10:43:10.186Z</time>
      </trkpt>
      <trkpt lat="46.449770" lon="13.934993">
        <ele>750.456795</ele>
        <time>2026-08-11T10:43:18.933Z</time>
      </trkpt>
      <trkpt lat="46.449585" lon="13.934626">
        <ele>752.763829</ele>
        <time>2026-08-11T10:43:33.826Z</time>
      </trkpt>
      <trkpt lat="46.449266" lon="13.933759">
        <ele>757.713191</ele>
        <time>2026-08-11T10:44:02.944Z</time>
      </trkpt>
      <trkpt lat="46.449071" lon="13.933484">
        <ele>759.692019</ele>
        <time>2026-08-11T10:44:13.734Z</time>
      </trkpt>
      <trkpt lat="46.448835" lon="13.933263">
        <ele>761.736107</ele>
        <time>2026-08-11T10:44:24.822Z</time>
      </trkpt>
      <trkpt lat="46.448539" lon="13.933077">
        <ele>764.083631</ele>
        <time>2026-08-11T10:44:37.848Z</time>
      </trkpt>
      <trkpt lat="46.447224" lon="13.932637">
        <ele>776.425566</ele>
        <time>2026-08-11T10:45:45.104Z</time>
      </trkpt>
      <trkpt lat="46.446764" lon="13.932524">
        <ele>781.187052</ele>
        <time>2026-08-11T10:46:13.765Z</time>
      </trkpt>
      <trkpt lat="46.446272" lon="13.932551">
        <ele>786.200024</ele>
        <time>2026-08-11T10:46:45.477Z</time>
      </trkpt>
      <trkpt lat="46.445274" lon="13.932406">
        <ele>795.868658</ele>
        <time>2026-08-11T10:47:45.102Z</time>
      </trkpt>
      <trkpt lat="46.444110" lon="13.932552">
        <ele>806.563306</ele>
        <time>2026-08-11T10:48:37.476Z</time>
      </trkpt>
      <trkpt lat="46.443869" lon="13.932535">
        <ele>808.541208</ele>
        <time>2026-08-11T10:48:47.761Z</time>
      </trkpt>
      <trkpt lat="46.443649" lon="13.932488">
        <ele>810.364068</ele>
        <time>2026-08-11T10:48:57.707Z</time>
      </trkpt>
      <trkpt lat="46.443348" lon="13.932354">
        <ele>812.944966</ele>
        <time>2026-08-11T10:49:12.616Z</time>
      </trkpt>
      <trkpt lat="46.442901" lon="13.932089">
        <ele>816.903152</ele>
        <time>2026-08-11T10:49:37.126Z</time>
      </trkpt>
      <trkpt lat="46.442637" lon="13.932010">
        <ele>819.217342</ele>
        <time>2026-08-11T10:49:51.788Z</time>
      </trkpt>
      <trkpt lat="46.441598" lon="13.931888">
        <ele>828.627174</ele>
        <time>2026-08-11T10:50:48.115Z</time>
      </trkpt>
      <trkpt lat="46.441263" lon="13.931885">
        <ele>831.651318</ele>
        <time>2026-08-11T10:51:04.480Z</time>
      </trkpt>
      <trkpt lat="46.441017" lon="13.931893">
        <ele>833.872547</ele>
        <time>2026-08-11T10:51:16.050Z</time>
      </trkpt>
      <trkpt lat="46.440716" lon="13.931989">
        <ele>836.092039</ele>
        <time>2026-08-11T10:51:30.030Z</time>
      </trkpt>
      <trkpt lat="46.440551" lon="13.932009">
        <ele>837.227103</ele>
        <time>2026-08-11T10:51:37.307Z</time>
      </trkpt>
      <trkpt lat="46.439554" lon="13.931818">
        <ele>844.121139</ele>
        <time>2026-08-11T10:52:20.193Z</time>
      </trkpt>
      <trkpt lat="46.439431" lon="13.931768">
        <ele>844.996800</ele>
        <time>2026-08-11T10:52:25.501Z</time>
      </trkpt>
      <trkpt lat="46.439351" lon="13.931662">
        <ele>845.739449</ele>
        <time>2026-08-11T10:52:29.905Z</time>
      </trkpt>
      <trkpt lat="46.439038" lon="13.931061">
        <ele>847.474871</ele>
        <time>2026-08-11T10:52:49.180Z</time>
      </trkpt>
      <trkpt lat="46.438939" lon="13.930960">
        <ele>847.733989</ele>
        <time>2026-08-11T10:52:53.112Z</time>
      </trkpt>
      <trkpt lat="46.438679" lon="13.930827">
        <ele>848.324265</ele>
        <time>2026-08-11T10:53:01.032Z</time>
      </trkpt>
      <trkpt lat="46.438584" lon="13.930835">
        <ele>848.528016</ele>
        <time>2026-08-11T10:53:03.455Z</time>
      </trkpt>
      <trkpt lat="46.438096" lon="13.931149">
        <ele>849.671011</ele>
        <time>2026-08-11T10:53:13.074Z</time>
      </trkpt>
      <trkpt lat="46.437994" lon="13.931148">
        <ele>849.889413</ele>
        <time>2026-08-11T10:53:14.447Z</time>
      </trkpt>
      <trkpt lat="46.437530" lon="13.931014">
        <ele>850.024117</ele>
        <time>2026-08-11T10:53:19.978Z</time>
      </trkpt>
      <trkpt lat="46.437095" lon="13.930969">
        <ele>848.930634</ele>
        <time>2026-08-11T10:53:24.572Z</time>
      </trkpt>
      <trkpt lat="46.436927" lon="13.930951">
        <ele>848.508246</ele>
        <time>2026-08-11T10:53:26.300Z</time>
      </trkpt>
      <trkpt lat="46.435875" lon="13.931073">
        <ele>845.721027</ele>
        <time>2026-08-11T10:53:37.231Z</time>
      </trkpt>
      <trkpt lat="46.435440" lon="13.931072">
        <ele>843.408401</ele>
        <time>2026-08-11T10:53:41.662Z</time>
      </trkpt>
      <trkpt lat="46.434493" lon="13.930692">
        <ele>838.184826</ele>
        <time>2026-08-11T10:53:50.948Z</time>
      </trkpt>
      <trkpt lat="46.433913" lon="13.930329">
        <ele>833.129050</ele>
        <time>2026-08-11T10:53:56.478Z</time>
      </trkpt>
      <trkpt lat="46.433782" lon="13.930338">
        <ele>831.691567</ele>
        <time>2026-08-11T10:53:57.598Z</time>
      </trkpt>
      <trkpt lat="46.433708" lon="13.930363">
        <ele>830.858767</ele>
        <time>2026-08-11T10:53:58.253Z</time>
      </trkpt>
      <trkpt lat="46.433595" lon="13.930461">
        <ele>829.415807</ele>
        <time>2026-08-11T10:53:59.375Z</time>
      </trkpt>
      <trkpt lat="46.433190" lon="13.931178">
        <ele>822.412731</ele>
        <time>2026-08-11T10:54:04.796Z</time>
      </trkpt>
      <trkpt lat="46.432919" lon="13.931539">
        <ele>818.380332</ele>
        <time>2026-08-11T10:54:07.902Z</time>
      </trkpt>
      <trkpt lat="46.432906" lon="13.931601">
        <ele>817.890771</ele>
        <time>2026-08-11T10:54:08.276Z</time>
      </trkpt>
      <trkpt lat="46.432926" lon="13.931661">
        <ele>817.387286</ele>
        <time>2026-08-11T10:54:08.664Z</time>
      </trkpt>
      <trkpt lat="46.433074" lon="13.931694">
        <ele>815.409602</ele>
        <time>2026-08-11T10:54:09.923Z</time>
      </trkpt>
      <trkpt lat="46.433163" lon="13.931860">
        <ele>813.266921</ele>
        <time>2026-08-11T10:54:11.134Z</time>
      </trkpt>
      <trkpt lat="46.433188" lon="13.932312">
        <ele>808.647134</ele>
        <time>2026-08-11T10:54:13.749Z</time>
      </trkpt>
      <trkpt lat="46.433113" lon="13.932779">
        <ele>803.761865</ele>
        <time>2026-08-11T10:54:16.495Z</time>
      </trkpt>
      <trkpt lat="46.432590" lon="13.933515">
        <ele>792.991653</ele>
        <time>2026-08-11T10:54:22.522Z</time>
      </trkpt>
      <trkpt lat="46.432423" lon="13.933805">
        <ele>789.327627</ele>
        <time>2026-08-11T10:54:24.674Z</time>
      </trkpt>
      <trkpt lat="46.432321" lon="13.934089">
        <ele>786.683758</ele>
        <time>2026-08-11T10:54:26.492Z</time>
      </trkpt>
      <trkpt lat="46.432209" lon="13.934656">
        <ele>781.814309</ele>
        <time>2026-08-11T10:54:29.869Z</time>
      </trkpt>
      <trkpt lat="46.432144" lon="13.934798">
        <ele>780.406992</ele>
        <time>2026-08-11T10:54:30.855Z</time>
      </trkpt>
      <trkpt lat="46.431938" lon="13.935019">
        <ele>777.338153</ele>
        <time>2026-08-11T10:54:33.020Z</time>
      </trkpt>
      <trkpt lat="46.431878" lon="13.935177">
        <ele>775.848847</ele>
        <time>2026-08-11T10:54:34.084Z</time>
      </trkpt>
      <trkpt lat="46.431790" lon="13.935522">
        <ele>772.811803</ele>
        <time>2026-08-11T10:54:36.265Z</time>
      </trkpt>
      <trkpt lat="46.431761" lon="13.935774">
        <ele>770.702543</ele>
        <time>2026-08-11T10:54:37.805Z</time>
      </trkpt>
      <trkpt lat="46.431666" lon="13.936686">
        <ele>766.359722</ele>
        <time>2026-08-11T10:54:43.560Z</time>
      </trkpt>
      <trkpt lat="46.431693" lon="13.937065">
        <ele>765.088852</ele>
        <time>2026-08-11T10:54:46.044Z</time>
      </trkpt>
      <trkpt lat="46.431758" lon="13.937295">
        <ele>764.259711</ele>
        <time>2026-08-11T10:54:47.728Z</time>
      </trkpt>
      <trkpt lat="46.431846" lon="13.937610">
        <ele>763.126017</ele>
        <time>2026-08-11T10:54:50.052Z</time>
      </trkpt>
      <trkpt lat="46.431923" lon="13.938037">
        <ele>761.653844</ele>
        <time>2026-08-11T10:54:53.083Z</time>
      </trkpt>
      <trkpt lat="46.431968" lon="13.938465">
        <ele>760.209763</ele>
        <time>2026-08-11T10:54:56.067Z</time>
      </trkpt>
      <trkpt lat="46.432084" lon="13.939560">
        <ele>757.422554</ele>
        <time>2026-08-11T10:55:03.734Z</time>
      </trkpt>
      <trkpt lat="46.432054" lon="13.939987">
        <ele>756.377959</ele>
        <time>2026-08-11T10:55:06.639Z</time>
      </trkpt>
      <trkpt lat="46.431978" lon="13.940153">
        <ele>755.892944</ele>
        <time>2026-08-11T10:55:07.995Z</time>
      </trkpt>
      <trkpt lat="46.431812" lon="13.940297">
        <ele>755.209990</ele>
        <time>2026-08-11T10:55:09.909Z</time>
      </trkpt>
      <trkpt lat="46.431697" lon="13.940719">
        <ele>754.105576</ele>
        <time>2026-08-11T10:55:13.009Z</time>
      </trkpt>
      <trkpt lat="46.431686" lon="13.940759">
        <ele>754.000762</ele>
        <time>2026-08-11T10:55:13.300Z</time>
      </trkpt>
      <trkpt lat="46.431494" lon="13.941787">
        <ele>752.155476</ele>
        <time>2026-08-11T10:55:20.673Z</time>
      </trkpt>
      <trkpt lat="46.431389" lon="13.942756">
        <ele>750.611864</ele>
        <time>2026-08-11T10:55:27.946Z</time>
      </trkpt>
      <trkpt lat="46.431348" lon="13.942934">
        <ele>750.316522</ele>
        <time>2026-08-11T10:55:29.425Z</time>
      </trkpt>
      <trkpt lat="46.430959" lon="13.943921">
        <ele>749.232676</ele>
        <time>2026-08-11T10:55:39.050Z</time>
      </trkpt>
      <trkpt lat="46.430676" lon="13.944933">
        <ele>748.879385</ele>
        <time>2026-08-11T10:55:49.315Z</time>
      </trkpt>
      <trkpt lat="46.430452" lon="13.945417">
        <ele>748.690793</ele>
        <time>2026-08-11T10:55:54.618Z</time>
      </trkpt>
      <trkpt lat="46.430347" lon="13.945593">
        <ele>748.615492</ele>
        <time>2026-08-11T10:55:56.715Z</time>
      </trkpt>
      <trkpt lat="46.430256" lon="13.945725">
        <ele>748.617157</ele>
        <time>2026-08-11T10:55:58.374Z</time>
      </trkpt>
      <trkpt lat="46.429696" lon="13.946585">
        <ele>749.727531</ele>
        <time>2026-08-11T10:56:12.394Z</time>
      </trkpt>
      <trkpt lat="46.429394" lon="13.946850">
        <ele>750.208120</ele>
        <time>2026-08-11T10:56:21.027Z</time>
      </trkpt>
      <trkpt lat="46.428269" lon="13.947685">
        <ele>750.333048</ele>
        <time>2026-08-11T10:56:52.120Z</time>
      </trkpt>
      <trkpt lat="46.428165" lon="13.947813">
        <ele>750.192614</ele>
        <time>2026-08-11T10:56:53.949Z</time>
      </trkpt>
      <trkpt lat="46.428196" lon="13.948019">
        <ele>750.042961</ele>
        <time>2026-08-11T10:56:55.679Z</time>
      </trkpt>
      <trkpt lat="46.428439" lon="13.948513">
        <ele>749.612214</ele>
        <time>2026-08-11T10:57:00.035Z</time>
      </trkpt>
      <trkpt lat="46.428590" lon="13.948932">
        <ele>749.276634</ele>
        <time>2026-08-11T10:57:03.157Z</time>
      </trkpt>
      <trkpt lat="46.428878" lon="13.950092">
        <ele>748.117109</ele>
        <time>2026-08-11T10:57:11.161Z</time>
      </trkpt>
      <trkpt lat="46.429002" lon="13.950745">
        <ele>747.457996</ele>
        <time>2026-08-11T10:57:16.616Z</time>
      </trkpt>
      <trkpt lat="46.429003" lon="13.951318">
        <ele>746.900404</ele>
        <time>2026-08-11T10:57:23.380Z</time>
      </trkpt>
      <trkpt lat="46.428895" lon="13.953597">
        <ele>751.925814</ele>
        <time>2026-08-11T10:58:15.035Z</time>
      </trkpt>
      <trkpt lat="46.428835" lon="13.953911">
        <ele>752.786603</ele>
        <time>2026-08-11T10:58:23.134Z</time>
      </trkpt>
      <trkpt lat="46.428720" lon="13.954256">
        <ele>753.338465</ele>
        <time>2026-08-11T10:58:31.214Z</time>
      </trkpt>
      <trkpt lat="46.428706" lon="13.954573">
        <ele>752.780310</ele>
        <time>2026-08-11T10:58:36.643Z</time>
      </trkpt>
      <trkpt lat="46.428777" lon="13.954935">
        <ele>752.118974</ele>
        <time>2026-08-11T10:58:41.301Z</time>
      </trkpt>
      <trkpt lat="46.428989" lon="13.955287">
        <ele>751.297603</ele>
        <time>2026-08-11T10:58:45.193Z</time>
      </trkpt>
      <trkpt lat="46.429117" lon="13.955554">
        <ele>750.726127</ele>
        <time>2026-08-11T10:58:47.463Z</time>
      </trkpt>
      <trkpt lat="46.429173" lon="13.955770">
        <ele>750.320626</ele>
        <time>2026-08-11T10:58:48.970Z</time>
      </trkpt>
      <trkpt lat="46.429254" lon="13.956336">
        <ele>749.304883</ele>
        <time>2026-08-11T10:58:52.546Z</time>
      </trkpt>
      <trkpt lat="46.429479" lon="13.957010">
        <ele>746.446050</ele>
        <time>2026-08-11T10:58:57.046Z</time>
      </trkpt>
      <trkpt lat="46.429525" lon="13.957428">
        <ele>744.491855</ele>
        <time>2026-08-11T10:58:59.590Z</time>
      </trkpt>
      <trkpt lat="46.429648" lon="13.957800">
        <ele>742.587081</ele>
        <time>2026-08-11T10:59:02.098Z</time>
      </trkpt>
      <trkpt lat="46.429921" lon="13.958378">
        <ele>739.352263</ele>
        <time>2026-08-11T10:59:06.436Z</time>
      </trkpt>
      <trkpt lat="46.430241" lon="13.959733">
        <ele>736.680766</ele>
        <time>2026-08-11T10:59:16.398Z</time>
      </trkpt>
      <trkpt lat="46.430311" lon="13.960028">
        <ele>736.608273</ele>
        <time>2026-08-11T10:59:20.277Z</time>
      </trkpt>
      <trkpt lat="46.430348" lon="13.960589">
        <ele>736.477328</ele>
        <time>2026-08-11T10:59:28.714Z</time>
      </trkpt>
      <trkpt lat="46.430308" lon="13.961638">
        <ele>736.153731</ele>
        <time>2026-08-11T10:59:44.640Z</time>
      </trkpt>
      <trkpt lat="46.430338" lon="13.962053">
        <ele>735.902826</ele>
        <time>2026-08-11T10:59:51.244Z</time>
      </trkpt>
      <trkpt lat="46.430298" lon="13.962350">
        <ele>735.720865</ele>
        <time>2026-08-11T10:59:55.133Z</time>
      </trkpt>
      <trkpt lat="46.430032" lon="13.963220">
        <ele>735.148578</ele>
        <time>2026-08-11T11:00:03.796Z</time>
      </trkpt>
      <trkpt lat="46.429585" lon="13.964295">
        <ele>732.877296</ele>
        <time>2026-08-11T11:00:12.196Z</time>
      </trkpt>
      <trkpt lat="46.429530" lon="13.964571">
        <ele>731.887120</ele>
        <time>2026-08-11T11:00:14.064Z</time>
      </trkpt>
      <trkpt lat="46.429531" lon="13.965602">
        <ele>728.333836</ele>
        <time>2026-08-11T11:00:20.695Z</time>
      </trkpt>
      <trkpt lat="46.429353" lon="13.966560">
        <ele>725.060038</ele>
        <time>2026-08-11T11:00:26.973Z</time>
      </trkpt>
      <trkpt lat="46.429084" lon="13.967408">
        <ele>722.424524</ele>
        <time>2026-08-11T11:00:33.072Z</time>
      </trkpt>
      <trkpt lat="46.428900" lon="13.967868">
        <ele>720.922964</ele>
        <time>2026-08-11T11:00:36.608Z</time>
      </trkpt>
      <trkpt lat="46.428614" lon="13.968381">
        <ele>719.060143</ele>
        <time>2026-08-11T11:00:41.133Z</time>
      </trkpt>
      <trkpt lat="46.428384" lon="13.968736">
        <ele>718.282370</ele>
        <time>2026-08-11T11:00:44.618Z</time>
      </trkpt>
      <trkpt lat="46.427331" lon="13.970047">
        <ele>717.682608</ele>
        <time>2026-08-11T11:01:05.761Z</time>
      </trkpt>
      <trkpt lat="46.427064" lon="13.970519">
        <ele>717.341454</ele>
        <time>2026-08-11T11:01:13.211Z</time>
      </trkpt>
      <trkpt lat="46.426853" lon="13.970995">
        <ele>716.813692</ele>
        <time>2026-08-11T11:01:18.834Z</time>
      </trkpt>
      <trkpt lat="46.426653" lon="13.971277">
        <ele>716.436365</ele>
        <time>2026-08-11T11:01:22.267Z</time>
      </trkpt>
      <trkpt lat="46.426395" lon="13.971551">
        <ele>716.003778</ele>
        <time>2026-08-11T11:01:25.856Z</time>
      </trkpt>
      <trkpt lat="46.426113" lon="13.971791">
        <ele>715.561448</ele>
        <time>2026-08-11T11:01:29.319Z</time>
      </trkpt>
      <trkpt lat="46.425559" lon="13.972204">
        <ele>714.359788</ele>
        <time>2026-08-11T11:01:35.720Z</time>
      </trkpt>
      <trkpt lat="46.423176" lon="13.973828">
        <ele>707.514469</ele>
        <time>2026-08-11T11:02:03.740Z</time>
      </trkpt>
      <trkpt lat="46.422897" lon="13.974077">
        <ele>706.620541</ele>
        <time>2026-08-11T11:02:07.099Z</time>
      </trkpt>
      <trkpt lat="46.422537" lon="13.974523">
        <ele>705.289343</ele>
        <time>2026-08-11T11:02:11.847Z</time>
      </trkpt>
      <trkpt lat="46.422061" lon="13.975214">
        <ele>703.274627</ele>
        <time>2026-08-11T11:02:18.521Z</time>
      </trkpt>
      <trkpt lat="46.420808" lon="13.977168">
        <ele>700.134672</ele>
        <time>2026-08-11T11:02:37.877Z</time>
      </trkpt>
      <trkpt lat="46.420330" lon="13.977872">
        <ele>699.960950</ele>
        <time>2026-08-11T11:02:49.942Z</time>
      </trkpt>
      <trkpt lat="46.419672" lon="13.979001">
        <ele>702.759248</ele>
        <time>2026-08-11T11:03:20.020Z</time>
      </trkpt>
      <trkpt lat="46.419235" lon="13.980899">
        <ele>707.014200</ele>
        <time>2026-08-11T11:04:04.862Z</time>
      </trkpt>
      <trkpt lat="46.418917" lon="13.982018">
        <ele>707.956268</ele>
        <time>2026-08-11T11:04:18.692Z</time>
      </trkpt>
      <trkpt lat="46.418757" lon="13.982548">
        <ele>708.406612</ele>
        <time>2026-08-11T11:04:24.009Z</time>
      </trkpt>
      <trkpt lat="46.418604" lon="13.983388">
        <ele>708.356037</ele>
        <time>2026-08-11T11:04:32.898Z</time>
      </trkpt>
      <trkpt lat="46.418490" lon="13.983570">
        <ele>708.223116</ele>
        <time>2026-08-11T11:04:35.260Z</time>
      </trkpt>
      <trkpt lat="46.418388" lon="13.984141">
        <ele>707.904274</ele>
        <time>2026-08-11T11:04:41.746Z</time>
      </trkpt>
      <trkpt lat="46.418215" lon="13.984763">
        <ele>707.541724</ele>
        <time>2026-08-11T11:04:48.341Z</time>
      </trkpt>
      <trkpt lat="46.417834" lon="13.986352">
        <ele>705.146128</ele>
        <time>2026-08-11T11:05:00.220Z</time>
      </trkpt>
      <trkpt lat="46.417703" lon="13.987296">
        <ele>703.360128</ele>
        <time>2026-08-11T11:05:07.127Z</time>
      </trkpt>
      <trkpt lat="46.417702" lon="13.987442">
        <ele>703.089322</ele>
        <time>2026-08-11T11:05:08.220Z</time>
      </trkpt>
      <trkpt lat="46.417468" lon="13.988555">
        <ele>700.904505</ele>
        <time>2026-08-11T11:05:16.615Z</time>
      </trkpt>
      <trkpt lat="46.417327" lon="13.988979">
        <ele>700.015604</ele>
        <time>2026-08-11T11:05:19.950Z</time>
      </trkpt>
      <trkpt lat="46.416912" lon="13.989647">
        <ele>698.317637</ele>
        <time>2026-08-11T11:05:26.355Z</time>
      </trkpt>
      <trkpt lat="46.416700" lon="13.989956">
        <ele>697.494460</ele>
        <time>2026-08-11T11:05:29.387Z</time>
      </trkpt>
      <trkpt lat="46.416611" lon="13.990039">
        <ele>697.302406</ele>
        <time>2026-08-11T11:05:30.465Z</time>
      </trkpt>
      <trkpt lat="46.416443" lon="13.990155">
        <ele>696.974970</ele>
        <time>2026-08-11T11:05:32.364Z</time>
      </trkpt>
      <trkpt lat="46.415348" lon="13.990721">
        <ele>694.929279</ele>
        <time>2026-08-11T11:05:46.350Z</time>
      </trkpt>
      <trkpt lat="46.415065" lon="13.990985">
        <ele>694.337145</ele>
        <time>2026-08-11T11:05:50.287Z</time>
      </trkpt>
      <trkpt lat="46.414801" lon="13.991277">
        <ele>693.235661</ele>
        <time>2026-08-11T11:05:53.921Z</time>
      </trkpt>
      <trkpt lat="46.414406" lon="13.991836">
        <ele>691.367369</ele>
        <time>2026-08-11T11:05:59.555Z</time>
      </trkpt>
      <trkpt lat="46.413797" lon="13.992510">
        <ele>688.774014</ele>
        <time>2026-08-11T11:06:06.931Z</time>
      </trkpt>
      <trkpt lat="46.413534" lon="13.992865">
        <ele>687.557677</ele>
        <time>2026-08-11T11:06:10.375Z</time>
      </trkpt>
      <trkpt lat="46.413193" lon="13.993459">
        <ele>685.753362</ele>
        <time>2026-08-11T11:06:15.583Z</time>
      </trkpt>
      <trkpt lat="46.413052" lon="13.993661">
        <ele>685.082361</ele>
        <time>2026-08-11T11:06:17.555Z</time>
      </trkpt>
      <trkpt lat="46.412726" lon="13.993967">
        <ele>683.767637</ele>
        <time>2026-08-11T11:06:21.451Z</time>
      </trkpt>
      <trkpt lat="46.412317" lon="13.994238">
        <ele>682.245212</ele>
        <time>2026-08-11T11:06:26.109Z</time>
      </trkpt>
      <trkpt lat="46.411944" lon="13.994548">
        <ele>681.692417</ele>
        <time>2026-08-11T11:06:31.054Z</time>
      </trkpt>
      <trkpt lat="46.411575" lon="13.994936">
        <ele>681.185601</ele>
        <time>2026-08-11T11:06:36.540Z</time>
      </trkpt>
      <trkpt lat="46.411333" lon="13.995246">
        <ele>680.826563</ele>
        <time>2026-08-11T11:06:40.507Z</time>
      </trkpt>
      <trkpt lat="46.411148" lon="13.995522">
        <ele>680.531437</ele>
        <time>2026-08-11T11:06:43.911Z</time>
      </trkpt>
      <trkpt lat="46.411058" lon="13.995627">
        <ele>680.402996</ele>
        <time>2026-08-11T11:06:45.393Z</time>
      </trkpt>
      <trkpt lat="46.410944" lon="13.995745">
        <ele>680.247255</ele>
        <time>2026-08-11T11:06:47.250Z</time>
      </trkpt>
      <trkpt lat="46.410781" lon="13.995851">
        <ele>680.124719</ele>
        <time>2026-08-11T11:06:49.745Z</time>
      </trkpt>
      <trkpt lat="46.409490" lon="13.996381">
        <ele>679.965531</ele>
        <time>2026-08-11T11:07:09.292Z</time>
      </trkpt>
      <trkpt lat="46.409318" lon="13.996502">
        <ele>679.942850</ele>
        <time>2026-08-11T11:07:12.288Z</time>
      </trkpt>
      <trkpt lat="46.409184" lon="13.996655">
        <ele>679.922616</ele>
        <time>2026-08-11T11:07:14.864Z</time>
      </trkpt>
      <trkpt lat="46.408896" lon="13.997228">
        <ele>679.598147</ele>
        <time>2026-08-11T11:07:21.851Z</time>
      </trkpt>
      <trkpt lat="46.408770" lon="13.997385">
        <ele>679.484324</ele>
        <time>2026-08-11T11:07:24.121Z</time>
      </trkpt>
      <trkpt lat="46.408392" lon="13.997667">
        <ele>679.193060</ele>
        <time>2026-08-11T11:07:29.605Z</time>
      </trkpt>
      <trkpt lat="46.407022" lon="13.998626">
        <ele>679.329522</ele>
        <time>2026-08-11T11:07:47.671Z</time>
      </trkpt>
      <trkpt lat="46.406308" lon="13.999094">
        <ele>679.970602</ele>
        <time>2026-08-11T11:08:06.094Z</time>
      </trkpt>
      <trkpt lat="46.405806" lon="13.999353">
        <ele>680.592503</ele>
        <time>2026-08-11T11:08:20.654Z</time>
      </trkpt>
      <trkpt lat="46.405598" lon="13.999526">
        <ele>680.936418</ele>
        <time>2026-08-11T11:08:27.227Z</time>
      </trkpt>
      <trkpt lat="46.403959" lon="14.001523">
        <ele>682.159203</ele>
        <time>2026-08-11T11:09:05.017Z</time>
      </trkpt>
      <trkpt lat="46.403526" lon="14.001905">
        <ele>681.826437</ele>
        <time>2026-08-11T11:09:10.928Z</time>
      </trkpt>
      <trkpt lat="46.403191" lon="14.002107">
        <ele>681.588233</ele>
        <time>2026-08-11T11:09:14.862Z</time>
      </trkpt>
      <trkpt lat="46.402942" lon="14.002130">
        <ele>681.128205</ele>
        <time>2026-08-11T11:09:17.466Z</time>
      </trkpt>
      <trkpt lat="46.402813" lon="14.002079">
        <ele>680.846417</ele>
        <time>2026-08-11T11:09:18.845Z</time>
      </trkpt>
      <trkpt lat="46.402672" lon="14.001988">
        <ele>680.521161</ele>
        <time>2026-08-11T11:09:20.424Z</time>
      </trkpt>
      <trkpt lat="46.401954" lon="14.001366">
        <ele>678.758540</ele>
        <time>2026-08-11T11:09:29.207Z</time>
      </trkpt>
      <trkpt lat="46.401712" lon="14.001226">
        <ele>678.209441</ele>
        <time>2026-08-11T11:09:32.070Z</time>
      </trkpt>
      <trkpt lat="46.401182" lon="14.001299">
        <ele>677.658000</ele>
        <time>2026-08-11T11:09:38.667Z</time>
      </trkpt>
      <trkpt lat="46.400663" lon="14.001268">
        <ele>677.481272</ele>
        <time>2026-08-11T11:09:46.936Z</time>
      </trkpt>
      <trkpt lat="46.400409" lon="14.001172">
        <ele>677.391967</ele>
        <time>2026-08-11T11:09:51.380Z</time>
      </trkpt>
      <trkpt lat="46.400222" lon="14.001011">
        <ele>677.317975</ele>
        <time>2026-08-11T11:09:54.949Z</time>
      </trkpt>
      <trkpt lat="46.400068" lon="14.000962">
        <ele>677.264333</ele>
        <time>2026-08-11T11:09:57.470Z</time>
      </trkpt>
      <trkpt lat="46.398502" lon="14.001105">
        <ele>675.673599</ele>
        <time>2026-08-11T11:10:16.853Z</time>
      </trkpt>
      <trkpt lat="46.398219" lon="14.001201">
        <ele>675.329050</ele>
        <time>2026-08-11T11:10:19.932Z</time>
      </trkpt>
      <trkpt lat="46.397985" lon="14.001335">
        <ele>675.030798</ele>
        <time>2026-08-11T11:10:22.594Z</time>
      </trkpt>
      <trkpt lat="46.397817" lon="14.001464">
        <ele>675.121761</ele>
        <time>2026-08-11T11:10:24.669Z</time>
      </trkpt>
      <trkpt lat="46.397222" lon="14.002073">
        <ele>675.510036</ele>
        <time>2026-08-11T11:10:34.253Z</time>
      </trkpt>
      <trkpt lat="46.397053" lon="14.002251">
        <ele>675.621395</ele>
        <time>2026-08-11T11:10:38.233Z</time>
      </trkpt>
      <trkpt lat="46.396970" lon="14.002400">
        <ele>675.691817</ele>
        <time>2026-08-11T11:10:41.030Z</time>
      </trkpt>
      <trkpt lat="46.396849" lon="14.002881">
        <ele>675.880066</ele>
        <time>2026-08-11T11:10:49.521Z</time>
      </trkpt>
      <trkpt lat="46.396778" lon="14.003319">
        <ele>676.185971</ele>
        <time>2026-08-11T11:10:57.933Z</time>
      </trkpt>
      <trkpt lat="46.396308" lon="14.004495">
        <ele>677.800728</ele>
        <time>2026-08-11T11:11:23.779Z</time>
      </trkpt>
      <trkpt lat="46.396047" lon="14.005216">
        <ele>678.768127</ele>
        <time>2026-08-11T11:11:33.813Z</time>
      </trkpt>
      <trkpt lat="46.395875" lon="14.005483">
        <ele>678.934357</ele>
        <time>2026-08-11T11:11:37.133Z</time>
      </trkpt>
      <trkpt lat="46.395517" lon="14.005949">
        <ele>677.932884</ele>
        <time>2026-08-11T11:11:42.647Z</time>
      </trkpt>
      <trkpt lat="46.395426" lon="14.006156">
        <ele>677.580463</ele>
        <time>2026-08-11T11:11:44.445Z</time>
      </trkpt>
      <trkpt lat="46.395318" lon="14.006607">
        <ele>676.895058</ele>
        <time>2026-08-11T11:11:47.842Z</time>
      </trkpt>
      <trkpt lat="46.395013" lon="14.007627">
        <ele>675.303126</ele>
        <time>2026-08-11T11:11:55.719Z</time>
      </trkpt>
      <trkpt lat="46.394976" lon="14.007906">
        <ele>674.940150</ele>
        <time>2026-08-11T11:11:57.799Z</time>
      </trkpt>
      <trkpt lat="46.394868" lon="14.009548">
        <ele>672.832835</ele>
        <time>2026-08-11T11:12:10.649Z</time>
      </trkpt>
      <trkpt lat="46.394788" lon="14.010032">
        <ele>672.196971</ele>
        <time>2026-08-11T11:12:14.533Z</time>
      </trkpt>
      <trkpt lat="46.394738" lon="14.010538">
        <ele>672.004409</ele>
        <time>2026-08-11T11:12:18.385Z</time>
      </trkpt>
      <trkpt lat="46.394723" lon="14.012098">
        <ele>672.002190</ele>
        <time>2026-08-11T11:12:32.237Z</time>
      </trkpt>
      <trkpt lat="46.394595" lon="14.013222">
        <ele>672.708446</ele>
        <time>2026-08-11T11:12:50.957Z</time>
      </trkpt>
      <trkpt lat="46.394515" lon="14.014150">
        <ele>674.170790</ele>
        <time>2026-08-11T11:13:09.526Z</time>
      </trkpt>
      <trkpt lat="46.394480" lon="14.015173">
        <ele>675.772357</ele>
        <time>2026-08-11T11:13:26.382Z</time>
      </trkpt>
      <trkpt lat="46.394360" lon="14.015866">
        <ele>675.906646</ele>
        <time>2026-08-11T11:13:35.303Z</time>
      </trkpt>
      <trkpt lat="46.394267" lon="14.016716">
        <ele>675.620458</ele>
        <time>2026-08-11T11:13:43.384Z</time>
      </trkpt>
      <trkpt lat="46.394098" lon="14.017193">
        <ele>675.442134</ele>
        <time>2026-08-11T11:13:47.738Z</time>
      </trkpt>
      <trkpt lat="46.393930" lon="14.017501">
        <ele>675.311554</ele>
        <time>2026-08-11T11:13:50.841Z</time>
      </trkpt>
      <trkpt lat="46.393521" lon="14.017937">
        <ele>674.601031</ele>
        <time>2026-08-11T11:13:56.590Z</time>
      </trkpt>
      <trkpt lat="46.393344" lon="14.018169">
        <ele>674.116506</ele>
        <time>2026-08-11T11:13:59.304Z</time>
      </trkpt>
      <trkpt lat="46.392931" lon="14.019169">
        <ele>672.484049</ele>
        <time>2026-08-11T11:14:08.208Z</time>
      </trkpt>
      <trkpt lat="46.392584" lon="14.019834">
        <ele>671.163441</ele>
        <time>2026-08-11T11:14:14.333Z</time>
      </trkpt>
      <trkpt lat="46.392416" lon="14.020062">
        <ele>670.402769</ele>
        <time>2026-08-11T11:14:16.707Z</time>
      </trkpt>
      <trkpt lat="46.391747" lon="14.021224">
        <ele>666.951785</ele>
        <time>2026-08-11T11:14:27.122Z</time>
      </trkpt>
      <trkpt lat="46.391509" lon="14.021685">
        <ele>665.638892</ele>
        <time>2026-08-11T11:14:31.042Z</time>
      </trkpt>
      <trkpt lat="46.390805" lon="14.023231">
        <ele>661.338854</ele>
        <time>2026-08-11T11:14:43.764Z</time>
      </trkpt>
      <trkpt lat="46.390162" lon="14.024387">
        <ele>658.286294</ele>
        <time>2026-08-11T11:14:54.263Z</time>
      </trkpt>
      <trkpt lat="46.390089" lon="14.024494">
        <ele>658.019594</ele>
        <time>2026-08-11T11:14:55.385Z</time>
      </trkpt>
      <trkpt lat="46.389978" lon="14.024570">
        <ele>657.704210</ele>
        <time>2026-08-11T11:14:56.719Z</time>
      </trkpt>
      <trkpt lat="46.389686" lon="14.024661">
        <ele>656.936867</ele>
        <time>2026-08-11T11:14:59.942Z</time>
      </trkpt>
      <trkpt lat="46.389553" lon="14.024772">
        <ele>656.542590</ele>
        <time>2026-08-11T11:15:01.571Z</time>
      </trkpt>
      <trkpt lat="46.389492" lon="14.024845">
        <ele>656.339374</ele>
        <time>2026-08-11T11:15:02.409Z</time>
      </trkpt>
      <trkpt lat="46.389195" lon="14.025460">
        <ele>655.008950</ele>
        <time>2026-08-11T11:15:07.770Z</time>
      </trkpt>
      <trkpt lat="46.388680" lon="14.026029">
        <ele>654.045911</ele>
        <time>2026-08-11T11:15:14.812Z</time>
      </trkpt>
      <trkpt lat="46.388574" lon="14.026221">
        <ele>653.801663</ele>
        <time>2026-08-11T11:15:16.849Z</time>
      </trkpt>
      <trkpt lat="46.388501" lon="14.026385">
        <ele>653.607811</ele>
        <time>2026-08-11T11:15:18.551Z</time>
      </trkpt>
      <trkpt lat="46.388446" lon="14.026612">
        <ele>653.368856</ele>
        <time>2026-08-11T11:15:20.745Z</time>
      </trkpt>
      <trkpt lat="46.388426" lon="14.027082">
        <ele>652.901176</ele>
        <time>2026-08-11T11:15:25.418Z</time>
      </trkpt>
      <trkpt lat="46.388365" lon="14.027476">
        <ele>652.500128</ele>
        <time>2026-08-11T11:15:29.466Z</time>
      </trkpt>
      <trkpt lat="46.388179" lon="14.027838">
        <ele>651.521172</ele>
        <time>2026-08-11T11:15:33.055Z</time>
      </trkpt>
      <trkpt lat="46.387943" lon="14.028120">
        <ele>650.295209</ele>
        <time>2026-08-11T11:15:36.152Z</time>
      </trkpt>
      <trkpt lat="46.387523" lon="14.028411">
        <ele>648.429189</ele>
        <time>2026-08-11T11:15:40.635Z</time>
      </trkpt>
      <trkpt lat="46.387019" lon="14.028591">
        <ele>646.348434</ele>
        <time>2026-08-11T11:15:45.469Z</time>
      </trkpt>
      <trkpt lat="46.386898" lon="14.028685">
        <ele>645.798138</ele>
        <time>2026-08-11T11:15:46.738Z</time>
      </trkpt>
      <trkpt lat="46.386811" lon="14.028817">
        <ele>645.293313</ele>
        <time>2026-08-11T11:15:47.898Z</time>
      </trkpt>
      <trkpt lat="46.386734" lon="14.029031">
        <ele>644.677791</ele>
        <time>2026-08-11T11:15:49.426Z</time>
      </trkpt>
      <trkpt lat="46.386452" lon="14.029925">
        <ele>642.234323</ele>
        <time>2026-08-11T11:15:55.924Z</time>
      </trkpt>
      <trkpt lat="46.386323" lon="14.030163">
        <ele>641.481962</ele>
        <time>2026-08-11T11:15:58.197Z</time>
      </trkpt>
      <trkpt lat="46.386178" lon="14.030369">
        <ele>640.750393</ele>
        <time>2026-08-11T11:16:00.408Z</time>
      </trkpt>
      <trkpt lat="46.385920" lon="14.030584">
        <ele>639.678049</ele>
        <time>2026-08-11T11:16:03.613Z</time>
      </trkpt>
      <trkpt lat="46.385481" lon="14.030964">
        <ele>637.878771</ele>
        <time>2026-08-11T11:16:08.912Z</time>
      </trkpt>
      <trkpt lat="46.385464" lon="14.030983">
        <ele>637.805482</ele>
        <time>2026-08-11T11:16:09.122Z</time>
      </trkpt>
      <trkpt lat="46.385166" lon="14.031335">
        <ele>636.493058</ele>
        <time>2026-08-11T11:16:12.955Z</time>
      </trkpt>
      <trkpt lat="46.385064" lon="14.031496">
        <ele>635.978219</ele>
        <time>2026-08-11T11:16:14.452Z</time>
      </trkpt>
      <trkpt lat="46.384936" lon="14.032212">
        <ele>634.236206</ele>
        <time>2026-08-11T11:16:19.462Z</time>
      </trkpt>
      <trkpt lat="46.384813" lon="14.032649">
        <ele>633.124614</ele>
        <time>2026-08-11T11:16:22.679Z</time>
      </trkpt>
      <trkpt lat="46.384771" lon="14.032925">
        <ele>632.480837</ele>
        <time>2026-08-11T11:16:24.630Z</time>
      </trkpt>
      <trkpt lat="46.384757" lon="14.033512">
        <ele>631.620560</ele>
        <time>2026-08-11T11:16:28.726Z</time>
      </trkpt>
      <trkpt lat="46.384789" lon="14.034406">
        <ele>630.309380</ele>
        <time>2026-08-11T11:16:35.245Z</time>
      </trkpt>
      <trkpt lat="46.384777" lon="14.034754">
        <ele>629.799037</ele>
        <time>2026-08-11T11:16:37.940Z</time>
      </trkpt>
      <trkpt lat="46.384706" lon="14.035223">
        <ele>629.095756</ele>
        <time>2026-08-11T11:16:41.867Z</time>
      </trkpt>
      <trkpt lat="46.384705" lon="14.035431">
        <ele>628.791097</ele>
        <time>2026-08-11T11:16:43.668Z</time>
      </trkpt>
      <trkpt lat="46.384727" lon="14.035570">
        <ele>628.676864</ele>
        <time>2026-08-11T11:16:44.943Z</time>
      </trkpt>
      <trkpt lat="46.384805" lon="14.035810">
        <ele>628.606536</ele>
        <time>2026-08-11T11:16:47.410Z</time>
      </trkpt>
      <trkpt lat="46.385361" lon="14.037182">
        <ele>628.184720</ele>
        <time>2026-08-11T11:17:03.413Z</time>
      </trkpt>
      <trkpt lat="46.385401" lon="14.037391">
        <ele>628.127224</ele>
        <time>2026-08-11T11:17:05.460Z</time>
      </trkpt>
      <trkpt lat="46.385388" lon="14.037609">
        <ele>628.069220</ele>
        <time>2026-08-11T11:17:07.488Z</time>
      </trkpt>
      <trkpt lat="46.385344" lon="14.037789">
        <ele>628.018598</ele>
        <time>2026-08-11T11:17:09.224Z</time>
      </trkpt>
      <trkpt lat="46.385251" lon="14.038009">
        <ele>627.903071</ele>
        <time>2026-08-11T11:17:11.544Z</time>
      </trkpt>
      <trkpt lat="46.384790" lon="14.038794">
        <ele>627.401342</ele>
        <time>2026-08-11T11:17:20.493Z</time>
      </trkpt>
      <trkpt lat="46.384464" lon="14.039468">
        <ele>627.000726</ele>
        <time>2026-08-11T11:17:27.617Z</time>
      </trkpt>
      <trkpt lat="46.384248" lon="14.039997">
        <ele>626.688738</ele>
        <time>2026-08-11T11:17:33.050Z</time>
      </trkpt>
      <trkpt lat="46.384169" lon="14.040336">
        <ele>626.452703</ele>
        <time>2026-08-11T11:17:36.206Z</time>
      </trkpt>
      <trkpt lat="46.384116" lon="14.040866">
        <ele>626.099438</ele>
        <time>2026-08-11T11:17:40.929Z</time>
      </trkpt>
      <trkpt lat="46.384019" lon="14.041351">
        <ele>625.766336</ele>
        <time>2026-08-11T11:17:45.334Z</time>
      </trkpt>
      <trkpt lat="46.383531" lon="14.042582">
        <ele>624.864634</ele>
        <time>2026-08-11T11:17:56.988Z</time>
      </trkpt>
      <trkpt lat="46.383275" lon="14.043168">
        <ele>624.491977</ele>
        <time>2026-08-11T11:18:02.492Z</time>
      </trkpt>
      <trkpt lat="46.382646" lon="14.044606">
        <ele>623.666730</ele>
        <time>2026-08-11T11:18:17.610Z</time>
      </trkpt>
      <trkpt lat="46.382543" lon="14.045002">
        <ele>623.952910</ele>
        <time>2026-08-11T11:18:22.140Z</time>
      </trkpt>
      <trkpt lat="46.382495" lon="14.045310">
        <ele>624.166430</ele>
        <time>2026-08-11T11:18:26.288Z</time>
      </trkpt>
      <trkpt lat="46.382446" lon="14.045624">
        <ele>624.384125</ele>
        <time>2026-08-11T11:18:31.184Z</time>
      </trkpt>
      <trkpt lat="46.382374" lon="14.045857">
        <ele>624.556767</ele>
        <time>2026-08-11T11:18:35.074Z</time>
      </trkpt>
      <trkpt lat="46.382164" lon="14.046332">
        <ele>624.938268</ele>
        <time>2026-08-11T11:18:44.005Z</time>
      </trkpt>
      <trkpt lat="46.382141" lon="14.046475">
        <ele>625.037560</ele>
        <time>2026-08-11T11:18:46.106Z</time>
      </trkpt>
      <trkpt lat="46.382133" lon="14.046840">
        <ele>625.284502</ele>
        <time>2026-08-11T11:18:51.119Z</time>
      </trkpt>
      <trkpt lat="46.382091" lon="14.047043">
        <ele>625.380209</ele>
        <time>2026-08-11T11:18:53.730Z</time>
      </trkpt>
      <trkpt lat="46.381888" lon="14.047608">
        <ele>625.382802</ele>
        <time>2026-08-11T11:19:00.756Z</time>
      </trkpt>
      <trkpt lat="46.381224" lon="14.048752">
        <ele>625.388890</ele>
        <time>2026-08-11T11:19:14.986Z</time>
      </trkpt>
      <trkpt lat="46.380597" lon="14.050059">
        <ele>624.595615</ele>
        <time>2026-08-11T11:19:29.941Z</time>
      </trkpt>
      <trkpt lat="46.380405" lon="14.050332">
        <ele>624.334659</ele>
        <time>2026-08-11T11:19:33.559Z</time>
      </trkpt>
      <trkpt lat="46.380180" lon="14.050562">
        <ele>624.067521</ele>
        <time>2026-08-11T11:19:36.957Z</time>
      </trkpt>
      <trkpt lat="46.379824" lon="14.050705">
        <ele>623.709083</ele>
        <time>2026-08-11T11:19:41.164Z</time>
      </trkpt>
      <trkpt lat="46.379668" lon="14.050802">
        <ele>623.366955</ele>
        <time>2026-08-11T11:19:42.983Z</time>
      </trkpt>
      <trkpt lat="46.379167" lon="14.051432">
        <ele>621.592522</ele>
        <time>2026-08-11T11:19:49.729Z</time>
      </trkpt>
      <trkpt lat="46.379041" lon="14.051635">
        <ele>621.088522</ele>
        <time>2026-08-11T11:19:51.604Z</time>
      </trkpt>
      <trkpt lat="46.378903" lon="14.051942">
        <ele>620.412226</ele>
        <time>2026-08-11T11:19:54.118Z</time>
      </trkpt>
      <trkpt lat="46.378555" lon="14.053349">
        <ele>619.523748</ele>
        <time>2026-08-11T11:20:05.027Z</time>
      </trkpt>
      <trkpt lat="46.378532" lon="14.054078">
        <ele>620.311954</ele>
        <time>2026-08-11T11:20:14.225Z</time>
      </trkpt>
      <trkpt lat="46.378483" lon="14.054146">
        <ele>620.418158</ele>
        <time>2026-08-11T11:20:15.571Z</time>
      </trkpt>
      <trkpt lat="46.378257" lon="14.054418">
        <ele>620.878050</ele>
        <time>2026-08-11T11:20:22.797Z</time>
      </trkpt>
      <trkpt lat="46.378140" lon="14.054547">
        <ele>621.108194</ele>
        <time>2026-08-11T11:20:27.278Z</time>
      </trkpt>
      <trkpt lat="46.378105" lon="14.054594">
        <ele>621.182891</ele>
        <time>2026-08-11T11:20:28.785Z</time>
      </trkpt>
      <trkpt lat="46.377906" lon="14.054830">
        <ele>621.585433</ele>
        <time>2026-08-11T11:20:38.058Z</time>
      </trkpt>
      <trkpt lat="46.377737" lon="14.055038">
        <ele>622.789911</ele>
        <time>2026-08-11T11:20:46.832Z</time>
      </trkpt>
      <trkpt lat="46.377655" lon="14.055124">
        <ele>623.427973</ele>
        <time>2026-08-11T11:20:51.070Z</time>
      </trkpt>
      <trkpt lat="46.377515" lon="14.055151">
        <ele>624.318324</ele>
        <time>2026-08-11T11:20:57.319Z</time>
      </trkpt>
      <trkpt lat="46.377340" lon="14.055074">
        <ele>625.471251</ele>
        <time>2026-08-11T11:21:05.285Z</time>
      </trkpt>
      <trkpt lat="46.377285" lon="14.055005">
        <ele>625.929810</ele>
        <time>2026-08-11T11:21:08.493Z</time>
      </trkpt>
      <trkpt lat="46.377153" lon="14.054893">
        <ele>626.894040</ele>
        <time>2026-08-11T11:21:14.953Z</time>
      </trkpt>
      <trkpt lat="46.376731" lon="14.054677">
        <ele>629.715370</ele>
        <time>2026-08-11T11:21:33.446Z</time>
      </trkpt>
      <trkpt lat="46.376233" lon="14.054674">
        <ele>632.854837</ele>
        <time>2026-08-11T11:21:55.201Z</time>
      </trkpt>
      <trkpt lat="46.376095" lon="14.054737">
        <ele>633.289224</ele>
        <time>2026-08-11T11:22:00.766Z</time>
      </trkpt>
      <trkpt lat="46.376009" lon="14.054875">
        <ele>633.601953</ele>
        <time>2026-08-11T11:22:05.312Z</time>
      </trkpt>
      <trkpt lat="46.375987" lon="14.054995">
        <ele>633.810758</ele>
        <time>2026-08-11T11:22:08.189Z</time>
      </trkpt>
      <trkpt lat="46.375995" lon="14.055194">
        <ele>634.145980</ele>
        <time>2026-08-11T11:22:12.557Z</time>
      </trkpt>
      <trkpt lat="46.376102" lon="14.055495">
        <ele>634.715406</ele>
        <time>2026-08-11T11:22:19.299Z</time>
      </trkpt>
      <trkpt lat="46.376549" lon="14.055847">
        <ele>635.955382</ele>
        <time>2026-08-11T11:22:30.373Z</time>
      </trkpt>
      <trkpt lat="46.376631" lon="14.055938">
        <ele>636.207112</ele>
        <time>2026-08-11T11:22:32.179Z</time>
      </trkpt>
      <trkpt lat="46.376748" lon="14.056123">
        <ele>636.629153</ele>
        <time>2026-08-11T11:22:34.920Z</time>
      </trkpt>
      <trkpt lat="46.376862" lon="14.056384">
        <ele>637.148632</ele>
        <time>2026-08-11T11:22:37.939Z</time>
      </trkpt>
      <trkpt lat="46.376930" lon="14.056604">
        <ele>637.336691</ele>
        <time>2026-08-11T11:22:40.035Z</time>
      </trkpt>
      <trkpt lat="46.376931" lon="14.056768">
        <ele>637.282733</ele>
        <time>2026-08-11T11:22:41.447Z</time>
      </trkpt>
      <trkpt lat="46.376987" lon="14.056921">
        <ele>637.225751</ele>
        <time>2026-08-11T11:22:42.916Z</time>
      </trkpt>
      <trkpt lat="46.377031" lon="14.057071">
        <ele>637.172126</ele>
        <time>2026-08-11T11:22:44.313Z</time>
      </trkpt>
      <trkpt lat="46.377160" lon="14.057615">
        <ele>636.982874</ele>
        <time>2026-08-11T11:22:49.367Z</time>
      </trkpt>
      <trkpt lat="46.377244" lon="14.058258">
        <ele>636.767569</ele>
        <time>2026-08-11T11:22:55.295Z</time>
      </trkpt>
      <trkpt lat="46.377294" lon="14.058637">
        <ele>636.640620</ele>
        <time>2026-08-11T11:22:59.081Z</time>
      </trkpt>
      <trkpt lat="46.377346" lon="14.058905">
        <ele>636.549028</ele>
        <time>2026-08-11T11:23:01.948Z</time>
      </trkpt>
      <trkpt lat="46.377446" lon="14.059161">
        <ele>636.389366</ele>
        <time>2026-08-11T11:23:04.805Z</time>
      </trkpt>
      <trkpt lat="46.377598" lon="14.059332">
        <ele>636.204992</ele>
        <time>2026-08-11T11:23:07.363Z</time>
      </trkpt>
      <trkpt lat="46.377826" lon="14.059466">
        <ele>635.969238</ele>
        <time>2026-08-11T11:23:10.440Z</time>
      </trkpt>
      <trkpt lat="46.378229" lon="14.059683">
        <ele>635.557285</ele>
        <time>2026-08-11T11:23:15.457Z</time>
      </trkpt>
      <trkpt lat="46.378379" lon="14.059786">
        <ele>635.398237</ele>
        <time>2026-08-11T11:23:17.314Z</time>
      </trkpt>
      <trkpt lat="46.378531" lon="14.059943">
        <ele>635.219389</ele>
        <time>2026-08-11T11:23:19.395Z</time>
      </trkpt>
      <trkpt lat="46.378767" lon="14.060288">
        <ele>634.898208</ele>
        <time>2026-08-11T11:23:23.278Z</time>
      </trkpt>
      <trkpt lat="46.379255" lon="14.060942">
        <ele>634.206458</ele>
        <time>2026-08-11T11:23:32.316Z</time>
      </trkpt>
      <trkpt lat="46.379532" lon="14.061296">
        <ele>633.815923</ele>
        <time>2026-08-11T11:23:37.798Z</time>
      </trkpt>
      <trkpt lat="46.379675" lon="14.061532">
        <ele>633.586758</ele>
        <time>2026-08-11T11:23:40.867Z</time>
      </trkpt>
      <trkpt lat="46.379894" lon="14.062017">
        <ele>633.163857</ele>
        <time>2026-08-11T11:23:46.106Z</time>
      </trkpt>
      <trkpt lat="46.380145" lon="14.063140">
        <ele>629.875727</ele>
        <time>2026-08-11T11:23:54.425Z</time>
      </trkpt>
      <trkpt lat="46.380285" lon="14.063869">
        <ele>627.038170</ele>
        <time>2026-08-11T11:23:59.143Z</time>
      </trkpt>
      <trkpt lat="46.380330" lon="14.064450">
        <ele>624.845844</ele>
        <time>2026-08-11T11:24:02.772Z</time>
      </trkpt>
      <trkpt lat="46.380345" lon="14.064671">
        <ele>624.013136</ele>
        <time>2026-08-11T11:24:04.145Z</time>
      </trkpt>
      <trkpt lat="46.380372" lon="14.065159">
        <ele>622.067278</ele>
        <time>2026-08-11T11:24:07.174Z</time>
      </trkpt>
      <trkpt lat="46.380383" lon="14.065640">
        <ele>620.050150</ele>
        <time>2026-08-11T11:24:10.181Z</time>
      </trkpt>
      <trkpt lat="46.380324" lon="14.066176">
        <ele>617.775189</ele>
        <time>2026-08-11T11:24:13.621Z</time>
      </trkpt>
      <trkpt lat="46.380246" lon="14.066717">
        <ele>615.458696</ele>
        <time>2026-08-11T11:24:17.219Z</time>
      </trkpt>
      <trkpt lat="46.380204" lon="14.067493">
        <ele>612.196235</ele>
        <time>2026-08-11T11:24:22.206Z</time>
      </trkpt>
      <trkpt lat="46.380212" lon="14.068375">
        <ele>607.361182</ele>
        <time>2026-08-11T11:24:27.682Z</time>
      </trkpt>
      <trkpt lat="46.380232" lon="14.068640">
        <ele>605.898843</ele>
        <time>2026-08-11T11:24:29.310Z</time>
      </trkpt>
      <trkpt lat="46.380207" lon="14.068858">
        <ele>604.686586</ele>
        <time>2026-08-11T11:24:30.662Z</time>
      </trkpt>
      <trkpt lat="46.380009" lon="14.069697">
        <ele>599.822370</ele>
        <time>2026-08-11T11:24:36.026Z</time>
      </trkpt>
      <trkpt lat="46.379991" lon="14.069767">
        <ele>599.412574</ele>
        <time>2026-08-11T11:24:36.473Z</time>
      </trkpt>
      <trkpt lat="46.379791" lon="14.070540">
        <ele>594.213243</ele>
        <time>2026-08-11T11:24:41.371Z</time>
      </trkpt>
      <trkpt lat="46.379749" lon="14.070820">
        <ele>592.289893</ele>
        <time>2026-08-11T11:24:43.064Z</time>
      </trkpt>
      <trkpt lat="46.379599" lon="14.072761">
        <ele>579.660730</ele>
        <time>2026-08-11T11:24:54.660Z</time>
      </trkpt>
      <trkpt lat="46.379583" lon="14.073102">
        <ele>578.284016</ele>
        <time>2026-08-11T11:24:56.727Z</time>
      </trkpt>
      <trkpt lat="46.379597" lon="14.073358">
        <ele>577.249619</ele>
        <time>2026-08-11T11:24:58.297Z</time>
      </trkpt>
      <trkpt lat="46.379661" lon="14.073838">
        <ele>575.280411</ele>
        <time>2026-08-11T11:25:01.338Z</time>
      </trkpt>
      <trkpt lat="46.379792" lon="14.074415">
        <ele>572.833649</ele>
        <time>2026-08-11T11:25:05.315Z</time>
      </trkpt>
      <trkpt lat="46.380061" lon="14.075227">
        <ele>569.656977</ele>
        <time>2026-08-11T11:25:11.790Z</time>
      </trkpt>
      <trkpt lat="46.380285" lon="14.076040">
        <ele>568.489175</ele>
        <time>2026-08-11T11:25:18.250Z</time>
      </trkpt>
      <trkpt lat="46.380350" lon="14.076447">
        <ele>567.931898</ele>
        <time>2026-08-11T11:25:21.463Z</time>
      </trkpt>
      <trkpt lat="46.380392" lon="14.077191">
        <ele>566.936120</ele>
        <time>2026-08-11T11:25:27.555Z</time>
      </trkpt>
      <trkpt lat="46.380482" lon="14.077494">
        <ele>566.496060</ele>
        <time>2026-08-11T11:25:30.255Z</time>
      </trkpt>
      <trkpt lat="46.380545" lon="14.077622">
        <ele>566.230615</ele>
        <time>2026-08-11T11:25:31.525Z</time>
      </trkpt>
      <trkpt lat="46.380820" lon="14.077986">
        <ele>565.165830</ele>
        <time>2026-08-11T11:25:35.893Z</time>
      </trkpt>
      <trkpt lat="46.381595" lon="14.078834">
        <ele>562.389483</ele>
        <time>2026-08-11T11:25:46.319Z</time>
      </trkpt>
      <trkpt lat="46.381233" lon="14.078859">
        <ele>561.353259</ele>
        <time>2026-08-11T11:25:49.772Z</time>
      </trkpt>
      <trkpt lat="46.381178" lon="14.078970">
        <ele>560.801954</ele>
        <time>2026-08-11T11:25:50.655Z</time>
      </trkpt>
      <trkpt lat="46.381083" lon="14.079327">
        <ele>558.840382</ele>
        <time>2026-08-11T11:25:53.079Z</time>
      </trkpt>
      <trkpt lat="46.380870" lon="14.079646">
        <ele>556.564494</ele>
        <time>2026-08-11T11:25:55.828Z</time>
      </trkpt>
      <trkpt lat="46.380797" lon="14.079716">
        <ele>555.914071</ele>
        <time>2026-08-11T11:25:56.603Z</time>
      </trkpt>
      <trkpt lat="46.380524" lon="14.079830">
        <ele>553.802872</ele>
        <time>2026-08-11T11:25:59.093Z</time>
      </trkpt>
      <trkpt lat="46.380330" lon="14.079980">
        <ele>552.168968</ele>
        <time>2026-08-11T11:26:01.013Z</time>
      </trkpt>
      <trkpt lat="46.380192" lon="14.080130">
        <ele>550.887187</ele>
        <time>2026-08-11T11:26:02.515Z</time>
      </trkpt>
      <trkpt lat="46.380160" lon="14.080230">
        <ele>550.322069</ele>
        <time>2026-08-11T11:26:03.182Z</time>
      </trkpt>
      <trkpt lat="46.380007" lon="14.081248">
        <ele>544.937730</ele>
        <time>2026-08-11T11:26:09.502Z</time>
      </trkpt>
      <trkpt lat="46.379835" lon="14.081846">
        <ele>541.567111</ele>
        <time>2026-08-11T11:26:13.450Z</time>
      </trkpt>
      <trkpt lat="46.379678" lon="14.082413">
        <ele>538.388588</ele>
        <time>2026-08-11T11:26:17.195Z</time>
      </trkpt>
      <trkpt lat="46.379534" lon="14.083201">
        <ele>534.222455</ele>
        <time>2026-08-11T11:26:22.241Z</time>
      </trkpt>
      <trkpt lat="46.379355" lon="14.084354">
        <ele>530.594450</ele>
        <time>2026-08-11T11:26:29.810Z</time>
      </trkpt>
      <trkpt lat="46.379131" lon="14.085021">
        <ele>528.317159</ele>
        <time>2026-08-11T11:26:34.763Z</time>
      </trkpt>
      <trkpt lat="46.378474" lon="14.084320">
        <ele>525.967622</ele>
        <time>2026-08-11T11:26:43.453Z</time>
      </trkpt>
      <trkpt lat="46.378308" lon="14.084183">
        <ele>525.781534</ele>
        <time>2026-08-11T11:26:45.763Z</time>
      </trkpt>
      <trkpt lat="46.378093" lon="14.084048">
        <ele>525.553280</ele>
        <time>2026-08-11T11:26:48.787Z</time>
      </trkpt>
      <trkpt lat="46.377602" lon="14.083824">
        <ele>525.051830</ele>
        <time>2026-08-11T11:26:55.584Z</time>
      </trkpt>
      <trkpt lat="46.377053" lon="14.083692">
        <ele>524.595692</ele>
        <time>2026-08-11T11:27:03.658Z</time>
      </trkpt>
      <trkpt lat="46.376811" lon="14.083682">
        <ele>524.673459</ele>
        <time>2026-08-11T11:27:07.190Z</time>
      </trkpt>
      <trkpt lat="46.376077" lon="14.083766">
        <ele>524.909968</ele>
        <time>2026-08-11T11:27:17.720Z</time>
      </trkpt>
      <trkpt lat="46.375279" lon="14.083975">
        <ele>525.099460</ele>
        <time>2026-08-11T11:27:32.343Z</time>
      </trkpt>
      <trkpt lat="46.375167" lon="14.084002">
        <ele>524.994628</ele>
        <time>2026-08-11T11:27:34.969Z</time>
      </trkpt>
      <trkpt lat="46.375022" lon="14.084036">
        <ele>524.859008</ele>
        <time>2026-08-11T11:27:38.161Z</time>
      </trkpt>
      <trkpt lat="46.374862" lon="14.084070">
        <ele>524.709699</ele>
        <time>2026-08-11T11:27:41.355Z</time>
      </trkpt>
      <trkpt lat="46.374543" lon="14.084100">
        <ele>524.414543</ele>
        <time>2026-08-11T11:27:46.576Z</time>
      </trkpt>
      <trkpt lat="46.374298" lon="14.083987">
        <ele>524.177154</ele>
        <time>2026-08-11T11:27:49.962Z</time>
      </trkpt>
      <trkpt lat="46.374203" lon="14.084005">
        <ele>524.088693</ele>
        <time>2026-08-11T11:27:51.141Z</time>
      </trkpt>
      <trkpt lat="46.374156" lon="14.084081">
        <ele>524.023677</ele>
        <time>2026-08-11T11:27:51.971Z</time>
      </trkpt>
      <trkpt lat="46.374161" lon="14.084194">
        <ele>523.951544</ele>
        <time>2026-08-11T11:27:52.869Z</time>
      </trkpt>
      <trkpt lat="46.374199" lon="14.084517">
        <ele>523.742812</ele>
        <time>2026-08-11T11:27:55.384Z</time>
      </trkpt>
      <trkpt lat="46.374164" lon="14.084874">
        <ele>523.513106</ele>
        <time>2026-08-11T11:27:57.960Z</time>
      </trkpt>
      <trkpt lat="46.374157" lon="14.084926">
        <ele>523.431899</ele>
        <time>2026-08-11T11:27:58.309Z</time>
      </trkpt>
      <trkpt lat="46.373905" lon="14.085133">
        <ele>522.112574</ele>
        <time>2026-08-11T11:28:01.032Z</time>
      </trkpt>
      <trkpt lat="46.373557" lon="14.085281">
        <ele>520.460683</ele>
        <time>2026-08-11T11:28:04.326Z</time>
      </trkpt>
      <trkpt lat="46.373335" lon="14.085338">
        <ele>519.433778</ele>
        <time>2026-08-11T11:28:06.395Z</time>
      </trkpt>
      <trkpt lat="46.372951" lon="14.085455">
        <ele>517.646513</ele>
        <time>2026-08-11T11:28:10.080Z</time>
      </trkpt>
      <trkpt lat="46.372917" lon="14.085499">
        <ele>517.438902</ele>
        <time>2026-08-11T11:28:10.511Z</time>
      </trkpt>
      <trkpt lat="46.372684" lon="14.085144">
        <ele>515.899123</ele>
        <time>2026-08-11T11:28:13.806Z</time>
      </trkpt>
      <trkpt lat="46.372462" lon="14.084959">
        <ele>515.093089</ele>
        <time>2026-08-11T11:28:16.353Z</time>
      </trkpt>
      <trkpt lat="46.371749" lon="14.084790">
        <ele>513.896491</ele>
        <time>2026-08-11T11:28:24.137Z</time>
      </trkpt>
      <trkpt lat="46.371463" lon="14.084662">
        <ele>513.400732</ele>
        <time>2026-08-11T11:28:27.677Z</time>
      </trkpt>
      <trkpt lat="46.370812" lon="14.084337">
        <ele>512.358084</ele>
        <time>2026-08-11T11:28:36.177Z</time>
      </trkpt>
      <trkpt lat="46.370202" lon="14.083927">
        <ele>513.069294</ele>
        <time>2026-08-11T11:28:48.736Z</time>
      </trkpt>
      <trkpt lat="46.369678" lon="14.083559">
        <ele>513.685178</ele>
        <time>2026-08-11T11:29:02.944Z</time>
      </trkpt>
      <trkpt lat="46.369486" lon="14.083426">
        <ele>513.910263</ele>
        <time>2026-08-11T11:29:07.607Z</time>
      </trkpt>
      <trkpt lat="46.368813" lon="14.082902">
        <ele>514.777226</ele>
        <time>2026-08-11T11:29:20.319Z</time>
      </trkpt>
      <trkpt lat="46.368733" lon="14.082873">
        <ele>514.874809</ele>
        <time>2026-08-11T11:29:21.498Z</time>
      </trkpt>
      <trkpt lat="46.368454" lon="14.082880">
        <ele>515.205009</ele>
        <time>2026-08-11T11:29:25.716Z</time>
      </trkpt>
      <trkpt lat="46.368328" lon="14.082851">
        <ele>515.355978</ele>
        <time>2026-08-11T11:29:27.649Z</time>
      </trkpt>
      <trkpt lat="46.368198" lon="14.082762">
        <ele>515.526113</ele>
        <time>2026-08-11T11:29:29.957Z</time>
      </trkpt>
      <trkpt lat="46.367660" lon="14.082375">
        <ele>516.236858</ele>
        <time>2026-08-11T11:29:41.253Z</time>
      </trkpt>
      <trkpt lat="46.367548" lon="14.082247">
        <ele>516.414185</ele>
        <time>2026-08-11T11:29:45.023Z</time>
      </trkpt>
      <trkpt lat="46.367435" lon="14.082210">
        <ele>516.572633</ele>
        <time>2026-08-11T11:29:48.471Z</time>
      </trkpt>
      <trkpt lat="46.366894" lon="14.082155">
        <ele>517.314384</ele>
        <time>2026-08-11T11:30:08.278Z</time>
      </trkpt>
      <trkpt lat="46.366579" lon="14.082083">
        <ele>517.750539</ele>
        <time>2026-08-11T11:30:21.251Z</time>
      </trkpt>
      <trkpt lat="46.366476" lon="14.082092">
        <ele>517.891670</ele>
        <time>2026-08-11T11:30:24.575Z</time>
      </trkpt>
      <trkpt lat="46.366004" lon="14.082333">
        <ele>518.576128</ele>
        <time>2026-08-11T11:30:32.302Z</time>
      </trkpt>
      <trkpt lat="46.365698" lon="14.082518">
        <ele>516.985028</ele>
        <time>2026-08-11T11:30:35.383Z</time>
      </trkpt>
      <trkpt lat="46.365581" lon="14.082625">
        <ele>515.405672</ele>
        <time>2026-08-11T11:30:36.580Z</time>
      </trkpt>
      <trkpt lat="46.364995" lon="14.083720">
        <ele>504.489840</ele>
        <time>2026-08-11T11:30:44.597Z</time>
      </trkpt>
      <trkpt lat="46.364948" lon="14.083804">
        <ele>503.637941</ele>
        <time>2026-08-11T11:30:45.216Z</time>
      </trkpt>
      <trkpt lat="46.364876" lon="14.083855">
        <ele>502.723080</ele>
        <time>2026-08-11T11:30:45.872Z</time>
      </trkpt>
      <trkpt lat="46.364809" lon="14.083855">
        <ele>501.958230</ele>
        <time>2026-08-11T11:30:46.423Z</time>
      </trkpt>
      <trkpt lat="46.364400" lon="14.083618">
        <ele>497.379593</ele>
        <time>2026-08-11T11:30:50.085Z</time>
      </trkpt>
      <trkpt lat="46.364142" lon="14.083423">
        <ele>495.165939</ele>
        <time>2026-08-11T11:30:52.554Z</time>
      </trkpt>
      <trkpt lat="46.363877" lon="14.083152">
        <ele>492.698512</ele>
        <time>2026-08-11T11:30:55.417Z</time>
      </trkpt>
      <trkpt lat="46.363642" lon="14.083001">
        <ele>490.742885</ele>
        <time>2026-08-11T11:30:57.792Z</time>
      </trkpt>
      <trkpt lat="46.363492" lon="14.082845">
        <ele>489.338298</ele>
        <time>2026-08-11T11:30:59.531Z</time>
      </trkpt>
      <trkpt lat="46.363054" lon="14.082062">
        <ele>484.470130</ele>
        <time>2026-08-11T11:31:06.094Z</time>
      </trkpt>
      <trkpt lat="46.362788" lon="14.081703">
        <ele>483.840203</ele>
        <time>2026-08-11T11:31:09.725Z</time>
      </trkpt>
      <trkpt lat="46.362727" lon="14.081657">
        <ele>483.721036</ele>
        <time>2026-08-11T11:31:10.492Z</time>
      </trkpt>
      <trkpt lat="46.362645" lon="14.081667">
        <ele>483.578431</ele>
        <time>2026-08-11T11:31:11.333Z</time>
      </trkpt>
      <trkpt lat="46.362522" lon="14.081716">
        <ele>483.357370</ele>
        <time>2026-08-11T11:31:12.761Z</time>
      </trkpt>
      <trkpt lat="46.362406" lon="14.081740">
        <ele>483.154309</ele>
        <time>2026-08-11T11:31:14.224Z</time>
      </trkpt>
      <trkpt lat="46.362076" lon="14.081899">
        <ele>482.551651</ele>
        <time>2026-08-11T11:31:18.939Z</time>
      </trkpt>
      <trkpt lat="46.361873" lon="14.082052">
        <ele>482.155122</ele>
        <time>2026-08-11T11:31:22.247Z</time>
      </trkpt>
      <trkpt lat="46.361821" lon="14.082091">
        <ele>482.053654</ele>
        <time>2026-08-11T11:31:22.910Z</time>
      </trkpt>
      <trkpt lat="46.361671" lon="14.082194">
        <ele>481.766003</ele>
        <time>2026-08-11T11:31:24.870Z</time>
      </trkpt>
      <trkpt lat="46.361432" lon="14.082482">
        <ele>481.434482</ele>
        <time>2026-08-11T11:31:29.065Z</time>
      </trkpt>
      <trkpt lat="46.361357" lon="14.082783">
        <ele>481.367988</ele>
        <time>2026-08-11T11:31:32.338Z</time>
      </trkpt>
      <trkpt lat="46.361349" lon="14.082965">
        <ele>481.330095</ele>
        <time>2026-08-11T11:31:34.219Z</time>
      </trkpt>
      <trkpt lat="46.361374" lon="14.083420">
        <ele>481.235254</ele>
        <time>2026-08-11T11:31:39.184Z</time>
      </trkpt>
      <trkpt lat="46.361423" lon="14.083660">
        <ele>481.183250</ele>
        <time>2026-08-11T11:31:41.781Z</time>
      </trkpt>
      <trkpt lat="46.361519" lon="14.083916">
        <ele>481.122712</ele>
        <time>2026-08-11T11:31:44.491Z</time>
      </trkpt>
      <trkpt lat="46.361744" lon="14.084357">
        <ele>481.008757</ele>
        <time>2026-08-11T11:31:49.017Z</time>
      </trkpt>
      <trkpt lat="46.361769" lon="14.084448">
        <ele>480.988405</ele>
        <time>2026-08-11T11:31:49.835Z</time>
      </trkpt>
      <trkpt lat="46.361776" lon="14.084634">
        <ele>480.949701</ele>
        <time>2026-08-11T11:31:51.439Z</time>
      </trkpt>
      <trkpt lat="46.361740" lon="14.084695">
        <ele>480.956568</ele>
        <time>2026-08-11T11:31:52.188Z</time>
      </trkpt>
      <trkpt lat="46.361643" lon="14.084752">
        <ele>481.138931</ele>
        <time>2026-08-11T11:31:53.636Z</time>
      </trkpt>
      <trkpt lat="46.361585" lon="14.084773">
        <ele>481.243087</ele>
        <time>2026-08-11T11:31:54.522Z</time>
      </trkpt>
      <trkpt lat="46.361214" lon="14.084757">
        <ele>481.889739</ele>
        <time>2026-08-11T11:32:00.566Z</time>
      </trkpt>
      <trkpt lat="46.360662" lon="14.084582">
        <ele>482.874196</ele>
        <time>2026-08-11T11:32:10.924Z</time>
      </trkpt>
      <trkpt lat="46.360371" lon="14.084604">
        <ele>483.381874</ele>
        <time>2026-08-11T11:32:17.358Z</time>
      </trkpt>
      <trkpt lat="46.360011" lon="14.084760">
        <ele>484.036521</ele>
        <time>2026-08-11T11:32:28.583Z</time>
      </trkpt>
      <trkpt lat="46.359580" lon="14.085071">
        <ele>485.561532</ele>
        <time>2026-08-11T11:32:49.202Z</time>
      </trkpt>
      <trkpt lat="46.359122" lon="14.085211">
        <ele>487.071935</ele>
        <time>2026-08-11T11:33:04.608Z</time>
      </trkpt>
      <trkpt lat="46.358947" lon="14.085293">
        <ele>487.665418</ele>
        <time>2026-08-11T11:33:09.703Z</time>
      </trkpt>
      <trkpt lat="46.358853" lon="14.085392">
        <ele>488.040396</ele>
        <time>2026-08-11T11:33:12.531Z</time>
      </trkpt>
      <trkpt lat="46.358719" lon="14.085623">
        <ele>488.712405</ele>
        <time>2026-08-11T11:33:17.222Z</time>
      </trkpt>
      <trkpt lat="46.358644" lon="14.085819">
        <ele>489.211490</ele>
        <time>2026-08-11T11:33:20.526Z</time>
      </trkpt>
      <trkpt lat="46.358558" lon="14.086163">
        <ele>489.879848</ele>
        <time>2026-08-11T11:33:25.413Z</time>
      </trkpt>
      <trkpt lat="46.358415" lon="14.087006">
        <ele>489.954019</ele>
        <time>2026-08-11T11:33:32.874Z</time>
      </trkpt>
      <trkpt lat="46.358399" lon="14.087102">
        <ele>489.962457</ele>
        <time>2026-08-11T11:33:33.609Z</time>
      </trkpt>
      <trkpt lat="46.358347" lon="14.087360">
        <ele>489.985422</ele>
        <time>2026-08-11T11:33:35.662Z</time>
      </trkpt>
      <trkpt lat="46.358208" lon="14.087653">
        <ele>490.015800</ele>
        <time>2026-08-11T11:33:39.039Z</time>
      </trkpt>
      <trkpt lat="46.358096" lon="14.087754">
        <ele>490.032132</ele>
        <time>2026-08-11T11:33:41.103Z</time>
      </trkpt>
      <trkpt lat="46.357898" lon="14.087841">
        <ele>490.057747</ele>
        <time>2026-08-11T11:33:44.548Z</time>
      </trkpt>
      <trkpt lat="46.357804" lon="14.087831">
        <ele>490.069416</ele>
        <time>2026-08-11T11:33:46.273Z</time>
      </trkpt>
      <trkpt lat="46.357503" lon="14.087687">
        <ele>490.053097</ele>
        <time>2026-08-11T11:33:52.922Z</time>
      </trkpt>
      <trkpt lat="46.357354" lon="14.087644">
        <ele>489.984653</ele>
        <time>2026-08-11T11:33:56.316Z</time>
      </trkpt>
      <trkpt lat="46.357280" lon="14.087664">
        <ele>489.950741</ele>
        <time>2026-08-11T11:33:57.919Z</time>
      </trkpt>
      <trkpt lat="46.357109" lon="14.087789">
        <ele>489.864455</ele>
        <time>2026-08-11T11:34:02.147Z</time>
      </trkpt>
      <trkpt lat="46.356966" lon="14.087956">
        <ele>489.781713</ele>
        <time>2026-08-11T11:34:06.162Z</time>
      </trkpt>
      <trkpt lat="46.356874" lon="14.088133">
        <ele>489.712818</ele>
        <time>2026-08-11T11:34:09.160Z</time>
      </trkpt>
      <trkpt lat="46.356843" lon="14.088282">
        <ele>489.664431</ele>
        <time>2026-08-11T11:34:10.727Z</time>
      </trkpt>
      <trkpt lat="46.356854" lon="14.088440">
        <ele>489.615056</ele>
        <time>2026-08-11T11:34:12.055Z</time>
      </trkpt>
      <trkpt lat="46.356901" lon="14.088625">
        <ele>489.553761</ele>
        <time>2026-08-11T11:34:13.502Z</time>
      </trkpt>
      <trkpt lat="46.357203" lon="14.089355">
        <ele>489.289135</ele>
        <time>2026-08-11T11:34:19.419Z</time>
      </trkpt>
      <trkpt lat="46.357204" lon="14.089555">
        <ele>489.211874</ele>
        <time>2026-08-11T11:34:20.921Z</time>
      </trkpt>
      <trkpt lat="46.357175" lon="14.089706">
        <ele>489.150781</ele>
        <time>2026-08-11T11:34:22.142Z</time>
      </trkpt>
      <trkpt lat="46.357028" lon="14.090094">
        <ele>488.978256</ele>
        <time>2026-08-11T11:34:25.768Z</time>
      </trkpt>
      <trkpt lat="46.357011" lon="14.090199">
        <ele>488.936218</ele>
        <time>2026-08-11T11:34:26.696Z</time>
      </trkpt>
      <trkpt lat="46.357017" lon="14.090374">
        <ele>488.867921</ele>
        <time>2026-08-11T11:34:28.176Z</time>
      </trkpt>
      <trkpt lat="46.357191" lon="14.091191">
        <ele>488.534651</ele>
        <time>2026-08-11T11:34:35.761Z</time>
      </trkpt>
      <trkpt lat="46.357462" lon="14.092323">
        <ele>487.997598</ele>
        <time>2026-08-11T11:34:52.682Z</time>
      </trkpt>
      <trkpt lat="46.357477" lon="14.092382">
        <ele>487.964633</ele>
        <time>2026-08-11T11:34:53.664Z</time>
      </trkpt>
      <trkpt lat="46.357496" lon="14.092463">
        <ele>487.919780</ele>
        <time>2026-08-11T11:34:55.153Z</time>
      </trkpt>
      <trkpt lat="46.357365" lon="14.092780">
        <ele>487.726065</ele>
        <time>2026-08-11T11:35:00.183Z</time>
      </trkpt>
      <trkpt lat="46.357736" lon="14.093087">
        <ele>487.401507</ele>
        <time>2026-08-11T11:35:05.975Z</time>
      </trkpt>
      <trkpt lat="46.357970" lon="14.093349">
        <ele>487.176857</ele>
        <time>2026-08-11T11:35:09.279Z</time>
      </trkpt>
      <trkpt lat="46.358122" lon="14.093570">
        <ele>487.013278</ele>
        <time>2026-08-11T11:35:11.481Z</time>
      </trkpt>
      <trkpt lat="46.358384" lon="14.093988">
        <ele>485.951983</ele>
        <time>2026-08-11T11:35:15.315Z</time>
      </trkpt>
      <trkpt lat="46.358503" lon="14.094240">
        <ele>485.136638</ele>
        <time>2026-08-11T11:35:17.303Z</time>
      </trkpt>
      <trkpt lat="46.358590" lon="14.094516">
        <ele>484.326418</ele>
        <time>2026-08-11T11:35:19.250Z</time>
      </trkpt>
      <trkpt lat="46.358745" lon="14.095248">
        <ele>482.281874</ele>
        <time>2026-08-11T11:35:24.189Z</time>
      </trkpt>
      <trkpt lat="46.358862" lon="14.095655">
        <ele>481.104580</ele>
        <time>2026-08-11T11:35:27.200Z</time>
      </trkpt>
      <trkpt lat="46.359018" lon="14.095967">
        <ele>480.075803</ele>
        <time>2026-08-11T11:35:29.947Z</time>
      </trkpt>
      <trkpt lat="46.359310" lon="14.096415">
        <ele>479.823240</ele>
        <time>2026-08-11T11:35:34.839Z</time>
      </trkpt>
      <trkpt lat="46.359381" lon="14.096576">
        <ele>479.782213</ele>
        <time>2026-08-11T11:35:36.679Z</time>
      </trkpt>
      <trkpt lat="46.359431" lon="14.096716">
        <ele>479.748363</ele>
        <time>2026-08-11T11:35:38.391Z</time>
      </trkpt>
      <trkpt lat="46.359520" lon="14.097129">
        <ele>479.655456</ele>
        <time>2026-08-11T11:35:43.445Z</time>
      </trkpt>
      <trkpt lat="46.359531" lon="14.098255">
        <ele>479.413644</ele>
        <time>2026-08-11T11:35:55.817Z</time>
      </trkpt>
      <trkpt lat="46.359540" lon="14.098392">
        <ele>479.388561</ele>
        <time>2026-08-11T11:35:57.370Z</time>
      </trkpt>
      <trkpt lat="46.359603" lon="14.098716">
        <ele>479.562241</ele>
        <time>2026-08-11T11:36:01.624Z</time>
      </trkpt>
      <trkpt lat="46.359690" lon="14.098939">
        <ele>479.694412</ele>
        <time>2026-08-11T11:36:05.060Z</time>
      </trkpt>
      <trkpt lat="46.359744" lon="14.099051">
        <ele>479.764905</ele>
        <time>2026-08-11T11:36:06.893Z</time>
      </trkpt>
      <trkpt lat="46.359901" lon="14.099335">
        <ele>479.952653</ele>
        <time>2026-08-11T11:36:11.551Z</time>
      </trkpt>
      <trkpt lat="46.360019" lon="14.099494">
        <ele>480.073122</ele>
        <time>2026-08-11T11:36:14.414Z</time>
      </trkpt>
      <trkpt lat="46.360089" lon="14.099548">
        <ele>480.132411</ele>
        <time>2026-08-11T11:36:15.749Z</time>
      </trkpt>
      <trkpt lat="46.360335" lon="14.099648">
        <ele>480.323428</ele>
        <time>2026-08-11T11:36:20.065Z</time>
      </trkpt>
      <trkpt lat="46.360575" lon="14.099630">
        <ele>480.503098</ele>
        <time>2026-08-11T11:36:24.074Z</time>
      </trkpt>
      <trkpt lat="46.360953" lon="14.099561">
        <ele>480.944119</ele>
        <time>2026-08-11T11:36:30.365Z</time>
      </trkpt>
      <trkpt lat="46.361272" lon="14.099458">
        <ele>481.848560</ele>
        <time>2026-08-11T11:36:36.651Z</time>
      </trkpt>
      <trkpt lat="46.361791" lon="14.099171">
        <ele>483.385854</ele>
        <time>2026-08-11T11:36:50.007Z</time>
      </trkpt>
      <trkpt lat="46.361989" lon="14.099160">
        <ele>483.934196</ele>
        <time>2026-08-11T11:36:55.953Z</time>
      </trkpt>
      <trkpt lat="46.362150" lon="14.099194">
        <ele>484.384448</ele>
        <time>2026-08-11T11:37:00.474Z</time>
      </trkpt>
      <trkpt lat="46.362236" lon="14.099251">
        <ele>484.646155</ele>
        <time>2026-08-11T11:37:03.058Z</time>
      </trkpt>
      <trkpt lat="46.362367" lon="14.099413">
        <ele>485.122748</ele>
        <time>2026-08-11T11:37:07.808Z</time>
      </trkpt>
      <trkpt lat="46.362673" lon="14.100138">
        <ele>486.992160</ele>
        <time>2026-08-11T11:37:28.325Z</time>
      </trkpt>
      <trkpt lat="46.362788" lon="14.100468">
        <ele>487.865756</ele>
        <time>2026-08-11T11:37:38.622Z</time>
      </trkpt>
      <trkpt lat="46.362842" lon="14.100641">
        <ele>488.314438</ele>
        <time>2026-08-11T11:37:44.007Z</time>
      </trkpt>
      <trkpt lat="46.362941" lon="14.101064">
        <ele>489.369928</ele>
        <time>2026-08-11T11:37:53.971Z</time>
      </trkpt>
      <trkpt lat="46.363218" lon="14.102032">
        <ele>491.846211</ele>
        <time>2026-08-11T11:38:09.255Z</time>
      </trkpt>
      <trkpt lat="46.363242" lon="14.102099">
        <ele>491.821810</ele>
        <time>2026-08-11T11:38:10.379Z</time>
      </trkpt>
      <trkpt lat="46.363336" lon="14.102356">
        <ele>491.626629</ele>
        <time>2026-08-11T11:38:14.422Z</time>
      </trkpt>
      <trkpt lat="46.363913" lon="14.103772">
        <ele>490.523165</ele>
        <time>2026-08-11T11:38:27.931Z</time>
      </trkpt>
      <trkpt lat="46.364001" lon="14.104092">
        <ele>490.292016</ele>
        <time>2026-08-11T11:38:30.346Z</time>
      </trkpt>
      <trkpt lat="46.364083" lon="14.104781">
        <ele>489.934019</ele>
        <time>2026-08-11T11:38:35.396Z</time>
      </trkpt>
      <trkpt lat="46.364179" lon="14.105154">
        <ele>489.767611</ele>
        <time>2026-08-11T11:38:38.729Z</time>
      </trkpt>
      <trkpt lat="46.364297" lon="14.105386">
        <ele>489.647138</ele>
        <time>2026-08-11T11:38:41.334Z</time>
      </trkpt>
      <trkpt lat="46.364529" lon="14.105894">
        <ele>489.392500</ele>
        <time>2026-08-11T11:38:47.080Z</time>
      </trkpt>
      <trkpt lat="46.364722" lon="14.106564">
        <ele>489.089016</ele>
        <time>2026-08-11T11:38:54.820Z</time>
      </trkpt>
      <trkpt lat="46.364799" lon="14.106759">
        <ele>489.015180</ele>
        <time>2026-08-11T11:38:57.867Z</time>
      </trkpt>
      <trkpt lat="46.364944" lon="14.106954">
        <ele>488.968137</ele>
        <time>2026-08-11T11:39:02.455Z</time>
      </trkpt>
      <trkpt lat="46.365381" lon="14.107366">
        <ele>488.844155</ele>
        <time>2026-08-11T11:39:11.657Z</time>
      </trkpt>
      <trkpt lat="46.365392" lon="14.107377">
        <ele>488.840977</ele>
        <time>2026-08-11T11:39:11.818Z</time>
      </trkpt>
      <trkpt lat="46.365928" lon="14.107811">
        <ele>488.694962</ele>
        <time>2026-08-11T11:39:18.520Z</time>
      </trkpt>
      <trkpt lat="46.366532" lon="14.108221">
        <ele>489.379706</ele>
        <time>2026-08-11T11:39:27.775Z</time>
      </trkpt>
      <trkpt lat="46.366710" lon="14.108474">
        <ele>490.100879</ele>
        <time>2026-08-11T11:39:32.592Z</time>
      </trkpt>
      <trkpt lat="46.366789" lon="14.108642">
        <ele>490.506657</ele>
        <time>2026-08-11T11:39:35.559Z</time>
      </trkpt>
      <trkpt lat="46.366935" lon="14.109049">
        <ele>491.422221</ele>
        <time>2026-08-11T11:39:43.440Z</time>
      </trkpt>
      <trkpt lat="46.367259" lon="14.110112">
        <ele>493.741668</ele>
        <time>2026-08-11T11:40:12.196Z</time>
      </trkpt>
      <trkpt lat="46.367295" lon="14.110225">
        <ele>494.105514</ele>
        <time>2026-08-11T11:40:15.405Z</time>
      </trkpt>
      <trkpt lat="46.367705" lon="14.111532">
        <ele>498.739312</ele>
        <time>2026-08-11T11:40:50.238Z</time>
      </trkpt>
      <trkpt lat="46.367718" lon="14.111583">
        <ele>498.914786</ele>
        <time>2026-08-11T11:40:51.480Z</time>
      </trkpt>
      <trkpt lat="46.367735" lon="14.111650">
        <ele>499.145184</ele>
        <time>2026-08-11T11:40:53.115Z</time>
      </trkpt>
      <trkpt lat="46.367757" lon="14.111742">
        <ele>499.459438</ele>
        <time>2026-08-11T11:40:55.533Z</time>
      </trkpt>
      <trkpt lat="46.368032" lon="14.112594">
        <ele>502.272962</ele>
        <time>2026-08-11T11:41:16.579Z</time>
      </trkpt>
      <trkpt lat="46.368064" lon="14.112706">
        <ele>502.352901</ele>
        <time>2026-08-11T11:41:18.977Z</time>
      </trkpt>
      <trkpt lat="46.368174" lon="14.113114">
        <ele>502.641764</ele>
        <time>2026-08-11T11:41:26.816Z</time>
      </trkpt>
      <trkpt lat="46.368205" lon="14.113399">
        <ele>502.832027</ele>
        <time>2026-08-11T11:41:31.611Z</time>
      </trkpt>
      <trkpt lat="46.368243" lon="14.113761">
        <ele>503.073493</ele>
        <time>2026-08-11T11:41:36.772Z</time>
      </trkpt>
      <trkpt lat="46.368292" lon="14.114454">
        <ele>503.532882</ele>
        <time>2026-08-11T11:41:43.774Z</time>
      </trkpt>
      <trkpt lat="46.368319" lon="14.114664">
        <ele>503.673749</ele>
        <time>2026-08-11T11:41:45.526Z</time>
      </trkpt>
      <trkpt lat="46.368363" lon="14.114957">
        <ele>503.871489</ele>
        <time>2026-08-11T11:41:47.896Z</time>
      </trkpt>
      <trkpt lat="46.368446" lon="14.115622">
        <ele>503.416135</ele>
        <time>2026-08-11T11:41:52.992Z</time>
      </trkpt>
      <trkpt lat="46.368459" lon="14.115715">
        <ele>503.331236</ele>
        <time>2026-08-11T11:41:53.698Z</time>
      </trkpt>
      <trkpt lat="46.368527" lon="14.116194">
        <ele>502.893692</ele>
        <time>2026-08-11T11:41:57.455Z</time>
      </trkpt>
      <trkpt lat="46.368536" lon="14.116280">
        <ele>502.815866</ele>
        <time>2026-08-11T11:41:58.166Z</time>
      </trkpt>
      <trkpt lat="46.368552" lon="14.116420">
        <ele>502.688900</ele>
        <time>2026-08-11T11:41:59.284Z</time>
      </trkpt>
      <trkpt lat="46.368514" lon="14.116527">
        <ele>502.581230</ele>
        <time>2026-08-11T11:42:00.252Z</time>
      </trkpt>
      <trkpt lat="46.368486" lon="14.116541">
        <ele>502.542823</ele>
        <time>2026-08-11T11:42:00.588Z</time>
      </trkpt>
      <trkpt lat="46.368444" lon="14.116592">
        <ele>502.471774</ele>
        <time>2026-08-11T11:42:01.234Z</time>
      </trkpt>
      <trkpt lat="46.368228" lon="14.117000">
        <ele>502.011664</ele>
        <time>2026-08-11T11:42:05.495Z</time>
      </trkpt>
      <trkpt lat="46.368108" lon="14.117233">
        <ele>501.751529</ele>
        <time>2026-08-11T11:42:08.040Z</time>
      </trkpt>
      <trkpt lat="46.367986" lon="14.117445">
        <ele>501.552433</ele>
        <time>2026-08-11T11:42:10.609Z</time>
      </trkpt>
      <trkpt lat="46.367762" lon="14.117809">
        <ele>501.329154</ele>
        <time>2026-08-11T11:42:15.348Z</time>
      </trkpt>
      <trkpt lat="46.367478" lon="14.118307">
        <ele>501.033387</ele>
        <time>2026-08-11T11:42:21.517Z</time>
      </trkpt>
      <trkpt lat="46.367284" lon="14.118795">
        <ele>500.775557</ele>
        <time>2026-08-11T11:42:26.751Z</time>
      </trkpt>
      <trkpt lat="46.367118" lon="14.119271">
        <ele>500.531395</ele>
        <time>2026-08-11T11:42:31.448Z</time>
      </trkpt>
      <trkpt lat="46.366795" lon="14.119994">
        <ele>499.890277</ele>
        <time>2026-08-11T11:42:38.301Z</time>
      </trkpt>
      <trkpt lat="46.366563" lon="14.120623">
        <ele>499.267723</ele>
        <time>2026-08-11T11:42:43.986Z</time>
      </trkpt>
      <trkpt lat="46.366471" lon="14.120914">
        <ele>498.988323</ele>
        <time>2026-08-11T11:42:46.575Z</time>
      </trkpt>
      <trkpt lat="46.366418" lon="14.121083">
        <ele>498.826286</ele>
        <time>2026-08-11T11:42:48.094Z</time>
      </trkpt>
      <trkpt lat="46.366222" lon="14.121502">
        <ele>498.384430</ele>
        <time>2026-08-11T11:42:52.285Z</time>
      </trkpt>
      <trkpt lat="46.366085" lon="14.121781">
        <ele>498.081402</ele>
        <time>2026-08-11T11:42:55.071Z</time>
      </trkpt>
      <trkpt lat="46.365738" lon="14.122450">
        <ele>497.288803</ele>
        <time>2026-08-11T11:43:01.939Z</time>
      </trkpt>
      <trkpt lat="46.365074" lon="14.123620">
        <ele>495.854146</ele>
        <time>2026-08-11T11:43:14.168Z</time>
      </trkpt>
      <trkpt lat="46.364897" lon="14.123892">
        <ele>495.494719</ele>
        <time>2026-08-11T11:43:17.064Z</time>
      </trkpt>
      <trkpt lat="46.364726" lon="14.124172">
        <ele>495.129151</ele>
        <time>2026-08-11T11:43:19.986Z</time>
      </trkpt>
      <trkpt lat="46.364566" lon="14.124435">
        <ele>494.786357</ele>
        <time>2026-08-11T11:43:22.754Z</time>
      </trkpt>
      <trkpt lat="46.364171" lon="14.125151">
        <ele>493.890112</ele>
        <time>2026-08-11T11:43:30.092Z</time>
      </trkpt>
      <trkpt lat="46.363043" lon="14.127370">
        <ele>491.542123</ele>
        <time>2026-08-11T11:43:52.555Z</time>
      </trkpt>
      <trkpt lat="46.362865" lon="14.127809">
        <ele>491.134096</ele>
        <time>2026-08-11T11:43:56.878Z</time>
      </trkpt>
      <trkpt lat="46.362764" lon="14.128136">
        <ele>490.881405</ele>
        <time>2026-08-11T11:43:59.953Z</time>
      </trkpt>
      <trkpt lat="46.362613" lon="14.128722">
        <ele>490.475127</ele>
        <time>2026-08-11T11:44:05.555Z</time>
      </trkpt>
      <trkpt lat="46.362575" lon="14.129019">
        <ele>490.278936</ele>
        <time>2026-08-11T11:44:08.364Z</time>
      </trkpt>
      <trkpt lat="46.362736" lon="14.129302">
        <ele>490.040718</ele>
        <time>2026-08-11T11:44:11.853Z</time>
      </trkpt>
      <trkpt lat="46.363431" lon="14.130369">
        <ele>488.358274</ele>
        <time>2026-08-11T11:44:23.932Z</time>
      </trkpt>
      <trkpt lat="46.363510" lon="14.130486">
        <ele>487.939163</ele>
        <time>2026-08-11T11:44:25.151Z</time>
      </trkpt>
      <trkpt lat="46.363705" lon="14.130776">
        <ele>486.902447</ele>
        <time>2026-08-11T11:44:28.084Z</time>
      </trkpt>
      <trkpt lat="46.363843" lon="14.130980">
        <ele>486.171027</ele>
        <time>2026-08-11T11:44:30.047Z</time>
      </trkpt>
      <trkpt lat="46.363909" lon="14.131117">
        <ele>485.743235</ele>
        <time>2026-08-11T11:44:31.176Z</time>
      </trkpt>
      <trkpt lat="46.363882" lon="14.131218">
        <ele>485.465912</ele>
        <time>2026-08-11T11:44:31.888Z</time>
      </trkpt>
      <trkpt lat="46.363750" lon="14.131401">
        <ele>484.788123</ele>
        <time>2026-08-11T11:44:33.606Z</time>
      </trkpt>
      <trkpt lat="46.363350" lon="14.131788">
        <ele>483.003634</ele>
        <time>2026-08-11T11:44:37.999Z</time>
      </trkpt>
      <trkpt lat="46.362934" lon="14.132326">
        <ele>480.206919</ele>
        <time>2026-08-11T11:44:43.306Z</time>
      </trkpt>
      <trkpt lat="46.362886" lon="14.132442">
        <ele>479.714667</ele>
        <time>2026-08-11T11:44:44.236Z</time>
      </trkpt>
      <trkpt lat="46.362899" lon="14.132543">
        <ele>479.340747</ele>
        <time>2026-08-11T11:44:44.927Z</time>
      </trkpt>
      <trkpt lat="46.363341" lon="14.132346">
        <ele>476.901938</ele>
        <time>2026-08-11T11:44:49.523Z</time>
      </trkpt>
      <trkpt lat="46.363914" lon="14.131993">
        <ele>473.618279</ele>
        <time>2026-08-11T11:44:55.370Z</time>
      </trkpt>
      <trkpt lat="46.364083" lon="14.131910">
        <ele>472.129896</ele>
        <time>2026-08-11T11:44:56.979Z</time>
      </trkpt>
      <trkpt lat="46.364095" lon="14.131904">
        <ele>471.989559</ele>
        <time>2026-08-11T11:44:57.093Z</time>
      </trkpt>
      <trkpt lat="46.364252" lon="14.131831">
        <ele>470.166733</ele>
        <time>2026-08-11T11:44:58.532Z</time>
      </trkpt>
      <trkpt lat="46.364409" lon="14.131828">
        <ele>468.430913</ele>
        <time>2026-08-11T11:44:59.878Z</time>
      </trkpt>
      <trkpt lat="46.364442" lon="14.131857">
        <ele>468.004250</ele>
        <time>2026-08-11T11:45:00.210Z</time>
      </trkpt>
      <trkpt lat="46.364473" lon="14.132014">
        <ele>466.758453</ele>
        <time>2026-08-11T11:45:01.165Z</time>
      </trkpt>
      <trkpt lat="46.364506" lon="14.132538">
        <ele>462.744320</ele>
        <time>2026-08-11T11:45:04.206Z</time>
      </trkpt>
      <trkpt lat="46.364545" lon="14.132674">
        <ele>461.620777</ele>
        <time>2026-08-11T11:45:05.053Z</time>
      </trkpt>
      <trkpt lat="46.364692" lon="14.132785">
        <ele>459.788272</ele>
        <time>2026-08-11T11:45:06.437Z</time>
      </trkpt>
      <trkpt lat="46.364873" lon="14.132824">
        <ele>457.765279</ele>
        <time>2026-08-11T11:45:07.964Z</time>
      </trkpt>
      <trkpt lat="46.365347" lon="14.132893">
        <ele>452.942134</ele>
        <time>2026-08-11T11:45:11.974Z</time>
      </trkpt>
      <trkpt lat="46.365630" lon="14.132941">
        <ele>451.552693</ele>
        <time>2026-08-11T11:45:14.448Z</time>
      </trkpt>
      <trkpt lat="46.365794" lon="14.132915">
        <ele>450.748193</ele>
        <time>2026-08-11T11:45:15.942Z</time>
      </trkpt>
      <trkpt lat="46.365934" lon="14.132834">
        <ele>450.013099</ele>
        <time>2026-08-11T11:45:17.361Z</time>
      </trkpt>
      <trkpt lat="46.366090" lon="14.132670">
        <ele>449.073294</ele>
        <time>2026-08-11T11:45:19.283Z</time>
      </trkpt>
      <trkpt lat="46.366329" lon="14.132488">
        <ele>447.756726</ele>
        <time>2026-08-11T11:45:22.337Z</time>
      </trkpt>
      <trkpt lat="46.366823" lon="14.132169">
        <ele>445.119454</ele>
        <time>2026-08-11T11:45:29.236Z</time>
      </trkpt>
      <trkpt lat="46.366921" lon="14.131983">
        <ele>444.340651</ele>
        <time>2026-08-11T11:45:31.007Z</time>
      </trkpt>
      <trkpt lat="46.367068" lon="14.131600">
        <ele>442.933430</ele>
        <time>2026-08-11T11:45:34.068Z</time>
      </trkpt>
      <trkpt lat="46.367135" lon="14.131521">
        <ele>442.531503</ele>
        <time>2026-08-11T11:45:34.916Z</time>
      </trkpt>
      <trkpt lat="46.367262" lon="14.131497">
        <ele>441.935534</ele>
        <time>2026-08-11T11:45:36.141Z</time>
      </trkpt>
      <trkpt lat="46.367708" lon="14.132583">
        <ele>437.877634</ele>
        <time>2026-08-11T11:45:44.122Z</time>
      </trkpt>
      <trkpt lat="46.367681" lon="14.132645">
        <ele>437.642228</ele>
        <time>2026-08-11T11:45:44.582Z</time>
      </trkpt>
      <trkpt lat="46.367839" lon="14.133071">
        <ele>436.143324</ele>
        <time>2026-08-11T11:45:47.614Z</time>
      </trkpt>
      <trkpt lat="46.367897" lon="14.133452">
        <ele>435.977014</ele>
        <time>2026-08-11T11:45:50.212Z</time>
      </trkpt>
      <trkpt lat="46.367904" lon="14.133698">
        <ele>435.872065</ele>
        <time>2026-08-11T11:45:52.015Z</time>
      </trkpt>
      <trkpt lat="46.367862" lon="14.133964">
        <ele>435.755749</ele>
        <time>2026-08-11T11:45:54.302Z</time>
      </trkpt>
      <trkpt lat="46.367785" lon="14.134219">
        <ele>435.637101</ele>
        <time>2026-08-11T11:45:57.096Z</time>
      </trkpt>
      <trkpt lat="46.367580" lon="14.134695">
        <ele>435.397924</ele>
        <time>2026-08-11T11:46:06.258Z</time>
      </trkpt>
      <trkpt lat="46.367475" lon="14.134967">
        <ele>435.265070</ele>
        <time>2026-08-11T11:46:10.903Z</time>
      </trkpt>
      <trkpt lat="46.367367" lon="14.135342">
        <ele>435.091857</ele>
        <time>2026-08-11T11:46:17.509Z</time>
      </trkpt>
      <trkpt lat="46.367277" lon="14.135702">
        <ele>435.219912</ele>
        <time>2026-08-11T11:46:23.953Z</time>
      </trkpt>
      <trkpt lat="46.367155" lon="14.135993">
        <ele>435.452748</ele>
        <time>2026-08-11T11:46:29.435Z</time>
      </trkpt>
      <trkpt lat="46.366605" lon="14.136921">
        <ele>436.289262</ele>
        <time>2026-08-11T11:46:44.983Z</time>
      </trkpt>
      <trkpt lat="46.366380" lon="14.137391">
        <ele>436.680426</ele>
        <time>2026-08-11T11:46:51.030Z</time>
      </trkpt>
      <trkpt lat="46.366191" lon="14.138093">
        <ele>437.399930</ele>
        <time>2026-08-11T11:46:59.250Z</time>
      </trkpt>
      <trkpt lat="46.366073" lon="14.138399">
        <ele>437.770944</ele>
        <time>2026-08-11T11:47:03.236Z</time>
      </trkpt>
      <trkpt lat="46.366047" lon="14.138492">
        <ele>437.877148</ele>
        <time>2026-08-11T11:47:04.406Z</time>
      </trkpt>
      <trkpt lat="46.366026" lon="14.138565">
        <ele>437.960857</ele>
        <time>2026-08-11T11:47:05.294Z</time>
      </trkpt>
      <trkpt lat="46.366024" lon="14.138795">
        <ele>438.204310</ele>
        <time>2026-08-11T11:47:08.044Z</time>
      </trkpt>
      <trkpt lat="46.365685" lon="14.140176">
        <ele>440.009803</ele>
        <time>2026-08-11T11:47:32.354Z</time>
      </trkpt>
      <trkpt lat="46.365327" lon="14.141250">
        <ele>443.115603</ele>
        <time>2026-08-11T11:47:58.496Z</time>
      </trkpt>
      <trkpt lat="46.365220" lon="14.141517">
        <ele>443.919592</ele>
        <time>2026-08-11T11:48:05.618Z</time>
      </trkpt>
      <trkpt lat="46.364922" lon="14.141851">
        <ele>445.341179</ele>
        <time>2026-08-11T11:48:17.672Z</time>
      </trkpt>
      <trkpt lat="46.364904" lon="14.141922">
        <ele>445.538142</ele>
        <time>2026-08-11T11:48:19.358Z</time>
      </trkpt>
      <trkpt lat="46.364897" lon="14.141984">
        <ele>445.701733</ele>
        <time>2026-08-11T11:48:20.630Z</time>
      </trkpt>
      <trkpt lat="46.364945" lon="14.142021">
        <ele>445.906892</ele>
        <time>2026-08-11T11:48:22.110Z</time>
      </trkpt>
      <trkpt lat="46.365005" lon="14.142197">
        <ele>446.420643</ele>
        <time>2026-08-11T11:48:25.941Z</time>
      </trkpt>
      <trkpt lat="46.364994" lon="14.142346">
        <ele>446.831314</ele>
        <time>2026-08-11T11:48:28.778Z</time>
      </trkpt>
      <trkpt lat="46.364391" lon="14.144207">
        <ele>452.465743</ele>
        <time>2026-08-11T11:49:07.477Z</time>
      </trkpt>
      <trkpt lat="46.364184" lon="14.144960">
        <ele>455.466452</ele>
        <time>2026-08-11T11:49:30.405Z</time>
      </trkpt>
      <trkpt lat="46.364047" lon="14.145621">
        <ele>458.612429</ele>
        <time>2026-08-11T11:49:51.694Z</time>
      </trkpt>
      <trkpt lat="46.363960" lon="14.146398">
        <ele>462.200526</ele>
        <time>2026-08-11T11:50:15.640Z</time>
      </trkpt>
      <trkpt lat="46.363943" lon="14.147193">
        <ele>465.903224</ele>
        <time>2026-08-11T11:50:37.650Z</time>
      </trkpt>
      <trkpt lat="46.363880" lon="14.147765">
        <ele>469.013750</ele>
        <time>2026-08-11T11:50:52.570Z</time>
      </trkpt>
      <trkpt lat="46.363720" lon="14.148499">
        <ele>473.147326</ele>
        <time>2026-08-11T11:51:13.428Z</time>
      </trkpt>
      <trkpt lat="46.363452" lon="14.149317">
        <ele>478.009958</ele>
        <time>2026-08-11T11:51:45.941Z</time>
      </trkpt>
      <trkpt lat="46.363408" lon="14.149720">
        <ele>480.240679</ele>
        <time>2026-08-11T11:52:02.687Z</time>
      </trkpt>
      <trkpt lat="46.363458" lon="14.150193">
        <ele>482.935973</ele>
        <time>2026-08-11T11:52:22.215Z</time>
      </trkpt>
      <trkpt lat="46.363689" lon="14.150861">
        <ele>487.144524</ele>
        <time>2026-08-11T11:52:51.114Z</time>
      </trkpt>
      <trkpt lat="46.363737" lon="14.151193">
        <ele>489.055137</ele>
        <time>2026-08-11T11:53:02.889Z</time>
      </trkpt>
      <trkpt lat="46.363742" lon="14.151605">
        <ele>491.376112</ele>
        <time>2026-08-11T11:53:15.129Z</time>
      </trkpt>
      <trkpt lat="46.363773" lon="14.151689">
        <ele>491.912657</ele>
        <time>2026-08-11T11:53:17.597Z</time>
      </trkpt>
      <trkpt lat="46.363747" lon="14.151780">
        <ele>492.467416</ele>
        <time>2026-08-11T11:53:20.093Z</time>
      </trkpt>
      <trkpt lat="46.363712" lon="14.151929">
        <ele>493.353958</ele>
        <time>2026-08-11T11:53:23.749Z</time>
      </trkpt>
      <trkpt lat="46.363572" lon="14.152418">
        <ele>494.411488</ele>
        <time>2026-08-11T11:53:33.806Z</time>
      </trkpt>
      <trkpt lat="46.363536" lon="14.152590">
        <ele>494.563853</ele>
        <time>2026-08-11T11:53:36.467Z</time>
      </trkpt>
      <trkpt lat="46.363338" lon="14.153299">
        <ele>495.212235</ele>
        <time>2026-08-11T11:53:46.439Z</time>
      </trkpt>
      <trkpt lat="46.362530" lon="14.155279">
        <ele>496.279713</ele>
        <time>2026-08-11T11:54:08.504Z</time>
      </trkpt>
      <trkpt lat="46.362314" lon="14.156148">
        <ele>496.279414</ele>
        <time>2026-08-11T11:54:17.444Z</time>
      </trkpt>
      <trkpt lat="46.362270" lon="14.156402">
        <ele>496.279329</ele>
        <time>2026-08-11T11:54:20.093Z</time>
      </trkpt>
      <trkpt lat="46.362206" lon="14.156937">
        <ele>496.385969</ele>
        <time>2026-08-11T11:54:26.459Z</time>
      </trkpt>
      <trkpt lat="46.362181" lon="14.157080">
        <ele>496.482715</ele>
        <time>2026-08-11T11:54:28.434Z</time>
      </trkpt>
      <trkpt lat="46.362154" lon="14.157194">
        <ele>496.561760</ele>
        <time>2026-08-11T11:54:30.159Z</time>
      </trkpt>
      <trkpt lat="46.362016" lon="14.157666">
        <ele>496.897946</ele>
        <time>2026-08-11T11:54:37.653Z</time>
      </trkpt>
      <trkpt lat="46.361936" lon="14.157856">
        <ele>497.043916</ele>
        <time>2026-08-11T11:54:40.840Z</time>
      </trkpt>
      <trkpt lat="46.361715" lon="14.158220">
        <ele>497.361877</ele>
        <time>2026-08-11T11:54:47.349Z</time>
      </trkpt>
      <trkpt lat="46.361510" lon="14.158497">
        <ele>497.628255</ele>
        <time>2026-08-11T11:54:51.941Z</time>
      </trkpt>
      <trkpt lat="46.361407" lon="14.158655">
        <ele>497.770799</ele>
        <time>2026-08-11T11:54:54.274Z</time>
      </trkpt>
      <trkpt lat="46.361336" lon="14.158770">
        <ele>497.871998</ele>
        <time>2026-08-11T11:54:56.034Z</time>
      </trkpt>
      <trkpt lat="46.361037" lon="14.159320">
        <ele>498.344905</ele>
        <time>2026-08-11T11:55:05.771Z</time>
      </trkpt>
      <trkpt lat="46.360846" lon="14.159855">
        <ele>498.755767</ele>
        <time>2026-08-11T11:55:13.409Z</time>
      </trkpt>
      <trkpt lat="46.360612" lon="14.160597">
        <ele>499.312227</ele>
        <time>2026-08-11T11:55:23.212Z</time>
      </trkpt>
      <trkpt lat="46.360529" lon="14.160795">
        <ele>499.470246</ele>
        <time>2026-08-11T11:55:26.408Z</time>
      </trkpt>
      <trkpt lat="46.360430" lon="14.160950">
        <ele>499.614304</ele>
        <time>2026-08-11T11:55:29.496Z</time>
      </trkpt>
      <trkpt lat="46.360140" lon="14.161268">
        <ele>499.782175</ele>
        <time>2026-08-11T11:55:37.597Z</time>
      </trkpt>
      <trkpt lat="46.360001" lon="14.161396">
        <ele>499.794644</ele>
        <time>2026-08-11T11:55:40.932Z</time>
      </trkpt>
      <trkpt lat="46.359901" lon="14.161486">
        <ele>499.803556</ele>
        <time>2026-08-11T11:55:43.060Z</time>
      </trkpt>
      <trkpt lat="46.359805" lon="14.161569">
        <ele>499.812020</ele>
        <time>2026-08-11T11:55:44.905Z</time>
      </trkpt>
      <trkpt lat="46.359376" lon="14.161907">
        <ele>499.848989</ele>
        <time>2026-08-11T11:55:51.363Z</time>
      </trkpt>
      <trkpt lat="46.357887" lon="14.162742">
        <ele>499.677916</ele>
        <time>2026-08-11T11:56:12.190Z</time>
      </trkpt>
      <trkpt lat="46.357619" lon="14.162991">
        <ele>499.597633</ele>
        <time>2026-08-11T11:56:16.822Z</time>
      </trkpt>
      <trkpt lat="46.357328" lon="14.163402">
        <ele>499.495156</ele>
        <time>2026-08-11T11:56:22.997Z</time>
      </trkpt>
      <trkpt lat="46.357209" lon="14.163634">
        <ele>499.445831</ele>
        <time>2026-08-11T11:56:26.031Z</time>
      </trkpt>
      <trkpt lat="46.356919" lon="14.164194">
        <ele>499.353633</ele>
        <time>2026-08-11T11:56:36.257Z</time>
      </trkpt>
      <trkpt lat="46.356721" lon="14.164476">
        <ele>499.300656</ele>
        <time>2026-08-11T11:56:41.951Z</time>
      </trkpt>
      <trkpt lat="46.356466" lon="14.164746">
        <ele>499.240392</ele>
        <time>2026-08-11T11:56:47.984Z</time>
      </trkpt>
      <trkpt lat="46.355389" lon="14.165715">
        <ele>498.772770</ele>
        <time>2026-08-11T11:57:11.539Z</time>
      </trkpt>
      <trkpt lat="46.353625" lon="14.166900">
        <ele>497.661595</ele>
        <time>2026-08-11T11:57:47.000Z</time>
      </trkpt>
      <trkpt lat="46.353551" lon="14.166944">
        <ele>497.618837</ele>
        <time>2026-08-11T11:57:48.053Z</time>
      </trkpt>
      <trkpt lat="46.353472" lon="14.166834">
        <ele>497.560268</ele>
        <time>2026-08-11T11:57:49.514Z</time>
      </trkpt>
      <trkpt lat="46.353363" lon="14.166840">
        <ele>497.501960</ele>
        <time>2026-08-11T11:57:50.957Z</time>
      </trkpt>
      <trkpt lat="46.353296" lon="14.166949">
        <ele>497.448109</ele>
        <time>2026-08-11T11:57:52.286Z</time>
      </trkpt>
      <trkpt lat="46.353291" lon="14.167083">
        <ele>497.398598</ele>
        <time>2026-08-11T11:57:53.517Z</time>
      </trkpt>
      <trkpt lat="46.353215" lon="14.167114">
        <ele>497.356393</ele>
        <time>2026-08-11T11:57:54.566Z</time>
      </trkpt>
      <trkpt lat="46.352767" lon="14.167228">
        <ele>497.113252</ele>
        <time>2026-08-11T11:58:03.016Z</time>
      </trkpt>
      <trkpt lat="46.352722" lon="14.167238">
        <ele>497.088916</ele>
        <time>2026-08-11T11:58:03.626Z</time>
      </trkpt>
      <trkpt lat="46.352071" lon="14.167343">
        <ele>496.557824</ele>
        <time>2026-08-11T11:58:12.273Z</time>
      </trkpt>
      <trkpt lat="46.351864" lon="14.167423">
        <ele>496.382276</ele>
        <time>2026-08-11T11:58:14.972Z</time>
      </trkpt>
      <trkpt lat="46.351439" lon="14.167660">
        <ele>496.009123</ele>
        <time>2026-08-11T11:58:20.566Z</time>
      </trkpt>
      <trkpt lat="46.351058" lon="14.167869">
        <ele>495.675301</ele>
        <time>2026-08-11T11:58:25.446Z</time>
      </trkpt>
      <trkpt lat="46.350657" lon="14.168043">
        <ele>495.346317</ele>
        <time>2026-08-11T11:58:30.478Z</time>
      </trkpt>
      <trkpt lat="46.350069" lon="14.168227">
        <ele>494.878778</ele>
        <time>2026-08-11T11:58:37.895Z</time>
      </trkpt>
      <trkpt lat="46.349847" lon="14.168277">
        <ele>494.704165</ele>
        <time>2026-08-11T11:58:40.751Z</time>
      </trkpt>
      <trkpt lat="46.349235" lon="14.168477">
        <ele>494.216560</ele>
        <time>2026-08-11T11:58:49.018Z</time>
      </trkpt>
      <trkpt lat="46.348932" lon="14.168652">
        <ele>494.103416</ele>
        <time>2026-08-11T11:58:53.630Z</time>
      </trkpt>
      <trkpt lat="46.348752" lon="14.168792">
        <ele>494.036147</ele>
        <time>2026-08-11T11:58:56.488Z</time>
      </trkpt>
      <trkpt lat="46.348587" lon="14.168952">
        <ele>493.970772</ele>
        <time>2026-08-11T11:58:59.264Z</time>
      </trkpt>
      <trkpt lat="46.348259" lon="14.169261">
        <ele>493.841946</ele>
        <time>2026-08-11T11:59:04.670Z</time>
      </trkpt>
      <trkpt lat="46.348036" lon="14.169479">
        <ele>493.753367</ele>
        <time>2026-08-11T11:59:08.373Z</time>
      </trkpt>
      <trkpt lat="46.347848" lon="14.169653">
        <ele>493.679910</ele>
        <time>2026-08-11T11:59:11.372Z</time>
      </trkpt>
      <trkpt lat="46.346991" lon="14.170268">
        <ele>493.214930</ele>
        <time>2026-08-11T11:59:24.390Z</time>
      </trkpt>
      <trkpt lat="46.346596" lon="14.170536">
        <ele>492.984878</ele>
        <time>2026-08-11T11:59:30.186Z</time>
      </trkpt>
      <trkpt lat="46.346164" lon="14.170844">
        <ele>492.730928</ele>
        <time>2026-08-11T11:59:36.376Z</time>
      </trkpt>
      <trkpt lat="46.345690" lon="14.171169">
        <ele>492.244615</ele>
        <time>2026-08-11T11:59:42.934Z</time>
      </trkpt>
      <trkpt lat="46.345397" lon="14.171302">
        <ele>491.921990</ele>
        <time>2026-08-11T11:59:46.736Z</time>
      </trkpt>
      <trkpt lat="46.345388" lon="14.171497">
        <ele>491.780234</ele>
        <time>2026-08-11T11:59:48.391Z</time>
      </trkpt>
      <trkpt lat="46.344968" lon="14.172092">
        <ele>491.162974</ele>
        <time>2026-08-11T11:59:55.550Z</time>
      </trkpt>
      <trkpt lat="46.344618" lon="14.172588">
        <ele>490.594654</ele>
        <time>2026-08-11T12:00:01.254Z</time>
      </trkpt>
      <trkpt lat="46.344489" lon="14.172798">
        <ele>490.304509</ele>
        <time>2026-08-11T12:00:03.447Z</time>
      </trkpt>
      <trkpt lat="46.344463" lon="14.172913">
        <ele>490.179607</ele>
        <time>2026-08-11T12:00:04.386Z</time>
      </trkpt>
      <trkpt lat="46.344074" lon="14.173496">
        <ele>489.342712</ele>
        <time>2026-08-11T12:00:10.671Z</time>
      </trkpt>
      <trkpt lat="46.343777" lon="14.173918">
        <ele>488.720681</ele>
        <time>2026-08-11T12:00:15.553Z</time>
      </trkpt>
      <trkpt lat="46.343717" lon="14.174016">
        <ele>488.585478</ele>
        <time>2026-08-11T12:00:16.609Z</time>
      </trkpt>
      <trkpt lat="46.343618" lon="14.174130">
        <ele>488.396383</ele>
        <time>2026-08-11T12:00:18.063Z</time>
      </trkpt>
      <trkpt lat="46.343529" lon="14.174310">
        <ele>488.167852</ele>
        <time>2026-08-11T12:00:19.837Z</time>
      </trkpt>
      <trkpt lat="46.343496" lon="14.174551">
        <ele>487.928259</ele>
        <time>2026-08-11T12:00:21.831Z</time>
      </trkpt>
      <trkpt lat="46.343531" lon="14.175008">
        <ele>487.492253</ele>
        <time>2026-08-11T12:00:25.606Z</time>
      </trkpt>
      <trkpt lat="46.343525" lon="14.175235">
        <ele>487.276845</ele>
        <time>2026-08-11T12:00:27.478Z</time>
      </trkpt>
      <trkpt lat="46.343497" lon="14.175344">
        <ele>487.166562</ele>
        <time>2026-08-11T12:00:28.428Z</time>
      </trkpt>
      <trkpt lat="46.343384" lon="14.175536">
        <ele>486.927315</ele>
        <time>2026-08-11T12:00:30.528Z</time>
      </trkpt>
      <trkpt lat="46.343227" lon="14.175755">
        <ele>486.627928</ele>
        <time>2026-08-11T12:00:33.184Z</time>
      </trkpt>
      <trkpt lat="46.342830" lon="14.176344">
        <ele>485.847339</ele>
        <time>2026-08-11T12:00:39.723Z</time>
      </trkpt>
      <trkpt lat="46.342710" lon="14.176462">
        <ele>485.648115</ele>
        <time>2026-08-11T12:00:41.258Z</time>
      </trkpt>
      <trkpt lat="46.342087" lon="14.176773">
        <ele>485.067408</ele>
        <time>2026-08-11T12:00:48.856Z</time>
      </trkpt>
      <trkpt lat="46.341976" lon="14.176911">
        <ele>484.941159</ele>
        <time>2026-08-11T12:00:50.456Z</time>
      </trkpt>
      <trkpt lat="46.341830" lon="14.177282">
        <ele>484.686714</ele>
        <time>2026-08-11T12:00:53.786Z</time>
      </trkpt>
      <trkpt lat="46.341865" lon="14.177723">
        <ele>484.422223</ele>
        <time>2026-08-11T12:00:57.641Z</time>
      </trkpt>
      <trkpt lat="46.341843" lon="14.177810">
        <ele>484.367018</ele>
        <time>2026-08-11T12:00:58.531Z</time>
      </trkpt>
      <trkpt lat="46.341633" lon="14.178103">
        <ele>484.115368</ele>
        <time>2026-08-11T12:01:03.046Z</time>
      </trkpt>
      <trkpt lat="46.341379" lon="14.178376">
        <ele>484.512248</ele>
        <time>2026-08-11T12:01:09.471Z</time>
      </trkpt>
      <trkpt lat="46.340943" lon="14.178580">
        <ele>485.314686</ele>
        <time>2026-08-11T12:01:19.493Z</time>
      </trkpt>
      <trkpt lat="46.340891" lon="14.178642">
        <ele>485.432640</ele>
        <time>2026-08-11T12:01:20.789Z</time>
      </trkpt>
      <trkpt lat="46.340858" lon="14.178747">
        <ele>485.572130</ele>
        <time>2026-08-11T12:01:22.121Z</time>
      </trkpt>
      <trkpt lat="46.340852" lon="14.178977">
        <ele>485.850416</ele>
        <time>2026-08-11T12:01:25.635Z</time>
      </trkpt>
      <trkpt lat="46.340951" lon="14.179268">
        <ele>486.242658</ele>
        <time>2026-08-11T12:01:31.638Z</time>
      </trkpt>
      <trkpt lat="46.341106" lon="14.179490">
        <ele>486.624413</ele>
        <time>2026-08-11T12:01:37.420Z</time>
      </trkpt>
      <trkpt lat="46.341367" lon="14.179784">
        <ele>487.203463</ele>
        <time>2026-08-11T12:01:45.837Z</time>
      </trkpt>
      <trkpt lat="46.341435" lon="14.179886">
        <ele>487.296290</ele>
        <time>2026-08-11T12:01:48.188Z</time>
      </trkpt>
      <trkpt lat="46.341629" lon="14.180325">
        <ele>487.619391</ele>
        <time>2026-08-11T12:01:55.898Z</time>
      </trkpt>
      <trkpt lat="46.341709" lon="14.180772">
        <ele>487.905632</ele>
        <time>2026-08-11T12:02:01.586Z</time>
      </trkpt>
      <trkpt lat="46.341732" lon="14.181146">
        <ele>488.138380</ele>
        <time>2026-08-11T12:02:06.008Z</time>
      </trkpt>
      <trkpt lat="46.341769" lon="14.181838">
        <ele>488.568613</ele>
        <time>2026-08-11T12:02:14.209Z</time>
      </trkpt>
      <trkpt lat="46.341788" lon="14.182419">
        <ele>488.891349</ele>
        <time>2026-08-11T12:02:20.238Z</time>
      </trkpt>
      <trkpt lat="46.341778" lon="14.183314">
        <ele>489.237614</ele>
        <time>2026-08-11T12:02:28.738Z</time>
      </trkpt>
      <trkpt lat="46.341752" lon="14.183948">
        <ele>489.483301</ele>
        <time>2026-08-11T12:02:35.264Z</time>
      </trkpt>
      <trkpt lat="46.341721" lon="14.184285">
        <ele>489.614818</ele>
        <time>2026-08-11T12:02:39.682Z</time>
      </trkpt>
      <trkpt lat="46.341727" lon="14.184430">
        <ele>489.671010</ele>
        <time>2026-08-11T12:02:41.685Z</time>
      </trkpt>
      <trkpt lat="46.341731" lon="14.184606">
        <ele>489.739131</ele>
        <time>2026-08-11T12:02:44.211Z</time>
      </trkpt>
      <trkpt lat="46.341840" lon="14.185234">
        <ele>490.488326</ele>
        <time>2026-08-11T12:02:53.879Z</time>
      </trkpt>
      <trkpt lat="46.341850" lon="14.185388">
        <ele>490.742964</ele>
        <time>2026-08-11T12:02:56.544Z</time>
      </trkpt>
      <trkpt lat="46.341808" lon="14.185641">
        <ele>491.171332</ele>
        <time>2026-08-11T12:03:01.373Z</time>
      </trkpt>
      <trkpt lat="46.341740" lon="14.185773">
        <ele>491.442466</ele>
        <time>2026-08-11T12:03:04.511Z</time>
      </trkpt>
      <trkpt lat="46.341551" lon="14.185927">
        <ele>491.959568</ele>
        <time>2026-08-11T12:03:10.567Z</time>
      </trkpt>
      <trkpt lat="46.341376" lon="14.185996">
        <ele>492.392058</ele>
        <time>2026-08-11T12:03:15.581Z</time>
      </trkpt>
      <trkpt lat="46.341199" lon="14.186113">
        <ele>492.856005</ele>
        <time>2026-08-11T12:03:20.834Z</time>
      </trkpt>
      <trkpt lat="46.341104" lon="14.186224">
        <ele>493.147056</ele>
        <time>2026-08-11T12:03:24.101Z</time>
      </trkpt>
      <trkpt lat="46.341045" lon="14.186332">
        <ele>493.373784</ele>
        <time>2026-08-11T12:03:26.613Z</time>
      </trkpt>
      <trkpt lat="46.341016" lon="14.186444">
        <ele>493.570705</ele>
        <time>2026-08-11T12:03:28.740Z</time>
      </trkpt>
      <trkpt lat="46.341007" lon="14.186855">
        <ele>494.115097</ele>
        <time>2026-08-11T12:03:35.203Z</time>
      </trkpt>
      <trkpt lat="46.340887" lon="14.187074">
        <ele>494.075884</ele>
        <time>2026-08-11T12:03:39.065Z</time>
      </trkpt>
      <trkpt lat="46.340727" lon="14.187224">
        <ele>494.037166</ele>
        <time>2026-08-11T12:03:42.576Z</time>
      </trkpt>
      <trkpt lat="46.340621" lon="14.187442">
        <ele>493.999769</ele>
        <time>2026-08-11T12:03:45.733Z</time>
      </trkpt>
      <trkpt lat="46.340572" lon="14.187639">
        <ele>493.970401</ele>
        <time>2026-08-11T12:03:47.933Z</time>
      </trkpt>
      <trkpt lat="46.340539" lon="14.187803">
        <ele>493.946443</ele>
        <time>2026-08-11T12:03:49.504Z</time>
      </trkpt>
      <trkpt lat="46.340549" lon="14.187995">
        <ele>493.919439</ele>
        <time>2026-08-11T12:03:51.117Z</time>
      </trkpt>
      <trkpt lat="46.340606" lon="14.188351">
        <ele>493.868185</ele>
        <time>2026-08-11T12:03:54.042Z</time>
      </trkpt>
      <trkpt lat="46.340599" lon="14.188524">
        <ele>493.843880</ele>
        <time>2026-08-11T12:03:55.406Z</time>
      </trkpt>
      <trkpt lat="46.340538" lon="14.189138">
        <ele>493.752851</ele>
        <time>2026-08-11T12:04:00.358Z</time>
      </trkpt>
      <trkpt lat="46.340511" lon="14.190084">
        <ele>493.454312</ele>
        <time>2026-08-11T12:04:07.977Z</time>
      </trkpt>
      <trkpt lat="46.340466" lon="14.192559">
        <ele>494.291405</ele>
        <time>2026-08-11T12:04:33.460Z</time>
      </trkpt>
      <trkpt lat="46.340172" lon="14.202388">
        <ele>509.257918</ele>
        <time>2026-08-11T12:07:25.628Z</time>
      </trkpt>
      <trkpt lat="46.340167" lon="14.202537">
        <ele>509.076315</ele>
        <time>2026-08-11T12:07:27.159Z</time>
      </trkpt>
      <trkpt lat="46.340097" lon="14.205141">
        <ele>505.000063</ele>
        <time>2026-08-11T12:07:45.974Z</time>
      </trkpt>
      <trkpt lat="46.340103" lon="14.205809">
        <ele>502.703730</ele>
        <time>2026-08-11T12:07:50.334Z</time>
      </trkpt>
      <trkpt lat="46.340155" lon="14.206768">
        <ele>499.397177</ele>
        <time>2026-08-11T12:07:56.474Z</time>
      </trkpt>
      <trkpt lat="46.340226" lon="14.207407">
        <ele>497.132546</ele>
        <time>2026-08-11T12:08:00.562Z</time>
      </trkpt>
      <trkpt lat="46.340513" lon="14.209242">
        <ele>489.715241</ele>
        <time>2026-08-11T12:08:12.473Z</time>
      </trkpt>
      <trkpt lat="46.340492" lon="14.209432">
        <ele>488.956681</ele>
        <time>2026-08-11T12:08:13.695Z</time>
      </trkpt>
      <trkpt lat="46.340510" lon="14.209570">
        <ele>488.403031</ele>
        <time>2026-08-11T12:08:14.592Z</time>
      </trkpt>
      <trkpt lat="46.340567" lon="14.209599">
        <ele>488.058050</ele>
        <time>2026-08-11T12:08:15.161Z</time>
      </trkpt>
      <trkpt lat="46.340591" lon="14.209673">
        <ele>487.735739</ele>
        <time>2026-08-11T12:08:15.690Z</time>
      </trkpt>
      <trkpt lat="46.340652" lon="14.209661">
        <ele>487.384214</ele>
        <time>2026-08-11T12:08:16.261Z</time>
      </trkpt>
      <trkpt lat="46.340722" lon="14.209653">
        <ele>487.100633</ele>
        <time>2026-08-11T12:08:16.937Z</time>
      </trkpt>
      <trkpt lat="46.340773" lon="14.210646">
        <ele>485.598300</ele>
        <time>2026-08-11T12:08:26.465Z</time>
      </trkpt>
      <trkpt lat="46.340834" lon="14.211021">
        <ele>485.017024</ele>
        <time>2026-08-11T12:08:30.493Z</time>
      </trkpt>
      <trkpt lat="46.340750" lon="14.211396">
        <ele>484.422204</ele>
        <time>2026-08-11T12:08:34.875Z</time>
      </trkpt>
      <trkpt lat="46.340777" lon="14.211564">
        <ele>484.161956</ele>
        <time>2026-08-11T12:08:36.961Z</time>
      </trkpt>
      <trkpt lat="46.340794" lon="14.211895">
        <ele>483.661179</ele>
        <time>2026-08-11T12:08:41.513Z</time>
      </trkpt>
      <trkpt lat="46.340811" lon="14.212087">
        <ele>483.369125</ele>
        <time>2026-08-11T12:08:44.634Z</time>
      </trkpt>
      <trkpt lat="46.340827" lon="14.212492">
        <ele>484.104065</ele>
        <time>2026-08-11T12:08:52.281Z</time>
      </trkpt>
      <trkpt lat="46.340806" lon="14.212740">
        <ele>484.772954</ele>
        <time>2026-08-11T12:08:57.408Z</time>
      </trkpt>
      <trkpt lat="46.340711" lon="14.213012">
        <ele>485.589000</ele>
        <time>2026-08-11T12:09:04.077Z</time>
      </trkpt>
      <trkpt lat="46.340257" lon="14.213599">
        <ele>487.948830</ele>
        <time>2026-08-11T12:09:26.669Z</time>
      </trkpt>
      <trkpt lat="46.339895" lon="14.214242">
        <ele>490.170011</ele>
        <time>2026-08-11T12:09:51.329Z</time>
      </trkpt>
      <trkpt lat="46.339727" lon="14.214483">
        <ele>491.440560</ele>
        <time>2026-08-11T12:10:02.134Z</time>
      </trkpt>
      <trkpt lat="46.339462" lon="14.214732">
        <ele>493.163595</ele>
        <time>2026-08-11T12:10:16.944Z</time>
      </trkpt>
      <trkpt lat="46.339305" lon="14.214934">
        <ele>494.309074</ele>
        <time>2026-08-11T12:10:26.813Z</time>
      </trkpt>
      <trkpt lat="46.339196" lon="14.215150">
        <ele>495.316650</ele>
        <time>2026-08-11T12:10:35.361Z</time>
      </trkpt>
      <trkpt lat="46.339066" lon="14.215652">
        <ele>497.335774</ele>
        <time>2026-08-11T12:10:51.656Z</time>
      </trkpt>
      <trkpt lat="46.339002" lon="14.215753">
        <ele>497.852060</ele>
        <time>2026-08-11T12:10:55.574Z</time>
      </trkpt>
      <trkpt lat="46.338913" lon="14.215837">
        <ele>498.431509</ele>
        <time>2026-08-11T12:10:59.882Z</time>
      </trkpt>
      <trkpt lat="46.338521" lon="14.216027">
        <ele>500.128427</ele>
        <time>2026-08-11T12:11:15.109Z</time>
      </trkpt>
      <trkpt lat="46.338395" lon="14.216161">
        <ele>500.257897</ele>
        <time>2026-08-11T12:11:20.045Z</time>
      </trkpt>
      <trkpt lat="46.337925" lon="14.216718">
        <ele>500.760876</ele>
        <time>2026-08-11T12:11:35.135Z</time>
      </trkpt>
      <trkpt lat="46.337494" lon="14.217451">
        <ele>501.311444</ele>
        <time>2026-08-11T12:11:46.981Z</time>
      </trkpt>
      <trkpt lat="46.337001" lon="14.218410">
        <ele>501.199379</ele>
        <time>2026-08-11T12:12:01.657Z</time>
      </trkpt>
      <trkpt lat="46.336676" lon="14.218919">
        <ele>500.934246</ele>
        <time>2026-08-11T12:12:10.279Z</time>
      </trkpt>
      <trkpt lat="46.336591" lon="14.218979">
        <ele>500.881870</ele>
        <time>2026-08-11T12:12:11.961Z</time>
      </trkpt>
      <trkpt lat="46.336405" lon="14.219126">
        <ele>500.764506</ele>
        <time>2026-08-11T12:12:15.754Z</time>
      </trkpt>
      <trkpt lat="46.336218" lon="14.219359">
        <ele>500.627874</ele>
        <time>2026-08-11T12:12:20.526Z</time>
      </trkpt>
      <trkpt lat="46.335978" lon="14.219497">
        <ele>500.532487</ele>
        <time>2026-08-11T12:12:25.739Z</time>
      </trkpt>
      <trkpt lat="46.335633" lon="14.219696">
        <ele>500.590379</ele>
        <time>2026-08-11T12:12:33.471Z</time>
      </trkpt>
      <trkpt lat="46.335645" lon="14.219735">
        <ele>500.594975</ele>
        <time>2026-08-11T12:12:33.915Z</time>
      </trkpt>
      <trkpt lat="46.335775" lon="14.220129">
        <ele>500.641977</ele>
        <time>2026-08-11T12:12:38.798Z</time>
      </trkpt>
      <trkpt lat="46.335807" lon="14.220631">
        <ele>500.696240</ele>
        <time>2026-08-11T12:12:44.259Z</time>
      </trkpt>
      <trkpt lat="46.335799" lon="14.220975">
        <ele>500.733287</ele>
        <time>2026-08-11T12:12:48.058Z</time>
      </trkpt>
      <trkpt lat="46.335751" lon="14.221404">
        <ele>500.780065</ele>
        <time>2026-08-11T12:12:52.635Z</time>
      </trkpt>
      <trkpt lat="46.335599" lon="14.222024">
        <ele>500.785049</ele>
        <time>2026-08-11T12:12:59.588Z</time>
      </trkpt>
      <trkpt lat="46.335607" lon="14.222242">
        <ele>500.776623</ele>
        <time>2026-08-11T12:13:02.030Z</time>
      </trkpt>
      <trkpt lat="46.335650" lon="14.222388">
        <ele>500.770497</ele>
        <time>2026-08-11T12:13:03.882Z</time>
      </trkpt>
      <trkpt lat="46.335695" lon="14.222754">
        <ele>500.756149</ele>
        <time>2026-08-11T12:13:08.068Z</time>
      </trkpt>
      <trkpt lat="46.335775" lon="14.223500">
        <ele>500.727011</ele>
        <time>2026-08-11T12:13:16.057Z</time>
      </trkpt>
      <trkpt lat="46.335682" lon="14.223928">
        <ele>500.709693</ele>
        <time>2026-08-11T12:13:20.193Z</time>
      </trkpt>
      <trkpt lat="46.335605" lon="14.224160">
        <ele>500.628491</ele>
        <time>2026-08-11T12:13:22.469Z</time>
      </trkpt>
      <trkpt lat="46.335433" lon="14.224593">
        <ele>499.961278</ele>
        <time>2026-08-11T12:13:26.918Z</time>
      </trkpt>
      <trkpt lat="46.335287" lon="14.225163">
        <ele>499.149264</ele>
        <time>2026-08-11T12:13:31.717Z</time>
      </trkpt>
      <trkpt lat="46.335276" lon="14.225487">
        <ele>498.715995</ele>
        <time>2026-08-11T12:13:34.079Z</time>
      </trkpt>
      <trkpt lat="46.335315" lon="14.226263">
        <ele>497.676798</ele>
        <time>2026-08-11T12:13:39.626Z</time>
      </trkpt>
      <trkpt lat="46.335301" lon="14.226374">
        <ele>497.526089</ele>
        <time>2026-08-11T12:13:40.438Z</time>
      </trkpt>
      <trkpt lat="46.335015" lon="14.227092">
        <ele>496.259087</ele>
        <time>2026-08-11T12:13:46.419Z</time>
      </trkpt>
      <trkpt lat="46.334884" lon="14.227251">
        <ele>495.862668</ele>
        <time>2026-08-11T12:13:48.206Z</time>
      </trkpt>
      <trkpt lat="46.334603" lon="14.227375">
        <ele>495.181348</ele>
        <time>2026-08-11T12:13:51.321Z</time>
      </trkpt>
      <trkpt lat="46.334488" lon="14.227634">
        <ele>494.688225</ele>
        <time>2026-08-11T12:13:53.624Z</time>
      </trkpt>
      <trkpt lat="46.334151" lon="14.228401">
        <ele>493.232341</ele>
        <time>2026-08-11T12:14:00.554Z</time>
      </trkpt>
      <trkpt lat="46.333708" lon="14.229128">
        <ele>492.107588</ele>
        <time>2026-08-11T12:14:07.897Z</time>
      </trkpt>
      <trkpt lat="46.333660" lon="14.229179">
        <ele>492.012615</ele>
        <time>2026-08-11T12:14:08.560Z</time>
      </trkpt>
      <trkpt lat="46.333566" lon="14.229205">
        <ele>491.859943</ele>
        <time>2026-08-11T12:14:09.626Z</time>
      </trkpt>
      <trkpt lat="46.333230" lon="14.229259">
        <ele>491.320618</ele>
        <time>2026-08-11T12:14:13.498Z</time>
      </trkpt>
      <trkpt lat="46.332934" lon="14.229553">
        <ele>490.748018</ele>
        <time>2026-08-11T12:14:17.705Z</time>
      </trkpt>
      <trkpt lat="46.332818" lon="14.229727">
        <ele>490.481591</ele>
        <time>2026-08-11T12:14:19.685Z</time>
      </trkpt>
      <trkpt lat="46.332664" lon="14.230283">
        <ele>489.863013</ele>
        <time>2026-08-11T12:14:24.635Z</time>
      </trkpt>
      <trkpt lat="46.332512" lon="14.230715">
        <ele>489.390291</ele>
        <time>2026-08-11T12:14:28.650Z</time>
      </trkpt>
      <trkpt lat="46.331453" lon="14.232418">
        <ele>487.097164</ele>
        <time>2026-08-11T12:14:46.929Z</time>
      </trkpt>
      <trkpt lat="46.331219" lon="14.232746">
        <ele>486.581831</ele>
        <time>2026-08-11T12:14:50.474Z</time>
      </trkpt>
      <trkpt lat="46.330956" lon="14.233249">
        <ele>485.892418</ele>
        <time>2026-08-11T12:14:55.229Z</time>
      </trkpt>
      <trkpt lat="46.330574" lon="14.234182">
        <ele>484.758938</ele>
        <time>2026-08-11T12:15:04.021Z</time>
      </trkpt>
      <trkpt lat="46.330470" lon="14.234355">
        <ele>484.655610</ele>
        <time>2026-08-11T12:15:05.924Z</time>
      </trkpt>
      <trkpt lat="46.330158" lon="14.234727">
        <ele>484.391959</ele>
        <time>2026-08-11T12:15:11.213Z</time>
      </trkpt>
      <trkpt lat="46.329823" lon="14.234737">
        <ele>484.173364</ele>
        <time>2026-08-11T12:15:15.641Z</time>
      </trkpt>
      <trkpt lat="46.329524" lon="14.234701">
        <ele>483.977628</ele>
        <time>2026-08-11T12:15:19.835Z</time>
      </trkpt>
      <trkpt lat="46.329066" lon="14.234616">
        <ele>483.676392</ele>
        <time>2026-08-11T12:15:26.156Z</time>
      </trkpt>
      <trkpt lat="46.328966" lon="14.234633">
        <ele>483.614375</ele>
        <time>2026-08-11T12:15:27.389Z</time>
      </trkpt>
      <trkpt lat="46.328919" lon="14.234674">
        <ele>483.590396</ele>
        <time>2026-08-11T12:15:28.072Z</time>
      </trkpt>
      <trkpt lat="46.328794" lon="14.234658">
        <ele>483.535555</ele>
        <time>2026-08-11T12:15:29.601Z</time>
      </trkpt>
      <trkpt lat="46.328416" lon="14.234487">
        <ele>483.362485</ele>
        <time>2026-08-11T12:15:34.500Z</time>
      </trkpt>
      <trkpt lat="46.328322" lon="14.234403">
        <ele>483.314213</ele>
        <time>2026-08-11T12:15:35.924Z</time>
      </trkpt>
      <trkpt lat="46.328266" lon="14.234473">
        <ele>483.281883</ele>
        <time>2026-08-11T12:15:37.234Z</time>
      </trkpt>
      <trkpt lat="46.328154" lon="14.234507">
        <ele>483.231872</ele>
        <time>2026-08-11T12:15:39.296Z</time>
      </trkpt>
      <trkpt lat="46.327882" lon="14.234458">
        <ele>483.112084</ele>
        <time>2026-08-11T12:15:44.316Z</time>
      </trkpt>
      <trkpt lat="46.327593" lon="14.234550">
        <ele>482.982766</ele>
        <time>2026-08-11T12:15:50.183Z</time>
      </trkpt>
      <trkpt lat="46.327322" lon="14.234516">
        <ele>482.863888</ele>
        <time>2026-08-11T12:15:55.729Z</time>
      </trkpt>
      <trkpt lat="46.326866" lon="14.234518">
        <ele>482.532034</ele>
        <time>2026-08-11T12:16:05.197Z</time>
      </trkpt>
      <trkpt lat="46.326784" lon="14.234503">
        <ele>482.467937</ele>
        <time>2026-08-11T12:16:06.919Z</time>
      </trkpt>
      <trkpt lat="46.326711" lon="14.234443">
        <ele>482.402841</ele>
        <time>2026-08-11T12:16:08.733Z</time>
      </trkpt>
      <trkpt lat="46.326410" lon="14.234202">
        <ele>482.136107</ele>
        <time>2026-08-11T12:16:15.947Z</time>
      </trkpt>
      <trkpt lat="46.326182" lon="14.234061">
        <ele>481.943841</ele>
        <time>2026-08-11T12:16:21.015Z</time>
      </trkpt>
      <trkpt lat="46.326020" lon="14.233998">
        <ele>481.813756</ele>
        <time>2026-08-11T12:16:24.375Z</time>
      </trkpt>
      <trkpt lat="46.325881" lon="14.233904">
        <ele>481.694784</ele>
        <time>2026-08-11T12:16:27.278Z</time>
      </trkpt>
      <trkpt lat="46.325535" lon="14.233608">
        <ele>480.970839</ele>
        <time>2026-08-11T12:16:33.561Z</time>
      </trkpt>
      <trkpt lat="46.325282" lon="14.233342">
        <ele>478.997545</ele>
        <time>2026-08-11T12:16:37.867Z</time>
      </trkpt>
      <trkpt lat="46.325145" lon="14.233303">
        <ele>478.116323</ele>
        <time>2026-08-11T12:16:39.702Z</time>
      </trkpt>
      <trkpt lat="46.325049" lon="14.233354">
        <ele>477.470933</ele>
        <time>2026-08-11T12:16:41.020Z</time>
      </trkpt>
      <trkpt lat="46.324998" lon="14.233433">
        <ele>476.999586</ele>
        <time>2026-08-11T12:16:41.977Z</time>
      </trkpt>
      <trkpt lat="46.324736" lon="14.234144">
        <ele>473.487091</ele>
        <time>2026-08-11T12:16:48.989Z</time>
      </trkpt>
      <trkpt lat="46.324674" lon="14.234225">
        <ele>472.960059</ele>
        <time>2026-08-11T12:16:50.029Z</time>
      </trkpt>
      <trkpt lat="46.324563" lon="14.234291">
        <ele>472.202725</ele>
        <time>2026-08-11T12:16:51.526Z</time>
      </trkpt>
      <trkpt lat="46.324361" lon="14.234489">
        <ele>470.663187</ele>
        <time>2026-08-11T12:16:54.562Z</time>
      </trkpt>
      <trkpt lat="46.324234" lon="14.234663">
        <ele>469.695044</ele>
        <time>2026-08-11T12:16:56.751Z</time>
      </trkpt>
      <trkpt lat="46.323864" lon="14.235382">
        <ele>466.786507</ele>
        <time>2026-08-11T12:17:04.806Z</time>
      </trkpt>
      <trkpt lat="46.323693" lon="14.235458">
        <ele>465.946327</ele>
        <time>2026-08-11T12:17:07.270Z</time>
      </trkpt>
      <trkpt lat="46.323575" lon="14.235468">
        <ele>465.391125</ele>
        <time>2026-08-11T12:17:08.945Z</time>
      </trkpt>
      <trkpt lat="46.323385" lon="14.235433">
        <ele>464.491489</ele>
        <time>2026-08-11T12:17:11.756Z</time>
      </trkpt>
      <trkpt lat="46.323044" lon="14.235222">
        <ele>462.749683</ele>
        <time>2026-08-11T12:17:17.381Z</time>
      </trkpt>
      <trkpt lat="46.322745" lon="14.234994">
        <ele>461.412881</ele>
        <time>2026-08-11T12:17:22.484Z</time>
      </trkpt>
      <trkpt lat="46.322071" lon="14.234505">
        <ele>459.727251</ele>
        <time>2026-08-11T12:17:33.677Z</time>
      </trkpt>
      <trkpt lat="46.321784" lon="14.234258">
        <ele>458.980736</ele>
        <time>2026-08-11T12:17:37.181Z</time>
      </trkpt>
      <trkpt lat="46.321682" lon="14.234170">
        <ele>458.715254</ele>
        <time>2026-08-11T12:17:38.455Z</time>
      </trkpt>
      <trkpt lat="46.321480" lon="14.233855">
        <ele>458.051473</ele>
        <time>2026-08-11T12:17:41.761Z</time>
      </trkpt>
      <trkpt lat="46.321421" lon="14.233754">
        <ele>457.847199</ele>
        <time>2026-08-11T12:17:42.811Z</time>
      </trkpt>
      <trkpt lat="46.321351" lon="14.233370">
        <ele>457.635354</ele>
        <time>2026-08-11T12:17:46.142Z</time>
      </trkpt>
      <trkpt lat="46.321328" lon="14.232984">
        <ele>457.661231</ele>
        <time>2026-08-11T12:17:49.786Z</time>
      </trkpt>
      <trkpt lat="46.321361" lon="14.232508">
        <ele>457.693183</ele>
        <time>2026-08-11T12:17:55.152Z</time>
      </trkpt>
      <trkpt lat="46.321498" lon="14.231701">
        <ele>457.748686</ele>
        <time>2026-08-11T12:18:05.216Z</time>
      </trkpt>
      <trkpt lat="46.321524" lon="14.231418">
        <ele>457.767754</ele>
        <time>2026-08-11T12:18:08.713Z</time>
      </trkpt>
      <trkpt lat="46.321497" lon="14.230970">
        <ele>457.774078</ele>
        <time>2026-08-11T12:18:14.073Z</time>
      </trkpt>
      <trkpt lat="46.321351" lon="14.230428">
        <ele>457.633352</ele>
        <time>2026-08-11T12:18:20.663Z</time>
      </trkpt>
      <trkpt lat="46.321143" lon="14.229989">
        <ele>457.504572</ele>
        <time>2026-08-11T12:18:26.158Z</time>
      </trkpt>
      <trkpt lat="46.320786" lon="14.229348">
        <ele>457.305379</ele>
        <time>2026-08-11T12:18:33.981Z</time>
      </trkpt>
      <trkpt lat="46.320624" lon="14.229179">
        <ele>457.235444</ele>
        <time>2026-08-11T12:18:36.533Z</time>
      </trkpt>
      <trkpt lat="46.320138" lon="14.230244">
        <ele>453.748978</ele>
        <time>2026-08-11T12:18:46.412Z</time>
      </trkpt>
      <trkpt lat="46.319649" lon="14.231040">
        <ele>450.021383</ele>
        <time>2026-08-11T12:18:53.354Z</time>
      </trkpt>
      <trkpt lat="46.319515" lon="14.231215">
        <ele>449.107144</ele>
        <time>2026-08-11T12:18:54.948Z</time>
      </trkpt>
      <trkpt lat="46.319309" lon="14.231361">
        <ele>447.783079</ele>
        <time>2026-08-11T12:18:56.929Z</time>
      </trkpt>
      <trkpt lat="46.318869" lon="14.231516">
        <ele>441.946404</ele>
        <time>2026-08-11T12:19:00.760Z</time>
      </trkpt>
      <trkpt lat="46.318497" lon="14.231723">
        <ele>436.809734</ele>
        <time>2026-08-11T12:19:04.086Z</time>
      </trkpt>
      <trkpt lat="46.318243" lon="14.231974">
        <ele>432.846076</ele>
        <time>2026-08-11T12:19:06.641Z</time>
      </trkpt>
      <trkpt lat="46.318169" lon="14.232116">
        <ele>431.262528</ele>
        <time>2026-08-11T12:19:07.664Z</time>
      </trkpt>
      <trkpt lat="46.318104" lon="14.232421">
        <ele>428.421109</ele>
        <time>2026-08-11T12:19:09.504Z</time>
      </trkpt>
      <trkpt lat="46.318110" lon="14.232808">
        <ele>424.975180</ele>
        <time>2026-08-11T12:19:11.733Z</time>
      </trkpt>
      <trkpt lat="46.318136" lon="14.233050">
        <ele>423.086153</ele>
        <time>2026-08-11T12:19:13.155Z</time>
      </trkpt>
      <trkpt lat="46.318186" lon="14.233315">
        <ele>420.984312</ele>
        <time>2026-08-11T12:19:14.740Z</time>
      </trkpt>
      <trkpt lat="46.318415" lon="14.233911">
        <ele>415.766098</ele>
        <time>2026-08-11T12:19:18.719Z</time>
      </trkpt>
      <trkpt lat="46.318498" lon="14.234229">
        <ele>413.165115</ele>
        <time>2026-08-11T12:19:20.720Z</time>
      </trkpt>
      <trkpt lat="46.318501" lon="14.234432">
        <ele>411.611596</ele>
        <time>2026-08-11T12:19:21.921Z</time>
      </trkpt>
      <trkpt lat="46.318414" lon="14.234896">
        <ele>407.933003</ele>
        <time>2026-08-11T12:19:24.781Z</time>
      </trkpt>
      <trkpt lat="46.317978" lon="14.236736">
        <ele>399.822899</ele>
        <time>2026-08-11T12:19:36.670Z</time>
      </trkpt>
      <trkpt lat="46.317713" lon="14.237638">
        <ele>396.594794</ele>
        <time>2026-08-11T12:19:44.711Z</time>
      </trkpt>
      <trkpt lat="46.317629" lon="14.237839">
        <ele>396.586160</ele>
        <time>2026-08-11T12:19:48.001Z</time>
      </trkpt>
      <trkpt lat="46.317549" lon="14.237964">
        <ele>396.814181</ele>
        <time>2026-08-11T12:19:50.942Z</time>
      </trkpt>
      <trkpt lat="46.317386" lon="14.238140">
        <ele>397.208102</ele>
        <time>2026-08-11T12:19:56.525Z</time>
      </trkpt>
      <trkpt lat="46.316643" lon="14.238636">
        <ele>398.793149</ele>
        <time>2026-08-11T12:20:19.976Z</time>
      </trkpt>
      <trkpt lat="46.316479" lon="14.238684">
        <ele>399.117293</ele>
        <time>2026-08-11T12:20:24.361Z</time>
      </trkpt>
      <trkpt lat="46.316041" lon="14.238634">
        <ele>399.730323</ele>
        <time>2026-08-11T12:20:33.634Z</time>
      </trkpt>
      <trkpt lat="46.315735" lon="14.238706">
        <ele>399.127175</ele>
        <time>2026-08-11T12:20:38.177Z</time>
      </trkpt>
      <trkpt lat="46.315036" lon="14.239177">
        <ele>397.627171</ele>
        <time>2026-08-11T12:20:46.133Z</time>
      </trkpt>
      <trkpt lat="46.314570" lon="14.239253">
        <ele>396.714812</ele>
        <time>2026-08-11T12:20:50.837Z</time>
      </trkpt>
      <trkpt lat="46.314173" lon="14.239387">
        <ele>395.945231</ele>
        <time>2026-08-11T12:20:55.074Z</time>
      </trkpt>
      <trkpt lat="46.313684" lon="14.239389">
        <ele>395.046050</ele>
        <time>2026-08-11T12:21:00.266Z</time>
      </trkpt>
      <trkpt lat="46.312961" lon="14.239323">
        <ele>393.713951</ele>
        <time>2026-08-11T12:21:08.319Z</time>
      </trkpt>
      <trkpt lat="46.312901" lon="14.239327">
        <ele>393.603506</ele>
        <time>2026-08-11T12:21:09.073Z</time>
      </trkpt>
      <trkpt lat="46.312312" lon="14.239464">
        <ele>392.893028</ele>
        <time>2026-08-11T12:21:17.402Z</time>
      </trkpt>
      <trkpt lat="46.311869" lon="14.239792">
        <ele>392.637312</ele>
        <time>2026-08-11T12:21:23.696Z</time>
      </trkpt>
      <trkpt lat="46.311078" lon="14.240444">
        <ele>392.169525</ele>
        <time>2026-08-11T12:21:36.354Z</time>
      </trkpt>
      <trkpt lat="46.310828" lon="14.240687">
        <ele>391.841289</ele>
        <time>2026-08-11T12:21:40.736Z</time>
      </trkpt>
      <trkpt lat="46.309928" lon="14.241768">
        <ele>390.235828</ele>
        <time>2026-08-11T12:21:54.465Z</time>
      </trkpt>
      <trkpt lat="46.309649" lon="14.242061">
        <ele>389.762633</ele>
        <time>2026-08-11T12:21:58.163Z</time>
      </trkpt>
      <trkpt lat="46.309176" lon="14.242578">
        <ele>388.717898</ele>
        <time>2026-08-11T12:22:04.501Z</time>
      </trkpt>
      <trkpt lat="46.308546" lon="14.243725">
        <ele>386.869685</ele>
        <time>2026-08-11T12:22:15.607Z</time>
      </trkpt>
      <trkpt lat="46.308031" lon="14.244662">
        <ele>386.170306</ele>
        <time>2026-08-11T12:22:25.807Z</time>
      </trkpt>
      <trkpt lat="46.307909" lon="14.245174">
        <ele>386.037901</ele>
        <time>2026-08-11T12:22:31.021Z</time>
      </trkpt>
      <trkpt lat="46.307899" lon="14.245687">
        <ele>385.912439</ele>
        <time>2026-08-11T12:22:36.234Z</time>
      </trkpt>
      <trkpt lat="46.307938" lon="14.246084">
        <ele>385.814409</ele>
        <time>2026-08-11T12:22:40.442Z</time>
      </trkpt>
      <trkpt lat="46.307953" lon="14.246576">
        <ele>385.728177</ele>
        <time>2026-08-11T12:22:45.872Z</time>
      </trkpt>
      <trkpt lat="46.307901" lon="14.247958">
        <ele>385.722872</ele>
        <time>2026-08-11T12:23:01.612Z</time>
      </trkpt>
      <trkpt lat="46.307901" lon="14.248549">
        <ele>385.720606</ele>
        <time>2026-08-11T12:23:07.222Z</time>
      </trkpt>
      <trkpt lat="46.307887" lon="14.249213">
        <ele>385.569986</ele>
        <time>2026-08-11T12:23:13.243Z</time>
      </trkpt>
      <trkpt lat="46.307844" lon="14.249525">
        <ele>385.303435</ele>
        <time>2026-08-11T12:23:16.053Z</time>
      </trkpt>
      <trkpt lat="46.307761" lon="14.249820">
        <ele>385.036564</ele>
        <time>2026-08-11T12:23:18.844Z</time>
      </trkpt>
      <trkpt lat="46.307459" lon="14.250649">
        <ele>384.251347</ele>
        <time>2026-08-11T12:23:26.370Z</time>
      </trkpt>
      <trkpt lat="46.307097" lon="14.251405">
        <ele>383.526995</ele>
        <time>2026-08-11T12:23:33.399Z</time>
      </trkpt>
      <trkpt lat="46.306906" lon="14.252001">
        <ele>383.427196</ele>
        <time>2026-08-11T12:23:38.690Z</time>
      </trkpt>
      <trkpt lat="46.306662" lon="14.253175">
        <ele>383.240971</ele>
        <time>2026-08-11T12:23:50.584Z</time>
      </trkpt>
      <trkpt lat="46.306380" lon="14.253991">
        <ele>383.140058</ele>
        <time>2026-08-11T12:24:03.284Z</time>
      </trkpt>
      <trkpt lat="46.306174" lon="14.254771">
        <ele>383.134594</ele>
        <time>2026-08-11T12:24:14.696Z</time>
      </trkpt>
      <trkpt lat="46.305976" lon="14.255656">
        <ele>383.128506</ele>
        <time>2026-08-11T12:24:23.977Z</time>
      </trkpt>
      <trkpt lat="46.305792" lon="14.256230">
        <ele>383.067513</ele>
        <time>2026-08-11T12:24:29.056Z</time>
      </trkpt>
      <trkpt lat="46.305681" lon="14.256463">
        <ele>382.765735</ele>
        <time>2026-08-11T12:24:31.196Z</time>
      </trkpt>
      <trkpt lat="46.305010" lon="14.257617">
        <ele>381.157456</ele>
        <time>2026-08-11T12:24:42.298Z</time>
      </trkpt>
      <trkpt lat="46.304358" lon="14.258821">
        <ele>381.259132</ele>
        <time>2026-08-11T12:24:55.911Z</time>
      </trkpt>
      <trkpt lat="46.303081" lon="14.261169">
        <ele>386.895285</ele>
        <time>2026-08-11T12:25:50.286Z</time>
      </trkpt>
      <trkpt lat="46.303020" lon="14.261261">
        <ele>387.278384</ele>
        <time>2026-08-11T12:25:53.243Z</time>
      </trkpt>
      <trkpt lat="46.302945" lon="14.261371">
        <ele>387.742702</ele>
        <time>2026-08-11T12:25:56.852Z</time>
      </trkpt>
      <trkpt lat="46.302874" lon="14.261458">
        <ele>388.147240</ele>
        <time>2026-08-11T12:26:00.278Z</time>
      </trkpt>
      <trkpt lat="46.302754" lon="14.261543">
        <ele>388.728222</ele>
        <time>2026-08-11T12:26:05.046Z</time>
      </trkpt>
      <trkpt lat="46.302580" lon="14.261595">
        <ele>389.500864</ele>
        <time>2026-08-11T12:26:11.552Z</time>
      </trkpt>
      <trkpt lat="46.302372" lon="14.261658">
        <ele>390.424994</ele>
        <time>2026-08-11T12:26:19.322Z</time>
      </trkpt>
      <trkpt lat="46.301679" lon="14.261780">
        <ele>394.948280</ele>
        <time>2026-08-11T12:26:46.827Z</time>
      </trkpt>
      <trkpt lat="46.299928" lon="14.261803">
        <ele>407.931706</ele>
        <time>2026-08-11T12:28:06.829Z</time>
      </trkpt>
      <trkpt lat="46.299709" lon="14.261832">
        <ele>409.652819</ele>
        <time>2026-08-11T12:28:20.017Z</time>
      </trkpt>
      <trkpt lat="46.299142" lon="14.262035">
        <ele>414.224060</ele>
        <time>2026-08-11T12:28:52.511Z</time>
      </trkpt>
      <trkpt lat="46.299001" lon="14.262085">
        <ele>415.360202</ele>
        <time>2026-08-11T12:28:59.991Z</time>
      </trkpt>
      <trkpt lat="46.298788" lon="14.262144">
        <ele>417.057452</ele>
        <time>2026-08-11T12:29:10.707Z</time>
      </trkpt>
      <trkpt lat="46.297282" lon="14.262305">
        <ele>419.528140</ele>
        <time>2026-08-11T12:29:41.694Z</time>
      </trkpt>
      <trkpt lat="46.296605" lon="14.262474">
        <ele>419.908212</ele>
        <time>2026-08-11T12:29:48.715Z</time>
      </trkpt>
      <trkpt lat="46.295954" lon="14.262734">
        <ele>419.880551</ele>
        <time>2026-08-11T12:29:56.201Z</time>
      </trkpt>
      <trkpt lat="46.295721" lon="14.262956">
        <ele>419.869125</ele>
        <time>2026-08-11T12:30:00.138Z</time>
      </trkpt>
      <trkpt lat="46.295649" lon="14.263079">
        <ele>419.864562</ele>
        <time>2026-08-11T12:30:02.087Z</time>
      </trkpt>
      <trkpt lat="46.295617" lon="14.263328">
        <ele>419.857395</ele>
        <time>2026-08-11T12:30:05.441Z</time>
      </trkpt>
      <trkpt lat="46.295638" lon="14.263450">
        <ele>419.853837</ele>
        <time>2026-08-11T12:30:07.278Z</time>
      </trkpt>
      <trkpt lat="46.295700" lon="14.263570">
        <ele>419.849596</ele>
        <time>2026-08-11T12:30:09.632Z</time>
      </trkpt>
      <trkpt lat="46.295726" lon="14.263686">
        <ele>419.846145</ele>
        <time>2026-08-11T12:30:11.877Z</time>
      </trkpt>
      <trkpt lat="46.295719" lon="14.263790">
        <ele>419.964837</ele>
        <time>2026-08-11T12:30:13.804Z</time>
      </trkpt>
      <trkpt lat="46.295697" lon="14.263884">
        <ele>420.456863</ele>
        <time>2026-08-11T12:30:15.929Z</time>
      </trkpt>
      <trkpt lat="46.295434" lon="14.264119">
        <ele>422.674614</ele>
        <time>2026-08-11T12:30:26.888Z</time>
      </trkpt>
      <trkpt lat="46.295362" lon="14.264242">
        <ele>423.473824</ele>
        <time>2026-08-11T12:30:31.315Z</time>
      </trkpt>
      <trkpt lat="46.295287" lon="14.264447">
        <ele>424.623826</ele>
        <time>2026-08-11T12:30:37.949Z</time>
      </trkpt>
      <trkpt lat="46.295253" lon="14.264632">
        <ele>425.572885</ele>
        <time>2026-08-11T12:30:43.711Z</time>
      </trkpt>
      <trkpt lat="46.295260" lon="14.264800">
        <ele>426.407286</ele>
        <time>2026-08-11T12:30:48.979Z</time>
      </trkpt>
      <trkpt lat="46.295327" lon="14.265061">
        <ele>427.787654</ele>
        <time>2026-08-11T12:30:58.335Z</time>
      </trkpt>
      <trkpt lat="46.295428" lon="14.265269">
        <ele>429.048029</ele>
        <time>2026-08-11T12:31:07.380Z</time>
      </trkpt>
      <trkpt lat="46.295694" lon="14.265510">
        <ele>431.299765</ele>
        <time>2026-08-11T12:31:23.947Z</time>
      </trkpt>
      <trkpt lat="46.296201" lon="14.265796">
        <ele>435.324703</ele>
        <time>2026-08-11T12:31:53.786Z</time>
      </trkpt>
      <trkpt lat="46.296403" lon="14.265964">
        <ele>437.078453</ele>
        <time>2026-08-11T12:32:06.357Z</time>
      </trkpt>
      <trkpt lat="46.296578" lon="14.266213">
        <ele>438.925758</ele>
        <time>2026-08-11T12:32:18.713Z</time>
      </trkpt>
      <trkpt lat="46.296650" lon="14.266385">
        <ele>439.971710</ele>
        <time>2026-08-11T12:32:25.237Z</time>
      </trkpt>
      <trkpt lat="46.296670" lon="14.266579">
        <ele>440.991877</ele>
        <time>2026-08-11T12:32:31.312Z</time>
      </trkpt>
      <trkpt lat="46.296587" lon="14.266959">
        <ele>443.064669</ele>
        <time>2026-08-11T12:32:42.722Z</time>
      </trkpt>
      <trkpt lat="46.296563" lon="14.267273">
        <ele>444.707752</ele>
        <time>2026-08-11T12:32:50.925Z</time>
      </trkpt>
      <trkpt lat="46.296575" lon="14.267404">
        <ele>445.395047</ele>
        <time>2026-08-11T12:32:54.178Z</time>
      </trkpt>
      <trkpt lat="46.296677" lon="14.267640">
        <ele>446.529506</ele>
        <time>2026-08-11T12:33:00.675Z</time>
      </trkpt>
      <trkpt lat="46.297676" lon="14.268721">
        <ele>450.606393</ele>
        <time>2026-08-11T12:33:35.532Z</time>
      </trkpt>
      <trkpt lat="46.298034" lon="14.268903">
        <ele>451.846594</ele>
        <time>2026-08-11T12:33:44.527Z</time>
      </trkpt>
      <trkpt lat="46.298281" lon="14.268937">
        <ele>452.475583</ele>
        <time>2026-08-11T12:33:50.225Z</time>
      </trkpt>
      <trkpt lat="46.298521" lon="14.269082">
        <ele>453.009728</ele>
        <time>2026-08-11T12:33:56.033Z</time>
      </trkpt>
      <trkpt lat="46.299021" lon="14.269705">
        <ele>454.364759</ele>
        <time>2026-08-11T12:34:10.625Z</time>
      </trkpt>
      <trkpt lat="46.299440" lon="14.270298">
        <ele>455.568351</ele>
        <time>2026-08-11T12:34:24.086Z</time>
      </trkpt>
      <trkpt lat="46.299706" lon="14.270931">
        <ele>456.769656</ele>
        <time>2026-08-11T12:34:36.411Z</time>
      </trkpt>
      <trkpt lat="46.300201" lon="14.273312">
        <ele>460.600090</ele>
        <time>2026-08-11T12:35:19.874Z</time>
      </trkpt>
      <trkpt lat="46.300287" lon="14.273651">
        <ele>460.870777</ele>
        <time>2026-08-11T12:35:25.779Z</time>
      </trkpt>
      <trkpt lat="46.300576" lon="14.274461">
        <ele>461.554094</ele>
        <time>2026-08-11T12:35:38.951Z</time>
      </trkpt>
      <trkpt lat="46.300790" lon="14.275112">
        <ele>462.094469</ele>
        <time>2026-08-11T12:35:46.724Z</time>
      </trkpt>
      <trkpt lat="46.300820" lon="14.275238">
        <ele>462.194363</ele>
        <time>2026-08-11T12:35:47.866Z</time>
      </trkpt>
      <trkpt lat="46.300813" lon="14.275387">
        <ele>462.066953</ele>
        <time>2026-08-11T12:35:49.092Z</time>
      </trkpt>
      <trkpt lat="46.300657" lon="14.276373">
        <ele>460.131832</ele>
        <time>2026-08-11T12:35:57.031Z</time>
      </trkpt>
      <trkpt lat="46.300563" lon="14.276562">
        <ele>459.686314</ele>
        <time>2026-08-11T12:35:58.953Z</time>
      </trkpt>
      <trkpt lat="46.300426" lon="14.276748">
        <ele>459.166186</ele>
        <time>2026-08-11T12:36:01.004Z</time>
      </trkpt>
      <trkpt lat="46.300018" lon="14.277087">
        <ele>457.863496</ele>
        <time>2026-08-11T12:36:05.443Z</time>
      </trkpt>
      <trkpt lat="46.299583" lon="14.277376">
        <ele>456.024006</ele>
        <time>2026-08-11T12:36:09.910Z</time>
      </trkpt>
      <trkpt lat="46.299737" lon="14.277916">
        <ele>454.108588</ele>
        <time>2026-08-11T12:36:15.358Z</time>
      </trkpt>
      <trkpt lat="46.299795" lon="14.277994">
        <ele>453.732868</ele>
        <time>2026-08-11T12:36:16.431Z</time>
      </trkpt>
      <trkpt lat="46.299757" lon="14.278050">
        <ele>453.475511</ele>
        <time>2026-08-11T12:36:17.171Z</time>
      </trkpt>
      <trkpt lat="46.299289" lon="14.278265">
        <ele>451.145349</ele>
        <time>2026-08-11T12:36:23.709Z</time>
      </trkpt>
      <trkpt lat="46.298913" lon="14.278390">
        <ele>449.314512</ele>
        <time>2026-08-11T12:36:28.813Z</time>
      </trkpt>
      <trkpt lat="46.299105" lon="14.279721">
        <ele>447.206423</ele>
        <time>2026-08-11T12:36:39.173Z</time>
      </trkpt>
      <trkpt lat="46.299208" lon="14.280828">
        <ele>445.770208</ele>
        <time>2026-08-11T12:36:48.526Z</time>
      </trkpt>
      <trkpt lat="46.299342" lon="14.281447">
        <ele>444.668104</ele>
        <time>2026-08-11T12:36:54.128Z</time>
      </trkpt>
      <trkpt lat="46.299765" lon="14.282793">
        <ele>441.606093</ele>
        <time>2026-08-11T12:37:05.188Z</time>
      </trkpt>
      <trkpt lat="46.299840" lon="14.282882">
        <ele>441.315412</ele>
        <time>2026-08-11T12:37:06.118Z</time>
      </trkpt>
      <trkpt lat="46.300081" lon="14.283065">
        <ele>440.499719</ele>
        <time>2026-08-11T12:37:08.669Z</time>
      </trkpt>
      <trkpt lat="46.300129" lon="14.283148">
        <ele>440.275584</ele>
        <time>2026-08-11T12:37:09.367Z</time>
      </trkpt>
      <trkpt lat="46.300146" lon="14.283249">
        <ele>440.060325</ele>
        <time>2026-08-11T12:37:10.035Z</time>
      </trkpt>
      <trkpt lat="46.300128" lon="14.283334">
        <ele>439.685721</ele>
        <time>2026-08-11T12:37:10.607Z</time>
      </trkpt>
      <trkpt lat="46.299850" lon="14.283536">
        <ele>437.109998</ele>
        <time>2026-08-11T12:37:13.486Z</time>
      </trkpt>
      <trkpt lat="46.299827" lon="14.283745">
        <ele>435.899282</ele>
        <time>2026-08-11T12:37:14.809Z</time>
      </trkpt>
      <trkpt lat="46.299846" lon="14.284218">
        <ele>433.188782</ele>
        <time>2026-08-11T12:37:17.713Z</time>
      </trkpt>
      <trkpt lat="46.299878" lon="14.284306">
        <ele>432.619879</ele>
        <time>2026-08-11T12:37:18.321Z</time>
      </trkpt>
      <trkpt lat="46.299937" lon="14.284343">
        <ele>432.087453</ele>
        <time>2026-08-11T12:37:18.880Z</time>
      </trkpt>
      <trkpt lat="46.300345" lon="14.284390">
        <ele>428.698378</ele>
        <time>2026-08-11T12:37:22.400Z</time>
      </trkpt>
      <trkpt lat="46.300454" lon="14.284458">
        <ele>427.715553</ele>
        <time>2026-08-11T12:37:23.415Z</time>
      </trkpt>
      <trkpt lat="46.300714" lon="14.284901">
        <ele>424.444423</ele>
        <time>2026-08-11T12:37:26.844Z</time>
      </trkpt>
      <trkpt lat="46.300949" lon="14.285398">
        <ele>421.265416</ele>
        <time>2026-08-11T12:37:30.443Z</time>
      </trkpt>
      <trkpt lat="46.301303" lon="14.285633">
        <ele>418.289846</ele>
        <time>2026-08-11T12:37:33.799Z</time>
      </trkpt>
      <trkpt lat="46.301389" lon="14.285730">
        <ele>417.456842</ele>
        <time>2026-08-11T12:37:34.749Z</time>
      </trkpt>
      <trkpt lat="46.301404" lon="14.285747">
        <ele>417.311286</ele>
        <time>2026-08-11T12:37:34.916Z</time>
      </trkpt>
      <trkpt lat="46.301561" lon="14.285976">
        <ele>415.608349</ele>
        <time>2026-08-11T12:37:37.717Z</time>
      </trkpt>
      <trkpt lat="46.301667" lon="14.286295">
        <ele>413.739887</ele>
        <time>2026-08-11T12:37:39.939Z</time>
      </trkpt>
      <trkpt lat="46.301760" lon="14.286853">
        <ele>411.327150</ele>
        <time>2026-08-11T12:37:43.832Z</time>
      </trkpt>
      <trkpt lat="46.301867" lon="14.287115">
        <ele>411.273191</ele>
        <time>2026-08-11T12:37:46.235Z</time>
      </trkpt>
      <trkpt lat="46.301935" lon="14.287207">
        <ele>411.249304</ele>
        <time>2026-08-11T12:37:47.427Z</time>
      </trkpt>
      <trkpt lat="46.302128" lon="14.287340">
        <ele>411.194450</ele>
        <time>2026-08-11T12:37:50.277Z</time>
      </trkpt>
      <trkpt lat="46.302509" lon="14.287443">
        <ele>411.094985</ele>
        <time>2026-08-11T12:37:56.295Z</time>
      </trkpt>
      <trkpt lat="46.302825" lon="14.287718">
        <ele>411.000365</ele>
        <time>2026-08-11T12:38:03.309Z</time>
      </trkpt>
      <trkpt lat="46.302944" lon="14.287773">
        <ele>410.968307</ele>
        <time>2026-08-11T12:38:05.920Z</time>
      </trkpt>
      <trkpt lat="46.303061" lon="14.287796">
        <ele>410.938007</ele>
        <time>2026-08-11T12:38:08.513Z</time>
      </trkpt>
      <trkpt lat="46.303176" lon="14.287761">
        <ele>410.907850</ele>
        <time>2026-08-11T12:38:11.110Z</time>
      </trkpt>
      <trkpt lat="46.303140" lon="14.287460">
        <ele>410.887024</ele>
        <time>2026-08-11T12:38:15.736Z</time>
      </trkpt>
      <trkpt lat="46.303140" lon="14.286867">
        <ele>410.887024</ele>
        <time>2026-08-11T12:38:24.438Z</time>
      </trkpt>
      <trkpt lat="46.303151" lon="14.286607">
        <ele>410.887024</ele>
        <time>2026-08-11T12:38:27.958Z</time>
      </trkpt>
      <trkpt lat="46.303185" lon="14.286492">
        <ele>410.887024</ele>
        <time>2026-08-11T12:38:29.585Z</time>
      </trkpt>
      <trkpt lat="46.303212" lon="14.286419">
        <ele>410.887024</ele>
        <time>2026-08-11T12:38:30.630Z</time>
      </trkpt>
      <trkpt lat="46.303391" lon="14.286323">
        <ele>410.887024</ele>
        <time>2026-08-11T12:38:33.948Z</time>
      </trkpt>
      <trkpt lat="46.303546" lon="14.286333">
        <ele>410.887024</ele>
        <time>2026-08-11T12:38:36.602Z</time>
      </trkpt>
    </trkseg>
  </trk>
</gpx>